quote_author_handle,quote_author_category,quote_posted_at,quote_tweet_id,quote_tweet_url,quote_text,core_handle,core_posted_at,quoted_core_tweet_id,core_tweet_url,core_text,core_media_ids,core_media_types,core_release_asset_urls,core_quote_count
AlanJacoby,public,2025-09-28T15:03:04.000Z,1972316133488468317,https://x.com/AlanJacoby/status/1972316133488468317,PLEASE!,RapidResponse47,2025-09-28T14:25:29.000Z,1972306673785254389,https://x.com/RapidResponse47/status/1972306673785254389,https://t.co/hIyUkFSzi1,3_1972306670450515968,photo,,314
AlanJacoby,public,2026-05-04T14:50:35.000Z,2051313546504335510,https://x.com/AlanJacoby/status/2051313546504335510,"There you have it, folks. I suspected there was something off about this retard but had high hopes. He is ego driven, and when men who worked with him told me about his much needed weekly professional eyebrow grooming and highly specific camera shots, I knew he was all about himself and his image.
NOW he is endorsing never Trump anti MAGA, Democrats at heart like Anthony Sabatini. He was tossed, and he immediately was sucked into the grift. I thought he would have done great things. Nope, he's a sellout scumbag.",GregoryKBovino,2026-05-04T01:54:35.000Z,2051118260809294075,https://x.com/GregoryKBovino/status/2051118260809294075,"I’m proud to endorse @AnthonySabatini Sabatini for Congress in Florida’s 11th District.
Imagine America five years from now if we keep treating our country like nothing more than an economic zone — a giant open-air Walmart with no borders, no identity, and no loyalty to the people who built it. Picture overwhelmed schools where your kids get less attention, hospitals turning away citizens because beds are filled with emergency cases that never end, wages stuck or falling while housing prices explode, and neighborhoods that feel less safe every single year. That’s not a country anymore. That’s a business that’s liquidating its own citizens.

Sabatini gets it: the fight against illegal immigration isn’t about politics — it’s about whether America remains a real country with sovereignty, culture, and a future for our kids, or just a giant hotel with no checkout time. He’s willing to say what most won’t: secure borders are the foundation of everything else that matters.

That’s why he has my full support. The choice is clear — a sovereign America, or something much worse. Sabatini is fighting for the first one.""
— Greg Bovino",,,,62
AnnaKelly47,public,2025-03-03T18:03:18.000Z,1896622425607147639,https://x.com/AnnaKelly47/status/1896622425607147639,The Trump Effect 📈📈📈,RapidResponse47,2025-03-03T17:58:26.000Z,1896621203110154622,https://x.com/RapidResponse47/status/1896621203110154622,"US Manufacturing Expands For Second Month Under Trump, Driven by Stronger Demand and Policy Shifts https://www.breitbart.com/economy/2025/03/03/us-manufacturing-expands-for-second-month-under-trump-driven-by-stronger-demand-and-policy-shifts/",,,,79
AnnaKelly47,public,2025-03-10T23:47:25.000Z,1899245739655709116,https://x.com/AnnaKelly47/status/1899245739655709116,The best dynamic duo for America’s working families!,WhiteHouse,2025-03-10T23:43:13.000Z,1899244682863088117,https://x.com/WhiteHouse/status/1899244682863088117,"🇺🇸@LChavezDeRemer's confirmation as Labor Secretary is a key step in executing President Trump’s vision for a thriving American workforce.

The Department of Labor will prioritize American workers, foster job growth, and eliminate burdensome regulations that stifle opportunity. https://t.co/grGQPNuLLq",3_1899244661044051968,photo,,32
AnnaKelly47,public,2025-03-11T12:31:11.000Z,1899437949541818875,https://x.com/AnnaKelly47/status/1899437949541818875,"Democrats know that President Trump’s agenda to eliminate the waste of taxpayer dollars is overwhelmingly popular.

That’s why they lie to you.",RapidResponse47,2025-03-11T12:20:09.000Z,1899435170630869499,https://x.com/RapidResponse47/status/1899435170630869499,"You’re an unemployed chronic liar, Peter. He was talking about the $500+ billion in waste, fraud, and abuse every single year — and it’s telling that you don’t support cracking down on it.

Spare us the fake outrage. https://t.co/jAiKi7CfYR",3_1899435167082541056,photo,,26
AnnaKelly47,public,2025-03-16T14:27:22.000Z,1901279127912456270,https://x.com/AnnaKelly47/status/1901279127912456270,"For far too long, foreign terrorists have been allowed to destroy American lives on American soil.

Not anymore.

Under President Trump, they will be found, restrained, and removed.",PressSec,2025-03-16T13:15:45.000Z,1901261105483137501,https://x.com/PressSec/status/1901261105483137501,"President Donald J. Trump signed a Proclamation Invoking the Alien Enemies Act regarding the Invasion of the United States by the Foreign Terrorist Organization Tren De Aragua, using his core powers as President and Commander-in-Chief to defend the American People from an urgent threat.

TDA is one of the most violent and ruthless terrorist gangs on planet earth. They rape, maim and murder for sport. TDA is responsible for some of the most heinous crimes that have occurred on US soil in recent years, including the murders of Laken Riley and Jocelyn Nungaray.

TDA is a direct threat to the national security of the United States.

This weekend, at the President’s direction, the Department of Homeland Security successfully arrested nearly 300 Tren De Aragua terrorists, saving countless American lives. Thanks to the great work of the Department of State, these heinous monsters were extracted and removed to El Salvador where they will no longer be able to pose any threat to the American People.

President Trump will always put the safety of the American People first — and he will never allow foreign terrorist enemies to operate on American soil and endanger our people. They will be found, restrained and removed — and their networks will be destroyed.",,,,307
AnnaKelly47,public,2025-03-20T14:14:05.000Z,1902725335235334576,https://x.com/AnnaKelly47/status/1902725335235334576,THE TRUMP EFFECT 📈,RapidResponse47,2025-03-20T12:27:40.000Z,1902698555774583169,https://x.com/RapidResponse47/status/1902698555774583169,"CNBC: ""Nvidia CEO Jensen Huang says his company is set to spend hundreds of billions on chips and other electronics manufactured in America over the next four years."" 🔥 https://t.co/qVAAaBzmTN",7_1902698233228300288,video,,54
AnnaKelly47,public,2025-03-24T22:39:34.000Z,1904302096242860527,https://x.com/AnnaKelly47/status/1904302096242860527,"Foreign business leaders are betting on @realDonaldTrump’s economy!

They know he is ushering in a New Golden Age for America.",WhiteHouse,2025-03-24T22:11:59.000Z,1904295154191569162,https://x.com/WhiteHouse/status/1904295154191569162,"Today, President Trump announced Hyundai's $20 BILLION investment in the U.S. 🇺🇸

""Hyundai is a great company... We have other great companies coming in... We're well into the $3-$4 trillion mark, which has never happened to our country before."" – @POTUS https://t.co/nMMHoJRzxi",3_1904294868978909184 3_1904294869071224832,photo photo, ,51
AnnaKelly47,public,2025-05-30T13:49:06.000Z,1928448587450417243,https://x.com/AnnaKelly47/status/1928448587450417243,DEALMAKER IN CHIEF‼️,RapidResponse47,2025-05-30T13:13:55.000Z,1928439733048270977,https://x.com/RapidResponse47/status/1928439733048270977,"🚨 CNBC on new trade deficit numbers: ""We cut it in HALF!? ... This really does underscore how the movement of goods and services has really changed due to a variety of tariff-related issues.""

It's the biggest narrowing of the trade deficit in a single month on record. https://t.co/oPlZKOGGkF",13_1928438399351865344,video,,162
AnnaKelly47,public,2025-05-30T18:15:18.000Z,1928515579570270700,https://x.com/AnnaKelly47/status/1928515579570270700,Me looking at all the “reporters” and “experts” who said it couldn’t be done https://t.co/A6LRJjYv3j,RapidResponse47,2025-05-30T18:04:46.000Z,1928512925116878860,https://x.com/RapidResponse47/status/1928512925116878860,".@POTUS plays a clip of CNBC's Rick Santelli and @JoeSquawk praising today's news of easing inflation, rising incomes, and shrinking trade deficit https://t.co/ocqFlreidt",13_1928512861657042944,video,,88
AnnaKelly47,public,2025-06-24T00:17:23.000Z,1937304006033867103,https://x.com/AnnaKelly47/status/1937304006033867103,"ONLY President Trump could have accomplished this.

America and the entire world is safer thanks to our Peacemaker-in-Chief! 🇺🇸",PressSec,2025-06-24T00:10:21.000Z,1937302239212687567,https://x.com/PressSec/status/1937302239212687567,"IN 48 HOURS, PRESIDENT TRUMP:

Directed one of the most secretive and successful military strikes in history

Obliterated Iran’s nuclear program

Successfully brokered a ceasefire between Israel and Iran effectively ending the “12-Day-War”

All of this was only possible because of President Trump’s courage, strong leadership, and steadfast perseverance to pursue PEACE. 🇺🇸",,,,431
AnnaKelly47,public,2025-06-27T23:13:36.000Z,1938737506654036287,https://x.com/AnnaKelly47/status/1938737506654036287,Peacemaker in Chief! ✌️,WhiteHouse,2025-06-27T21:28:55.000Z,1938711163950305764,https://x.com/WhiteHouse/status/1938711163950305764,"President Trump welcomed the Foreign Ministers of Rwanda and the Democratic Republic of Congo to the Oval Office to sign a historic peace agreement, ending a 30-year conflict.

""Today, the violence &amp; destruction come to an end, &amp; the entire region begins a new chapter of hope."" https://t.co/20P2SMBQiR",3_1938709144761999360,photo,,505
AnnaKelly47,public,2025-07-03T15:21:10.000Z,1940792943570481607,https://x.com/AnnaKelly47/status/1940792943570481607,So many devastating Ls for the PANICANS!,RapidResponse47,2025-07-03T13:03:49.000Z,1940758377921155552,https://x.com/RapidResponse47/status/1940758377921155552,"CNN: ""This jobs market is like the Energizer Bunny. Every single time we expect it to run out of steam, it just keeps going and going.""

""We were also expecting a slowdown — we did NOT get that.""

""The unemployment rate was expected to go up — it didn't. It went DOWN.""

🔥🔥🔥 https://t.co/glEpmwgFSX",13_1940757659428261888,video,,144
AnnaKelly47,public,2025-08-29T17:50:00.000Z,1961486507987902832,https://x.com/AnnaKelly47/status/1961486507987902832,💪,WhiteHouse,2025-08-29T16:04:47.000Z,1961460028851839048,https://x.com/WhiteHouse/status/1961460028851839048,"Make D.C. Safe Again 🇺🇸

✅ 1369 arrests
✅ 140 illegal guns seized https://t.co/EQPv0XeukK",3_1961459242461761536,photo,,93
AnnaKelly47,public,2025-09-20T00:15:03.000Z,1969193554342715572,https://x.com/AnnaKelly47/status/1969193554342715572,💪💪,WhiteHouse,2025-09-20T00:14:28.000Z,1969193407667929312,https://x.com/WhiteHouse/status/1969193407667929312,ON VIDEO: U.S. Military Forces conducted a strike against a designated terrorist organization engaged in narcotrafficking. Intelligence confirmed the vessel was trafficking illicit narcotics and was en route to poison Americans. The strike killed three male narcoterrorists. https://t.co/wjxRRMrxwB,13_1969188118344450048,video,,632
AnnaKelly47,public,2025-11-17T22:49:38.000Z,1990552939107356816,https://x.com/AnnaKelly47/status/1990552939107356816,"CONGRATULATIONS, WORLD! ✌️",RapidResponse47,2025-11-17T22:45:23.000Z,1990551873036955905,https://x.com/RapidResponse47/status/1990551873036955905,https://t.co/8K2w4RYVCs,3_1990551867978297344,photo,,91
AnnaKelly47,public,2025-12-08T20:21:07.000Z,1998125712214229425,https://x.com/AnnaKelly47/status/1998125712214229425,"Farmers suffered for YEARS under Joe Biden’s policies, which increased the trade deficit and raised input costs.

The President is ensuring that our farmers have the support they need to bridge the gap as successful TRUMP policies take effect! 🐄🌽",WhiteHouse,2025-12-08T20:07:25.000Z,1998122264005394785,https://x.com/WhiteHouse/status/1998122264005394785,"WE ❤️OUR FARMERS 🚜

""I'm delighted to announce this afternoon that the United States will be taking a small portion of the hundreds of billions of dollars we receive in tariffs... We're going to use that money to provide $12B in economic assistance to American farmers."" @POTUS https://t.co/yLDQ8DNot4",13_1998121207992885249,video,,285
AnnaKelly47,public,2025-12-17T15:11:39.000Z,2001309321347371036,https://x.com/AnnaKelly47/status/2001309321347371036,🇺🇸🙏,PressSec,2025-12-17T15:07:40.000Z,2001308321177878925,https://x.com/PressSec/status/2001308321177878925,"Today, President Trump is traveling to Dover Air Force Base to pay his respects at the dignified transfer for the two Iowa National Guard Members.

The President loves our military heroes, and he is honored to stand with these soldiers’ families today.",,,,40
AnnaKelly47,public,2026-01-06T21:05:58.000Z,2008646246349893663,https://x.com/AnnaKelly47/status/2008646246349893663,The most transparent and accessible President in history! 👏,RapidResponse47,2026-01-06T20:53:02.000Z,2008642990513025471,https://x.com/RapidResponse47/status/2008642990513025471,"Transcripts Show Trump Spoke for over 13,400 Minutes in 2025, Talked to Press at 74 Percent of Events
https://www.breitbart.com/politics/2026/01/06/exclusive-transcripts-show-trump-spoke-for-over-13400-minutes-in-2025-talked-to-press-at-74-percent-of-events/",,,,13
AnnaKelly47,public,2026-01-26T20:23:34.000Z,2015883333490594275,https://x.com/AnnaKelly47/status/2015883333490594275,"President Trump pledged to bring back ALL of the hostages, living and deceased.

Promises made, promises kept!",RapidResponse47,2026-01-26T18:56:01.000Z,2015861301340262757,https://x.com/RapidResponse47/status/2015861301340262757,".@PressSec: ""The last remaining body of the Israeli hostages in Gaza has been returned. This is a huge foreign policy feat... @POTUS made the impossible possible."" https://t.co/LNrdb7G5Hy",13_2015860778666995712,video,,11
AnnaKelly47,public,2026-02-19T15:19:44.000Z,2024504181382427055,https://x.com/AnnaKelly47/status/2024504181382427055,Amazing! 👏👏,RapidResponse47,2026-02-19T15:18:56.000Z,2024503979615428656,https://x.com/RapidResponse47/status/2024503979615428656,".@POTUS announces commitments of more than $7B toward the Gaza relief package from members of the @BoardOfPeace:

""Every dollar spent is an investment in stability... We want to have a harmonious Middle East."" https://t.co/I5P1r9jHhz",13_2024503224565125120,video,,19
AnnaKelly47,public,2026-03-12T16:47:39.000Z,2032136449680658662,https://x.com/AnnaKelly47/status/2032136449680658662,"Outlets like @ABC have been playing fast and loose despite many Americans relying on them for solid, factual reporting during this conflict.

Reporters’ desire to be first with a “scoop” (and this wasn’t one) cannot supersede their duty to responsibly inform the public.",PressSec,2026-03-12T15:35:49.000Z,2032118372901527884,https://x.com/PressSec/status/2032118372901527884,"This post and story should be immediately retracted by ABC News for providing false information to intentionally alarm the American people.

They wrote this based on one email that was sent to local law enforcement in California about a single, unverified tip. The email even states the tip was based on *unverified* intelligence. Yet ABC News left out this critical fact in their story! WHY?

TO BE CLEAR: No such threat from Iran to our homeland exists, and it never did.",,,,2228
AnnaKelly47,public,2026-03-13T15:37:25.000Z,2032481160853434536,https://x.com/AnnaKelly47/status/2032481160853434536,"AMAZING statistic from @SecWar today:

- Iranian ballistic missile attacks are DOWN 90%.
- Their drone attacks are DOWN 95%.

This is a testament to the incredible planning behind Operation Epic Fury and our warfighters' ability to execute.

EVERYONE should be covering this!",RapidResponse47,2026-03-13T12:13:41.000Z,2032429892097163285,https://x.com/RapidResponse47/status/2032429892097163285,"""Never before has a modern, capable military, which Iran used to have, been so quickly destroyed and made combat ineffective — devastated. We said it would not be a fair fight, and it has not been,"" says @SecWar on Operation Epic Fury.

""Iran has no air defenses. Iran has no air force. Iran has no navy. Their missiles, their missile launchers and drones are being destroyed or shot out of the sky. Their missile volume is down 90%... and as the world is seeing, they are exercising sheer desperation in the Straits of Hormuz.""",13_2032429109117161472,video,,58
AnnaKelly47,public,2026-04-05T04:14:08.000Z,2040644130141847935,https://x.com/AnnaKelly47/status/2040644130141847935,🇺🇸🙏,RapidResponse47,2026-04-05T04:10:58.000Z,2040643331491811687,https://x.com/RapidResponse47/status/2040643331491811687,https://t.co/ZqujhrFC4d,3_2040643328325124096,photo,,469
AnnaKelly47,public,2026-04-13T17:32:52.000Z,2043744240337928304,https://x.com/AnnaKelly47/status/2043744240337928304,NO TAX ON TIPS is helping Americans like Sharon and working families across the country!,RapidResponse47,2026-04-13T16:47:17.000Z,2043732767406432269,https://x.com/RapidResponse47/status/2043732767406432269,".@POTUS has @McDonalds delivered via @DoorDash to the Oval Office — highlighting the benefit of NO TAX ON TIPS on American workers.

""I saved over $11,000 by not having to claim."" https://t.co/1PsA5OY1IE",13_2043732534333452289,video,https://github.com/vidproject/x/releases/download/media-RapidResponse47/13_2043732534333452289.mp4,135
AnnaKelly47,public,2026-05-08T12:50:38.000Z,2052732912504541286,https://x.com/AnnaKelly47/status/2052732912504541286,"Unlike past administrations, President Trump isn’t trying to discredit information or dissuade the public on Unidentified Aerial Phenomena (UAP).

The American people can ultimately make up their own minds about the files located at http://WAR.GOV/UFO!",RapidResponse47,2026-05-08T12:39:47.000Z,2052730180699828291,https://x.com/RapidResponse47/status/2052730180699828291,"Fox News: ""The Trump Administration releasing the first batch of files related to UFOs and alien life.""

""All of these videos have gone live at http://war.gov/UFO."" https://t.co/WQqZ4aKm1w",13_2052729397199724547,video,https://github.com/vidproject/x/releases/download/media-RapidResponse47/13_2052729397199724547.mp4,124
AnnaKelly47,public,2026-05-20T16:30:59.000Z,2057137018044391729,https://x.com/AnnaKelly47/status/2057137018044391729,President Trump loves our United States Coast Guard! 🇺🇸,WhiteHouse,2026-05-20T15:12:19.000Z,2057117219604078618,https://x.com/WhiteHouse/status/2057117219604078618,President Trump Delivers a Commencement Address to the United States Coast Guard Academy https://x.com/i/broadcasts/1qKVmQjRjkPxB,,,,35
AnnaKelly47,public,2026-06-05T00:50:28.000Z,2062698535439466795,https://x.com/AnnaKelly47/status/2062698535439466795,AMERICAN FLAG BLUE incoming! 🇺🇸🤩,WhiteHouse,2026-06-04T21:45:52.000Z,2062652076862157126,https://x.com/WhiteHouse/status/2062652076862157126,"The water is ON, the Reflecting Pool is reflecting, and D.C. is looking better than ever.

We are so back. THANK YOU, PRESIDENT TRUMP. 🇺🇸 https://t.co/J3xE33XiA5",3_2062652073414422528 3_2062652073410191360,photo photo, ,1077
ArthurMacwaters,public,2026-05-13T04:33:40.000Z,2054419784989864150,https://x.com/ArthurMacwaters/status/2054419784989864150,Zuck seeing that Elon and “Tim Apple” got to go to China but he didn’t https://t.co/8wYTg3UGlr,RapidResponse47,2026-05-13T03:10:26.000Z,2054398839256150417,https://x.com/RapidResponse47/status/2054398839256150417,https://t.co/ZyQvQlAE79,3_2054398835774861312,photo,https://github.com/vidproject/x/releases/download/media-RapidResponse47/3_2054398835774861312.jpg,367
BadIdeaGuyJohn1,public,2025-06-28T12:37:37.000Z,1938939843649888554,https://x.com/BadIdeaGuyJohn1/status/1938939843649888554,Being banned from the USA for doing something legal in the place you did it isn’t political… that’s why we searched your entire online existence.,CBP,2025-06-24T23:17:30.000Z,1937651325354795444,https://x.com/CBP/status/1937651325354795444,"Fact Check: FALSE

Mads Mikkelsen was not denied entry for any memes or political reasons, it was for his admitted drug use. https://t.co/is9eGqILUq",3_1937651322414596096,photo,https://github.com/vidproject/x/releases/download/media-CBP-0002/3_1937651322414596096.jpg,1755
BadIdeaGuyJohn1,public,2026-04-23T14:55:34.000Z,2047328533140197876,https://x.com/BadIdeaGuyJohn1/status/2047328533140197876,"I made a post about Nikita Bier being the worst at any job on the planet this morning before I saw 👀 this.

Apologies to @nikitabier , you’re the worst person who still has their job. Bovino was epically terrible, set marks that may not be achieved again.",GregoryKBovino,2026-04-23T01:45:19.000Z,2047129661680087371,https://x.com/GregoryKBovino/status/2047129661680087371,"@ReichlinMelnick Aaron, the 100 million is a solid figure.  No conspiracy theories, just research melded with 30 years as an immigration officer mixed in with this thing called common sense",,,,81
BehizyTweets,public,2025-11-27T06:02:18.000Z,1993923316646858830,https://x.com/BehizyTweets/status/1993923316646858830,"You needed a tragedy to happen to stop processing Afghans coming into the United States?

Come on... be serious. This should've been done at exactly 12:01 on January 20th, 2025.",USCIS,2025-11-27T03:20:53.000Z,1993882694640415163,https://x.com/USCIS/status/1993882694640415163,"Effective immediately, processing of all immigration requests relating to Afghan nationals is stopped indefinitely pending further review of security and vetting protocols.

The protection and safety of our homeland and of the American people remains our singular focus and mission.",,,,883
BehizyTweets,public,2025-12-26T00:34:03.000Z,2004349958393418068,https://x.com/BehizyTweets/status/2004349958393418068,"Dropping bombs on radical jihadists, who have been slaughtering Nigerian Christians, on Christmas Day, is such a Trump move.

HE MOGS EVERYONE.",PressSec,2025-12-25T23:00:08.000Z,2004326322458239166,https://x.com/PressSec/status/2004326322458239166,🚨NEW from President Trump: https://t.co/U4J5yv5MF4,3_2004326316175130624,photo,,786
BehizyTweets,public,2025-12-31T04:33:09.000Z,2006222066043724046,https://x.com/BehizyTweets/status/2006222066043724046,"ICE is about to unleash 10,000 new agents in 2026. Whatever Democrats were mad about this year may be nothing compared to what's coming.",WhiteHouse,2025-12-30T21:37:00.000Z,2006117341197721834,https://x.com/WhiteHouse/status/2006117341197721834,And we are JUST GETTING STARTED. 🔥 https://t.co/pTjvBwdsqb,13_2005977005611741184,video,,3056
BillMelugin_,public,2026-02-12T00:03:05.000Z,2021736781440340137,https://x.com/BillMelugin_/status/2021736781440340137,"ICE Los Angeles arrests a Mexican illegal alien who was previously arrested for sodomizing a child under the age of 10, sexual penetration of a victim under 14, and lewd acts with a child under 14.",EROLosAngeles,2026-02-11T19:46:00.000Z,2021672083667698162,https://x.com/EROLosAngeles/status/2021672083667698162,"🚨Los Angeles ERO arrested Jose Hilario Millan-Flores, 30, of Mexico, Feb. 2. Millan was arrested for lewd acts with child under 14, sodomy with victim under 10, sexual penetration of victim under 14 and obstructing a public officer. He is in ICE custody pending removal. https://t.co/kZhZF8bpGA",3_2021641754735525888,photo,https://github.com/vidproject/x/releases/download/media-EROLosAngeles/3_2021641754735525888.jpg,259
BillMelugin_,public,2026-04-09T20:08:01.000Z,2042333732103692360,https://x.com/BillMelugin_/status/2042333732103692360,"DHS confirms that this Haitian illegal alien was caught and released at the border by the Biden administration in August 2022. He was later ordered deported by an immigration judge, but the Biden administration shielded him from deportation by granting him TPS, which expired in 2024. The victim he brutally bludgeoned to death with a hammer was an innocent store clerk and mother of two.

This horrific video speaks for itself.",DHSgov,2026-04-09T19:39:15.000Z,2042326493406138806,https://x.com/DHSgov/status/2042326493406138806,"WARNING GRAPHIC:

These are the consequences of importing the third world.

Do not look away. https://t.co/IEoVMYr6k0",13_2042326405703139328,video,https://github.com/vidproject/x/releases/download/media-DHSgov/13_2042326405703139328.mp4,1761
BillMelugin_,public,2026-05-15T13:34:39.000Z,2055280700945764368,https://x.com/BillMelugin_/status/2055280700945764368,"Former Border Patrol commander Greg Bovino disagrees with the recent shift in the Trump administration to focus on targeted immigration enforcement &amp; prioritizing criminals.

“You want results? You create fear. Mass operations. Roving patrols. Zero mixed signals,” Bovino says.",GregoryKBovino,2026-05-15T12:02:07.000Z,2055257416418390056,https://x.com/GregoryKBovino/status/2055257416418390056,"Targeted enforcement under Tom Homan sounds smart on TV.
It’s actually one of the dumbest uses of manpower I’ve ever heard of.

Just laid it out on @MegynKellyShow

Here’s a real-world system failure straight from CBP officers who lived it and then relayed to me as having happened today:

They’re running surveillance on a Colombian crew tied to a wave of residential burglaries in Los Angeles. Four officers, full day on the house.

They watch the suspect’s three kids walk out. Then two other women roll up with four more kids and go inside. While they’re sitting there doing “precision” work, eight other illegals just stroll right past their position like it’s a parade.

End of shift?

One guy in custody.

The other 17? Still here!

Four trained officers.
Hours of surveillance.
One arrest.

That’s what “targeted enforcement” actually looks like on the ground.

It’s not strategy — it’s a jobs program for bureaucrats who want to look busy while the border starts to deteriorate and American families keep getting robbed.

You want results? You create fear. Mass operations. Roving patrols. Zero mixed signals.

Anything less is just expensive theater that tells every illegal in the country: “Relax, they’re only coming for the ‘bad ones’… eventually.”

The system is broken by design.

We’re not fixing it with teaspoons.",,,,74
BillMelugin_,public,2026-06-04T13:40:41.000Z,2062529977690501595,https://x.com/BillMelugin_/status/2062529977690501595,CBP interdicts a boat carrying 240 Haitian nationals who were in the process of trying to carry out a mass illegal migration to the United States.,CBPCommissioner,2026-06-04T11:12:23.000Z,2062492658921099403,https://x.com/CBPCommissioner/status/2062492658921099403,"Outstanding work by @CBPAMO, @USCG, and our international partners.

This week, Air Interdiction Agents located a vessel carrying 240 migrants from Haiti attempting an illegal maritime migration. The overcrowded vessel was taking on water and in danger of sinking.

Our personnel helped prevent what could have been a catastrophic loss of life while stopping yet another illegal migration attempt.

The message remains clear: illegal maritime migration is dangerous, it is not worth the risk, and you will not gain entry into the US.",3_2062492350916526081 3_2062492350937513984 13_2062492350929072129,photo photo video,https://github.com/vidproject/x/releases/download/media-CBPCommissioner/3_2062492350916526081.jpg https://github.com/vidproject/x/releases/download/media-CBPCommissioner/3_2062492350937513984.jpg https://github.com/vidproject/x/releases/download/media-CBPCommissioner/13_2062492350929072129.mp4,51
BrandonLBradfor,public,2026-04-23T08:53:02.000Z,2047237298304045251,https://x.com/BrandonLBradfor/status/2047237298304045251,"I'm sorry you think over a third of the US population is undocumented based on ""well that's what I personally see"" and you think it's common sense?",GregoryKBovino,2026-04-23T01:45:19.000Z,2047129661680087371,https://x.com/GregoryKBovino/status/2047129661680087371,"@ReichlinMelnick Aaron, the 100 million is a solid figure.  No conspiracy theories, just research melded with 30 years as an immigration officer mixed in with this thing called common sense",,,,81
CBP,core,2023-03-22T18:24:55.000Z,1638607707321118720,https://x.com/CBP/status/1638607707321118720,"Since its launch on March 13, Operation Blue Lotus—led by @CBP and @HSI_HQ—has already stopped more than 900 pounds of fentanyl from entering the United States.
Read more 🔽",DHSgov,2023-03-22T02:18:38.000Z,1638364533021351937,https://x.com/DHSgov/status/1638364533021351937,"NEW: Led by @CBP and @HSI_HQ, working alongside federal, state, tribal and local partners, DHS’s new Operation Blue Lotus stopped more than 900 pounds of fentanyl from coming into the U.S. in its first week. https://t.co/515dpHduDb",3_1638363857918861320,photo,https://github.com/vidproject/x/releases/download/media-DHSgov-0004/3_1638363857918861320.jpg,5
CBP,core,2025-01-31T23:15:12.000Z,1885466892887842829,https://x.com/CBP/status/1885466892887842829,"Our @CBPAMO agents are continuously on the frontline safeguarding our nation.

https://x.com/CBPAMO/status/1884723269170868557",CBPAMO,2025-01-29T22:00:18.000Z,1884723269170868557,https://x.com/CBPAMO/status/1884723269170868557,"Convicted #Murderer caught in smuggling attempt off the coast of southern #California!

ARELLANO-Mejia is being charged with 18 USC 1326(Reentry after Formal Removal), a felony offense.

Full Details: https://bit.ly/4hD04AP https://t.co/l1nQmOiiys",3_1884723248048283648,photo,https://github.com/vidproject/x/releases/download/media-CBPAMO/3_1884723248048283648.jpg,0
CBP,core,2025-02-27T15:30:24.000Z,1895134395893203255,https://x.com/CBP/status/1895134395893203255,"You can run, but you can't hide. We have eyes on land, in the air, and at sea. 👀

https://x.com/CBPAMO/status/1894401308725051650",CBPAMO,2025-02-25T14:57:22.000Z,1894401308725051650,https://x.com/CBPAMO/status/1894401308725051650,"CAUGHT!
On Feb. 17, an AMO MEA crew detected a vessel northeast of the Dominican Republic. The crew contacted the USCG maintaining surveillance of the vessel and vectored a USCG small boat onto the vessel for the interdiction.

5 men and 16 bales of suspected cocaine detained. https://t.co/OgMFE0WwZL",13_1894401211547136000,video,https://github.com/vidproject/x/releases/download/media-CBPAMO/13_1894401211547136000.mp4,0
CBP,core,2025-02-28T23:00:34.000Z,1895610072832643241,https://x.com/CBP/status/1895610072832643241,"Different than our CBP land partners, @CBPAMO has a unique call-of-duty, using watercraft and aircraft to protect America's borders. They are unstoppable!

Learn more about AMO here 👉 https://go.dhs.gov/ZUg

https://x.com/CBPAMO/status/1894734112285425772",CBPAMO,2025-02-26T12:59:49.000Z,1894734112285425772,https://x.com/CBPAMO/status/1894734112285425772,"Don’t Count the Days, Make the Days Count…
#BorderSecurity #WakeWednesday https://t.co/L9Y6tRY2gt",13_1894734021143240704,video,https://github.com/vidproject/x/releases/download/media-CBPAMO/13_1894734021143240704.mp4,0
CBP,core,2025-03-29T18:20:10.000Z,1906048753951240287,https://x.com/CBP/status/1906048753951240287,https://x.com/DHSgov/status/1905317581726134299,DHSgov,2025-03-27T17:54:45.000Z,1905317581726134299,https://x.com/DHSgov/status/1905317581726134299,"While touring CECOT @Sec_Noem sent a clear message to the world: criminal illegal aliens are not welcome in the United States.

President Trump is putting the safety of the American people FIRST. https://t.co/8JvCocnoc9",3_1905317575287795712,photo,https://github.com/vidproject/x/releases/download/media-DHSgov/3_1905317575287795712.jpg,0
CBP,core,2025-03-29T22:05:10.000Z,1906105378028269926,https://x.com/CBP/status/1906105378028269926,The continuation of building the remainder of the border wall is the beginning of making America safe again. https://x.com/USBPChief/status/1905409502394155482,USBPChief,2025-03-28T00:00:00.000Z,1905409502394155482,https://x.com/USBPChief/status/1905409502394155482,"Closing the Gaps!

In Yuma, AZ, 30-foot border wall panels are going up, closing seven critical gaps, and strengthening our defenses with a combination of steel bollard panels and gates. These once vulnerable openings are now being reinforced to enhance security and prevent illegal crossings.

Securing the border-One panel at a time.",3_1905330532080111616 3_1905330272360390656 3_1905330354644234240 3_1905330428531122176,photo photo photo photo,   ,0
CBP,core,2025-03-31T20:01:04.000Z,1906798921222852869,https://x.com/CBP/status/1906798921222852869,"Mission accomplished. The CBP Home App is proving to be victorious.

https://x.com/DHSgov/status/1906741021888622696",DHSgov,2025-03-31T16:10:59.000Z,1906741021888622696,https://x.com/DHSgov/status/1906741021888622696,"Self-deportations are up. Migrants are turning back before they ever reach our border.

@POTUS Trump and @Sec_Noem have a clear message for criminal illegal aliens: LEAVE NOW. If you do not self-deport, we will hunt you down, arrest you, and deport you.

@TriciaOhio https://t.co/y5aWb4E2gV",7_1906739264097755137,video,https://github.com/vidproject/x/releases/download/media-DHSgov/7_1906739264097755137.mp4,0
CBP,core,2025-04-30T12:31:01.000Z,1917557301927383494,https://x.com/CBP/status/1917557301927383494,"America is #BorderStrong —an EPIC win for @POTUS Trump, @Sec_Noem, and most importantly, the citizens of this nation.

Here's to future victories. 🇺🇸

https://x.com/DHSgov/status/1917370376641827088",DHSgov,2025-04-30T00:08:15.000Z,1917370376641827088,https://x.com/DHSgov/status/1917370376641827088,"Congratulations, America!

In just 100 days, President Trump and Secretary Noem have delivered the most secure border in our nation's history. https://t.co/yT1Ov5MGFL",13_1917369454133907456,video,https://github.com/vidproject/x/releases/download/media-DHSgov-0002/13_1917369454133907456.mp4,0
CBP,core,2025-05-29T17:50:13.000Z,1928146875779084590,https://x.com/CBP/status/1928146875779084590,"Rescue &amp; Deport.
↓ ↓ ↓ ↓ ↓ ↓
Don't risk it.

 https://x.com/CBPAMO/status/1927720308422689268",CBPAMO,2025-05-28T13:35:11.000Z,1927720308422689268,https://x.com/CBPAMO/status/1927720308422689268,"⚠️ Illegal border crossings can be dangerous and deadly! Three illegal aliens learned this the hard way last week, suffering heat-related injuries before being rescued by our AMO aircrew and USBP agents. Don't risk your life, deportation is final! https://t.co/bCoLSig0kE",3_1927720266345385984 3_1927720287367241728,photo photo,https://github.com/vidproject/x/releases/download/media-CBPAMO/3_1927720266345385984.jpg https://github.com/vidproject/x/releases/download/media-CBPAMO/3_1927720287367241728.jpg,0
CBP,core,2025-05-30T16:49:37.000Z,1928494016221372582,https://x.com/CBP/status/1928494016221372582,"1...
2...
3...
4...
5...
WE GOT YA.

Hide-and-seek is over. Ready or not—you will be found, arrested, and deported. Avoid this and self-deport today.

https://x.com/DHSgov/status/1928426856493006957",DHSgov,2025-05-30T12:22:45.000Z,1928426856493006957,https://x.com/DHSgov/status/1928426856493006957,"ICE is removing illegal aliens from ALL states, communities, and worksites across this country.

If you are here illegally use the CBP Home app to self-deport. If not, you will be arrested and deported without a chance to return.",,,,0
CBP,core,2025-05-31T16:15:10.000Z,1928847734129168438,https://x.com/CBP/status/1928847734129168438,https://x.com/USBPChief/status/1928179537751461911,USBPChief,2025-05-29T20:00:00.000Z,1928179537751461911,https://x.com/USBPChief/status/1928179537751461911,"On 5/21, USBP agents in Sunland Park, NM, tracked footprints to four illegal aliens hiding in thick brush. Among them: a Mexican national convicted of sexual assault in Adams County, CO—overcoming the victim’s will.

• Served 18 months
• Previously deported
• Now facing felony illegal re-entry (8 USC 1326)

Relentless vigilance. Relentless justice.",3_1928121338763563016,photo,,0
CBP,core,2025-07-16T20:30:19.000Z,1945581785535938654,https://x.com/CBP/status/1945581785535938654,"This is monumental. @POTUS Trump just signed the Halt Fentanyl Act. Fentanyl is now a Schedule 1 narcotic and the punishment for trafficking it is much more severe. From October 2024 until now, CBP seized more than 9.2K pounds of fentanyl.

https://x.com/WhiteHouse/status/1945562823599272223 https://t.co/NOqXuDIx9e",WhiteHouse,2025-07-16T19:14:58.000Z,1945562823599272223,https://x.com/WhiteHouse/status/1945562823599272223,"President Trump Participates in a Bill Signing Ceremony, July 16, 2025 https://x.com/i/broadcasts/1rmxPykjQRDKN",,,,0
CBP,core,2025-11-19T21:45:12.000Z,1991261500942475320,https://x.com/CBP/status/1991261500942475320,https://x.com/cbpamo/status/1991235268704366988?s=46,CBPAMO,2025-11-19T20:00:58.000Z,1991235268704366988,https://x.com/CBPAMO/status/1991235268704366988,"🚨 Successful Maritime Interdiction Near San Clemente Island. 17 in Federal Custody! 🚨

Earlier this morning, Marine Interdiction Agents intercepted a maritime smuggling attempt near San Clemente Island after a U.S. Navy crew spotted a lights-out panga-style vessel traveling northbound in the waters near San Clemente Island. The San Diego Marine Unit swiftly deployed a marine crew, and intercepted the vessel at 2:40 a.m.

The vessel was found carrying 17 individuals, all of whom claimed Mexican citizenship. AMO agents apprehended the individuals and transferred them to San Clemente Border Patrol agents for further processing.

This operation highlights, if you try to enter illegally, you will be caught. You will be removed and you will never return.

#BorderSecurity",3_1991233742703116288 3_1991233742707310592,photo photo,https://github.com/vidproject/x/releases/download/media-CBPAMO/3_1991233742703116288.jpg https://github.com/vidproject/x/releases/download/media-CBPAMO/3_1991233742707310592.jpg,0
CBP,core,2025-11-27T17:04:45.000Z,1994090028281024570,https://x.com/CBP/status/1994090028281024570,https://x.com/dhsgov/status/1994081366359646259?s=46,DHSgov,2025-11-27T16:30:20.000Z,1994081366359646259,https://x.com/DHSgov/status/1994081366359646259,"Happy Thanksgiving, America. 🇺🇸 https://t.co/1v8kZ4x2fH",13_1994081276853211136,video,https://github.com/vidproject/x/releases/download/media-DHSgov/13_1994081276853211136.mp4,145
CBP,core,2026-02-06T18:00:55.000Z,2019833701975097479,https://x.com/CBP/status/2019833701975097479,http://Careers.cbp.gov,CBPJobs,2026-02-06T18:00:11.000Z,2019833514691105066,https://x.com/CBPJobs/status/2019833514691105066,"From our border and ports of entry to miles of open ocean and sky, CBP safeguards the nation while you cheer on your favorite athletes during the Super Bowl.

Ready to join our mission? Your first step is joining our Talent Network: http://go.dhs.gov/ovs

#CBPCareers #SBLX https://t.co/EOeQ5joAjT",7_2019832437296013312,video,https://github.com/vidproject/x/releases/download/media-CBPJobs/7_2019832437296013312.mp4,0
CBP,core,2026-03-19T16:16:25.000Z,2034665302399607065,https://x.com/CBP/status/2034665302399607065,https://x.com/cbpamo/status/2034586827198251438?s=46,CBPAMO,2026-03-19T11:04:35.000Z,2034586827198251438,https://x.com/CBPAMO/status/2034586827198251438,"🚨DISABLING FIRE STOPS SMUGGLING ATTEMPT!

On March 11, at 11:45 p.m. EST, a Miami Marine Unit crew successfully interdicted a suspected smuggling vessel and apprehended 15 illegal aliens in a failed nighttime smuggling attempt off the coast of Miami.

The suspect vessel, was initially detected approximately 21 miles east of Miami-Dade County and traveling west toward shore. Miami Marine Unit agents successfully interdicted the vessel two miles off shore.

When Marine Interdiction Agents approached, the vessel fled. Despite law enforcement activating lights and sirens, the vessel continued to evade authorities. After the vessel failed to stop, agents first discharged warning rounds. When that did not work, disabling rounds were discharged into the engine, ultimately bringing the vessel to a halt.

Agents observed one adult male Bahamian operating the vessel and discovered 14 additional occupants onboard: four Dominican male adults, three Ecuadorian male adults, one Haitian male adult, one Haitian male minor, and five Haitian adult females.

A nearby Lauderdale Marine Unit vessel assisted in securing the scene and transporting all occupants to the U.S. Coast Guard Cutter (USCGC) William Flores for processing.

USCGC Flores’ crew returned 11 of the illegal aliens to their origin country, the Bahamas, on Sunday.

The other four illegal aliens were subsequently arrested by DHS’s Homeland Security Investigations (HSI) and charged by the U.S. Attorney’s Office, Southern District of Florida for their roles in the alien smuggling venture.  #BorderSecurity",3_2034579855635894272 3_2034579855787102208,photo photo,https://github.com/vidproject/x/releases/download/media-CBPAMO/3_2034579855635894272.jpg https://github.com/vidproject/x/releases/download/media-CBPAMO/3_2034579855787102208.jpg,7
CBP,core,2026-03-19T17:45:12.000Z,2034687647453442239,https://x.com/CBP/status/2034687647453442239,https://x.com/OFOEAC/status/2034072322244558874?s=20,OFOEAC,2026-03-18T01:00:07.000Z,2034072322244558874,https://x.com/OFOEAC/status/2034072322244558874,"A SENTRI member learned the cost of failing to declare. Member declared bread, juice &amp; cookies while passing through San Luis POE, but @DFOTucson CBP K9 Maveric found mangos, oranges, kiwi, &amp; guava in the vehicle. SENTRI membership revoked &amp; $500 penalty issued. #OFOProud🇺🇸 https://t.co/6X7xnwUOHj",7_2034071089366593536,video,https://github.com/vidproject/x/releases/download/media-OFOEAC/7_2034071089366593536.mp4,2
CBP,core,2026-03-30T13:57:56.000Z,2038616722039554269,https://x.com/CBP/status/2038616722039554269,https://x.com/usbpchief/status/2037952919333413352?s=46,USBPChief,2026-03-28T18:00:13.000Z,2037952919333413352,https://x.com/USBPChief/status/2037952919333413352,"Focused. Determined. On watch.
From then to now, U.S. Border Patrol agents have remained dedicated to securing our nation’s borders and protecting our communities. https://t.co/L7KZ82dW56",7_2037951666247413760,video,https://github.com/vidproject/x/releases/download/media-USBPChief/7_2037951666247413760.mp4,1
CBP,core,2026-04-01T17:11:43.000Z,2039390262959476964,https://x.com/CBP/status/2039390262959476964,https://x.com/ofoeac/status/2039372407417233503?s=46,OFOEAC,2026-04-01T16:00:46.000Z,2039372407417233503,https://x.com/OFOEAC/status/2039372407417233503,"Think you can smuggle animals into the US? Think again.
Last year, @DFOSanDiegoCA officers discovered parrots &amp; parakeets in bags in the car of Ricardo Alonzo. Last week, he was sentenced to 3 months in prison &amp; ordered to pay $3,262.
➡️ https://go.dhs.gov/iCf
#OFOProud🇺🇸 https://t.co/3ie0q5Hxcq",3_2039372405416529921,photo,https://github.com/vidproject/x/releases/download/media-OFOEAC/3_2039372405416529921.jpg,1
CBP,core,2026-04-01T18:54:49.000Z,2039416209909702979,https://x.com/CBP/status/2039416209909702979,https://x.com/ofoeac/status/2039402443130151081?s=46,OFOEAC,2026-04-01T18:00:07.000Z,2039402443130151081,https://x.com/OFOEAC/status/2039402443130151081,"Happy 56th Birthday to the OFO K9 Training Program!
For over five decades, our dedicated @cbp K9 teams have played a vital role in keeping our nation safe. Today, we celebrate their history, achievements, and unwavering service.
#OFOproudus#56YearsStrong #HappyBirthday https://t.co/xzc8GtcvvZ",7_2039401332264599552,video,https://github.com/vidproject/x/releases/download/media-OFOEAC/7_2039401332264599552.mp4,1
CBP,core,2026-04-03T15:20:14.000Z,2040086981607145628,https://x.com/CBP/status/2040086981607145628,https://x.com/cbpamo/status/2040023228672770225?s=46,CBPAMO,2026-04-03T11:06:54.000Z,2040023228672770225,https://x.com/CBPAMO/status/2040023228672770225,Seize the day! #ProtectingAmerica https://t.co/kNftBJbAfW,13_2040023173488336897,video,https://github.com/vidproject/x/releases/download/media-CBPAMO/13_2040023173488336897.mp4,1
CBP,core,2026-04-07T18:55:51.000Z,2041590798479728955,https://x.com/CBP/status/2041590798479728955,https://x.com/usbpchief/status/2041579933491982620?s=46,USBPChief,2026-04-07T18:12:41.000Z,2041579933491982620,https://x.com/USBPChief/status/2041579933491982620,"Smugglers don’t see people—they see profit. The U.S. Border Patrol is committed to dismantling these criminal networks and protecting communities on both sides of the border.
 The border is closed. Do not risk your life by falling for the false promises of criminal cartel organizations.

@USBPChiefRGV @USBPChiefEPT @CBP @DHSgov",13_2041579662837735424,video,https://github.com/vidproject/x/releases/download/media-USBPChief/13_2041579662837735424.mp4,8
CBP,core,2026-04-08T14:19:04.000Z,2041883529777213756,https://x.com/CBP/status/2041883529777213756,https://x.com/dhsgov/status/2041638335085494459?s=46,DHSgov,2026-04-07T22:04:45.000Z,2041638335085494459,https://x.com/DHSgov/status/2041638335085494459,Salute the Patriots standing guard over our homeland. https://t.co/ecZcZP6vTa,13_2041638262146797568,video,https://github.com/vidproject/x/releases/download/media-DHSgov/13_2041638262146797568.mp4,50
CBP,core,2026-04-08T15:35:02.000Z,2041902647687418198,https://x.com/CBP/status/2041902647687418198,https://x.com/cbpjobs/status/2041878731409543411?s=46,CBPJobs,2026-04-08T14:00:00.000Z,2041878731409543411,https://x.com/CBPJobs/status/2041878731409543411,"Decisive actions and excellent communication save the day as Marine Interdiction Agents rescue a capsized kayaker.

Read the full story: http://go.dhs.gov/iCn

#CBPCareers #AMO https://t.co/FskgpJuJFh",7_2041877582778335232,video,https://github.com/vidproject/x/releases/download/media-CBPJobs/7_2041877582778335232.mp4,1
CBP,core,2026-04-09T19:01:01.000Z,2042316871244947499,https://x.com/CBP/status/2042316871244947499,https://x.com/ofoeac/status/2042237352462958662?s=46,OFOEAC,2026-04-09T13:45:02.000Z,2042237352462958662,https://x.com/OFOEAC/status/2042237352462958662,"STOPPED AT THE PORT
CBP officers seized 14.90 lbs of cocaine after a K9 alert and scan revealed anomalies. A search uncovered 8 bundles concealed in a vehicle’s rocker panels.
#OFOproud🇺🇸 @DFOTucson https://t.co/wfmb3iQHz8",7_2042236132096622592,video,https://github.com/vidproject/x/releases/download/media-OFOEAC/7_2042236132096622592.mp4,2
CBP,core,2026-04-13T20:25:13.000Z,2043787615762047312,https://x.com/CBP/status/2043787615762047312,https://x.com/cbpamo/status/2043744365193945186?s=46,CBPAMO,2026-04-13T17:33:22.000Z,2043744365193945186,https://x.com/CBPAMO/status/2043744365193945186,"🚨San Diego Marine Unit Foils Illegal Entry Attempt at Sea!

On April 11, Marine Interdiction Agents aboard a Coastal Interceptor Vessel intercepted a 24-foot boat off the coast of California. The interdiction resulted in the apprehension of eight Mexican nationals attempting to enter the United States illegally. The vessel and individuals were transported to Ballast Point Naval Base for further processing. Outstanding work by our San Diego Marine unit in protecting our borders! #BorderSecurity #MaritimeInterdiction",3_2043744357828751360 3_2043744357870694400,photo photo,https://github.com/vidproject/x/releases/download/media-CBPAMO/3_2043744357828751360.jpg https://github.com/vidproject/x/releases/download/media-CBPAMO/3_2043744357870694400.jpg,6
CBP,core,2026-04-14T16:02:35.000Z,2044083906186448952,https://x.com/CBP/status/2044083906186448952,https://x.com/usbpchief/status/2044023042746011682?s=46,USBPChief,2026-04-14T12:00:44.000Z,2044023042746011682,https://x.com/USBPChief/status/2044023042746011682,"LOCKED IN 🔒

A box truck driver arrived at the USBP Immigration Checkpoint in Laredo, TX, claiming he was hauling “parts.”
After a K9 alert, agents used bold cutters to break the seal and found seven people hiding behind a mattress. NO PARTS.
The seven illegal aliens will be processed and deported. The driver, a U.S. citizen and previously convicted felon, faces alien smuggling charges.

Don’t trust a smuggler!",3_2044023036244811776,photo,https://github.com/vidproject/x/releases/download/media-USBPChief/3_2044023036244811776.jpg,10
CBP,core,2026-04-16T16:44:17.000Z,2044819176104120637,https://x.com/CBP/status/2044819176104120637,https://x.com/dhsgov/status/2044813072691253714?s=46,DHSgov,2026-04-16T16:20:01.000Z,2044813072691253714,https://x.com/DHSgov/status/2044813072691253714,"We have the most secure border in history — and thanks to our CBP agents, our homeland will be protected for generations to come.

@CBPCommissioner https://t.co/bnyAd7oo6g",13_2044813016286556163,video,https://github.com/vidproject/x/releases/download/media-DHSgov/13_2044813016286556163.mp4,6
CBP,core,2026-04-20T16:54:31.000Z,2046271302743253128,https://x.com/CBP/status/2046271302743253128,"Great work from the @USBPChiefELC team on dismantling human smuggling networks!
https://x.com/usbpchiefelc/status/2045921548499083493?s=46",USBPChiefELC,2026-04-19T17:44:43.000Z,2045921548499083493,https://x.com/USBPChiefELC/status/2045921548499083493,"One suspicious turn before the checkpoint turned into the collapse of an entire smuggling setup.

A trail ended in an El Centro alley where a smuggling attempt unraveled—two illegal aliens in the vehicle and four more hiding inside a stash location.

✅ Six subjects arrested
✅ Vehicle seized
✅ Case presented for 8 USC 1324 prosecution

Smugglers tried to stay one step ahead…the #PremierSector was already there😎

#CBP #DHS #BorderPatrol",3_2045921544749170688 3_2045921544753262592,photo photo,https://github.com/vidproject/x/releases/download/media-USBPChiefELC/3_2045921544749170688.jpg https://github.com/vidproject/x/releases/download/media-USBPChiefELC/3_2045921544753262592.jpg,3
CBP,core,2026-04-22T14:14:09.000Z,2046955720822726991,https://x.com/CBP/status/2046955720822726991,https://x.com/secmullindhs/status/2046954097824125201?s=46,SecMullinDHS,2026-04-22T14:07:42.000Z,2046954097824125201,https://x.com/SecMullinDHS/status/2046954097824125201,"I’m with @AndrewHGiuliani head of @WHTaskForceFIFA.

@DHSgov will be working alongside the task force and @FIFAcom to ensure all U.S.-based matches are safe and secure.

Thanks to @POTUS ’ vision, this will be a HUGE event for our nation! https://t.co/SISbOoaVPR",13_2046953396955987969,video,https://github.com/vidproject/x/releases/download/media-SecMullinDHS/13_2046953396955987969.mp4,0
CBP,core,2026-04-23T14:56:23.000Z,2047328740284170642,https://x.com/CBP/status/2047328740284170642,"If you try to cross the border illegally, you will be detained and deported. Sticking to this straightforward idea has allowed us to have the most secure border in American history.

https://x.com/dhsgov/status/2047322206229721550?s=46",DHSgov,2026-04-23T14:30:26.000Z,2047322206229721550,https://x.com/DHSgov/status/2047322206229721550,"MOST SECURE BORDER IN AMERICAN HISTORY.

Under the leadership of @POTUS Trump and @SecMullinDHS, we have brought the crisis at our southern border to an end.

Promises made, promises kept! https://t.co/F3vJRNdTqV",13_2047322126860820480,video,https://github.com/vidproject/x/releases/download/media-DHSgov/13_2047322126860820480.mp4,0
CBP,core,2026-04-23T16:32:15.000Z,2047352865937592660,https://x.com/CBP/status/2047352865937592660,https://x.com/usbpchief/status/2047344875884982397?s=46,USBPChief,2026-04-23T16:00:30.000Z,2047344875884982397,https://x.com/USBPChief/status/2047344875884982397,"Strategy isn’t one-sided.
The U.S. Border Patrol is outmaneuvering criminal cartel organization’s tactics with help from our law enforcement partners.

There’s no gap to exploit—only consequences.
Cross illegally, and you will be arrested, prosecuted, and deported.

@WhiteHouse @DHSgov @CBP @CBPAMO @USBPChiefTCA",7_2047343608773144576,video,https://github.com/vidproject/x/releases/download/media-USBPChief/7_2047343608773144576.mp4,2
CBP,core,2026-04-23T22:17:02.000Z,2047439632493633996,https://x.com/CBP/status/2047439632493633996,https://x.com/cbpcommissioner/status/2047438975959183480?s=46,CBPCommissioner,2026-04-23T22:14:26.000Z,2047438975959183480,https://x.com/CBPCommissioner/status/2047438975959183480,"Another display of heroes protecting the homeland, but through science.

Meet our @CBPLSSAC (Laboratories and Scientific Services) staff of Miami, a fantastic team of scientists dedicated to keeping America safe.

This is what Congress continues to prevent from being funded… https://t.co/g1lVRPiI0I",3_2047438972876361728 3_2047438972880613376 3_2047438972977094656,photo photo photo,https://github.com/vidproject/x/releases/download/media-CBPCommissioner/3_2047438972876361728.jpg https://github.com/vidproject/x/releases/download/media-CBPCommissioner/3_2047438972880613376.jpg https://github.com/vidproject/x/releases/download/media-CBPCommissioner/3_2047438972977094656.jpg,0
CBP,core,2026-04-24T17:10:25.000Z,2047724855554945277,https://x.com/CBP/status/2047724855554945277,https://x.com/dhsgov/status/2047717984358080736?s=46,DHSgov,2026-04-24T16:43:06.000Z,2047717984358080736,https://x.com/DHSgov/status/2047717984358080736,"HEROES ON THE BORDER.

@CBP officers with the Otay Mesa Commercial Vehicle Enforcement Facility in San Diego seized nearly 1.4 TONS of meth worth almost $5 MILLION.

Thank you to these heroic officers for keeping Americans SAFE. https://t.co/wV7Lm8tN2G",3_2047717978431471616,photo,https://github.com/vidproject/x/releases/download/media-DHSgov/3_2047717978431471616.jpg,0
CBP,core,2026-04-25T20:40:35.000Z,2048140135611457884,https://x.com/CBP/status/2048140135611457884,https://x.com/cbpamo/status/2048139832040563031?s=46,CBPAMO,2026-04-25T20:39:23.000Z,2048139832040563031,https://x.com/CBPAMO/status/2048139832040563031,"🚨60 Illegal Aliens Interdicted off California Coast🚨

In recent days, Air and Marine Operations crews and our partners have interdicted three smuggling vessels off the coast of Southern California, apprehending 60 people. Some of the individuals have criminal histories for offenses including failure to yield, driving under the influence, felony hit-and-run, making false police reports, drug possession, active warrants for resisting arrest, trespassing, burglary, possession of burglary tools, receiving stolen property, drug trafficking, aggravated assault with a weapon, and domestic violence.

On April 17, an AMO aircrew detected a 24-foot vessel south of the maritime boundary line. AMO’s San Diego Marine Unit crews responded and interdicted the boat near San Clemente Island at about 2 p.m. They apprehended 13 people on board, including seven men, five women and one juvenile female. Agents took the individuals and the vessel to Ballast Point Naval Base for processing by U.S. Border Patrol.

The next day, on April 18, an AMO aircrew detected another vessel about 80 nautical miles southwest of Point Loma. AMO’s Long Beach Marine Unit crew, working with the U.S. Coast Guard Cutter Florence Finch, intercepted the boat near San Nicolas Island. They apprehended 29 Mexican nationals. The Coast Guard transported the individuals and the vessel to Newport Harbor to be turned over to the U.S. Border Patrol.

On April 21, the U.S. Coast Guard Cutter Terrel Horne, guided by an AMO aircrew, interdicted a 25-foot cuddy cabin first detected a day earlier off the coast of Ensenada, Mexico. The Coast Guard apprehended 18 Mexican nationals on board and transported them and the vessel for processing by U.S. Border Patrol. #BorderSecurity",3_2048139827145838592,photo,https://github.com/vidproject/x/releases/download/media-CBPAMO/3_2048139827145838592.jpg,9
CBP,core,2026-04-28T20:29:06.000Z,2049224406874931280,https://x.com/CBP/status/2049224406874931280,https://x.com/cbpamo/status/2049223990246338574?s=46,CBPAMO,2026-04-28T20:27:26.000Z,2049223990246338574,https://x.com/CBPAMO/status/2049223990246338574,"🚨Dramatic High Seas Interdiction - On April 22, a P-3 crew located and tracked a Mexican-style go-fast vessel in the Narcotic Source and Transit Zone. Individuals and packages were observed onboard via radar and visual surface contact. Soon after the detection, the vessel went dead in the water and began dumping packages. The aircrew coordinated with a foreign partner, which deployed two soldiers onto the vessel via helicopter. Six persons onboard were detained and approximately 1,000lbs of cocaine recovered. #Teamwork #BorderSecurity",3_2049223893081321472 3_2049223852656357377,photo photo,https://github.com/vidproject/x/releases/download/media-CBPAMO/3_2049223893081321472.jpg https://github.com/vidproject/x/releases/download/media-CBPAMO/3_2049223852656357377.jpg,4
CBP,core,2026-04-29T00:22:56.000Z,2049283256567103833,https://x.com/CBP/status/2049283256567103833,https://x.com/usbpchief/status/2049253872993288581?s=46,USBPChief,2026-04-28T22:26:11.000Z,2049253872993288581,https://x.com/USBPChief/status/2049253872993288581,"Cross illegally? The U.S. Border Patrol will be there—no exceptions.

Since May 2025, the U.S. Border Patrol has not released a single illegal alien into our country, and we are not about to start now!

You will be detected, arrested, prosecuted, and deported.

The Border is Closed!

@DHSgov @CBP @USBPChiefLRT @USBPChiefRGV",13_2049252785821286400,video,https://github.com/vidproject/x/releases/download/media-USBPChief/13_2049252785821286400.mp4,8
CBP,core,2026-04-29T18:42:04.000Z,2049559859163431326,https://x.com/CBP/status/2049559859163431326,https://x.com/ofoeac/status/2049549405485744172?s=46,OFOEAC,2026-04-29T18:00:31.000Z,2049549405485744172,https://x.com/OFOEAC/status/2049549405485744172,"We're taking a whole-of-CBP approach in the fight against dangerous drugs like fentanyl to stop their destructive impacts on Americans. So far in FY26, the @CBP Office of Field Operations has seized 5,258 lbs of fentanyl. #OFOProud🇺🇸 #OnePillKills
➡️ http://go.dhs.gov/ouc https://t.co/MA4fM6ocHf",7_2049548110141980672,video,https://github.com/vidproject/x/releases/download/media-OFOEAC/7_2049548110141980672.mp4,3
CBP,core,2026-05-04T17:01:18.000Z,2051346439704322103,https://x.com/CBP/status/2051346439704322103,https://x.com/CBPAMO/status/2051257242725327342?s=20,CBPAMO,2026-05-04T11:06:51.000Z,2051257242725327342,https://x.com/CBPAMO/status/2051257242725327342,May the 4th be with you! 🇺🇸 #maythe4th https://t.co/2mq9wqzn3g,13_2051257176732188673,video,https://github.com/vidproject/x/releases/download/media-CBPAMO/13_2051257176732188673.mp4,14
CBP,core,2026-05-04T21:10:12.000Z,2051409078144958960,https://x.com/CBP/status/2051409078144958960,https://x.com/OFOEAC/status/2051324799352275287?s=20,OFOEAC,2026-05-04T15:35:18.000Z,2051324799352275287,https://x.com/OFOEAC/status/2051324799352275287,"A multi-layered inspection, including a @cbp K9 alert, revealed: 26 packages of meth, stashed behind the wheels. Over 161 lbs. of meth was seized from both sides of the vehicle. CBP: Keeping your ride and our road safe, one suspicious rattle at a time!
 #RoadSafe #OFOproud🇺🇸 https://t.co/FlOCe5vzNy",3_2051324793840914432 3_2051324794440740864 3_2051324794050588672,photo photo photo,https://github.com/vidproject/x/releases/download/media-OFOEAC/3_2051324793840914432.jpg https://github.com/vidproject/x/releases/download/media-OFOEAC/3_2051324794440740864.jpg https://github.com/vidproject/x/releases/download/media-OFOEAC/3_2051324794050588672.jpg,1
CBP,core,2026-05-05T13:39:08.000Z,2051657953619361872,https://x.com/CBP/status/2051657953619361872,https://x.com/CBPCommissioner/status/2051655799819178210?s=20,CBPCommissioner,2026-05-05T13:30:35.000Z,2051655799819178210,https://x.com/CBPCommissioner/status/2051655799819178210,"@CBP mourns the loss of Border Patrol Agent Sean M. McDonough.

BPA McDonough started his CBP career in 2007. He recently served at the Wellesley Island Border Patrol Station, Buffalo Sector in New York. He also served in Nogales Station and in Houlton Sector. BPA McDonough also served in the U.S. Army, Army National Guard, and as a Military Police Officer.

He is a true hero who selflessly served to protect America.

As a CBP family, we extend our deepest condolences to the family, friends and colleagues of BPA McDonough.",3_2051655793385103360,photo,https://github.com/vidproject/x/releases/download/media-CBPCommissioner/3_2051655793385103360.jpg,4
CBP,core,2026-05-08T18:46:08.000Z,2052822377206043051,https://x.com/CBP/status/2052822377206043051,https://x.com/CBPCommissioner/status/2052822186075783430?s=20,CBPCommissioner,2026-05-08T18:45:23.000Z,2052822186075783430,https://x.com/CBPCommissioner/status/2052822186075783430,"Every mile of border wall adds another layer of security for our agents, our communities, and our nation. https://t.co/4dl0g2yuq8",13_2052822092454772737,video,https://github.com/vidproject/x/releases/download/media-CBPCommissioner/13_2052822092454772737.mp4,0
CBP,core,2026-05-10T19:37:17.000Z,2053560023796580844,https://x.com/CBP/status/2053560023796580844,https://x.com/dhsgov/status/2053482065107058834?s=46,DHSgov,2026-05-10T14:27:30.000Z,2053482065107058834,https://x.com/DHSgov/status/2053482065107058834,"This Mother’s Day, we especially honor Angel Moms.

Words cannot describe the pain of losing a child. Knowing their child’s deaths were entirely preventable only adds to the pain these brave women face every day.

They are our why. https://t.co/q3KSriCmMF",13_2053481966901559300,video,https://github.com/vidproject/x/releases/download/media-DHSgov/13_2053481966901559300.mp4,100
CBP,core,2026-05-11T14:27:15.000Z,2053844390355894346,https://x.com/CBP/status/2053844390355894346,https://x.com/ofoeac/status/2053837775871332367?s=46,OFOEAC,2026-05-11T14:00:58.000Z,2053837775871332367,https://x.com/OFOEAC/status/2053837775871332367,"We heard a pin drop as @DFOAtlanta K9 Ears at @CLTAirport found undeclared pork, nance, cacti, and wood in luggage from Mexico City. A $300 penalty was paid by the passenger for failure to declare all items. https://t.co/BIXLcJRti5",3_2053837771576385536 3_2053837771039531009 3_2053837771182059520,photo photo photo,https://github.com/vidproject/x/releases/download/media-OFOEAC/3_2053837771576385536.jpg https://github.com/vidproject/x/releases/download/media-OFOEAC/3_2053837771039531009.jpg https://github.com/vidproject/x/releases/download/media-OFOEAC/3_2053837771182059520.jpg,2
CBP,core,2026-05-11T16:02:17.000Z,2053868305513852993,https://x.com/CBP/status/2053868305513852993,https://x.com/CBPAMO/status/2053834651999842739?s=20,CBPAMO,2026-05-11T13:48:34.000Z,2053834651999842739,https://x.com/CBPAMO/status/2053834651999842739,It’s all about balance. #MondayMotivation https://t.co/oXn22ThTRR,13_2053834442746023936,video,https://github.com/vidproject/x/releases/download/media-CBPAMO/13_2053834442746023936.mp4,2
CBP,core,2026-05-12T15:26:07.000Z,2054221591345504265,https://x.com/CBP/status/2054221591345504265,https://x.com/dhsgov/status/2054221013957722277?s=46,DHSgov,2026-05-12T15:23:49.000Z,2054221013957722277,https://x.com/DHSgov/status/2054221013957722277,".@CBP VALOR MEMORIAL: “This is one of the greatest honors I’ve ever had. I’m the secretary of over 80,000 law enforcement officers—men and women. I think, ‘Wow, thank you, Lord. Thank you for allowing me to be surrounded by so many great individuals and the families that support them.’” @SecMullinDHS",13_2054220918583422976,video,https://github.com/vidproject/x/releases/download/media-DHSgov/13_2054220918583422976.mp4,3
CBP,core,2026-05-13T15:10:13.000Z,2054579978981851380,https://x.com/CBP/status/2054579978981851380,https://x.com/CBPAMO/status/2054279362757718205?s=20,CBPAMO,2026-05-12T19:15:41.000Z,2054279362757718205,https://x.com/CBPAMO/status/2054279362757718205,CBP Valor Memorial. 🇺🇸 https://t.co/phMXuwiswK,13_2054279059249512448,video,https://github.com/vidproject/x/releases/download/media-CBPAMO/13_2054279059249512448.mp4,3
CBP,core,2026-05-14T15:03:20.000Z,2054940632334929970,https://x.com/CBP/status/2054940632334929970,https://x.com/dhsgov/status/2054923962769891751?s=46,DHSgov,2026-05-14T13:57:06.000Z,2054923962769891751,https://x.com/DHSgov/status/2054923962769891751,"These claims are LUDICROUS.

Smart wall construction in this area is located within 250 feet of the southern border, well south of the Mount Cristo Rey cross and access road.

The cross is located approximately A QUARTER MILE — 1,300 to 1,400 feet — north of the border ON TOP OF THE MOUNTAIN. Access to the shrine will NOT be affected, as all attendees enter from the U.S. side.

The only individuals who could be impacted by the border wall are illegal aliens attempting to cross a wild and dangerous desert — with NO roads — to infiltrate our nation from the south.",3_2054923959385075712,photo,https://github.com/vidproject/x/releases/download/media-DHSgov/3_2054923959385075712.jpg,72
CBP,core,2026-05-14T16:05:41.000Z,2054956324174053380,https://x.com/CBP/status/2054956324174053380,https://x.com/secmullindhs/status/2054951304502432048?s=46,SecMullinDHS,2026-05-14T15:45:44.000Z,2054951304502432048,https://x.com/SecMullinDHS/status/2054951304502432048,"This Police Week, we recommit our support for the @CBP personnel and their families who put their lives on the line to protect their fellow Americans every day. We will never forget. https://t.co/mzC1WaHbRw",13_2054951158385446912,video,https://github.com/vidproject/x/releases/download/media-SecMullinDHS/13_2054951158385446912.mp4,6
CBP,core,2026-05-14T19:10:43.000Z,2055002888577945832,https://x.com/CBP/status/2055002888577945832,https://x.com/ofoeac/status/2055000489494741378?s=46,OFOEAC,2026-05-14T19:01:11.000Z,2055000489494741378,https://x.com/OFOEAC/status/2055000489494741378,"During Police Week, CBP’s Field Operations K9 Academy honors the 32 canines whose final resting place is on Academy grounds. These canines were protectors of public safety who served with unwavering dedication. https://t.co/W0gWXlWnD8",3_2055000473875234817 3_2055000473795538944 3_2055000473715847168,photo photo photo,https://github.com/vidproject/x/releases/download/media-OFOEAC/3_2055000473875234817.jpg https://github.com/vidproject/x/releases/download/media-OFOEAC/3_2055000473795538944.jpg https://github.com/vidproject/x/releases/download/media-OFOEAC/3_2055000473715847168.jpg,2
CBP,core,2026-05-14T19:24:14.000Z,2055006290183639412,https://x.com/CBP/status/2055006290183639412,https://x.com/dhsgov/status/2055000297907363844?s=46,DHSgov,2026-05-14T19:00:25.000Z,2055000297907363844,https://x.com/DHSgov/status/2055000297907363844,You can run but you can’t hide. https://t.co/EEYAjDqnsZ,13_2055000216516894720,video,https://github.com/vidproject/x/releases/download/media-DHSgov/13_2055000216516894720.mp4,40
CBP,core,2026-05-15T19:35:11.000Z,2055371435875410363,https://x.com/CBP/status/2055371435875410363,https://x.com/OFOEAC/status/2055272022398095734?s=20,OFOEAC,2026-05-15T13:00:09.000Z,2055272022398095734,https://x.com/OFOEAC/status/2055272022398095734,"STOPPED AT THE PORT 🚫 Laredo POE
Outbound inspection sent a vehicle to secondary. A scan flagged anomalies.
CBP officers uncovered $272,940 in unreported U.S. currency hidden in the vehicle floor.
Over $10K must be declared. This wasn’t.
#OFOproud🇺🇸 https://t.co/T8MwN8FKCh",7_2055270914971811840,video,https://github.com/vidproject/x/releases/download/media-OFOEAC/7_2055270914971811840.mp4,0
CBP,core,2026-05-16T20:40:53.000Z,2055750356529713645,https://x.com/CBP/status/2055750356529713645,https://x.com/dhsgov/status/2055440368888430676?s=46,DHSgov,2026-05-16T00:09:06.000Z,2055440368888430676,https://x.com/DHSgov/status/2055440368888430676,"PROTECTING THE HOMELAND.

@CBP seized enough doses of fentanyl at the southern border to kill more than 100 MILLION Americans in fiscal year 2026 alone.

Under @POTUS Trump and @SecMullinDHS, our border is SECURE and it’s harder than ever for cartels, gangs, and other drug-traffickers to bring their poison into our country.

https://www.theepochtimes.com/us/border-patrol-seizes-historic-level-of-fentanyl-6026429",,,,4
CBP,core,2026-05-18T15:02:55.000Z,2056390077899534736,https://x.com/CBP/status/2056390077899534736,https://x.com/dhsgov/status/2056383731833639305?s=46,DHSgov,2026-05-18T14:37:42.000Z,2056383731833639305,https://x.com/DHSgov/status/2056383731833639305,".@CBP is keeping Americans SAFE.

In fiscal year 2026, agents seized enough lethal doses of fentanyl at our southern border to kill more than 100 MILLION Americans.

Thank you to these heroes for keeping these deadly drugs off our streets. https://t.co/1F2PSRwy6F",3_2056383729010929666,photo,https://github.com/vidproject/x/releases/download/media-DHSgov/3_2056383729010929666.jpg,7
CBP,core,2026-05-18T17:58:50.000Z,2056434348790854075,https://x.com/CBP/status/2056434348790854075,https://x.com/ofoeac/status/2056359261525901390?s=46,OFOEAC,2026-05-18T13:00:27.000Z,2056359261525901390,https://x.com/OFOEAC/status/2056359261525901390,"Not every threat comes in plain sight.
CBP agriculture canines are trained to detect prohibited fruits, plants, meats, and other agricultural items hidden in luggage, cargo, and mail before harmful pests and diseases reach the U.S.
One nose can protect a lot.
#OFOproud🇺🇸 https://t.co/55R5NuHVPW",7_2056358078967128064,video,https://github.com/vidproject/x/releases/download/media-OFOEAC/7_2056358078967128064.mp4,1
CBP,core,2026-05-19T12:51:53.000Z,2056719489744413135,https://x.com/CBP/status/2056719489744413135,Strong borders are the foundation of national security.,USBPChiefELC,2026-05-18T21:51:56.000Z,2056493010758639769,https://x.com/USBPChiefELC/status/2056493010758639769,"Walls aren’t built to divide—they’re built to defend. More than steel and stone, they mark the line where order prevails and chaos ends. This is where protection begins. This is where it stands strong.
 #HonorFirst #PremierSector #USBP #ElCentroSector #DHS #CBP https://t.co/r3TJ04fDe4",13_2056492660790071296,video,https://github.com/vidproject/x/releases/download/media-USBPChiefELC/13_2056492660790071296.mp4,1
CBP,core,2026-05-19T14:03:02.000Z,2056737397778317501,https://x.com/CBP/status/2056737397778317501,"#DYK CBP K9 teams are considered a ""game changer"" because they allow a single handler and dog to search faster, detect threats more accurately, and cover far more ground than manpower alone.
https://x.com/OFOEAC/status/2056344192620638288?s=20",OFOEAC,2026-05-18T12:00:35.000Z,2056344192620638288,https://x.com/OFOEAC/status/2056344192620638288,"Our @cbp officers at the Calexico Port of Entry @dfosandiegoca found a whopping 150 lbs.! Thanks to an OFO K9 alert and a thorough inspection, 82 packages were discovered hidden in the vehicle's quarter panels, doors, rear seat, and firewall.
#K9 #DrugInterdiction #CompactCar https://t.co/yDreFOEk6m",3_2056344186870251520 3_2056344186689875968 3_2056344186803126274,photo photo photo,https://github.com/vidproject/x/releases/download/media-OFOEAC/3_2056344186870251520.jpg https://github.com/vidproject/x/releases/download/media-OFOEAC/3_2056344186689875968.jpg https://github.com/vidproject/x/releases/download/media-OFOEAC/3_2056344186803126274.jpg,0
CBP,core,2026-05-21T14:12:21.000Z,2057464516187709905,https://x.com/CBP/status/2057464516187709905,"🇺🇸
https://x.com/cbpamo/status/2057239635730870414?s=46",CBPAMO,2026-05-20T23:18:45.000Z,2057239635730870414,https://x.com/CBPAMO/status/2057239635730870414,100% loyalty to America!🇺🇸 https://t.co/Ly9Qt5x2vZ,13_2057239554839474176,video,https://github.com/vidproject/x/releases/download/media-CBPAMO/13_2057239554839474176.mp4,3
CBP,core,2026-05-27T11:55:12.000Z,2059604329514860607,https://x.com/CBP/status/2059604329514860607,"Another dangerous criminal illegal alien is off our streets thanks to El Centro Sector Border Patrol!

https://x.com/usbpchiefelc/status/2059397997113364664?s=46",USBPChiefELC,2026-05-26T22:15:18.000Z,2059397997113364664,https://x.com/USBPChiefELC/status/2059397997113364664,"El Centro Sector Border Patrol, working with ICE/ERO, just tracked down and arrested an illegal alien with a history of horrific child sex crime charges!

❌Rape
❌Endangering the welfare of a child and child is a sex assault victim
❌Unlawful imprisonment
❌Terroristic and threatening to commit a crime likely to result in death/injury

Thanks to our dedicated teams, this dangerous person is now off the streets!

#USBP #ICE #ChildProtection #JusticeServed",3_2059397911222378496,photo,https://github.com/vidproject/x/releases/download/media-USBPChiefELC/3_2059397911222378496.jpg,4
CBP,core,2026-05-28T15:20:13.000Z,2060018311706947991,https://x.com/CBP/status/2060018311706947991,"Looking for a new career? Join us next week.

https://x.com/CBPJobs/status/2059968167326146956?s=20",CBPJobs,2026-05-28T12:00:58.000Z,2059968167326146956,https://x.com/CBPJobs/status/2059968167326146956,"A career as a CBP Officer with OFO can change your life — and protect millions more. Join our recruitment webinar on June 4 from 2 – 3:30 PM ET, and discover how teamwork, training, and support drive our mission.

Register now: https://ow.ly/Iobz50Z2v7f

#CBPOfficer #NowHiring https://t.co/CSvT5w2m2e",3_2059968163635253249,photo,https://github.com/vidproject/x/releases/download/media-CBPJobs/3_2059968163635253249.jpg,1
CBP,core,2026-05-28T15:34:10.000Z,2060021823442464899,https://x.com/CBP/status/2060021823442464899,https://x.com/cbpcommissioner/status/2060020346581823711?s=46,CBPCommissioner,2026-05-28T15:28:18.000Z,2060020346581823711,https://x.com/CBPCommissioner/status/2060020346581823711,"Today is personal for me.

Before I ever had the privilege of leading this organization, I wore the green uniform and stood the line alongside the men and women of the U.S. Border Patrol. I know the sacrifices made behind the badge, the long nights, the missed moments with family, and the pride that comes with serving something greater than yourself.

For 102 years, Border Patrol agents have answered the call with courage, grit, and an unwavering commitment to protecting this nation. I could not be prouder to have been one of them.

Happy 102nd Birthday to the U.S. Border Patrol and to every agent, past and present, who continues to carry the mission forward.

Honor First!",3_2060020331926953984,photo,https://github.com/vidproject/x/releases/download/media-CBPCommissioner/3_2060020331926953984.jpg,3
CBP,core,2026-05-28T16:04:20.000Z,2060029412930720123,https://x.com/CBP/status/2060029412930720123,https://x.com/dhsgov/status/2060027969586729048?s=46,DHSgov,2026-05-28T15:58:36.000Z,2060027969586729048,https://x.com/DHSgov/status/2060027969586729048,"The Clock is Ticking.

Illegal aliens have a choice: LEAVE NOW or face the full force of the American justice system, including fines, asset seizure, removal, and a permanent bar.

Use the CBP Home app to go home with a free ticket and a bonus $2600.

http://DHS.GOV/CBPHOME https://t.co/8l6ZA6DWkd",13_2060027843405365249,video,https://github.com/vidproject/x/releases/download/media-DHSgov-0004/13_2060027843405365249.mp4,187
CBP,core,2026-05-29T13:37:49.000Z,2060354931698106619,https://x.com/CBP/status/2060354931698106619,https://x.com/cbpamo/status/2060343780905984003?s=46,CBPAMO,2026-05-29T12:53:31.000Z,2060343780905984003,https://x.com/CBPAMO/status/2060343780905984003,"🚨AMO Black Hawk disabling fire ends vessel pursuit🚨

On May 13, AMO aircrews detected a suspicious 25-foot Yola-type vessel northwest of Puerto Rico, carrying three individuals and visible packages. Our teams maintained continuous aerial surveillance, tracking the vessel through the night.

The next evening, the San Juan Marine Unit launched a coordinated interdiction operation. Two Coastal Interceptor Vessels and multiple aircraft moved in, guided by constant vectors from our aircrews.

At 9:51 p.m., the targeted vessel was intercepted north of San Juan. The suspects tried to evade capture and began dumping contraband into the water. In a decisive moment, the AMO Black Hawk crew deployed Air Disabling Fire, stopping the vessel cold.

Three Dominican Republic nationals were taken into custody, and five bales containing 391 lbs. of cocaine were seized and transferred to the Homeland Security Task Force. This operation highlights our relentless commitment to securing America’s borders and keeping dangerous drugs off our streets.

Check out the full video here: https://ow.ly/TVYb50Z5kFS#SecuringAmerica

#AMO #BorderSecurity #Teamwork",13_2060343651964764160,video,https://github.com/vidproject/x/releases/download/media-CBPAMO/13_2060343651964764160.mp4,18
CBPCommissioner,core,2021-12-10T01:24:00.000Z,1469115651142922244,https://x.com/CBPCommissioner/status/1469115651142922244,"Timely, responsive support to operational partners is essential to the @DHSgov and @CBP missions. @CBPAMO air crews are always ready to help.",CBPAMO,2021-12-08T12:58:05.000Z,1468565546002178054,https://x.com/CBPAMO/status/1468565546002178054,"Following reports of a fleeing armed suspect at a local high school, a National Air Security Operations Center—Sierra Vista MQ-9 team &amp; El Paso Air Branch UH-60 &amp; AS350 crews launched to search the area. The ASTAR crew located the suspect &amp; guided @EPPOLICE in to make the arrest. https://t.co/pdH5CdRyv4",3_1468565526465204230 3_1468565528537182208 3_1468565537605226503 3_1468565540692283392,photo photo photo photo,   ,1
CBPCommissioner,core,2021-12-11T00:53:00.000Z,1469470238412525580,https://x.com/CBPCommissioner/status/1469470238412525580,".@CBPAMO seeks to predict, detect, identify, classify, track, deter, and interdict threats to the continuity of border security of the US and to safeguard our homeland through the application of aviation and maritime law enforcement resources within the air, sea, and land.",CBPAMO,2021-12-09T22:57:01.000Z,1469078660770582535,https://x.com/CBPAMO/status/1469078660770582535,"Air and Marine Operations has 1,800 federal agents and mission support personnel, operating 240 aircraft and 300 marine vessels throughout the United States, Puerto Rico, and U.S. Virgin Islands.  Learn more about AMO: https://go.usa.gov/xe9ky https://t.co/SCsEJKEiI5",3_1469078658249863177,photo,,3
CBPCommissioner,core,2022-12-27T00:00:29.000Z,1607526795372281856,https://x.com/CBPCommissioner/status/1607526795372281856,"CBP works with @USFWS and other partners to ensure that all laws and regulations are followed by travelers entering the United States. If you're not sure what you can bring into the U.S., visit this website: https://go.dhs.gov/Zfg

https://x.com/CBP/status/1605564048401113088",CBP,2022-12-21T14:01:13.000Z,1605564048401113088,https://x.com/CBP/status/1605564048401113088,"During a baggage examination on November 10, Dulles CBP agriculture specialists discovered giraffe and zebra bones that a traveler admitted they found in Kenya and kept as souvenirs. @USFWS directed CBP to seize the bones due to violated provisions.

More: https://go.dhs.gov/ZBF https://t.co/etChaAQ6YG",3_1605564041455452162,photo,,4
CBPCommissioner,core,2022-12-27T20:00:40.000Z,1607828832974675971,https://x.com/CBPCommissioner/status/1607828832974675971,https://x.com/CBP/status/1606439576129703940,CBP,2022-12-24T00:00:15.000Z,1606439576129703940,https://x.com/CBP/status/1606439576129703940,"CBP released operational statistics for November 2022, which can be viewed on our website.

Press release: https://go.dhs.gov/Zuo

Stats: https://www.cbp.gov/newsroom/stats https://t.co/QmFBfvN2ue",3_1606439574359638017,photo,,3
CBPCommissioner,core,2022-12-28T01:00:19.000Z,1607904242899075072,https://x.com/CBPCommissioner/status/1607904242899075072,https://x.com/USBPChief/status/1607526943263526914,USBPChief,2022-12-27T00:01:04.000Z,1607526943263526914,https://x.com/USBPChief/status/1607526943263526914,Autonomous Surveillance Towers (ASTs) are part of our detection technology portfolio. We have deployed 195 ASTs on the southwest and northern border. ASTs are critical in supporting our mission. https://t.co/Ka8M5yQHFw,3_1607526940688224260,photo,,8
CBPCommissioner,core,2022-12-29T15:00:20.000Z,1608478027624718345,https://x.com/CBPCommissioner/status/1608478027624718345,https://x.com/CBPJobs/status/1607450194685083649,CBPJobs,2022-12-26T18:56:06.000Z,1607450194685083649,https://x.com/CBPJobs/status/1607450194685083649,"If you have the flu, the CDC recommends staying home for at least 24 hrs after fever has passed. CBP employees can use their Federal Employees Health Benefits plan to visit a doctor or pharmacy &amp; get a flu vaccine at low or no cost: https://bit.ly/3RYAYA9

#FightFlu #CBPCareers https://t.co/Xk6S5Wv7Jk",3_1607450173562650628,photo,,1
CBPCommissioner,core,2022-12-31T01:00:15.000Z,1608991391291424772,https://x.com/CBPCommissioner/status/1608991391291424772,https://x.com/DHSgov/status/1608509408442548230,DHSgov,2022-12-29T17:05:02.000Z,1608509408442548230,https://x.com/DHSgov/status/1608509408442548230,"On December 27, 2022 @POTUS signed the “Countering Human Trafficking Act of 2022,” which codifies &amp; expands @DHSgov’s Center for Countering Human Trafficking, authorizing $14 million to carry out our critical work to combat human trafficking.
Read more: https://www.dhs.gov/news/2022/12/29/president-biden-signs-legislation-codifies-and-expands-dhs-fight-against-human https://t.co/aFb5j4lgNh",3_1608509009228709890,photo,https://github.com/vidproject/x/releases/download/media-DHSgov-0002/3_1608509009228709890.jpg,20
CBPCommissioner,core,2022-12-31T19:00:31.000Z,1609263248318074885,https://x.com/CBPCommissioner/status/1609263248318074885,https://x.com/CBPJobs/status/1607841020338737152,CBPJobs,2022-12-27T20:49:06.000Z,1607841020338737152,https://x.com/CBPJobs/status/1607841020338737152,"Join the @CBP Office of Trade, Regulations and Rulings Directorate (RR) and use your expertise to provide paralegal support to attorney-advisors in a wide variety of administrative and technical legal matters.

Join Us: https://bit.ly/3PSXx9f

#CBPCareers https://t.co/wQCZTMx8i7",3_1607840999115472896,photo,,1
CBPCommissioner,core,2023-12-18T15:54:04.000Z,1736776853216534563,https://x.com/CBPCommissioner/status/1736776853216534563,.@CBP is committed to keeping our communities safe by disrupting the importation of illegal goods into our country. The rise in illicit e-commerce demands that CBP and @US_FDA remain vigilant in intercepting shipments that could pose serious health risks to the public. ⬇️,CBP,2023-12-14T18:06:28.000Z,1735360622546633207,https://x.com/CBP/status/1735360622546633207,"NEW: CBP and @US_FDA seized approximately 1.4 million units of unauthorized e-cigarette products, valued at $18M. The seizures were part of a three-day joint operation, which resulted in the seizure of 41 shipments containing illegal e-cigarettes.

➡️ https://go.dhs.gov/Jk4 https://t.co/oL6TGNUO8k",3_1735360618922717184 3_1735360620483010560 3_1735360619249831936,photo photo photo,  ,9
CBPCommissioner,core,2023-12-18T18:03:09.000Z,1736809340600754414,https://x.com/CBPCommissioner/status/1736809340600754414,".@CBP agents &amp; officers save thousands of lives each year while performing their daily duties protecting our borders &amp; securing our homeland. Grateful to our quick-thinking agents for their lifesaving actions. ⬇️

https://x.com/USBPChief/status/1734740578728870343?s=20",USBPChief,2023-12-13T01:02:38.000Z,1734740578728870343,https://x.com/USBPChief/status/1734740578728870343,"Yesterday, USBP agents in Santa Teresa, NM rescued an individual in distress. He flagged down agents for help before losing consciousness. Unable to find a pulse, agents performed CPR until the subject regained consciousness and EMS arrived.

Great Job! @USBPChiefEPT https://t.co/c9fbCs81Rq",3_1734740577231495168,photo,,4
CBPCommissioner,core,2023-12-18T21:55:14.000Z,1736867742924296236,https://x.com/CBPCommissioner/status/1736867742924296236,https://x.com/ICEgov/status/1735272065148547421?s=20,ICEgov,2023-12-14T12:14:34.000Z,1735272065148547421,https://x.com/ICEgov/status/1735272065148547421,"ICE, with @DHSgov &amp; @CBP, facilitated multiple removal flights—including single adults and family units—to Central America, Colombia, Ecuador, and Venezuela Dec. 11-13 as part of dozens of routine ICE removal flights conducted around the world ▶️https://xsm.link/8septi https://t.co/oDKMH1rCCk",7_1735272040624488448,video,,2
CBPCommissioner,core,2023-12-19T01:00:55.000Z,1736914472495673765,https://x.com/CBPCommissioner/status/1736914472495673765,"Outstanding work by vigilant @CBP officers in Otay Mesa stopping these dangerous narcotics from reaching our communities. ⬇️

https://x.com/CBP/status/1735714036786909435?s=20",CBP,2023-12-15T17:30:49.000Z,1735714036786909435,https://x.com/CBP/status/1735714036786909435,"HOT FIND!

CBP officers in Otay Mesa discovered more than $10M worth of hard narcotics hidden in a shipment of jalapeno paste, following a K9 alert.

Details ➡️ https://go.dhs.gov/JZA https://t.co/wGij1cfvSE",3_1735714033548881921 3_1735714033116831744 3_1735714033762758656 3_1735714033242718208,photo photo photo photo,   ,9
CBPCommissioner,core,2023-12-19T13:02:00.000Z,1737095940236812344,https://x.com/CBPCommissioner/status/1737095940236812344,https://x.com/CBPJobs/status/1736699137016414622?s=20,CBPJobs,2023-12-18T10:45:15.000Z,1736699137016414622,https://x.com/CBPJobs/status/1736699137016414622,"#Veterans, become a @CBP Officer and continue your impactful career.

These announcements are open to Veterans and close Dec. 31.

GS 5-7 https://go.dhs.gov/oVC
GS-9 https://go.dhs.gov/oVV

#CBPCareers #HiringVeterans https://t.co/ldSEOllfG5",3_1736699134638174208,photo,,1
CBPCommissioner,core,2023-12-23T00:52:55.000Z,1738362011216429559,https://x.com/CBPCommissioner/status/1738362011216429559,CBP works around the clock to enforce US immigration law - even on Christmas. There is no change to U.S. immigration law or border enforcement.  Do not believe rumors. There are consequences for crossing the border unlawfully. https://t.co/6Rk8haTw1d,CBP,2023-12-23T00:40:13.000Z,1738358817774059705,https://x.com/CBP/status/1738358817774059705,CBP works around the clock to enforce US immigration law - even on Christmas. There is no change to U.S. immigration law or border enforcement.  Do not believe rumors. There are consequences for crossing the border unlawfully. https://t.co/M4TkWV6GRA,3_1738358816087953408,photo,,49
CBPCommissioner,core,2023-12-29T18:56:03.000Z,1740808919394714047,https://x.com/CBPCommissioner/status/1740808919394714047,"Effective as of Dec. 22, CBP will require importer self-certification on seafood imports. Learn more: https://ow.ly/squn50QlY3P",CBP,2023-12-29T17:01:57.000Z,1740780203884917089,https://x.com/CBP/status/1740780203884917089,"CBP will now require importers to provide self-certification that fish, seafood, and seafood containing products imported into the U.S. do not contain any inputs originating from the Russian Federation.

For more information on this restriction click here: https://go.dhs.gov/Job https://t.co/xdoZEeRhW6",3_1740780201322143744,photo,,8
CBPCommissioner,core,2025-01-24T20:29:45.000Z,1882888541522579597,https://x.com/CBPCommissioner/status/1882888541522579597,"A unified front to secure our border and safeguard the American people. With the support of the US Marine Corps, we’re taking decisive action and deploying every resource to get the job done 🇺🇸",WhiteHouse,2025-01-24T17:28:40.000Z,1882842972150288732,https://x.com/WhiteHouse/status/1882842972150288732,"The US Marine Corps Is On The Border Assisting CBP With The Mission To Secure America

Promise Made --&gt; Promise KEPT! https://t.co/t384DH1FDl",7_1882842866914832384,video,,1842
CBPCommissioner,core,2025-08-24T17:26:56.000Z,1959668763210469387,https://x.com/CBPCommissioner/status/1959668763210469387,https://x.com/cbp/status/1959602391805796537?s=46,CBP,2025-08-24T13:03:12.000Z,1959602391805796537,https://x.com/CBP/status/1959602391805796537,"A Chinese Alien, Chengxuan Han, who was arrested by CBP in June 2025, pled no contest to three smuggling charges and making false statements to CBP officers.

CBP will not tolerate the smuggling of any illicit biological material and will seek maximum consequence for any smuggling violation.",3_1959602388320296960 3_1959602388509110272,photo photo,https://github.com/vidproject/x/releases/download/media-CBP/3_1959602388320296960.jpg https://github.com/vidproject/x/releases/download/media-CBP/3_1959602388509110272.jpg,69
CBPCommissioner,core,2025-08-25T18:06:13.000Z,1960041037834940538,https://x.com/CBPCommissioner/status/1960041037834940538,https://x.com/cbpamo/status/1960039897059700890?s=46,CBPAMO,2025-08-25T18:01:41.000Z,1960039897059700890,https://x.com/CBPAMO/status/1960039897059700890,"ON PATROL -   With every mile, we embrace adventure and safeguard our country.  🇺🇸 #OnPatrol https://t.co/uI9Zayf9qK",3_1960039894308245504,photo,https://github.com/vidproject/x/releases/download/media-CBPAMO/3_1960039894308245504.jpg,2
CBPCommissioner,core,2025-08-25T20:15:14.000Z,1960073502884606018,https://x.com/CBPCommissioner/status/1960073502884606018,https://x.com/usbpchief/status/1959956488543203412?s=46,USBPChief,2025-08-25T12:30:15.000Z,1959956488543203412,https://x.com/USBPChief/status/1959956488543203412,"A SMUGGLER & HIS SHOTGUN RIDER!
In Brownsville, TX, USBP agents dismantled a human smuggling scheme after spotting a suspicious Dodge Neon with a La Santa Muerte statue, a trinket smugglers often idolize for ""protection."" The driver ignored agents, slammed into a utility trailer, and bailed into the nearby brush with his two passengers. Agents quickly apprehended the passengers, while the driver got away- but not for long. He was located and arrested a couple of days later.

Here are their consequences:
▪️Driver- Mexican national, prosecution for alien smuggling
▪️Passenger 1- Mexican national, prosecution felony for illegal re-entry
▪️Passenger 2 - Mexican national, charged as an Inadmissible alien

Smugglers make note- not even La Santa Muerte can protect you from USBP.",3_1959956483807858688,photo,,22
CBPCommissioner,core,2025-08-26T16:36:08.000Z,1960380754178822274,https://x.com/CBPCommissioner/status/1960380754178822274,https://x.com/cbp/status/1960351590641971505?s=46,CBP,2025-08-26T14:40:15.000Z,1960351590641971505,https://x.com/CBP/status/1960351590641971505,"Making D.C. safe again.

CBP officers in D.C. arrested this Salvadoran illegal alien who had been convicted for assault with a dangerous weapon. CBP, along with the rest of our country's federal law enforcement, is committed to making our nation safe, starting right here in the capital.",3_1960351586175115264,photo,https://github.com/vidproject/x/releases/download/media-CBP/3_1960351586175115264.png,14
CBPCommissioner,core,2025-08-26T18:45:13.000Z,1960413240053170270,https://x.com/CBPCommissioner/status/1960413240053170270,https://x.com/cbpamo/status/1960358170401857597?s=46,CBPAMO,2025-08-26T15:06:24.000Z,1960358170401857597,https://x.com/CBPAMO/status/1960358170401857597,"On Saturday, an AMO Multi-Role Enforcement Aircraft and U.S. Coast Guard aircraft detected and tracked a 40-foot yola crammed with 146 individuals on a migrant venture 80 miles south of Turks and Caicos. The AMO aircrew was able to vector in International partners to  intercept the vessel before it faced potential catastrophic tragedy. #DontTakeToTheSea",3_1960358167381999616,photo,https://github.com/vidproject/x/releases/download/media-CBPAMO/3_1960358167381999616.jpg,4
CBPCommissioner,core,2025-08-28T17:21:05.000Z,1961116841050333444,https://x.com/CBPCommissioner/status/1961116841050333444,https://x.com/cbpamo/status/1960699416563654791?s=46,CBPAMO,2025-08-27T13:42:23.000Z,1960699416563654791,https://x.com/CBPAMO/status/1960699416563654791,"Interested in joining the Air and Marine Operations team as an Air Interdiction Agent or Marine Interdiction Agent? Join us and @CBP September 3rd, at 1 PM ET as AMO recruiters answer your questions live.
#CBP #LawEnforcementJobs #AMO #CBPHiring #CBPCareers @CBPAMOEAC https://t.co/c0gaY09fy9",13_1960695077434507264,video,https://github.com/vidproject/x/releases/download/media-CBPAMO/13_1960695077434507264.mp4,3
CBPCommissioner,core,2025-08-29T14:21:37.000Z,1961434063408922750,https://x.com/CBPCommissioner/status/1961434063408922750,https://x.com/cbpamo/status/1961413964610335081?s=46,CBPAMO,2025-08-29T13:01:45.000Z,1961413964610335081,https://x.com/CBPAMO/status/1961413964610335081,"#RESCUE Marine Interdiction Agents from the Fajardo Marine Unit sprang into action Thursday, after a distress call of a sinking boat near Ceiba, Puerto Rico! Thanks to their incredible teamwork and swift response, the agents  completed a emergency tow and were able to safely beach the sinking vessel on a local boat ramp. The captain and passenger were evaluated by Marine Interdiction Agents certified as Emergency Medical Technicians. They determined that the pair were in good health and no further medical attention was needed.  #SearchandRescue #SavingLives",3_1961413959132549120 3_1961413959275233280,photo photo,https://github.com/vidproject/x/releases/download/media-CBPAMO/3_1961413959132549120.jpg https://github.com/vidproject/x/releases/download/media-CBPAMO/3_1961413959275233280.jpg,2
CBPCommissioner,core,2025-09-02T14:58:48.000Z,1962892975849042394,https://x.com/CBPCommissioner/status/1962892975849042394,https://x.com/cbpamo/status/1962133865041965200?s=46,CBPAMO,2025-08-31T12:42:22.000Z,1962133865041965200,https://x.com/CBPAMO/status/1962133865041965200,Rise and Shine America! It’s a picture perfect day for #BorderSecurity. 🇺🇸 https://t.co/enliSNwThl,3_1962133860222730240,photo,https://github.com/vidproject/x/releases/download/media-CBPAMO/3_1962133860222730240.jpg,3
CBPCommissioner,core,2025-09-02T17:10:11.000Z,1962926038976958807,https://x.com/CBPCommissioner/status/1962926038976958807,https://x.com/usbpchief/status/1962636654553801128?s=46,USBPChief,2025-09-01T22:00:17.000Z,1962636654553801128,https://x.com/USBPChief/status/1962636654553801128,"🚨 Ready to take the next step in your CBP journey? 🚨Join us for a LIVE Social Event! Chat with an exclusive panel of U.S. Border Patrol (USBP) recruiters!

✅ Hear directly from USBP recruiters about roles!✅ Have questions? Get them answered in real time!✅ Learn how you can complete your application and start your USBP career!

Whether you’re exploring opportunities or you’re already in the application process, this is your chance to connect, get answers, and take the next step.

📅 September 3, 2025, 1 PM – 4 PM ET
     Air and Marine Operations (AMO) – 1 PM ET
     Office of Field Operations (OFO) – 2 PM ET
     U.S. Border Patrol (USBP) – 3 PM ET
📍 Where to watch:
     Facebook: http://facebook.com/cbpgov
     Instagram: http://instagram.com/cbpgov
     X: http://x.com/cbp

TURN AMBITION INTO ACTION!
#CBP #USBP #CBPCareers #LawEnforcementJobs #CBPHiring",3_1962636649499668480,photo,,2
CBPCommissioner,core,2025-09-03T14:13:29.000Z,1963243959339143511,https://x.com/CBPCommissioner/status/1963243959339143511,https://x.com/ofoeac/status/1963240786830451110?s=46,OFOEAC,2025-09-03T14:00:53.000Z,1963240786830451110,https://x.com/OFOEAC/status/1963240786830451110,"💬 This conversation could launch your CBP career 🚀
Join us for a LIVE X Event and chat with Office of Field Operations recruiters TODAY.

📅 Sept. 3, 1 – 4 PM ET
AMO – 1 PM ET
OFO – 2 PM ET
USBP – 3 PM ET

📍 Watch: Go to http://x.com/cbp to join.
#CBPCareers #OFOProud🇺🇸 https://t.co/L4d7z1pZqh",3_1963240782665572354,photo,https://github.com/vidproject/x/releases/download/media-OFOEAC/3_1963240782665572354.jpg,1
CBPCommissioner,core,2025-09-03T15:25:11.000Z,1963262001909506081,https://x.com/CBPCommissioner/status/1963262001909506081,https://x.com/usbpchief/status/1963024658304835970?s=46,USBPChief,2025-09-02T23:42:04.000Z,1963024658304835970,https://x.com/USBPChief/status/1963024658304835970,"USBP has been deployed to Washington, D.C., to assist local police with crime deterrence efforts. Our mission remains the same: Protect, Deter, and Enforce. https://t.co/I6NJBc1L2a",13_1963024590164082688,video,,6
CBPCommissioner,core,2025-09-04T12:40:04.000Z,1963582836016902290,https://x.com/CBPCommissioner/status/1963582836016902290,https://x.com/cbpamo/status/1963582228090294350?s=46,CBPAMO,2025-09-04T12:37:39.000Z,1963582228090294350,https://x.com/CBPAMO/status/1963582228090294350,RARE LOOK 👀inside our P-3 as it hunts for drug smugglers/cartels in the source and transit zones of the eastern Pacific Ocean and vast Caribbean Sea. We are taking the fight further from our shores to protect the American people! #ProtectingAmerica https://t.co/eM7qAUv7GW,3_1963582216287473664,photo,https://github.com/vidproject/x/releases/download/media-CBPAMO/3_1963582216287473664.jpg,1
CBPCommissioner,core,2025-12-18T21:40:46.000Z,2001769633297149957,https://x.com/CBPCommissioner/status/2001769633297149957,https://x.com/realtomhoman/status/2001757250931822645?s=46,RealTomHoman,2025-12-18T20:51:34.000Z,2001757250931822645,https://x.com/RealTomHoman/status/2001757250931822645,"As the year comes to a close, we still have the most secure border of my lifetime thanks to the unwavering leadership of President Trump and his dedication to making America safe and prosperous. Recently, I was able to travel with CBP Commissioner Rodney Scott to several sites along the SW Border to thank those on the frontlines who made this achievement happen and continue to work tirelessly every day to protect our country and ensure the border is secure. A secure border saves lives and a secure border strengthens our national security. @CBP
@CBPCommissioner @WhiteHouse",3_2001757237400973312 3_2001757237401026560 3_2001757237413576705 3_2001757237392605184,photo photo photo photo,   ,53
CBPCommissioner,core,2026-03-24T23:35:30.000Z,2036587741878665669,https://x.com/CBPCommissioner/status/2036587741878665669,"Welcome, @SecMullinDHS! CBP is glad to have you in the fight 🇺🇸",SecMullinDHS,2026-03-24T20:09:53.000Z,2036535997547089935,https://x.com/SecMullinDHS/status/2036535997547089935,"I am grateful for President Trump’s trust in me to lead the U.S. Department of Homeland Security. It’s an honor to serve.

As @DHSgov Secretary, I’m committed to safeguarding the American people and protecting the homeland. I’ll fight for your family just as I’ll fight for mine.

I look forward to standing shoulder to shoulder with the 260,000 outstanding DHS employees and their families to keep our nation safe.

My first priority is to end the partisan fighting and reopen the U.S. Department of Homeland Security as a matter of national security.

Let’s get to work. 🇺🇸",,,,302
CBPCommissioner,core,2026-04-10T13:17:17.000Z,2042592755742830715,https://x.com/CBPCommissioner/status/2042592755742830715,"11 months. 0 releases of illegal aliens by Border Patrol. This isn’t temporary or an accident. It’s our new normal.

Thanks to @POTUS &amp; @SecMullinDHS, we’re building on what we know works.",RapidResponse47,2026-04-09T14:12:37.000Z,2042244296011645109,https://x.com/RapidResponse47/status/2042244296011645109,Trump’s historic border turnaround: Zero releases at the border for 11 consecutive months https://www.washingtonexaminer.com/opinion/4521893/zero-releases-at-border-for-11-consecutive-months/,,,,23
CBPCommissioner,core,2026-04-16T16:43:40.000Z,2044819021007118589,https://x.com/CBPCommissioner/status/2044819021007118589,https://x.com/dhsgov/status/2044813072691253714?s=46,DHSgov,2026-04-16T16:20:01.000Z,2044813072691253714,https://x.com/DHSgov/status/2044813072691253714,"We have the most secure border in history — and thanks to our CBP agents, our homeland will be protected for generations to come.

@CBPCommissioner https://t.co/bnyAd7oo6g",13_2044813016286556163,video,https://github.com/vidproject/x/releases/download/media-DHSgov/13_2044813016286556163.mp4,6
CBPCommissioner,core,2026-04-21T15:13:57.000Z,2046608381809512814,https://x.com/CBPCommissioner/status/2046608381809512814,"Every day, the men and women of CBP intercept drugs and other contraband from entering our country. This is just one example of how our personnel keep America safe, even at a time when Congress refuses to act and fund DHS.

https://x.com/dhsgov/status/2046604912063062492?s=46",DHSgov,2026-04-21T15:00:09.000Z,2046604912063062492,https://x.com/DHSgov/status/2046604912063062492,"MASSIVE DRUG BUST.

@CBP officers in El Paso intercepted nearly 100 POUNDS of cocaine worth more than $1.1 MILLION.

Thank you to these officers for preventing these drugs from entering our communities and killing Americans. https://t.co/vedGZGAPdm",3_2046604908833513473,photo,https://github.com/vidproject/x/releases/download/media-DHSgov/3_2046604908833513473.jpg,19
CBPJobs,core,2020-12-15T17:07:05.000Z,1338893351526035457,https://x.com/CBPJobs/status/1338893351526035457,Our agents work to protect the public on and off the clock. Learn how you can join this team: http://go.usa.gov/xv9uq,CBPAMO,2020-12-15T12:57:04.000Z,1338830433300086784,https://x.com/CBPAMO/status/1338830433300086784,HEROES IN ACTION! An off-duty AMO agent based in Rochester selflessly helped a driver undergoing a medical emergency who drove off the road. The agent called 911 &amp; waited for EMS. The driver later tested positive for COVID-19. These are the risks agents willingly face everyday. https://t.co/om0vnXn2KZ,3_1338830419744219138,photo,,2
ChatByCC,public,2025-11-28T17:31:33.000Z,1994459157273968790,https://x.com/ChatByCC/status/1994459157273968790,"GET THE HELL OUT, NOW!",ICEgov,2025-11-28T15:30:02.000Z,1994428579178774895,https://x.com/ICEgov/status/1994428579178774895,"When someone’s temporary protected status is lifted, they become illegal aliens who aren’t allowed to live or work in the U.S. https://t.co/gQvWleVdfO",7_1994427402093576193,video,https://github.com/vidproject/x/releases/download/media-ICEgov/7_1994427402093576193.mp4,233
ChatByCC,public,2026-05-04T12:22:59.000Z,2051276400808607879,https://x.com/ChatByCC/status/2051276400808607879,And now you know why Bovino was removed from the Trump administration.,GregoryKBovino,2026-05-04T01:54:35.000Z,2051118260809294075,https://x.com/GregoryKBovino/status/2051118260809294075,"I’m proud to endorse @AnthonySabatini Sabatini for Congress in Florida’s 11th District.
Imagine America five years from now if we keep treating our country like nothing more than an economic zone — a giant open-air Walmart with no borders, no identity, and no loyalty to the people who built it. Picture overwhelmed schools where your kids get less attention, hospitals turning away citizens because beds are filled with emergency cases that never end, wages stuck or falling while housing prices explode, and neighborhoods that feel less safe every single year. That’s not a country anymore. That’s a business that’s liquidating its own citizens.

Sabatini gets it: the fight against illegal immigration isn’t about politics — it’s about whether America remains a real country with sovereignty, culture, and a future for our kids, or just a giant hotel with no checkout time. He’s willing to say what most won’t: secure borders are the foundation of everything else that matters.

That’s why he has my full support. The choice is clear — a sovereign America, or something much worse. Sabatini is fighting for the first one.""
— Greg Bovino",,,,62
ChatByCC,public,2026-05-04T16:27:09.000Z,2051337849102823530,https://x.com/ChatByCC/status/2051337849102823530,"I wouldn't be surprised to learn bovino was paid for his endorsement of sabatini. After all, he is unemployed.",GregoryKBovino,2026-05-04T01:54:35.000Z,2051118260809294075,https://x.com/GregoryKBovino/status/2051118260809294075,"I’m proud to endorse @AnthonySabatini Sabatini for Congress in Florida’s 11th District.
Imagine America five years from now if we keep treating our country like nothing more than an economic zone — a giant open-air Walmart with no borders, no identity, and no loyalty to the people who built it. Picture overwhelmed schools where your kids get less attention, hospitals turning away citizens because beds are filled with emergency cases that never end, wages stuck or falling while housing prices explode, and neighborhoods that feel less safe every single year. That’s not a country anymore. That’s a business that’s liquidating its own citizens.

Sabatini gets it: the fight against illegal immigration isn’t about politics — it’s about whether America remains a real country with sovereignty, culture, and a future for our kids, or just a giant hotel with no checkout time. He’s willing to say what most won’t: secure borders are the foundation of everything else that matters.

That’s why he has my full support. The choice is clear — a sovereign America, or something much worse. Sabatini is fighting for the first one.""
— Greg Bovino",,,,62
ChatByCC,public,2026-05-20T15:21:28.000Z,2057119521568157990,https://x.com/ChatByCC/status/2057119521568157990,Elizabeth MacDonough is next,RapidResponse47,2026-05-20T15:15:12.000Z,2057117946996990108,https://x.com/RapidResponse47/status/2057117946996990108,https://t.co/zfZM7Sfttt,3_2057117943490654208,photo,,217
ChatByCC,public,2026-05-21T12:51:10.000Z,2057444088756965814,https://x.com/ChatByCC/status/2057444088756965814,"President Trump is going to liberate our neighbor Cuba.
I'm good with this. You should be too.",RapidResponse47,2026-05-20T18:51:48.000Z,2057172455827874240,https://x.com/RapidResponse47/status/2057172455827874240,"""What's coming next for Cuba?""

@POTUS: ""We're going to see. It's a failing nation, you see that—it's falling apart... but we're there to help. We're there to help the families, the people."" https://t.co/9BFA3JVfP1",13_2057172065539575808,video,https://github.com/vidproject/x/releases/download/media-RapidResponse47/13_2057172065539575808.mp4,8
ChatByCC,public,2026-05-21T23:49:47.000Z,2057609834938216783,https://x.com/ChatByCC/status/2057609834938216783,Yankee Doodle stuck a feather in his hat and called it macaroni.,WhiteHouse,2026-05-21T20:45:11.000Z,2057563376285315494,https://x.com/WhiteHouse/status/2057563376285315494,American Pasta. 🇺🇸🍝 https://t.co/HDgrshSfqo,3_2057561454417498112,photo,https://github.com/vidproject/x/releases/download/media-WhiteHouse/3_2057561454417498112.jpg,287
DHSgov,core,2016-03-22T02:03:07.000Z,712097242803527680,https://x.com/DHSgov/status/712097242803527680,Great work by @USCG. Thanks for what you do to keep our nation safe. #OneDHS  https://x.com/uscg/status/711992193263800320,USCG,2016-03-21T19:05:41.000Z,711992193263800320,https://x.com/USCG/status/711992193263800320,.@USCGHeartland crews rescued 3 ppl from disabled sailboat drifting toward severe weather: http://goo.gl/D9tBti https://t.co/1UNKF1KKiX,7_711990726633103360,video,https://github.com/vidproject/x/releases/download/media-USCG/7_711990726633103360.mp4,0
DHSgov,core,2016-03-22T02:04:02.000Z,712097474538819585,https://x.com/DHSgov/status/712097474538819585,"Incredible effort, @CustomsBorder. Proud to be #OneDHS.  https://x.com/customsborder/status/712040512266625025",CBP,2016-03-21T22:17:41.000Z,712040512266625025,https://x.com/CBP/status/712040512266625025,"After a 2-day effort, #AMO agents located &amp; rescued a hiker missing in the mountains in NM http://1.usa.gov/1pYlcro https://t.co/eCvileaR9g",3_712040511369048069,photo,https://github.com/vidproject/x/releases/download/media-CBP/3_712040511369048069.jpg,0
DHSgov,core,2016-03-28T17:37:46.000Z,714506782664601600,https://x.com/DHSgov/status/714506782664601600,"Way to go, @ICEgov! Proud to be #OneDHS.  https://x.com/ICEgov/status/714485962210951168",ICEgov,2016-03-28T16:15:02.000Z,714485962210951168,https://x.com/ICEgov/status/714485962210951168,"Last week, ICE dismantled a drug tunnel, seizing more than a ton of marijuana. Read about this &amp; more in the Top 5! http://1.usa.gov/22UyaVj",,,,0
DHSgov,core,2016-04-26T01:37:29.000Z,724774369004802050,https://x.com/DHSgov/status/724774369004802050,"Great work, @CustomsBorder! Proud to be #OneDHS https://x.com/customsborder/status/724767353372852224",CBP,2016-04-26T01:09:37.000Z,724767353372852224,https://x.com/CBP/status/724767353372852224,"After a K9 alert, #CBP officers find 14K lbs of drugs co-mingled in a watermelon shipment 🍉 http://1.usa.gov/1VMET3n https://t.co/DI76N1HEmi",3_724767350726209537,photo,https://github.com/vidproject/x/releases/download/media-CBP/3_724767350726209537.jpg,0
DHSgov,core,2016-04-26T01:38:31.000Z,724774627348717568,https://x.com/DHSgov/status/724774627348717568,.@icegov had a busy week! Proud of everything the men and women of ICE are doing to keep our nation secure.  https://x.com/icegov/status/724701597855539200,ICEgov,2016-04-25T20:48:19.000Z,724701597855539200,https://x.com/ICEgov/status/724701597855539200,#ICYMI ICE Top 5: ICE dismantles major underground tunnel; deports Guatemalan fugitive; more http://1.usa.gov/24g8LGs https://t.co/6sAmuuBKG0,3_724701596819554304 3_724701596089749504,photo photo,https://github.com/vidproject/x/releases/download/media-ICEgov-0002/3_724701596819554304.jpg https://github.com/vidproject/x/releases/download/media-ICEgov-0002/3_724701596089749504.jpg,0
DHSgov,core,2016-06-29T17:39:08.000Z,748209198274478080,https://x.com/DHSgov/status/748209198274478080,Welcome aboard! https://x.com/USCG/status/748199854753595392,USCG,2016-06-29T17:02:00.000Z,748199854753595392,https://x.com/USCG/status/748199854753595392,312 men &amp; women just embarked on a new journey @USCGAcademy. Welcome aboard shipmates! http://goo.gl/fv4Xk1 https://t.co/6ynqTvqxCB,3_748199153184935936,photo,https://github.com/vidproject/x/releases/download/media-USCG/3_748199153184935936.jpg,0
DHSgov,core,2016-07-22T14:56:23.000Z,756503159753863168,https://x.com/DHSgov/status/756503159753863168,"Another life saved by the @USCG, living out the values of our #DHSmission. Bravo zulu! https://x.com/USCG/status/756300958259372032",USCG,2016-07-22T01:32:54.000Z,756300958259372032,https://x.com/USCG/status/756300958259372032,.@USCGGreatLakes crewman resuscitated 2 yr old after falling off vessel in Chicago today http://goo.gl/5z5KwW https://t.co/rw5y6VGjz4,3_756300435972091904,photo,https://github.com/vidproject/x/releases/download/media-USCG/3_756300435972091904.jpg,0
DHSgov,core,2016-07-25T19:47:36.000Z,757663610323738624,https://x.com/DHSgov/status/757663610323738624,Join our team and help us execute the #DHSmission! https://x.com/USCG/status/757662852853424128,USCG,2016-07-25T19:44:35.000Z,757662852853424128,https://x.com/USCG/status/757662852853424128,Are you ready to head to bootcamp &amp; become a #USCG member? Talk to a recruiter now: http://coastgrd.us/chattw https://t.co/u8wOtksHMr,3_757662819215110144,photo,https://github.com/vidproject/x/releases/download/media-USCG/3_757662819215110144.jpg,0
DHSgov,core,2016-07-28T13:25:26.000Z,758654599796551681,https://x.com/DHSgov/status/758654599796551681,Another great way to join the DHS team and serve the #DHSmission.  https://x.com/CustomsBorder/status/758628777677230085,CBP,2016-07-28T11:42:49.000Z,758628777677230085,https://x.com/CBP/status/758628777677230085,Looking for a career in #lawenforcement? #CBP’s hiring CBP officers http://ow.ly/mfZK301Xo3H &amp; #BorderPatrol agents http://ow.ly/mfZK301Xo3H,,,,0
DHSgov,core,2016-07-28T13:26:05.000Z,758654766004244480,https://x.com/DHSgov/status/758654766004244480,Great news from @CustomsBorder on #GlobalEntry expansion to Colombian citizens.  https://x.com/CustomsBorder/status/758511339274924032,CBP,2016-07-28T03:56:10.000Z,758511339274924032,https://x.com/CBP/status/758511339274924032,#CBP announced today the expansion of #GlobalEntry to Colombian citizens http://bit.ly/2ayrknD https://t.co/ZQMl0hY9Oe,3_758511300481806336,photo,https://github.com/vidproject/x/releases/download/media-CBP/3_758511300481806336.png,0
DHSgov,core,2018-05-24T14:56:10.000Z,999665364144476162,https://x.com/DHSgov/status/999665364144476162,"Starting soon! The @USCG will be hosting a Change of Watch ceremony. Admiral Charles Michel will be relieved by Vice Admiral Charles Ray as the Vice Commandant of the Coast Guard.

Watch here ↓ https://x.com/USCG/status/999651239380959232",USCG,2018-05-24T14:00:02.000Z,999651239380959232,https://x.com/USCG/status/999651239380959232,"Happening in 1 hour: Our 30th Vice Commandant of the Coast Guard, @AdmiralMichel, will hand the watch over to Admiral Charles Ray. You can watch it live today at 11 EST: https://www.uscg.mil/changeofwatch/ https://t.co/gAYskpLAwh",3_998942228042182656,photo,https://github.com/vidproject/x/releases/download/media-USCG/3_998942228042182656.jpg,0
DHSgov,core,2018-05-24T18:17:10.000Z,999715948612538369,https://x.com/DHSgov/status/999715948612538369,Congratulations Admiral Charles Ray on becoming the 31st Vice Commandant of the @USCG! https://x.com/USCG/status/999679942500765696,USCG,2018-05-24T15:54:06.000Z,999679942500765696,https://x.com/USCG/status/999679942500765696,Adm. Charles Ray reads his orders to his new assignment as the #USCG’s 31st Vice Commandant https://t.co/K140PtqHzf,3_999679937987538948,photo,https://github.com/vidproject/x/releases/download/media-USCG/3_999679937987538948.jpg,0
DHSgov,core,2018-07-25T14:08:11.000Z,1022121338474049536,https://x.com/DHSgov/status/1022121338474049536,Tune in now to watch the @USCG commission their newest Cutter! https://x.com/USCG/status/1022120131290443777,USCG,2018-07-25T14:03:24.000Z,1022120131290443777,https://x.com/USCG/status/1022120131290443777,The commissioning ceremony for the #USCG Cutter Nathan Bruckenthal is starting now! You can watch live on Facebook at http://Facebook.com/uscoastguard https://t.co/6bAdDWeovF,3_1022120122088153088,photo,https://github.com/vidproject/x/releases/download/media-USCG/3_1022120122088153088.jpg,0
DHSgov,core,2018-08-24T14:28:36.000Z,1032998111852015616,https://x.com/DHSgov/status/1032998111852015616,"Thank you, @CBP for continuing to protect our borders.",CBP,2018-08-24T10:42:06.000Z,1032941108358209537,https://x.com/CBP/status/1032941108358209537,#CBP Officers at Washington Dulles Int'l using new facial recognition technology have detected the first imposter attempting to enter the U.S.  A subsequent search by #FieldOperations revealed the man's authentic ID was concealed in his shoe. https://t.co/Lzy4W6Ks5X,3_1032939958477172737 3_1032939997522026496,photo photo,https://github.com/vidproject/x/releases/download/media-CBP/3_1032939958477172737.jpg https://github.com/vidproject/x/releases/download/media-CBP/3_1032939997522026496.jpg,0
DHSgov,core,2018-11-15T16:03:46.000Z,1063100253358952449,https://x.com/DHSgov/status/1063100253358952449,.@ICEgov has been without a confirmed director since January 2017,ICEgov,2018-11-15T15:51:35.000Z,1063097187121410048,https://x.com/ICEgov/status/1063097187121410048,HAPPENING NOW: Senate confirmation hearing on the nomination of Ronald D. Vitiello to be Assistant Secretary for U.S. Immigration and Customs Enforcement within @DHSgov. Watch live: http://ICE.gov/live https://t.co/6KmTpNaSSx,3_1063096380162478080,photo,https://github.com/vidproject/x/releases/download/media-ICEgov-0002/3_1063096380162478080.jpg,0
DHSgov,core,2018-11-26T21:15:11.000Z,1067164889670660103,https://x.com/DHSgov/status/1067164889670660103,"Thank you, @USBPChief, for your leadership!",USBPChief,2018-11-26T21:03:37.000Z,1067161979020808192,https://x.com/USBPChief/status/1067161979020808192,"In my interview with #FoxNews this morning, I said that escalating violence by members of the caravan highlights our need for infrastructure. Additional resources like wall, technology and manpower are critical to our border security mission.

https://video.foxnews.com/v/5971607753001/?#sp=show-clips",,,,0
DHSgov,core,2019-02-13T18:02:28.000Z,1095745033653940224,https://x.com/DHSgov/status/1095745033653940224,Uncover the real #humantrafficking stories the Homeland Security Investigations Special Agents at @ICEgov combat everyday.,ICEgov,2019-02-12T18:00:00.000Z,1095382023705903106,https://x.com/ICEgov/status/1095382023705903106,"Human trafficking is one of the most heinous crimes investigated by ICE. In its worst manifestation, #humantrafficking is akin to modern-day slavery.  https://www.ice.gov/features/human-trafficking-victim-shares-story https://t.co/a8S2VbVCai",3_891638103420661761,photo,https://github.com/vidproject/x/releases/download/media-ICEgov-0002/3_891638103420661761.jpg,0
DHSgov,core,2019-03-01T18:53:52.000Z,1101556176179941376,https://x.com/DHSgov/status/1101556176179941376,Thank you @ICEgov for 16 years of service! Happy Birthday!,ICEgov,2019-03-01T18:48:28.000Z,1101554813563752450,https://x.com/ICEgov/status/1101554813563752450,"#DYK? Today is the 16th anniversary of @DHSgov. Opening its doors in March 2003, one of the component agencies in the new DHS was the Bureau of Immigration and Customs Enforcement, now known as U.S. Immigration &amp; Customs Enforcement or ICE. Learn more: https://www.ice.gov/features/history https://t.co/VmxL9aFAOP",3_1101554770869915648,photo,https://github.com/vidproject/x/releases/download/media-ICEgov-0002/3_1101554770869915648.jpg,0
DHSgov,core,2019-03-01T18:55:11.000Z,1101556504552005632,https://x.com/DHSgov/status/1101556504552005632,Thank you @CBP for 16 years for securing our borders and ports of entry!,CBP,2019-03-01T18:13:03.000Z,1101545902731333632,https://x.com/CBP/status/1101545902731333632,"It's our birthday! #CBP was formed on March 1, 2003, with the creation of the new Department of Homeland Security (@DHSgov). We secure America's borders while enforcing hundreds of laws and facilitating lawful trade and travel. Learn more: http://cbp.gov/about/history https://t.co/ppJR17pL7U",3_1101545890152660993 3_1101545892832788480 3_1101545896209252352 3_1101545898662916101,photo photo photo photo,https://github.com/vidproject/x/releases/download/media-CBP/3_1101545890152660993.jpg https://github.com/vidproject/x/releases/download/media-CBP/3_1101545892832788480.jpg https://github.com/vidproject/x/releases/download/media-CBP/3_1101545896209252352.jpg https://github.com/vidproject/x/releases/download/media-CBP/3_1101545898662916101.jpg,0
DHSgov,core,2019-05-10T18:43:12.000Z,1126920640391467008,https://x.com/DHSgov/status/1126920640391467008,Thank you to the @USCG spouses that support our service members from the home front year-round. Their continued support allows service members to continue to keep our homeland safe. #MilitarySpousesDay,USCG,2019-05-10T18:35:04.000Z,1126918592170201090,https://x.com/USCG/status/1126918592170201090,"Military spouses are the military's proudest supporters. They stand faithfully beside our service members and keep things going on the home front embodying strength and resilience, patriotism and courage. You are our country's unsung heroes. We salute you. #MilitarySpousesDay https://t.co/3wADDij3RS",3_1126918468513804288,photo,https://github.com/vidproject/x/releases/download/media-USCG/3_1126918468513804288.jpg,0
DHSgov,core,2019-05-28T15:50:41.000Z,1133400206421184513,https://x.com/DHSgov/status/1133400206421184513,Thank you U.S. Border Patrol for 95 years of dedicated service!,CBP,2019-05-28T12:45:17.000Z,1133353549532999680,https://x.com/CBP/status/1133353549532999680,"The U.S. Border Patrol has been serving our nation for 95 years! On May 28, 1924, Congress passed the Labor Appropriation Act of 1924, officially establishing USBP for the purpose of securing the borders between inspection stations. Learn more: http://bit.ly/2C9stO6 #HonorFirst https://t.co/gVTPKyS819",3_1133353541156986880 3_1133353544847908864 3_1133353546957688832,photo photo photo,https://github.com/vidproject/x/releases/download/media-CBP/3_1133353541156986880.jpg https://github.com/vidproject/x/releases/download/media-CBP/3_1133353544847908864.jpg https://github.com/vidproject/x/releases/download/media-CBP/3_1133353546957688832.png,0
DHSgov,core,2019-05-29T20:35:15.000Z,1133834208898691077,https://x.com/DHSgov/status/1133834208898691077,Thank you for your service Master Chief Harris!,USCG,2019-05-29T20:30:24.000Z,1133832986523242499,https://x.com/USCG/status/1133832986523242499,"Master Chief Petty Officer Kit Harris flew his final flight as the #USCG’s enlisted ancient albatross before retiring.

The ancient albatross title is bestowed upon the active duty Coast Guard member with the earliest graduation date from an aviation technical school. https://t.co/ScY2ELrq3Z",3_1133832982966484993,photo,https://github.com/vidproject/x/releases/download/media-USCG/3_1133832982966484993.jpg,0
DHSgov,core,2019-06-11T22:31:48.000Z,1138574581269221378,https://x.com/DHSgov/status/1138574581269221378,Check out @USCG’s newest cutter!,USCG,2019-06-11T22:30:00.000Z,1138574127726571520,https://x.com/USCG/status/1138574127726571520,"Say hello to the newest fast response cutter in the #USCG! The Joseph Doyle (WPC-1133) commissioned on June 8th in San Juan, Puerto Rico.

The Doyle is the thirty 3rd fast response cutter to be commissioned in the Coast Guard and the 7th to be assigned homeported in San Juan. https://t.co/wWPz86mMiZ",3_1138530787169570818,photo,https://github.com/vidproject/x/releases/download/media-USCG/3_1138530787169570818.jpg,0
DHSgov,core,2019-07-10T22:08:13.000Z,1149077896398589952,https://x.com/DHSgov/status/1149077896398589952,Check out how the @USCG is operating forward in the @US7thFleet on a Western Pacific patrol.,USCG,2019-07-10T22:05:10.000Z,1149077128534773763,https://x.com/USCG/status/1149077128534773763,"On July 5th, the crew of Coast Guard Cutter Stratton (WMSL 752) moored in Sydney Harbor, kicking off the cutter’s second international port call on its Western Pacific patrol!

Check out this day in the life!
@USCGLANTAREA @US7thFleet https://t.co/RvmWVKw3zH",7_1149075915919560704,video,https://github.com/vidproject/x/releases/download/media-USCG/7_1149075915919560704.mp4,0
DHSgov,core,2020-08-05T22:22:00.000Z,1291137407111307264,https://x.com/DHSgov/status/1291137407111307264,"The working @CBP canine team has become a great tool available to detect and apprehend persons attempting entry to organize, incite, and carry out acts of terrorism. DHS appreciates our K9s's hard work!",CBP,2020-08-05T17:30:39.000Z,1291064086076301314,https://x.com/CBP/status/1291064086076301314,"Today is #NationalWorkLikeADogDay &amp; we are taking a paws 🐾 to appreciate the hard work of our 1,500+ K9s🐕! CBP Canines are vital to our mission and play a key role in protecting our nation. For more on our K9s, visit: https://bit.ly/2LBcZZb https://t.co/HM2KAyYS1C",13_1291064045890686978,video,https://github.com/vidproject/x/releases/download/media-CBP/13_1291064045890686978.mp4,0
DHSgov,core,2020-08-10T22:30:46.000Z,1292951552127361024,https://x.com/DHSgov/status/1292951552127361024,"Securing our border to keep America safe.

Our dedicated agents are committed to finding and closing these dangerous criminal trans-border smuggling activities along the southwest border.",ICEgov,2020-08-07T18:30:09.000Z,1291803835049086979,https://x.com/ICEgov/status/1291803835049086979,"Special agents with ICE #HSI discovered an unfinished cross-border tunnel Tuesday after several days excavating the sandy Sonoran desert terrain outside of Yuma, Arizona. The discovery is a result of an ongoing HSI-led multi-agency investigation. https://ice.gov/news/releases/feds-intercept-incomplete-cross-border-subterranean-tunnel https://t.co/Mz48ow9Bsq",3_1291803829663682560 3_1291803830569652225 3_1291803829634322432 3_1291803830036955137,photo photo photo photo,https://github.com/vidproject/x/releases/download/media-ICEgov-0002/3_1291803829663682560.jpg https://github.com/vidproject/x/releases/download/media-ICEgov-0002/3_1291803830569652225.jpg https://github.com/vidproject/x/releases/download/media-ICEgov-0002/3_1291803829634322432.jpg https://github.com/vidproject/x/releases/download/media-ICEgov-0002/3_1291803830036955137.jpg,0
DHSgov,core,2021-06-09T23:23:21.000Z,1402768306856153104,https://x.com/DHSgov/status/1402768306856153104,"These @USCIS new policy updates are consistent with the Biden-Harris Administration’s priorities to eliminate unnecessary barriers to our nation’s legal immigration system.

Learn more ⬇️",USCIS,2021-06-09T15:55:20.000Z,1402655559317344257,https://x.com/USCIS/status/1402655559317344257,"NEWS: We understand the burdens that increased processing times have caused for some adjustment applicants who have also applied for employment authorization documents (EAD). To help ease some of these burdens, we've extended the EAD validity period to 2 years. https://t.co/ZmzAB4aVVW",3_1402655325820526592,photo,https://github.com/vidproject/x/releases/download/media-USCIS/3_1402655325820526592.jpg,0
DHSgov,core,2021-06-24T13:41:01.000Z,1408057575225139201,https://x.com/DHSgov/status/1408057575225139201,WATCH: @SecMayorkas and @CBPTroyMiller discuss DHS’s action to combat forced labor in U.S. supply chains. ⬇️,CBP,2021-06-24T13:30:08.000Z,1408054836755632128,https://x.com/CBP/status/1408054836755632128,"LIVE AT 10:30 A.M.: @SecMayorkas and @CBPTroyMiller will be hosting a briefing on @DHSgov efforts to combat forced labor in U.S. supply chains.

WATCH: https://www.youtube.com/watch?v=nI6zsqg7J-Q",,,,0
DHSgov,core,2021-08-16T21:09:40.000Z,1427377040114737153,https://x.com/DHSgov/status/1427377040114737153,"DHS is taking action to address the climate crisis in multiple ways, including through the #ClimateChange Action Group. This new @USCG working group is our latest step toward addressing this urgent challenge.",USCG,2021-08-13T21:00:26.000Z,1426287552739356677,https://x.com/USCG/status/1426287552739356677,The Coast Guard has established a working group to focus on climate change http://ow.ly/IAlh50FPTdm #MyCG https://t.co/tRPc0lDjwN,3_1426287550797389825,photo,https://github.com/vidproject/x/releases/download/media-USCG/3_1426287550797389825.jpg,0
DHSgov,core,2021-08-18T17:06:38.000Z,1428040654660177920,https://x.com/DHSgov/status/1428040654660177920,#BravoZulu Max and Buda!,USCG,2021-08-17T21:00:32.000Z,1427737128696492034,https://x.com/USCG/status/1427737128696492034,"Welcome to the fleet, #USCG K-9s Max and Buda.

Congratulations on successful completion and graduation from canine school! 🇺🇸🐕 👏 #USCGK9 #SemperParatus #AlwaysReady https://t.co/51oe5PGqXo",3_1427737126876106756,photo,https://github.com/vidproject/x/releases/download/media-USCG/3_1427737126876106756.jpg,0
DHSgov,core,2021-08-20T16:02:49.000Z,1428749368736292869,https://x.com/DHSgov/status/1428749368736292869,"DHS is seeking public feedback to help develop future public charge rulemaking. The 60-day public comment period opens Monday, August 23.",USCIS,2021-08-20T15:58:15.000Z,1428748219979378692,https://x.com/USCIS/status/1428748219979378692,"We want to hear from you! @DHSgov has published an advance notice of proposed rulemaking seeking feedback from the public to help develop future public charge rulemaking. Learn more, https://www.uscis.gov/news/news-releases/dhs-seeks-public-comment-on-public-charge-rulemaking",,,,0
DHSgov,core,2021-10-13T14:03:07.000Z,1448288192000577543,https://x.com/DHSgov/status/1448288192000577543,"NEW: Title 19 updates to occur in 2 phases:
1⃣November: fully vaccinated travelers—w/proof of vaccination—from Mexico or Canada can enter the US at ports of entry for non-essential reasons.
2⃣Jan. 2022: inbound foreign travelers must provide proof of vaccination for COVID-19.",DHSgov,2021-10-13T03:57:18.000Z,1448135734519480325,https://x.com/DHSgov/status/1448135734519480325,"Following guidance from @CDCgov and other public health experts, @SecMayorkas is amending Title 19 regulations. Fully vaccinated travelers from Canada 🇨🇦 and Mexico 🇲🇽 will be allowed to enter the US via land and ferry ports of entry starting next month.

https://www.dhs.gov/news/2021/10/12/secretary-mayorkas-allow-fully-vaccinated-travelers-canada-and-mexico-enter-us-land",,,,289
DHSgov,core,2021-12-24T14:38:39.000Z,1474389059095207946,https://x.com/DHSgov/status/1474389059095207946,America’s @USCG is Semper Paratus: Always Ready — including to spread holiday cheer. Watch ⬇️,USCG,2021-12-23T23:00:01.000Z,1474152847210172424,https://x.com/USCG/status/1474152847210172424,You've never seen a culinary showdown like this one! Watch @ComdtUSCG and @VComdtUSCG compete in a special holiday competition.  Who will win? #HappyHolidays 🎄🎅 https://t.co/jl4dtN7y28,13_1473295884188278784,video,https://github.com/vidproject/x/releases/download/media-USCG/13_1473295884188278784.mp4,0
DHSgov,core,2021-12-29T02:20:03.000Z,1476015123504504833,https://x.com/DHSgov/status/1476015123504504833,Incredible work by our @ICEgov @HSI_HQ workforce. #WeAreDHS,ICEgov,2021-12-29T00:33:33.000Z,1475988322405212164,https://x.com/ICEgov/status/1475988322405212164,"ICE @HSISeattle and #HSI Nairobi agents helped spearhead 2 Seattle arrests and recover $3.5M in ivory, rhino horn and pangolin scale seizures in the Democratic Republic of Congo connected to wildlife trafficking. Details: https://xsm.link/gw2lm9

🎥 Pangolin https://t.co/M0smtjRaCz",7_1475988283020697612,video,https://github.com/vidproject/x/releases/download/media-ICEgov-0002/7_1475988283020697612.mp4,0
DHSgov,core,2021-12-30T17:35:11.000Z,1476607812436475912,https://x.com/DHSgov/status/1476607812436475912,"REMINDER from @CBP: Travelers entering the United States must declare any agricultural products they may be carrying.

Learn more about @CBP’s guidelines and how they protect American agriculture⬇️
https://go.usa.gov/xeXNA",CBP,2021-12-29T15:31:08.000Z,1476214206336843778,https://x.com/CBP/status/1476214206336843778,"HOLIDAY TRAVEL TIP:
Keep your family safe during the holidays: all travelers entering the United States are REQUIRED to DECLARE meats, fruits, vegetables, plants, seeds, soil, animals, as well as plant and animal products they may be carrying.
Learn more: https://go.usa.gov/xeXNA https://t.co/vpOZflTpQd",13_1476214176251006978,video,,0
DHSgov,core,2022-01-07T17:18:36.000Z,1479502744234909707,https://x.com/DHSgov/status/1479502744234909707,Excellent work by @CBP Border Patrol agents from the @CBPElCentro Sector. #WeAreDHS,CBP,2022-01-07T02:15:02.000Z,1479275353659133955,https://x.com/CBP/status/1479275353659133955,"On New Years Eve, @CBPElCentro USBP agents rendered aid to an injured civilian who fell from an ATV in the Imperial County Sand Dunes. Agents assessed the man and he was transferred via medical helicopter to the nearest hospital.

Read more https://go.usa.gov/xtrwA https://t.co/8TgY4GbUU1",3_1479275347917119488,photo,https://github.com/vidproject/x/releases/download/media-CBP/3_1479275347917119488.jpg,0
DHSgov,core,2022-01-07T22:45:52.000Z,1479585102032257032,https://x.com/DHSgov/status/1479585102032257032,"DHS is hiring! Join a webinar for women in law enforcement next Tuesday.

More information ⬇",CBPJobs,2022-01-07T22:33:01.000Z,1479581868962066437,https://x.com/CBPJobs/status/1479581868962066437,"The Dept. of Homeland Security is offering a FREE webinar on Women in Law Enforcement from 4:30-6:30pm EST on Tuesday, January 11th. Learn about current job opportunities for women within DHS, speak with recruiters, and more!

Register today at: http://www.dhs.gov/recruitment https://t.co/cU0v8F7VwY",3_1479581865082245128,photo,https://github.com/vidproject/x/releases/download/media-CBPJobs/3_1479581865082245128.jpg,0
DHSgov,core,2022-01-08T20:50:36.000Z,1479918484255559683,https://x.com/DHSgov/status/1479918484255559683,"Join us this Tuesday for #WearBlueDay to raise awareness of #humantrafficking.

Together, we can #EndTrafficking.",CBP,2022-01-08T00:47:01.000Z,1479615592432906247,https://x.com/CBP/status/1479615592432906247,"Anyone can be a victim of #HumanTrafficking. Bring awareness to this crime by participating in #WearBlueDay on January 11th.

Learn more about @DHSBlueCampaign and this heinous crime: http://dhs.gov/blue-campaign/wearblueday https://t.co/HUsT2HHWH4",3_1479615588733526016,photo,https://github.com/vidproject/x/releases/download/media-CBP/3_1479615588733526016.jpg,0
DHSgov,core,2022-01-13T00:57:26.000Z,1481430153611911178,https://x.com/DHSgov/status/1481430153611911178,Important information in our shared work to #EndTrafficking from @CBP &amp; @DHSBlueCampaign ⬇,CBP,2022-01-08T22:39:01.000Z,1479945765711712258,https://x.com/CBP/status/1479945765711712258,"Did you know: #HumanTrafficking victims often know the person who lures them into a trafficking situation. This could be a family member or a romantic partner.

Learn more in @DHSBlueCampaign's “How to Talk to Youth About Human Trafficking” guide: https://bit.ly/3sQ42Ah https://t.co/aTHFUXxmOC",3_1479945762565939200,photo,https://github.com/vidproject/x/releases/download/media-CBP/3_1479945762565939200.jpg,0
DHSgov,core,2022-01-22T18:00:07.000Z,1484949007558402057,https://x.com/DHSgov/status/1484949007558402057,Important information for non-U.S. individual travelers at ports of entry and ferry terminals ⬇️,CBP,2022-01-22T12:00:05.000Z,1484858405353312258,https://x.com/CBP/status/1484858405353312258,"🚨 TRAVEL UPDATE 🚨

Effective TODAY: All non-U.S. individuals seeking to enter the U.S. via land ports of entry and ferry terminals at the U.S.-Mexico &amp; U.S.-Canada borders must be fully vaccinated for #COVID19.

Details ➡️ https://go.usa.gov/xt8q8 https://t.co/2PnaRgiHjZ",3_1484858403621150721,photo,https://github.com/vidproject/x/releases/download/media-CBP/3_1484858403621150721.png,0
DHSgov,core,2022-01-23T18:33:49.000Z,1485319876772311041,https://x.com/DHSgov/status/1485319876772311041,#WeAreDHS — and we are working every day to #EndTrafficking.,ICEgov,2022-01-23T17:03:22.000Z,1485297116880814081,https://x.com/ICEgov/status/1485297116880814081,"With 728 ICE @HSI_HQ human trafficking arrests nationwide in FY21, @HSI_Nashville and partners arrested 110 - a 129% increase over the previous year - while helping communities understand the difference they can make to #EndTrafficking: https://xsm.link/lqk36u https://t.co/VW8Fw21BoM",3_1485297112174759940,photo,https://github.com/vidproject/x/releases/download/media-ICEgov-0002/3_1485297112174759940.jpg,0
DHSgov,core,2022-01-27T02:05:51.000Z,1486520801402802177,https://x.com/DHSgov/status/1486520801402802177,#WeAreDHS,CBP,2022-01-27T02:05:01.000Z,1486520588306890758,https://x.com/CBP/status/1486520588306890758,"TEAMWORK RESCUE

Last week, @CBPAMO teamed up with Tucson Sector Border Patrol agents to rescue a female migrant, who contacted Pima County 911 after being lost in the Baboquivari Mountains for 4 days.

More details: https://go.usa.gov/xtXSF https://t.co/aovpNbfP4r",3_1486520586620882945,photo,https://github.com/vidproject/x/releases/download/media-CBP/3_1486520586620882945.jpg,0
DHSgov,core,2022-01-31T17:59:28.000Z,1488210336851402756,https://x.com/DHSgov/status/1488210336851402756,#WeAreDHS 🇺🇸,USCIS,2022-01-31T16:59:16.000Z,1488195188069654530,https://x.com/USCIS/status/1488195188069654530,"Since 2002, we've naturalized more than 148,000 U.S. service members, both at home &amp; abroad. If you serve in the U.S. military, but are not yet a citizen, you may be eligible to obtain citizenship through your service. Learn more: https://www.uscis.gov/military https://t.co/10b9VFq5Qy",13_1392818807643779073,video,https://github.com/vidproject/x/releases/download/media-USCIS/13_1392818807643779073.mp4,0
DHSgov,core,2022-02-17T20:11:29.000Z,1494404151417126917,https://x.com/DHSgov/status/1494404151417126917,Welcome to our #NewUSCitizens — our newest fellow Americans.,USCIS,2022-02-17T17:32:14.000Z,1494364076323098624,https://x.com/USCIS/status/1494364076323098624,"Earlier today, we welcomed #ServiceMembers and dependents as #NewUSCitizens during a special naturalization ceremony aboard USS Ronald Reagan. The Hon. Rahm Emanuel, @USAmbJapan was the first to congratulate our newest Americans. Congrats to all and thank you for your service! https://t.co/43pCYZsOoL",3_1494364071977787400 3_1494364071981895680 3_1494364071977705473 3_1494364072141328389,photo photo photo photo,https://github.com/vidproject/x/releases/download/media-USCIS/3_1494364071977787400.jpg https://github.com/vidproject/x/releases/download/media-USCIS/3_1494364071981895680.jpg https://github.com/vidproject/x/releases/download/media-USCIS/3_1494364071977705473.jpg https://github.com/vidproject/x/releases/download/media-USCIS/3_1494364072141328389.jpg,0
DHSgov,core,2022-02-22T19:35:46.000Z,1496207104922767363,https://x.com/DHSgov/status/1496207104922767363,"Welcome, #NewUSCitizens!",USCIS,2022-02-22T19:30:11.000Z,1496205697419198466,https://x.com/USCIS/status/1496205697419198466,USCIS Deputy Director Jennifer Higgins welcomed 30 #NewUSCitizens during a special naturalization ceremony held @MountVernon in honor of #PresidentsDay. It was an ideal location to welcome new Americans in celebration of George Washington's 290th birthday. Congratulations to all! https://t.co/lXkUuOPHcN,3_1496205592511324163 3_1496205678876237829 3_1496205678993711109 3_1496205679123652610,photo photo photo photo,https://github.com/vidproject/x/releases/download/media-USCIS/3_1496205592511324163.jpg https://github.com/vidproject/x/releases/download/media-USCIS/3_1496205678876237829.jpg https://github.com/vidproject/x/releases/download/media-USCIS/3_1496205678993711109.jpg https://github.com/vidproject/x/releases/download/media-USCIS/3_1496205679123652610.jpg,0
DHSgov,core,2022-03-12T00:07:00.000Z,1502435958075101185,https://x.com/DHSgov/status/1502435958075101185,"Great catch, @CBP! #WeAreDHS",CBP,2022-03-11T22:38:01.000Z,1502413561641017345,https://x.com/CBP/status/1502413561641017345,"FIRST IN NATION INTERCEPTION

San Juan CBP officers and an agriculture specialist found an unwanted pest inside the passenger cabin of an aircraft arriving from Senegal. The pest is most commonly known as a snout beetle.

Learn more: https://go.usa.gov/xzBjg https://t.co/GX0lk9TSpi",3_1502413559694864395,photo,https://github.com/vidproject/x/releases/download/media-CBP/3_1502413559694864395.jpg,0
DHSgov,core,2022-03-22T12:49:33.000Z,1506251738533224468,https://x.com/DHSgov/status/1506251738533224468,Tune in at http://DHS.gov/live  ⬇️,DHSgov,2022-03-22T12:45:33.000Z,1506250730944053255,https://x.com/DHSgov/status/1506250730944053255,"HAPPENING NOW:
Tune into a Womens History Month conversation — “Why We Serve: A Conversation with the Women who Lead DHS”
http://www.dhs.gov/live https://t.co/AIBKXiz5E0",7_1506250595082162182,video,https://github.com/vidproject/x/releases/download/media-DHSgov-0003/7_1506250595082162182.mp4,0
DHSgov,core,2022-03-22T12:53:54.000Z,1506252830738464769,https://x.com/DHSgov/status/1506252830738464769,"#WhyWeServe in conversation with @MCatronDHS ⬇️

@FEMA’s @FEMA_Deanne
@dhsscitech’s Katherine Coulter Mitchell
@USCIS’s Jennifer Higgins
@SecretService’s Gloria Armstrong

http://DHS.gov/live",DHSgov,2022-03-22T12:45:33.000Z,1506250730944053255,https://x.com/DHSgov/status/1506250730944053255,"HAPPENING NOW:
Tune into a Womens History Month conversation — “Why We Serve: A Conversation with the Women who Lead DHS”
http://www.dhs.gov/live https://t.co/AIBKXiz5E0",7_1506250595082162182,video,https://github.com/vidproject/x/releases/download/media-DHSgov-0003/7_1506250595082162182.mp4,0
DHSgov,core,2022-03-22T13:28:15.000Z,1506261475115114505,https://x.com/DHSgov/status/1506261475115114505,"Up next:

@CISAgov’s @CISAJen
@USCG Admiral Linda Fagan
DHS Chief of Staff Kristie Canegallo
Civil Rights and Civil Liberties Deputy Officer Ronnie Venture

With @MCatronDHS

http://DHS.gov/live",DHSgov,2022-03-22T12:53:54.000Z,1506252830738464769,https://x.com/DHSgov/status/1506252830738464769,"#WhyWeServe in conversation with @MCatronDHS ⬇️

@FEMA’s @FEMA_Deanne
@dhsscitech’s Katherine Coulter Mitchell
@USCIS’s Jennifer Higgins
@SecretService’s Gloria Armstrong

http://DHS.gov/live",,,,0
DHSgov,core,2022-04-04T23:52:24.000Z,1511129588642033668,https://x.com/DHSgov/status/1511129588642033668,Great work by our four-legged colleagues! #WeAreDHS,USBPChief,2022-04-04T22:39:42.000Z,1511111294094659592,https://x.com/USBPChief/status/1511111294094659592,"In 24 hours, THREE K9 alerts yielding the seizures of over $3 Million dollars worth of narcotics off the streets!

We are extremely proud of our canine teams and the significant work they do! #TheNoseKnows

#USBP
#K9 #K9Team
#BorderSecurity
#HonorFirst https://t.co/bHSr2Cxlpk",3_1511111287249547270,photo,https://github.com/vidproject/x/releases/download/media-USBPChief/3_1511111287249547270.jpg,0
DHSgov,core,2022-04-05T14:30:00.000Z,1511350447763767303,https://x.com/DHSgov/status/1511350447763767303,#WeAreDHS,CBP,2022-04-04T15:03:01.000Z,1510996367497379843,https://x.com/CBP/status/1510996367497379843,"CBP officers are responsible for screening all foreign visitors, returning U.S. citizens and imported cargo that enters the U.S. at more than 300 land, air, and seaports of entry. Learn more: https://go.usa.gov/xsyzx https://t.co/OTpY0ACItm",3_1510996365400322054,photo,https://github.com/vidproject/x/releases/download/media-CBP/3_1510996365400322054.jpg,0
DHSgov,core,2022-04-12T20:18:48.000Z,1513974940982288391,https://x.com/DHSgov/status/1513974940982288391,We are hiring. Join the #DHSmission to secure our homeland.,CBPJobs,2022-04-12T19:35:01.000Z,1513963921987747852,https://x.com/CBPJobs/status/1513963921987747852,"Join the @DHSGov learn about career opportunities for women in law enforcement on April 28! From 6 - 8 PM ET discover how you can start your new career with DHS.

Register now: https://go.usa.gov/xugBz

#DHSCareers
#CBPCareers https://t.co/fxvSqHYUKx",3_1513963918842028035,photo,https://github.com/vidproject/x/releases/download/media-CBPJobs/3_1513963918842028035.jpg,0
DHSgov,core,2022-04-13T19:37:46.000Z,1514327002098118670,https://x.com/DHSgov/status/1514327002098118670,"LIVE NOW ⬇️

The Southeast Regional Secretary’s Awards Ceremony from @USCGSoutheast. Tune in!

http://DHS.gov/live",DHSgov,2022-04-13T19:22:02.000Z,1514323041123287043,https://x.com/DHSgov/status/1514323041123287043,"Getting ready for our awards ceremony at @USCGSoutheast!

In just a few moments, @SecMayorkas is presenting DHS Secretary’s Awards to our incredible colleagues here in Miami.

Tune in live at 3:30pm ➡️ http://DHS.gov/live https://t.co/IvYjLTflWj",3_1514323036710871049,photo,https://github.com/vidproject/x/releases/download/media-DHSgov-0003/3_1514323036710871049.jpg,0
DHSgov,core,2022-04-19T13:22:22.000Z,1516406855848935424,https://x.com/DHSgov/status/1516406855848935424,"Welcome home, Polar Star! #BravoZulu #WeAreDHS",USCG,2022-04-19T12:01:12.000Z,1516386429613486080,https://x.com/USCG/status/1516386429613486080,"#TravelTuesday The Nation’s sole heavy icebreaker, #USCG Cutter Polar Star (WAGB 10), returns to the U.S. after a 147-day deployment to the #Antarctic. They traveled more than 27K miles as part of #OperationDeepFreeze
📷 : Sachiko Itagaki, and PA3 Diolanda Caballero
@USCGPACAREA https://t.co/AH6f2zYyKQ",3_1516386427826839554 3_1516386427650646022 3_1516386427956776961,photo photo photo,https://github.com/vidproject/x/releases/download/media-USCG/3_1516386427826839554.jpg https://github.com/vidproject/x/releases/download/media-USCG/3_1516386427650646022.jpg https://github.com/vidproject/x/releases/download/media-USCG/3_1516386427956776961.jpg,1
DHSgov,core,2022-04-26T13:43:02.000Z,1518948772411322368,https://x.com/DHSgov/status/1518948772411322368,Bravo Zulu! #WeAreDHS,USCG,2022-04-26T13:00:48.000Z,1518938142925017090,https://x.com/USCG/status/1518938142925017090,"#TravelTuesday Welcome home Legare! 🇺🇸 This crew patrolled over 19,500 miles throughout the heart of the Eastern Pacific Ocean in support of Campaign Martillo, working in conjunction with @CBP, @DEAHQ and other partner nations' agencies.

More: http://ow.ly/s68w50IRifu https://t.co/0mvJuCZzD2",3_1518938139972325377 3_1518938140282691584 3_1518938139963842563 3_1518938139737444355,photo photo photo photo,https://github.com/vidproject/x/releases/download/media-USCG/3_1518938139972325377.jpg https://github.com/vidproject/x/releases/download/media-USCG/3_1518938140282691584.jpg https://github.com/vidproject/x/releases/download/media-USCG/3_1518938139963842563.jpg https://github.com/vidproject/x/releases/download/media-USCG/3_1518938139737444355.jpg,1
DHSgov,core,2022-06-29T18:49:25.000Z,1542218698953482240,https://x.com/DHSgov/status/1542218698953482240,".@CBP is implementing measures to prohibit imports made by forced labor into the U.S. of products made in Xinjiang, China under the #UFLPA Strategy.
Learn more ⬇️",CBP,2022-06-27T00:28:15.000Z,1541216804152004608,https://x.com/CBP/status/1541216804152004608,#ICYMI - Learn how CBP will implement the Uyghur Forced Labor Prevention Act #UFLPA ⬇️ https://t.co/wgFSBD4PJO,13_1541216743858868224,video,https://github.com/vidproject/x/releases/download/media-CBP/13_1541216743858868224.mp4,0
DHSgov,core,2022-06-29T21:20:48.000Z,1542256794789183488,https://x.com/DHSgov/status/1542256794789183488,#ICYMI: @HSINewOrleans investigation led to sentencing for the defrauding of a military veteran via wire fraud. Great work by the team in Baton Rouge. #WeAreDHS,ICEgov,2022-06-27T12:12:01.000Z,1541393913692438528,https://x.com/ICEgov/status/1541393913692438528,"@HSNewOrleans Baton Rouge investigation led to 33-month sentence for man convicted of wire fraud. Elderly individuals, including recently widowed or divorced seniors, are frequently targets of #FinancialScams due to their vulnerabilities and access to cash. https://t.co/neTytDAVa1",3_1541393910165110784,photo,https://github.com/vidproject/x/releases/download/media-ICEgov-0002/3_1541393910165110784.jpg,0
DHSgov,core,2022-08-03T20:16:19.000Z,1554924143824568325,https://x.com/DHSgov/status/1554924143824568325,"We’re proud of the @CBPBuffalo officers at the Ogdensburg Port of Entry who recently arrested a man with an outstanding warrant.
Read more below ⬇️",CBP,2022-08-02T22:30:03.000Z,1554595412060901377,https://x.com/CBP/status/1554595412060901377,"On Friday, @CBPBuffalo officers arrested a U.S. citizen who had an outstanding felony warrant out of Georgia for sexual exploitation of a minor.

Read more: https://go.usa.gov/xSVYT https://t.co/AYWxRwRPgQ",3_1554595408747401216,photo,https://github.com/vidproject/x/releases/download/media-CBP/3_1554595408747401216.jpg,0
DHSgov,core,2022-08-10T19:45:41.000Z,1557453149752942595,https://x.com/DHSgov/status/1557453149752942595,Congratulations to these servicemembers who became #NewUSCitizens during a ceremony earlier this month. Thank you for your service to our nation.,USCIS,2022-08-03T19:41:20.000Z,1554915340693524480,https://x.com/USCIS/status/1554915340693524480,"Congratulations to 6 #ServiceMembers who became #NewUSCitizens at Oak Grove Racetrack in Kentucky! All are active duty stationed @USArmy @FortCampbell. Thank you for your service. For info on naturalization through military service, visit: https://www.uscis.gov/military/naturalization-through-military-service. https://t.co/ML6KGOXzM6",3_1554915271537790982 3_1554915271688785921 3_1554915271831347202 3_1554915271953027074,photo photo photo photo,https://github.com/vidproject/x/releases/download/media-USCIS/3_1554915271537790982.jpg https://github.com/vidproject/x/releases/download/media-USCIS/3_1554915271688785921.jpg https://github.com/vidproject/x/releases/download/media-USCIS/3_1554915271831347202.jpg https://github.com/vidproject/x/releases/download/media-USCIS/3_1554915271953027074.jpg,0
DHSgov,core,2022-08-16T19:45:39.000Z,1559627468465635328,https://x.com/DHSgov/status/1559627468465635328,"Great work by @HSIPhoenix, who partnered with local law enforcement to investigate this human smuggling case, leading to a guilty plea.

Learn more about how @HSI_HQ combats human smuggling ⬇️",HSI_HQ,2022-08-15T17:04:01.000Z,1559224402968977409,https://x.com/HSI_HQ/status/1559224402968977409,"Following a @HSIPhoenix and local law enforcement investigation, two men pleaded guilty to #smuggling related charges. https://t.co/Ai1iOOZXwy",3_1559224399529746434,photo,https://github.com/vidproject/x/releases/download/media-HSI_HQ/3_1559224399529746434.jpg,0
DHSgov,core,2022-08-29T16:48:44.000Z,1564293988500267008,https://x.com/DHSgov/status/1564293988500267008,"Every Friday, you can check out the @ICEgov Digital Friday Five, highlighting weekly news from ICE. Read last week’s top news below ⬇️",ICEgov,2022-08-26T17:17:01.000Z,1563213942809595904,https://x.com/ICEgov/status/1563213942809595904,Let’s end the week with a check of our #FridayFive news wrap up: http://ICE.gov/features/friday-five https://t.co/uTQwkPrRQH,3_1563213937314865152,photo,https://github.com/vidproject/x/releases/download/media-ICEgov-0002/3_1563213937314865152.jpg,0
DHSgov,core,2022-08-30T19:14:13.000Z,1564692988839731200,https://x.com/DHSgov/status/1564692988839731200,Congrats to these #NewUSCitizens 🎉,USCIS,2022-08-30T15:59:37.000Z,1564644017010364417,https://x.com/USCIS/status/1564644017010364417,"2,100 people from an astounding 120 countries became #NewUSCitizens @Dodgers stadium! @USCISDirector Ur M. Jaddou proudly administered the oath of allegiance and welcomed our newest Americans. Congratulations on this milestone moment made at an iconic and memorable location! https://t.co/LMaZPiiHwy",3_1564643584686563328 3_1564643711119753217 3_1564643964577349637 3_1564643406785150976,photo photo photo photo,https://github.com/vidproject/x/releases/download/media-USCIS/3_1564643584686563328.jpg https://github.com/vidproject/x/releases/download/media-USCIS/3_1564643711119753217.jpg https://github.com/vidproject/x/releases/download/media-USCIS/3_1564643964577349637.jpg https://github.com/vidproject/x/releases/download/media-USCIS/3_1564643406785150976.jpg,0
DHSgov,core,2022-08-30T19:53:39.000Z,1564702909912305664,https://x.com/DHSgov/status/1564702909912305664,Parents: Learn how you can help keep your kids safe from online predators with @ICEgov’s Project iGuardian. Learn more: https://www.ice.gov/topics/iGuardians,ICEgov,2022-08-25T12:15:01.000Z,1562775552301608961,https://x.com/ICEgov/status/1562775552301608961,"As school-aged children and teens prepare for the next school year, families and educators should turn to Project iGuardian to keep children safe while using the #internet. https://t.co/1ABoxK4Gt9",3_1562775549029785601,photo,https://github.com/vidproject/x/releases/download/media-ICEgov-0002/3_1562775549029785601.jpg,2
DHSgov,core,2022-09-26T20:57:28.000Z,1574503443653443596,https://x.com/DHSgov/status/1574503443653443596,"Another incredible seizure by the @DFOLaredo team, this time intercepting nearly 100lbs of cocaine inside of a tractor trailer. Thank you for keeping these drugs out of our communities.

Read more ⬇️",CBP,2022-09-21T15:00:38.000Z,1572601703119085570,https://x.com/CBP/status/1572601703119085570,"On Saturday, CBP officers working at the Pharr International Bridge Cargo Facility foiled a smuggling attempt of nearly 100lbs of cocaine. The estimated street value of the seizure is $1.3M.

Learn: https://go.dhs.gov/ZUv https://t.co/DpdNFWZP3a",3_1572601701344870403,photo,https://github.com/vidproject/x/releases/download/media-CBP/3_1572601701344870403.jpg,0
DHSgov,core,2022-10-27T21:10:05.000Z,1585740642583470084,https://x.com/DHSgov/status/1585740642583470084,Amazing job by the @CBPAMO agents who interdicted a vessel attempting to smuggle 40 bales of cocaine near Vieques. Thank you for keeping these drugs out of our communities.,CBP,2022-10-26T17:00:24.000Z,1585315420768190466,https://x.com/CBP/status/1585315420768190466,"On Wednesday, @CBPAMO agents intercepted a vessel with two occupants and found 40 bales of cocaine onboard. The shipment weighed over 2,500lbs and was worth an estimated $26M.

READ: https://go.dhs.gov/Zf4 https://t.co/ZnJl7YdiSd",3_1585315418809442305,photo,https://github.com/vidproject/x/releases/download/media-CBP/3_1585315418809442305.jpg,0
DHSgov,core,2022-10-31T21:15:10.000Z,1587191472159440897,https://x.com/DHSgov/status/1587191472159440897,"Earlier this month, @CBP officers at El Paso area Ports of Entry intercepted 31lbs. of methamphetamine &amp; 41lbs. of cocaine with the aid of CBP canine and x-ray inspections. Thank you for keeping these drugs out of our communities.",CBP,2022-10-30T13:00:32.000Z,1586704605857157121,https://x.com/CBP/status/1586704605857157121,"Last weekend, CBP officers working at El Paso area ports of entry intercepted 31lbs of methamphetamine and 41lbs of cocaine across three separate seizures.

Read: https://go.dhs.gov/ZfT https://t.co/jz3W2oNQRt",3_1586704603759972355 3_1586704604032651266,photo photo,https://github.com/vidproject/x/releases/download/media-CBP/3_1586704603759972355.jpg https://github.com/vidproject/x/releases/download/media-CBP/3_1586704604032651266.jpg,0
DHSgov,core,2022-12-14T16:36:01.000Z,1603066290071130113,https://x.com/DHSgov/status/1603066290071130113,An important form filing tip from @USCIS ⬇️,USCIS,2022-12-13T16:00:44.000Z,1602695021878181888,https://x.com/USCIS/status/1602695021878181888,"When mailing a form, do not send an original document unless the filing instructions specifically ask for it. Instead, send a legible photocopy. Original documents that are not required may be destroyed. More info here:
https://www.uscis.gov/forms/filing-guidance/tips-for-filing-forms-by-mail https://t.co/Ejrx9mN98a",3_1602694844115206145,photo,https://github.com/vidproject/x/releases/download/media-USCIS/3_1602694844115206145.png,0
DHSgov,core,2022-12-16T15:27:01.000Z,1603773700054081541,https://x.com/DHSgov/status/1603773700054081541,#ICYMI: Check out this incredible photo from the #USCG Air Station Barbers Point team taken last week as they prepared for a nighttime flyover of #MaunaLoa. ⬇️,USCG,2022-12-09T15:54:18.000Z,1601243850818826240,https://x.com/USCG/status/1601243850818826240,"Kicking Friday off with an epic shot of four fans of freedom ✈️🇺🇸

Last evening, aircrews from #USCG Air Station Barbers Point landed in Hilo, Hawaii to pick up scientists from @USGS for a night-time flyover of #MaunaLoa to continue tracking the lava flow. https://t.co/LbDDsV8Mn2",3_1601243606320283649,photo,https://github.com/vidproject/x/releases/download/media-USCG/3_1601243606320283649.jpg,0
DHSgov,core,2022-12-16T22:23:01.000Z,1603878388892041216,https://x.com/DHSgov/status/1603878388892041216,An important reminder from @CBP if you're still shopping for holiday gifts. Make sure you're purchasing items from legitimate sources. Learn more ⬇️,CBP,2022-12-16T14:01:24.000Z,1603752156078579718,https://x.com/CBP/status/1603752156078579718,"This holiday, make sure your favorite trademarked items are genuine products by shopping from legitimate sources.

Last year on a typical day, CBP officers seized $9M in products with Intellectual Property Rights violations. #FakeGoodsRealDangers

More: https://go.dhs.gov/ZS6 https://t.co/ehbYJbz8R9",3_1603752149665587201 3_1603752149120421895,photo photo,https://github.com/vidproject/x/releases/download/media-CBP/3_1603752149665587201.jpg https://github.com/vidproject/x/releases/download/media-CBP/3_1603752149120421895.jpg,0
DHSgov,core,2022-12-22T19:43:01.000Z,1606012451438399515,https://x.com/DHSgov/status/1606012451438399515,"While you’re shopping this holiday season, watch out for scammers who sell fake products to shoppers.

Follow @ICEgov for tips to Shop Smart. You can also visit: http://www.ice.gov/shopsmart",ICEgov,2022-12-16T19:13:45.000Z,1603830758321291267,https://x.com/ICEgov/status/1603830758321291267,"Is the price too good to be true? What looks like name-brand merchandise may be fake.

For tips to protect yourself from buying counterfeit or stolen products, visit http://ICE.gov/ShopSmart https://t.co/eWwsrdDFmD",7_1603830724578115613,video,https://github.com/vidproject/x/releases/download/media-ICEgov/7_1603830724578115613.mp4,0
DHSgov,core,2022-12-23T15:45:09.000Z,1606314980500021252,https://x.com/DHSgov/status/1606314980500021252,An important message from @CBP ⬇️,CBP,2022-12-23T00:00:10.000Z,1606077167229616130,https://x.com/CBP/status/1606077167229616130,"ALERT: Extremely cold, below-freezing temperatures are expected along the Mexico and United States border over the next week. Do not risk yourself or your loved one's life trying to cross the Rio Grande or the desert. Stay home or remain in a safe shelter and avoid tragedy. https://t.co/oeeB6OlA0I",7_1606075924834930688,video,https://github.com/vidproject/x/releases/download/media-CBP/7_1606075924834930688.mp4,4
DHSgov,core,2022-12-23T19:55:04.000Z,1606377873027350530,https://x.com/DHSgov/status/1606377873027350530,"Reminder: for those without a legal basis to enter, U.S. borders are not open &amp; severe weather is causing dangerous conditions.

For lawful trade &amp; travel, there are currently no changes to operating status at ports of entry. Check operating status here: https://www.cbp.gov/contact/ports",DHSgov,2022-12-22T21:19:06.000Z,1606036630795591690,https://x.com/DHSgov/status/1606036630795591690,"The U.S. borders are NOT open.
Severe weather will force temperatures to dangerously low levels this week.
This is a dangerous situation. Do not put your life at risk. https://t.co/VYJaooczym",3_1606036609815683075,photo,https://github.com/vidproject/x/releases/download/media-DHSgov-0002/3_1606036609815683075.jpg,82
DHSgov,core,2022-12-23T21:14:54.000Z,1606397961256243203,https://x.com/DHSgov/status/1606397961256243203,Recordatorio ⬇️ https://t.co/HOOPG3WZRr,DHSgov,2022-12-23T19:55:04.000Z,1606377873027350530,https://x.com/DHSgov/status/1606377873027350530,"Reminder: for those without a legal basis to enter, U.S. borders are not open &amp; severe weather is causing dangerous conditions.

For lawful trade &amp; travel, there are currently no changes to operating status at ports of entry. Check operating status here: https://www.cbp.gov/contact/ports",,,,11
DHSgov,core,2025-01-28T20:06:03.000Z,1884332130672726203,https://x.com/DHSgov/status/1884332130672726203,HAPPENING NOW: https://www.dhs.gov/live,DHSgov,2025-01-28T15:53:31.000Z,1884268577391587712,https://x.com/DHSgov/status/1884268577391587712,"Today, @Sec_Noem will layout her vision for the Department of Homeland Security. Watch the full speech live: https://www.dhs.gov/live https://t.co/cy4xc6OXsz",3_1884267107585572864,photo,https://github.com/vidproject/x/releases/download/media-DHSgov-0002/3_1884267107585572864.jpg,0
DHSgov,core,2025-03-31T14:41:04.000Z,1906718392653852678,https://x.com/DHSgov/status/1906718392653852678,"UPDATE: The illegal alien who was released into our country by the Biden administration has been charged with additional crimes of rape, necrophilia, and aggravated sexual battery.

Camilia Williams should still be here today. @POTUS Trump and @Sec_Noem are putting the safety of American citizens FIRST.",DHSgov,2025-03-25T16:51:29.000Z,1904576885645803548,https://x.com/DHSgov/status/1904576885645803548,"David Hector Rivas-Sagastume, an illegal alien RELEASED by the Biden administration, has been charged with killing Camilia Williams, a mother of five and a grandmother in a gruesome attack.

This illegal alien should have NEVER been in our country in the first place. https://t.co/Gailw5LiiE",3_1904576880247791616,photo,https://github.com/vidproject/x/releases/download/media-DHSgov/3_1904576880247791616.jpg,0
DHSgov,core,2025-04-26T15:25:11.000Z,1916151577804448107,https://x.com/DHSgov/status/1916151577804448107,"Under @POTUS Trump and @Sec_Noem, we have arrested over 150,000 aliens—including more than 600 members of the vicious Tren de Aragua gang.

If you are here illegally and break the law, we will hunt you down, arrest you, and lock you up. That’s a promise.",EROPhiladelphia,2025-04-17T19:10:07.000Z,1912946695656395067,https://x.com/EROPhiladelphia/status/1912946695656395067,".@ICEgov Philadelphia arrested Fermin Eslava-Burgos, a citizen of Venezuela, in Honesdale, Pennsylvania. Eslava was arrested as a suspected TdA gang member who entered the U.S. without admission by an immigration official. He will remain in custody pending removal proceedings. https://t.co/2j3k3n4XAJ",3_1912946643831226369 3_1912946643835453440,photo photo,https://github.com/vidproject/x/releases/download/media-_misc-0002/3_1912946643831226369.jpg https://github.com/vidproject/x/releases/download/media-_misc-0002/3_1912946643835453440.jpg,0
DHSgov,core,2025-04-28T15:02:55.000Z,1916870751920988573,https://x.com/DHSgov/status/1916870751920988573,"Operation Tidal Wave is a preview of what is to come around the country: large scale operations that partner with state and local law enforcement.

This multi-day operation resulted in 780 illegal aliens apprehended. Arrests include members of MS-13, murderers, rapists, drug traffickers and human rights abusers.",ICEgov,2025-04-26T15:18:21.000Z,1916149859217719528,https://x.com/ICEgov/status/1916149859217719528,"In a first-of-its-kind partnership between state and federal partners, ICE Miami and Florida law enforcement arrested nearly 800 illegal aliens this week during the first four days of #OperationTidalWave — a massive, multi-agency, immigration enforcement crackdown.

💡Learn how law enforcement agencies can partner with us at http://ICE.gov/287g

🔊@CBP provided extraordinary support during this operation. We appreciate our @DHSgov partner's commitment to public safety.

📷Check out the first photos from the field of this highly successful operation.",3_1916137059363721216 3_1916137059615494144 3_1916137059401551872,photo photo photo,https://github.com/vidproject/x/releases/download/media-ICEgov/3_1916137059363721216.jpg https://github.com/vidproject/x/releases/download/media-ICEgov/3_1916137059615494144.jpg https://github.com/vidproject/x/releases/download/media-ICEgov/3_1916137059401551872.jpg,153
DHSgov,core,2025-04-28T15:36:51.000Z,1916879288969707880,https://x.com/DHSgov/status/1916879288969707880,Promises made. Promises kept.,RapidResponse47,2025-04-28T15:26:38.000Z,1916876717714534501,https://x.com/RapidResponse47/status/1916876717714534501,"Promise made: ""I will invoke the Alien Enemies Act of 1798 to target and dismantle every migrant criminal network operating on American soil.""

Promise kept: ""We have deported over 120 people on the known terrorist watchlist out of this country, over 800 TDA members, over 100,000 different arrests have been made of criminals.""",13_1916875871480090624 13_1916876168931758080,video video,https://github.com/vidproject/x/releases/download/media-RapidResponse47/13_1916875871480090624.mp4 https://github.com/vidproject/x/releases/download/media-RapidResponse47/13_1916876168931758080.mp4,0
DHSgov,core,2025-05-22T23:20:27.000Z,1925693268831907965,https://x.com/DHSgov/status/1925693268831907965,"This “Lincoln man” sexually assaulted a mentally disabled woman with the mental capacity of a three-year-old.

This “Lincoln man” is an ILLEGAL ALIEN and one of the monsters that the activist Massachusetts District Judge is trying to bring back to the United States after he was deported yesterday.",DHSgov,2025-05-21T14:46:48.000Z,1925201618275913841,https://x.com/DHSgov/status/1925201618275913841,"Nyo MYINT, a citizen of Burma was arrested by ICE on February 18, 2025. MYINT is convicted of first-degree sexual assault involving a victim mentally and physically incapable of resisting; sentenced to 12 years confinement. MYINT is also charged with aggravated assault-nonfamily strongarm.",3_1925200236328222720,photo,https://github.com/vidproject/x/releases/download/media-DHSgov-0002/3_1925200236328222720.jpg,0
DHSgov,core,2025-06-08T15:21:27.000Z,1931733318934090161,https://x.com/DHSgov/status/1931733318934090161,"The men and women of ICE work every day, putting their lives on the line, to protect and defend the lives of American citizens.

@Sec_Noem is empowering ICE to continue removing the WORST OF THE WORST from American communities.",RapidResponse47,2025-06-08T14:50:22.000Z,1931725496397508673,https://x.com/RapidResponse47/status/1931725496397508673,"""The gang members we have picked up in LA because of their hard work are horrible people — assault, drug trafficking, human trafficking. They are now off of those streets and they are safer because these ICE operations are ongoing."" @Sec_Noem https://t.co/Avq7pLjc8B",13_1931725275370250240,video,https://github.com/vidproject/x/releases/download/media-RapidResponse47/13_1931725275370250240.mp4,0
DHSgov,core,2025-07-26T15:23:14.000Z,1949128384627237107,https://x.com/DHSgov/status/1949128384627237107,"UPDATE: Jose de Jesus Ortega and Danielle Nadine Davila, the staff members who obstructed the ICE targeted enforcement operation, will face charges for assaulting a federal officer and conspiracy to prevent by force and intimidation a federal officer from discharging his duties.

Anyone who actively obstructs or assaults law enforcement, including U.S. citizens, will face consequences which include arrest.",DHSgov,2025-07-09T21:22:17.000Z,1943058148895363459,https://x.com/DHSgov/status/1943058148895363459,"THE FACTS: ICE officers conducted a targeted enforcement operation to arrest two illegal aliens. Officers in clearly marked ICE bullet proof vests approached the illegal alien targets as they exited a vehicle.

One of the illegal aliens, Denis Guillen-Solis who is from Honduras, fled on foot to evade law enforcement. He ended up near the Ontario Advanced Surgical Center where hospital staff assaulted law enforcement and drug the officer and illegal alien into the facility.

Then, the staff attempted to obstruct the arrest by locking the door, blocking law enforcement vehicles from moving, and even called the cops claiming there was a “kidnapping.”",13_1943057267793764352,video,https://github.com/vidproject/x/releases/download/media-DHSgov-0002/13_1943057267793764352.mp4,0
DHSgov,core,2026-01-27T17:49:19.000Z,2016206902103855410,https://x.com/DHSgov/status/2016206902103855410,"President Trump and @Sec_Noem are fighting every day to ensure there is never another tragedy like this.

Rachel Morin’s killer entered the United States illegally and was released under the Biden administration. Just months later, he brutally raped and murdered the young Maryland Mother.

There have been too many victims of criminal illegal aliens. This administration will step up to protect Americans when sanctuary politicians won’t.",WhiteHouse,2026-01-27T17:14:00.000Z,2016198016290439540,https://x.com/WhiteHouse/status/2016198016290439540,"Angel Mom Patty Morin delivers a powerful message at the White House: ""These are the kind of criminals President Trump wants to remove from our country.""

THIS is our WHY. ⬇️ So yes—deportations of criminal illegal aliens WILL continue. https://t.co/sJp60y9vvt",13_2016197384334680064,video,https://github.com/vidproject/x/releases/download/media-WhiteHouse/13_2016197384334680064.mp4,0
DHSgov,core,2026-02-23T16:07:30.000Z,2025965752491061688,https://x.com/DHSgov/status/2025965752491061688,This is our why.,DHSgov,2025-05-11T17:10:18.000Z,1921613848705917305,https://x.com/DHSgov/status/1921613848705917305,"This Mother’s Day, listen to the story of Tammy Nobles, whose 20-year-old daughter Kayla Hamilton was strangled to death in 2022 by an MS-13 gang member.

Under the leadership of @Sec_Noem, DHS is working to ensure these heinous acts never occur again. https://t.co/2wy7y2h4sl",13_1921610498618916864,video,https://github.com/vidproject/x/releases/download/media-DHSgov-0002/13_1921610498618916864.mp4,19
DHSgov,core,2026-02-25T01:24:04.000Z,2026468204357280079,https://x.com/DHSgov/status/2026468204357280079,"We are not the same.

While Republicans are bringing victims of crimes committed by illegal criminal aliens to the State of the Union, some Democrats in Congress are planning to bring ILLEGAL ALIENS.

Democrats are once again prioritizing illegal aliens above the safety of American citizens.

Here are some of the illegal aliens Congressional Democrats are planning to bring:",DHSgov,2026-02-24T21:02:36.000Z,2026402405177569377,https://x.com/DHSgov/status/2026402405177569377,"Today, some Democrats in Congress are planning to bring illegal aliens as guests to the State of the Union. Once again, they are putting illegal aliens above the safety of American citizens.

Yesterday alone our officers arrested pedophiles, rapists, and violent criminals from our communities. President Trump and Secretary Noem have made it abundantly clear: if you come to our country illegally and break our laws, we will find you, we will arrest you, and you will NEVER return.

Arrests include:",,,,0
DHSgov,core,2026-03-11T23:45:37.000Z,2031879248068194404,https://x.com/DHSgov/status/2031879248068194404,"HERE ARE THE RECEIPTS:

As we said Sunny Naqvi entered the CBP area at 10:21 am.

Surveillance footage from O’Hare CLEARLY shows her entering secondary inspection at 10:46 a.m., and leaving secondary to the public area at 11:42 a.m.

Her claims of spending 43 hours in DHS custody are FALSE.",DHSgov,2026-03-10T14:46:09.000Z,2031381095271325805,https://x.com/DHSgov/status/2031381095271325805,"The passenger’s claims are blatantly FALSE.

Sunny Naqvi, arrived at O’Hare at 10:21 a.m. on March 5, 2026.  CBP officers referred her to Secondary, for additional inspection based on law enforcement checks and conducted a baggage exam. Ms. Naqvi departed CBP within 90 minutes of her arrival to the United States.

Ms. Naqvi was not taken into custody or transferred to ICE for detention.",,,,482
DHSgov,core,2026-03-24T20:13:28.000Z,2036536897724379432,https://x.com/DHSgov/status/2036536897724379432,"Welcome @SecMullinDHS!

Under the leadership of @POTUS Trump and Secretary Mullin, DHS is committed to protecting our homeland. We are securing our borders, removing dangerous criminal illegal aliens, preventing cybersecurity and terror attacks, and helping Americans in the face of natural disasters.

MAKE AMERICA SAFE AGAIN.",SecMullinDHS,2026-03-24T20:09:53.000Z,2036535997547089935,https://x.com/SecMullinDHS/status/2036535997547089935,"I am grateful for President Trump’s trust in me to lead the U.S. Department of Homeland Security. It’s an honor to serve.

As @DHSgov Secretary, I’m committed to safeguarding the American people and protecting the homeland. I’ll fight for your family just as I’ll fight for mine.

I look forward to standing shoulder to shoulder with the 260,000 outstanding DHS employees and their families to keep our nation safe.

My first priority is to end the partisan fighting and reopen the U.S. Department of Homeland Security as a matter of national security.

Let’s get to work. 🇺🇸",,,,302
DHSgov,core,2026-03-27T16:10:33.000Z,2037562933018759593,https://x.com/DHSgov/status/2037562933018759593,"Americans should be able to live without fear of being MURDERED by illegal aliens.

Governor Pritzker, STOP releasing criminals from jails into American communities.",RapidResponse47,2026-03-27T15:39:11.000Z,2037555036364956057,https://x.com/RapidResponse47/status/2037555036364956057,"Loyola students react to the horrific murder of Sheridan Gorman at the hands of a savage illegal alien:

""Really scary""

""I definitely am a lot more paranoid going out at night""

Students shouldn't have to live with the fear that killer illegals are roaming their streets, but under Democrat rule, that's the terrifying reality.",13_2037553223540883456,video,https://github.com/vidproject/x/releases/download/media-RapidResponse47/13_2037553223540883456.mp4,0
DHSgov,core,2026-03-27T21:07:11.000Z,2037637581504909632,https://x.com/DHSgov/status/2037637581504909632,"🚨Net immigration FELL in EVERY metro area in 2025.

Our fight has only just begun. https://t.co/n8PRFRy0E7",RapidResponse47,2026-03-26T13:53:48.000Z,2037166127722152357,https://x.com/RapidResponse47/status/2037166127722152357,"Immigration Slowdown Hits Every Metro Area in the U.S., Census Shows https://www.nytimes.com/2026/03/26/us/politics/us-census-county-immigration.html",,,,0
DHSgov,core,2026-03-30T19:22:47.000Z,2038698473101345087,https://x.com/DHSgov/status/2038698473101345087,Sheridan Gormans’ life was worth more than 23 seconds. https://t.co/7KyXLZTV76,DHSgov,2026-03-27T17:21:47.000Z,2037580858639438175,https://x.com/DHSgov/status/2037580858639438175,"The mainstream media is once again ignoring American victims of illegal alien crime.

Shameful. https://t.co/cWAFM9pfq8",13_2037580798757363712,video,https://github.com/vidproject/x/releases/download/media-DHSgov/13_2037580798757363712.mp4,62
DHSgov,core,2026-03-31T15:43:44.000Z,2039005732608016799,https://x.com/DHSgov/status/2039005732608016799,"Last Friday, Coast Guard personnel intercepted a makeshift vessel off the coast of Puerto Rico transporting a total of 60 migrants attempting to illegally enter the U.S.

The aliens, 54 Haitian nationals and 6 Dominican nationals, were repatriated to Santo Domingo, Dominican Republic.

Thank you @USCGG for defending our maritime borders.",USCG,2026-03-30T23:12:25.000Z,2038756261148148108,https://x.com/USCG/status/2038756261148148108,"Layered security against unlawful maritime migration.

Working with our partners @CBP and @USMC, the crew of #USCG Cutter Thetis interdicted an overloaded, makeshift vessel Friday in the Mona Passage near Puerto Rico. We safely embarked and transferred the 60 people aboard to the Dominican Republic Navy for repatriation.

Our message is clear: illegal migrant voyages are dangerous, and you will be repatriated.

Always ready, the men and women of the Coast Guard remain on watch across our maritime borders and approaches, where defense of America begins.

Read more: https://www.news.uscg.mil/Press-Releases/Article/4447618/coast-guard-repatriates-60-aliens-to-dominican-republic-following-unlawful-migr/

#USCG #WeOwnTheSea #SemperParatus #MaritimeDominance
@DHSgov",3_2038755357171097600 3_2038755357053313025 3_2038755357061738497 3_2038755357196197888,photo photo photo photo,https://github.com/vidproject/x/releases/download/media-USCG/3_2038755357171097600.jpg https://github.com/vidproject/x/releases/download/media-USCG/3_2038755357053313025.jpg https://github.com/vidproject/x/releases/download/media-USCG/3_2038755357061738497.jpg https://github.com/vidproject/x/releases/download/media-USCG/3_2038755357196197888.jpg,0
DHSgov,core,2026-03-31T15:45:42.000Z,2039006228416733263,https://x.com/DHSgov/status/2039006228416733263,"Thanks to @ICEgov, one of Canada’s most wanted criminals is behind bars.

On March 23, ICE arrested criminal illegal alien Adrian Walker — a Canadian top-25 most-wanted international fugitive wanted for first-degree murder — at a residence in Tupelo, Mississippi. During the operation, he was also found to be illegally in possession of a firearm.",RapidResponse47,2026-03-31T14:38:37.000Z,2038989345915322680,https://x.com/RapidResponse47/status/2038989345915322680,"ICE Arrests Criminal Illegal Alien on Canada’s Top 25 Most Wanted Fugitives List in Mississippi
https://www.dhs.gov/news/2026/03/31/ice-arrests-criminal-illegal-alien-canadas-top-25-most-wanted-fugitives-list/",,,,0
DHSgov,core,2026-04-08T15:03:09.000Z,2041894622427803958,https://x.com/DHSgov/status/2041894622427803958,"Patchogue, New York: THREE-TIME DEPORTED KIDNAPPER RELEASED BY SANCTUARY POLITICIANS.

After Carlos Corte-Corte was arrested for kidnapping a four-year-old, sanctuary politicians released him from jail.

Thanks to @ICEgov, he was later arrested and placed in removal proceedings. https://t.co/BtA02xqkDq",DHSgov,2026-04-07T14:53:31.000Z,2041529811743510608,https://x.com/DHSgov/status/2041529811743510608,"🚨ICE has arrested a criminal illegal alien KIDNAPPER who was RELEASED from jail by sanctuary New York politicians.

On March 28, Carlos Corte-Corte, a three-time deported criminal illegal alien from Ecuador, kidnapped a four-year-old from a laundromat that she was at with her mother. The child was later found in a library.

It is shameful that New York sanctuary politicians chose to release this kidnapper from jail to prey on more innocent children. Thanks to the brave men and women of ICE, this child predator is OFF our streets.",3_2041529807872380928,photo,https://github.com/vidproject/x/releases/download/media-DHSgov/3_2041529807872380928.jpg,0
DHSgov,core,2026-04-09T18:55:59.000Z,2042315606050160851,https://x.com/DHSgov/status/2042315606050160851,"UPDATE: Today, Israel Christopher Flores-Ortiz appears in court facing charges for assault and battery against innocent teenage girls.

If Fairfax County’s sanctuary politicians choose to release this predator back into our communities, @ICEgov stands ready to take him into custody and deport this sexual deviant.",DHSgov,2026-03-17T18:08:27.000Z,2033968723803988200,https://x.com/DHSgov/status/2033968723803988200,"🚨FAIRFAX, VIRGINIA: Israel Christopher Flores-Ortiz, a 19-year-old ILLEGAL ALIEN from El Salvador, has been arrested for assault and battery against MULTIPLE high school girls while enrolled in a local high school.

Flores-Ortiz illegally entered the United States in 2024 and was RELEASED into the country under the Biden administration.

We are calling on @GovernorVA to not release this sexual predator back into our communities to victimize more teenage girls.",13_2033968665809588224,video,https://github.com/vidproject/x/releases/download/media-DHSgov/13_2033968665809588224.mp4,42
DHSgov,core,2026-04-10T00:04:53.000Z,2042393343192113278,https://x.com/DHSgov/status/2042393343192113278,"If you import the Third World, you become the Third World. https://t.co/13aneHWMl3",DHSgov,2026-04-09T19:39:15.000Z,2042326493406138806,https://x.com/DHSgov/status/2042326493406138806,"WARNING GRAPHIC:

These are the consequences of importing the third world.

Do not look away. https://t.co/IEoVMYr6k0",13_2042326405703139328,video,https://github.com/vidproject/x/releases/download/media-DHSgov/13_2042326405703139328.mp4,1761
DHSgov,core,2026-04-10T18:17:51.000Z,2042668398023213414,https://x.com/DHSgov/status/2042668398023213414,"The arrest of Rolbert Joachin—a Haitian illegal alien caught on video bludgeoning an innocent mother to death with a hammer—is an example of how ICE and local authorities can work together to bring criminals to justice.

ICE has lodged a detainer against Joachin, and he will be deported regardless of the outcome of this case.",DHSgov,2026-04-09T19:39:15.000Z,2042326493406138806,https://x.com/DHSgov/status/2042326493406138806,"WARNING GRAPHIC:

These are the consequences of importing the third world.

Do not look away. https://t.co/IEoVMYr6k0",13_2042326405703139328,video,https://github.com/vidproject/x/releases/download/media-DHSgov/13_2042326405703139328.mp4,1761
DHSgov,core,2026-04-10T18:36:11.000Z,2042673010620936667,https://x.com/DHSgov/status/2042673010620936667,"Thanks to the strong partnership between DHS and state and local authorities, officials were able to quickly track down and apprehend illegal alien Rolbert Joachin.

When local law enforcement and ICE work together, we can get criminals off of our streets and make America safe again.",DHSgov,2026-04-09T19:39:15.000Z,2042326493406138806,https://x.com/DHSgov/status/2042326493406138806,"WARNING GRAPHIC:

These are the consequences of importing the third world.

Do not look away. https://t.co/IEoVMYr6k0",13_2042326405703139328,video,https://github.com/vidproject/x/releases/download/media-DHSgov/13_2042326405703139328.mp4,1761
DHSgov,core,2026-04-10T20:21:05.000Z,2042699408245227924,https://x.com/DHSgov/status/2042699408245227924,"🚨GUILTY. Israel Christopher Flores-Ortiz, has been convicted on 9 COUNTS of assault and battery while attending High School in Fairfax, Virginia.

@ICEgov lodged an arrest detainer requesting that @GovernorVA not release him from jail to prey on more innocent young women.

Flores-Ortiz illegally entered the United States in 2024 and was RELEASED into the country under the Biden Administration.",DHSgov,2026-04-09T18:55:59.000Z,2042315606050160851,https://x.com/DHSgov/status/2042315606050160851,"UPDATE: Today, Israel Christopher Flores-Ortiz appears in court facing charges for assault and battery against innocent teenage girls.

If Fairfax County’s sanctuary politicians choose to release this predator back into our communities, @ICEgov stands ready to take him into custody and deport this sexual deviant.",3_2042315603466211328,photo,https://github.com/vidproject/x/releases/download/media-DHSgov/3_2042315603466211328.jpg,0
DHSgov,core,2026-04-13T14:29:30.000Z,2043698093514744207,https://x.com/DHSgov/status/2043698093514744207,"“Incidents such as this highlight the critical need for @ICEgov. This needs to be fully funded and properly supported.” - Greene County Sheriff’s Office Captain Jason Johnson.

15-year-old Miles Young was ambushed and killed by an illegal alien who NEVER should have been here.

The heroic men and women of ICE are fighting every day to remove criminals like this murderer from our communities — and prevent another tragedy like this from happening again.",DHSgov,2026-04-10T21:33:16.000Z,2042717574291390835,https://x.com/DHSgov/status/2042717574291390835,"“I just don’t want to die.”

Miles Young was only 15 years old. He had his whole life ahead of him.

Instead, he was taken from this world by a criminal illegal monster who was released into the country by the Obama administration.

His death is a horrific consequence of open border policies.

Our prayers are with his family.",3_2042717569258524672,photo,https://github.com/vidproject/x/releases/download/media-DHSgov/3_2042717569258524672.jpg,433
DHSgov,core,2026-04-13T16:44:28.000Z,2043732061362565404,https://x.com/DHSgov/status/2043732061362565404,"This sexual predator was RELEASED into our country by the Biden administration in 2024. He is charged with raping and kidnapping a woman on Easter Sunday.

@ICEgov lodged an arrest detainer to ensure he is NEVER released into our communities to prey on more innocent women. https://t.co/IfrGpu9LMm",DHSgov,2026-04-13T15:12:08.000Z,2043708822120804727,https://x.com/DHSgov/status/2043708822120804727,"🚨We are requesting Missouri officials to NOT RELEASE a criminal illegal alien who RAPED and KIDNAPPED a woman on EASTER.

Cristian Lopez-Gomez entered our nation in 2024 and was RELEASED into our communities by the Biden administration.

Thankfully, Missouri cooperates with ICE law enforcement, so this rapist will NOT be released back into our communities. When state and local law enforcement work with ICE, we  can safely remove criminals like Lopez-Gomez from our country and put the safety of American citizens FIRST.",3_2043708795994374144,photo,https://github.com/vidproject/x/releases/download/media-DHSgov/3_2043708795994374144.jpg,63
DHSgov,core,2026-04-14T15:20:44.000Z,2044073374586949987,https://x.com/DHSgov/status/2044073374586949987,The Biden administration allowed this predator to roam freely in our communities — and commit this HORRIFIC crime. https://t.co/Cwis0kYloR,DHSgov,2026-04-13T16:44:28.000Z,2043732061362565404,https://x.com/DHSgov/status/2043732061362565404,"This sexual predator was RELEASED into our country by the Biden administration in 2024. He is charged with raping and kidnapping a woman on Easter Sunday.

@ICEgov lodged an arrest detainer to ensure he is NEVER released into our communities to prey on more innocent women. https://t.co/IfrGpu9LMm",13_2043731994849255426,video,https://github.com/vidproject/x/releases/download/media-DHSgov/13_2043731994849255426.mp4,30
DHSgov,core,2026-04-14T19:33:02.000Z,2044136870863364278,https://x.com/DHSgov/status/2044136870863364278,"As Typhoon Sinlaku impacts Guam &amp; the Northern Mariana Islands, @fema is activated and coordinating federal resources and personnel. Incident management teams are embedded with territorial officials as they lead efforts to protect communities.",SecMullinDHS,2026-04-14T17:48:04.000Z,2044110454184645110,https://x.com/SecMullinDHS/status/2044110454184645110,"We are closely tracking Typhoon Sinlaku as it brings dangerous winds, heavy rain and flooding to Guam and the Northern Mariana Islands.

I thank @POTUS for his quick approval of two emergency declarations this weekend providing federal resources and technical expertise to support territorial response efforts to this storm.

@FEMA is fully engaged and has embedded response teams throughout the Pacific region who are coordinating requests for aid. @USCG is also activated and prepared to respond.

For those affected by the storm, our prayers are with you. Please stay safe and follow directions from local officials who are working around the clock to keep you safe.",,,,6
DHSgov,core,2026-04-16T19:48:08.000Z,2044865445610521000,https://x.com/DHSgov/status/2044865445610521000,"HOAX DEBUNKED.

Sunny Naqvi’s claims of spending any time in DHS custody were always FALSE.

Thank you, Sheriff Schmidt, for helping set the record straight.

https://www.foxnews.com/us/sheriff-sues-woman-allegedly-made-ice-detention-enjoyed-spa-day-hoax-compared-jussie-smollett",DHSgov,2026-03-11T23:45:37.000Z,2031879248068194404,https://x.com/DHSgov/status/2031879248068194404,"HERE ARE THE RECEIPTS:

As we said Sunny Naqvi entered the CBP area at 10:21 am.

Surveillance footage from O’Hare CLEARLY shows her entering secondary inspection at 10:46 a.m., and leaving secondary to the public area at 11:42 a.m.

Her claims of spending 43 hours in DHS custody are FALSE.",3_2031879242510745600 3_2031879242506498048,photo photo,https://github.com/vidproject/x/releases/download/media-DHSgov/3_2031879242510745600.jpg https://github.com/vidproject/x/releases/download/media-DHSgov/3_2031879242506498048.jpg,325
DHSgov,core,2026-04-17T12:47:57.000Z,2045122088910917864,https://x.com/DHSgov/status/2045122088910917864,"Heartbreaking.

The tragic deaths of Hallie Helgeson and Brady Heiling is a reminder of the consequences of open border policies.

DHS law enforcement is protecting American communities every day from another senseless tragedy like this taking place in another town, to another family.",DHSgov,2026-04-16T20:23:24.000Z,2044874321139737073,https://x.com/DHSgov/status/2044874321139737073,"This is our why.

Hallie Helgeson and Brady Heiling had their whole lives ahead of them—and they would still be alive today if it weren’t for Noelia Saray Martinez-Avila—a criminal illegal alien from Honduras. Martinez-Avila recklessly drove the wrong way on a highway while intoxicated and killed these two teens.

These precious teens will never be forgotten, and we will fight for justice.",13_2044874259806466048,video,https://github.com/vidproject/x/releases/download/media-DHSgov/13_2044874259806466048.mp4,0
DHSgov,core,2026-04-17T18:35:52.000Z,2045209644654608422,https://x.com/DHSgov/status/2045209644654608422,"This sick illegal alien MURDERED his wife and then dumped her body.

He should NOT have been in our country, but entered illegally under the Obama administration.

We will continue working with our partners in Tulsa to ensure this monster is NEVER released back into our streets. https://t.co/15TD0LY9Cw",DHSgov,2026-04-15T14:23:22.000Z,2044421324903186505,https://x.com/DHSgov/status/2044421324903186505,"TULSA COUNTY, OK: Willie Ricardo Merida‑Escobar, an illegal alien from Guatemala, confessed to strangling his wife Karla Gramajo-Cabrera inside their home on April 8, after an argument in which she insulted him. He then dumped her body under a highway.

This monster NEVER should have been in our country, but entered illegally in September 2016 under the Obama administration.

We are working with our partners in Tulsa County to ensure this sick man is not released back into our communities. Under @POTUS Trump and @SecMullinDHS, we will continue removing criminals like Merida-Escobar from our nation.",3_2044421321413550080,photo,https://github.com/vidproject/x/releases/download/media-DHSgov/3_2044421321413550080.jpg,0
DHSgov,core,2026-04-21T14:04:48.000Z,2046590980132925851,https://x.com/DHSgov/status/2046590980132925851,"Josue Abraham Chirino-Leonice, a criminal illegal alien from Venezuela, murdered his co-worker by hitting him with a sledgehammer multiple times.

The U.S. Border Patrol first apprehended Chirino-Leonice in November 2023 when he arrived at the border as an unaccompanied minor. The Biden administration released him into the interior of the country.",DHSgov,2026-04-21T13:53:42.000Z,2046588186164351150,https://x.com/DHSgov/status/2046588186164351150,"THIRD WORLD VIOLENCE: Josue Abraham Chirino-Leonice, a Venezuelan national, murdered his co-worker by hitting him with a sledgehammer multiple times. The victim’s body was found by his sister.

This barbarian NEVER should have been in our country, but was RELEASED into the interior of the country by the Biden administration.

If you import the third world, you become the third world.",3_2046588183740088320,photo,https://github.com/vidproject/x/releases/download/media-DHSgov/3_2046588183740088320.jpg,0
DHSgov,core,2026-04-22T17:23:12.000Z,2047003296590708766,https://x.com/DHSgov/status/2047003296590708766,"HORRIFYING story out of Oconee County, South Carolina.

Illegal alien monster Luis Armando Argueta Montejo engaged in sexual conduct with a CHILD.

Montejo was arrested after the minor was found giving birth in the parking lot of Oconee Memorial Hospital.

@ICEgov has lodged an arrest detainer and is working with local authorities to ensure this sicko is NEVER released back into South Carolina communities.",DHSgov,2026-04-21T23:55:52.000Z,2046739727315866039,https://x.com/DHSgov/status/2046739727315866039,"SICKENING: Luis Armando Argueta Montejo, a 43-year-old-criminal illegal alien from Mexico, has been arrested for INCEST and sexual conduct WITH A CHILD.

This predator was arrested days after a minor was found giving birth in the parking lot of Oconee Memorial Hospital. Based on evidence from the Oconee County Sheriff’s Office, Montejo had engaged in sexual intercourse with the victim, who is allegedly between the ages of 11 and 14.

Under @SecMullinDHS’ leadership, ICE lodged an arrest detainer and is working with South Carolina authorities to ensure this monster is never released back into our communities.",3_2046739722379091968,photo,https://github.com/vidproject/x/releases/download/media-DHSgov/3_2046739722379091968.jpg,0
DHSgov,core,2026-04-24T16:04:45.000Z,2047708332937379856,https://x.com/DHSgov/status/2047708332937379856,"WATCH: This week, our heroic ICE law enforcement worked around the clock to remove heinous criminal illegal aliens from our communities and keep Americans SAFE ⬇️ https://t.co/kdho5Dqacu",DHSgov,2026-04-23T23:35:53.000Z,2047459474223325393,https://x.com/DHSgov/status/2047459474223325393,"During National Crime Victims Week, ICE is removing criminal illegal aliens from our communities — and stopping them before they can perpetrate more crimes and create more victims.

Just yesterday, ICE arrests included pedophiles, rapists, and drug traffickers:",,,,0
DHSgov,core,2026-04-28T13:42:09.000Z,2049121996097646878,https://x.com/DHSgov/status/2049121996097646878,"Homeland Security Investigations in cooperation with our law enforcement partners executed criminal search warrants in Minneapolis relating to the rampant fraud of U.S. taxpayers dollars.

The American people deserve answers in how their taxpayer money was abused. https://t.co/7IPqUyTb0t",HSI_HQ,2026-04-28T12:48:17.000Z,2049108440966902056,https://x.com/HSI_HQ/status/2049108440966902056,"HSI, in cooperation with its federal, state and local law enforcement partners, engaged in court-authorized law enforcement operations in the Minneapolis/St. Paul area. For reasons of operational security and for the safety of our agents, we will not comment further at this time. https://t.co/jAJjEUml1H",3_2049086369671360512,photo,https://github.com/vidproject/x/releases/download/media-HSI_HQ/3_2049086369671360512.jpg,0
DHSgov,core,2026-04-28T22:48:16.000Z,2049259430932336813,https://x.com/DHSgov/status/2049259430932336813,"“Tony Playboy,” a murderer featured on ‘America’s Most Wanted,’ ARRESTED by @EROHouston.

Minh Duy Tong Nguyen, aka Tony Playboy, is a Vietnamese national who was associated with the Nomads gang. In 1989, he was involved in a gang-related shootout — leaving two dead and three others injured.

Thanks to ICE, this murderer will NEVER be back on our nation’s streets.",ICEgov,2026-04-28T21:41:19.000Z,2049242583994348006,https://x.com/ICEgov/status/2049242583994348006,"Minh Duy Tong Nguyen aka Tony Playboy, of Vietnam, was once a fugitive wanted for the murder of two people and the attempted murder of three others. He was featured on an episode of ""America’s Most Wanted"" in 1990 and subsequently captured in Canada and extradited to the U.S. to stand trial for murder.

He was sentenced to 45-years in the state prison.

ICE @EROHouston took custody of him April 16, upon his release from prison.

His deportation order is over 25 years old.

He’s about to go home.",3_2049242580982857728 3_2049242580974493697 3_2049242581062635520 3_2049242580991303681,photo photo photo photo,https://github.com/vidproject/x/releases/download/media-ICEgov/3_2049242580982857728.png https://github.com/vidproject/x/releases/download/media-ICEgov/3_2049242580974493697.png https://github.com/vidproject/x/releases/download/media-ICEgov/3_2049242581062635520.png https://github.com/vidproject/x/releases/download/media-ICEgov/3_2049242580991303681.png,23
DHSgov,core,2026-04-29T16:03:22.000Z,2049519921759912119,https://x.com/DHSgov/status/2049519921759912119,"This illegal alien NEVER should have been allowed to drive on our nation’s roads — but was given a COMMERCIAL DRIVER’S LICENSE by Gavin Newsom’s sanctuary California.

He was then RELEASED by sanctuary politicians in Oregon after he killed two newlyweds.

Thanks to ICE law enforcement, he is off our streets.",DHSgov,2026-04-28T22:28:39.000Z,2049254496531104067,https://x.com/DHSgov/status/2049254496531104067,".@ICEgov has arrested an illegal alien semi-truck driver RELEASED by Oregon sanctuary politicians after he KILLED two honeymooners. He was issued a commercial driver’s license in Gavin Newsom’s California.

Kumar entered the U.S. ILLEGALLY in 2022 and was RELEASED into our nation by the Biden Administration.

Thank you to our ICE officers who tracked this killer down after he was RELEASED from jail by Oregon sanctuary politicians.",3_2049254491883704321 3_2049254491740876800,photo photo,https://github.com/vidproject/x/releases/download/media-DHSgov/3_2049254491883704321.jpg https://github.com/vidproject/x/releases/download/media-DHSgov/3_2049254491740876800.jpg,112
DHSgov,core,2026-04-30T16:11:05.000Z,2049884251332477349,https://x.com/DHSgov/status/2049884251332477349,"Thanks to the work of @HSI_HQ and @EroHarlingen, in cooperation with local law enforcement, this PTA PREDATOR can no longer prey on innocent children.

This disgusting criminal is now being brought to justice for his crimes. https://t.co/3SP41o4ZCO",DHSgov,2026-04-29T20:59:57.000Z,2049594562092437902,https://x.com/DHSgov/status/2049594562092437902,"PTA PREDATOR ARRESTED.

@EroHarlingen arrested Benjamin Milfelt, a Parent Teacher Association board member and member of “Watch D.O.G.S” at Mireles Elementary School in Corpus Christi, Texas, after he was found to possess OVER 2,000 images of child pornography.

This sicko now faces state charges of possession of child pornography. Federal prosecution will be sought in the Southern District of Texas.

Thank you @HSI_HQ",3_2049594556455571456,photo,https://github.com/vidproject/x/releases/download/media-DHSgov/3_2049594556455571456.jpg,0
DHSgov,core,2026-04-30T19:55:07.000Z,2049940632362496136,https://x.com/DHSgov/status/2049940632362496136,"This illegal alien NEVER should have been allowed behind the wheel on our nation’s roads.

Despite entering America ILLEGALLY from India, Gavin Newsom’s sanctuary California issued him a COMMERCIAL DRIVER’S LICENSE.

Then, after killing two honeymooners, Oregon RELEASED HIM from jail.

This is SHAMEFUL — sanctuary policies endanger innocent Americans.",DHSgov,2026-04-28T22:28:39.000Z,2049254496531104067,https://x.com/DHSgov/status/2049254496531104067,".@ICEgov has arrested an illegal alien semi-truck driver RELEASED by Oregon sanctuary politicians after he KILLED two honeymooners. He was issued a commercial driver’s license in Gavin Newsom’s California.

Kumar entered the U.S. ILLEGALLY in 2022 and was RELEASED into our nation by the Biden Administration.

Thank you to our ICE officers who tracked this killer down after he was RELEASED from jail by Oregon sanctuary politicians.",3_2049254491883704321 3_2049254491740876800,photo photo,https://github.com/vidproject/x/releases/download/media-DHSgov/3_2049254491883704321.jpg https://github.com/vidproject/x/releases/download/media-DHSgov/3_2049254491740876800.jpg,112
DHSgov,core,2026-05-01T19:04:26.000Z,2050290264040677752,https://x.com/DHSgov/status/2050290264040677752,"INSANITY: A Biden-appointed activist judge released this Dominican illegal alien WANTED FOR MURDER back into American communities.

Yet again, an activist judge is attempting to thwart @POTUS Trump’s work to keep the American people safe by removing criminal illegal aliens from our nation.",DHSgov,2026-05-01T16:32:45.000Z,2050252091881349465,https://x.com/DHSgov/status/2050252091881349465,"🚨An activist Biden-appointed judge has ordered an illegal alien wanted for MURDER RELEASED from @ICEgov custody.

Bryan Rafael Gomez is a criminal illegal alien from the Dominican Republic with an international warrant for homicide.

This is yet another example of an activist judge trying to thwart @POTUS Trump’s mandate from the American people to remove dangerous criminal illegal aliens from our nation.",3_2050252089121452032,photo,https://github.com/vidproject/x/releases/download/media-DHSgov/3_2050252089121452032.jpg,0
DHSgov,core,2026-05-04T16:18:35.000Z,2051335689539567760,https://x.com/DHSgov/status/2051335689539567760,"On Saturday, @ICEgov arrested Chidozie Wilson Okeke, a Nigerian criminal illegal alien with previous arrests for ASSAULT AND CRIMINAL DRUG POSSESSION.

During the arrest, officers followed their training and used the minimum amount of force necessary to make the arrest.

After his arrest, Okeke requested medical assistance, so ICE officers escorted him to Wyckoff Heights Medical Center where medical staff evaluated and cleared him.

During the medical evaluation, a crowd of anti-ICE agitators gathered at the hospital and became violent, damaging several ICE vehicles and assaulting ICE officers.",DHSgov,2026-05-04T00:06:26.000Z,2051091041827029372,https://x.com/DHSgov/status/2051091041827029372,"Last night, @ICEgov conducted a targeted enforcement operation in Brooklyn that resulted in the arrest of Chidozie Wilson Okeke, a criminal illegal alien from Nigeria with previous arrests for ASSAULT AND CRIMINAL DRUG POSSESSION.

During his arrest, Okeke refused to comply with officers’ lawful commands to exit the vehicle and weaponized his vehicle to attempt to hit ICE officers. Okeke became physically combative attempting to punch and elbow ICE officers. Our officers followed their training and used the minimum amount of force necessary to make the arrest.

After his arrest, Okeke requested medical assistance, so ICE officers escorted him to Wyckoff Heights Medical Center for a medical evaluation. Okeke remained non-compliant during the medical evaluation throwing himself to the floor and screaming. The medical staff cleared him.

During the medical evaluation, a significant crowd of anti-ICE agitators gathered at the hospital and became violent. The protestors damaged several ICE vehicles and assaulted ICE officers, resulting in minor injuries to the officers. Assaulting law enforcement is a felony and crime

Officers from the New York Police Department responded to the scene and arrested several rioters.",,,,449
DHSgov,core,2026-05-04T18:57:13.000Z,2051375611617087859,https://x.com/DHSgov/status/2051375611617087859,"MESA COUNTY, COLORADO: Last week, the heroes at @ERODenver arrested Trinidad Manjarrez-Acosta, a criminal illegal alien from Mexico who was convicted for SEXUAL EXPLOITATION of a CHILD.

Under @POTUS Trump and @SecMullinDHS, ICE will continue removing these public safety threats from our communities.",DHSgov,2026-05-01T15:15:11.000Z,2050232572102299652,https://x.com/DHSgov/status/2050232572102299652,"Trinidad Manjarrez-Acosta, a criminal illegal alien from Mexico, convicted for sexual exploitation of a child in Mesa County, Colorado. https://t.co/zNYMZFP9UJ",3_2050232569665392640,photo,https://github.com/vidproject/x/releases/download/media-DHSgov/3_2050232569665392640.jpg,3
DHSgov,core,2026-05-04T22:49:53.000Z,2051434163803181527,https://x.com/DHSgov/status/2051434163803181527,"SICKENING.

Illegal alien John Young Cotter Johnstone TORTURED dogs at the Las Vegas animal shelter where he worked.

Thank you to the heroic men and women of @ICEgov who arrested this sick criminal so he can never torture another innocent animal again. https://t.co/l2Ps2y15GB",DHSgov,2026-05-04T19:20:37.000Z,2051381503603479029,https://x.com/DHSgov/status/2051381503603479029,"Illegal alien DOG ABUSER ARRESTED by @ICEgov.

This criminal illegal alien, John Young Cotter Johnstone, faces four felony charges of willfully torturing, maiming, or mutilating animals.

Thanks to the cooperation of Clark County officials, this freak is in ICE custody so he can never torture another innocent animal again.",3_2051381500394848256,photo,https://github.com/vidproject/x/releases/download/media-DHSgov/3_2051381500394848256.jpg,0
DHSgov,core,2026-05-06T17:54:58.000Z,2052084721186725958,https://x.com/DHSgov/status/2052084721186725958,"A TERRIFYING story out of Suffolk County, New York.

This illegal alien BEAT a man unconscious then RAPED him behind a dumpster.

@ICEgov is ensuring this MONSTER can never prey on another innocent victim again. https://t.co/Y8DJ7ld5rf",DHSgov,2026-05-06T16:15:00.000Z,2052059565798130096,https://x.com/DHSgov/status/2052059565798130096,"HORRIFYING: Jose Ignacio Bonilla-Garcia, an illegal immigrant from Honduras, BEAT a man unconscious and RAPED him behind a dumpster.

Bonilla-Garcia has illegally entered the U.S. FOUR TIMES — and has THREE previous deportations.

ICE has lodged a detainer to ensure this heinous criminal is NEVER released back into American communities.",3_2052059562518179843,photo,https://github.com/vidproject/x/releases/download/media-DHSgov/3_2052059562518179843.jpg,276
DHSgov,core,2026-05-07T19:57:24.000Z,2052477922670256136,https://x.com/DHSgov/status/2052477922670256136,"DANE COUNTY, WISCONSIN: Sanctuary politicians MUST NOT RELEASE THIS CRIMINAL.

Julio Cesar Morales Jarquin, a Nicaraguan illegal alien, SEXUALLY ASSAULTED elderly vulnerable residents at an assisted living facility where he worked.

Dane County sanctuary politicians MUST work with us to ensure this dirtbag is not released back into our communities to commit more heinous crimes.",DHSgov,2026-05-07T15:17:47.000Z,2052407556002222509,https://x.com/DHSgov/status/2052407556002222509,"🚨Wisconsin sanctuary politicians MUST NOT RELEASE Julio Cesar Morales Jarquin, a Nicaraguan illegal alien who is charged with TWO COUNTS of SEXUAL ASSAULT of an elderly victim.

Morales Jarqin was RELEASED into our nation in 2023 under the Biden administration’s humanitarian parole program for Nicaragua. He lost his legal status when the Trump administration ended this program.

This dirtbag is in custody in Dane County — a sanctuary jurisdiction that REFUSES to honor ICE detainers. Sometimes they give ICE a mere 30 minutes to pick up a criminal illegal alien in their custody.",3_2052407551719870472,photo,https://github.com/vidproject/x/releases/download/media-DHSgov/3_2052407551719870472.jpg,0
DHSgov,core,2026-05-08T00:12:55.000Z,2052542226039816537,https://x.com/DHSgov/status/2052542226039816537,"This NEVER should have happened.

Deiby Jhonatan Janamejoy Jansasoy, a criminal illegal alien from Colombia, was arrested for vehicular homicide, DUI, and driving without a valid license after killing a Georgia father.

The Biden Administration released this criminal into our nation COMPLETELY UNVETTED after he entered illegally in 2023.",DHSgov,2026-05-06T20:45:00.000Z,2052127511950090616,https://x.com/DHSgov/status/2052127511950090616,"“If he weren’t here, it wouldn’t have happened.”

On May 1, Deiby Jhonatan Janamejoy Jansasoy, a criminal illegal alien from Colombia, was arrested for vehicular homicide, DUI, and driving without a valid license after killing a Georgia father.

Janamejoy Jansasoy illegally entered our nation in 2023, and was RELEASED into the country under the Biden Administration — completely unvetted.

@ICEgov has placed a detainer requesting local authorities not release this criminal illegal alien without notifying ICE.",13_2052127456526565379,video,https://github.com/vidproject/x/releases/download/media-DHSgov/13_2052127456526565379.mp4,0
DHSgov,core,2026-05-08T12:55:43.000Z,2052734190215410001,https://x.com/DHSgov/status/2052734190215410001,"In some cases, sanctuary politicians in Dane County only give @ICEgov 30 MINUTES NOTICE before RELEASING criminal illegal aliens like this dirtbag from jail.

This is RECKLESS. We need sanctuary politicians to cooperate with us to remove criminals from our country and keep Wisconsin communities safe.",DHSgov,2026-05-07T15:17:47.000Z,2052407556002222509,https://x.com/DHSgov/status/2052407556002222509,"🚨Wisconsin sanctuary politicians MUST NOT RELEASE Julio Cesar Morales Jarquin, a Nicaraguan illegal alien who is charged with TWO COUNTS of SEXUAL ASSAULT of an elderly victim.

Morales Jarqin was RELEASED into our nation in 2023 under the Biden administration’s humanitarian parole program for Nicaragua. He lost his legal status when the Trump administration ended this program.

This dirtbag is in custody in Dane County — a sanctuary jurisdiction that REFUSES to honor ICE detainers. Sometimes they give ICE a mere 30 minutes to pick up a criminal illegal alien in their custody.",3_2052407551719870472,photo,https://github.com/vidproject/x/releases/download/media-DHSgov/3_2052407551719870472.jpg,0
DHSgov,core,2026-05-08T13:13:48.000Z,2052738739621740556,https://x.com/DHSgov/status/2052738739621740556,"""Her killer was here illegally, very complex background, was protected every step of the way by Illinois. He received incredible special privileges that citizens just simply don’t get. That is not okay."" @angeldadjoe

Katie Abraham and Sheridan Gorman were both failed by open-border and sanctuary politicians who ALLOWED their illegal alien killers to roam the streets.

Under the leadership of @POTUS Trump, we will put an end to these tragedies.",DHSgov,2026-05-07T21:44:13.000Z,2052504804308680791,https://x.com/DHSgov/status/2052504804308680791,"THIS IS OUR WHY.

Sheridan Gorman had her whole life ahead of her before this cold-blooded killer decided to end her life. She was failed by open border policies and sanctuary politicians who RELEASED this illegal alien TWICE before he went on to commit this heinous murder.

How many more innocent Americans must die because sanctuary politicians prioritize criminal illegal aliens over American citizens?",13_2052504709244608518,video,https://github.com/vidproject/x/releases/download/media-DHSgov/13_2052504709244608518.mp4,8
DHSgov,core,2026-05-11T14:33:52.000Z,2053846055880417531,https://x.com/DHSgov/status/2053846055880417531,"This SERIAL RAPIST’S ten year crime spree IS OVER.

Thanks to the incredible work of the men and women of federal law enforcement, this criminal illegal alien has been CAUGHT.

@ICEgov is now working with local Indiana authorities to ensure this demented rapist is REMOVED from our country.",DHSgov,2026-05-09T00:10:11.000Z,2052903925682983073,https://x.com/DHSgov/status/2052903925682983073,"INDIANAPOLIS: Leonel Catalan Torreblanca, a criminal illegal alien from Mexico, is the suspect in a decade-long serial rape case and now faces 30 charges including rape, sexual battery, criminal confinement, kidnapping, strangulation, and burglary.

This demented rapist was arrested by ICE in 2012, but then RELEASED by the Obama Administration. After being arrested in 2017, he voluntarily returned to Mexico. He then illegally re-entered in 2023 under the Biden administration.

Thankfully, Indiana cooperates with @ICEgov, so we will be able to work together to get him off our streets and OUT of our country.",3_2052903920628822016,photo,https://github.com/vidproject/x/releases/download/media-DHSgov/3_2052903920628822016.jpg,24
DHSgov,core,2026-05-11T15:29:43.000Z,2053860109038882974,https://x.com/DHSgov/status/2053860109038882974,"HORRIFYING story out of Montana.

This disgusting illegal alien is charged with RAPING his dead girlfriend’s CHILD.

The Biden administration RELEASED this monster into our communities — and now @ICEgov is working with local authorities to ensure he can never prey on another innocent child.",DHSgov,2026-05-09T14:16:46.000Z,2053116975367213160,https://x.com/DHSgov/status/2053116975367213160,"DISGUSTING: Wualter Jesus Travieso Soto, a criminal illegal alien from Venezuela, is charged with RAPING his dead girlfriend’s UNDERAGE daughter.

This monster illegally entered the country in 2023, and was RELEASED into our nation by the Biden Administration.

With cooperation from our local Montana partners, @ICEgov will ensure this predator NEVER harms another innocent child.",3_2053116968115281920,photo,https://github.com/vidproject/x/releases/download/media-DHSgov/3_2053116968115281920.jpg,0
DHSgov,core,2026-05-12T13:33:17.000Z,2054193197174108616,https://x.com/DHSgov/status/2054193197174108616,Thank you for your attention to this matter!,ERONewOrleans,2026-05-12T12:32:00.000Z,2054177771853693158,https://x.com/ERONewOrleans/status/2054177771853693158,"In the month of April, ICE New Orleans was on 🔥
💥Arrests: 2,876
💥Deportations: 11,631
💥 Gang Arrest: 16
ICE New Orleans covers LA, AR, MS, AL &amp; TN. Deportations here stem from across the country.",,,,6
DHSgov,core,2026-05-12T17:34:40.000Z,2054253942045851672,https://x.com/DHSgov/status/2054253942045851672,"ANOTHER criminal illegal alien has been arrested in sanctuary Virginia.

Under the leadership of @GovernorVA and Virginia sanctuary politicians, the Commonwealth has become a refuge for violent illegal aliens. https://t.co/xbUOtYgh0p",DHSgov,2026-05-12T00:00:59.000Z,2053988775311667502,https://x.com/DHSgov/status/2053988775311667502,"Another day, another criminal illegal alien ARRESTED in @GovernorVA’s sanctuary Virginia.

Eduardo Perez-Legra is a criminal illegal alien from Cuba whose rap sheet includes FOUR felony convictions for drug trafficking.

Criminals CONTINUE to flock to sanctuary Virginia because they know Governor Spanberger and her fellow sanctuary politicians will protect them.",3_2053988771138342912,photo,https://github.com/vidproject/x/releases/download/media-DHSgov/3_2053988771138342912.jpg,29
DHSgov,core,2026-05-13T19:23:07.000Z,2054643620188459432,https://x.com/DHSgov/status/2054643620188459432,"Sanctuary Virginia continues to be a HOTBED for illegal alien crime.

Just this month, @ICEgov arrested a criminal illegal alien DRUG TRAFFICKER in Newport News.

Criminal illegal aliens flock to Virginia because they know @GovernorVA and her fellow Virginia sanctuary politicians will protect them.",DHSgov,2026-05-12T00:00:59.000Z,2053988775311667502,https://x.com/DHSgov/status/2053988775311667502,"Another day, another criminal illegal alien ARRESTED in @GovernorVA’s sanctuary Virginia.

Eduardo Perez-Legra is a criminal illegal alien from Cuba whose rap sheet includes FOUR felony convictions for drug trafficking.

Criminals CONTINUE to flock to sanctuary Virginia because they know Governor Spanberger and her fellow sanctuary politicians will protect them.",3_2053988771138342912,photo,https://github.com/vidproject/x/releases/download/media-DHSgov/3_2053988771138342912.jpg,29
DHSgov,core,2026-05-14T14:11:27.000Z,2054927575428796616,https://x.com/DHSgov/status/2054927575428796616,"TERRIFYING story out of Texas.

This criminal illegal alien from Mexico is linked to TWO separate murders over the course of six years.

Thanks to cooperation between local authorities and DHS, the men and women of @ICEgov are working to ensure this murderer is NEVER loose in our communities again.",DHSgov,2026-05-13T21:46:58.000Z,2054679823084089483,https://x.com/DHSgov/status/2054679823084089483,"🚨DALLAS: @ICEgov is asking local authorities to NOT RELEASE Luis Benitez-Gonzalez, a criminal illegal alien from Mexico, who has been accused of committing TWO MURDERS in Central Texas.

DNA evidence links Benitez-Gonzalez to separate murders in Texas over the course of six years: The killing of 28-year-old Alba Jenisse Aviles in Bastrop County in 2018, and the killing of 34-year-old Alyssa Ann Rivera in Austin in 2024.

Since Dallas cooperates with ICE law enforcement, we’re working with local law enforcement to ensure this murderer is NEVER loose in American neighborhoods again.",3_2054679820362014720,photo,https://github.com/vidproject/x/releases/download/media-DHSgov/3_2054679820362014720.jpg,21
DHSgov,core,2026-05-14T15:37:59.000Z,2054949354029420675,https://x.com/DHSgov/status/2054949354029420675,"“No family should have to bury their child like this. Stephanie’s life mattered, her voice mattered, her future mattered…her life was taken in a way that should have never happened.” —Cheryl Minter, mother of Stephanie Minter

This is why we fight. https://t.co/poh3woI9a9",DHSgov,2026-03-05T16:53:20.000Z,2029601164283486606,https://x.com/DHSgov/status/2029601164283486606,"Stephanie Minter, a beautiful American mother, would still be here if not for the insane policies of sanctuary politicians that allowed Abdul Jalloh—an illegal alien with more than 30 prior arrests—back onto American streets to maim and murder.

We continue to call on @GovernorVA and local authorities to honor @ICEgov’s detainer on this foreign national and not release him from jail into our communities.

Sanctuary politicians are for career criminals. We are for the American people.",13_2029601096805797893,video,https://github.com/vidproject/x/releases/download/media-DHSgov/13_2029601096805797893.mp4,27
DHSgov,core,2026-05-14T16:39:47.000Z,2054964906290508103,https://x.com/DHSgov/status/2054964906290508103,"COURAGEOUS OCEAN RESCUE.

@USCGSoutheast personnel rescued 11 people from the Atlantic Ocean after a plane crash off the coast of Florida.

God bless these heroes. https://t.co/9YNQxcURdB",DHSgov,2026-05-13T16:00:13.000Z,2054592561654775997,https://x.com/DHSgov/status/2054592561654775997,"HEROES IN ACTION.

After a plane crashed off the coast of Melbourne, Florida, the heroic men and women of @USCGSoutheast RESCUED all 11 people onboard.

Thank you to these heroes and all the @USCG personnel who work around the clock to protect our homeland. https://t.co/XkcE09bg6M",13_2054592485922336768,video,https://github.com/vidproject/x/releases/download/media-DHSgov/13_2054592485922336768.mp4,10
DHSgov,core,2026-05-14T17:10:08.000Z,2054972542595506353,https://x.com/DHSgov/status/2054972542595506353,"This tragedy was completely preventable.

Stephanie Minter would still be here if not for the insane policies of Fairfax sanctuary politicians that RELEASED Abdul Jalloh repeatedly from jail back onto American streets to maim and murder.

His prior criminal history included rape, malicious wounding, assault, drug possession, identity theft, trespassing, larceny, firing a weapon, and contributing to the delinquency of a minor.",DHSgov,2026-05-14T15:37:59.000Z,2054949354029420675,https://x.com/DHSgov/status/2054949354029420675,"“No family should have to bury their child like this. Stephanie’s life mattered, her voice mattered, her future mattered…her life was taken in a way that should have never happened.” —Cheryl Minter, mother of Stephanie Minter

This is why we fight. https://t.co/poh3woI9a9",13_2054949260899078145,video,https://github.com/vidproject/x/releases/download/media-DHSgov/13_2054949260899078145.mp4,0
DHSgov,core,2026-05-15T16:50:58.000Z,2055330107913363465,https://x.com/DHSgov/status/2055330107913363465,"AN UNSPEAKABLE CRIME.

Two illegal aliens SHOT a pregnant woman in Dallas — resulting in the death of her unborn child.

One of these monsters was RELEASED into our nation by the Biden Administration in 2022. https://t.co/fb7rEvjRLe",DHSgov,2026-05-14T22:20:30.000Z,2055050649532793085,https://x.com/DHSgov/status/2055050649532793085,"DALLAS: @ICEgov is asking local authorities to NOT RELEASE two illegal aliens facing felony charges for a shooting that resulted in the DEATH of an unborn baby.

Keyner Ariel Calero-Jiron, a Nicaraguan national, and a 17-year-old accomplice carried out a shooting that left three people injured — including a pregnant woman. Her unborn child died after an emergency C-section.

This is an UNSPEAKABLE crime. Working alongside our partners in Dallas, we will ensure these monsters can NEVER again terrorize our communities.",3_2055050647209123840,photo,https://github.com/vidproject/x/releases/download/media-DHSgov/3_2055050647209123840.jpg,0
DHSgov,core,2026-05-15T20:26:27.000Z,2055384335709044742,https://x.com/DHSgov/status/2055384335709044742,"Virginia sanctuary politicians are fighting to protect criminals.

We’re fighting to protect Americans. https://t.co/8ood8674WG",DHSgov,2026-05-15T17:35:52.000Z,2055341405405348130,https://x.com/DHSgov/status/2055341405405348130,".@SecMullinDHS joined @ICEgov law enforcement this morning in Virginia as they worked to REMOVE criminal illegal aliens from local communities.

Instead of choosing to release criminal illegal aliens from jail, Governor Spanberger should work with US to keep Virginians safe. https://t.co/CpmEe5BnKY",13_2055341342029381632,video,https://github.com/vidproject/x/releases/download/media-DHSgov/13_2055341342029381632.mp4,0
DHSgov,core,2026-05-16T18:37:10.000Z,2055719223201292706,https://x.com/DHSgov/status/2055719223201292706,"DANGEROUS ARSONIST ARRESTED.

This illegal alien set fire to 10 cars in Freeport, with several of the fires taking place in a parking lot near a children’s center.

@ICEgov arrested this dangerous criminal illegal alien who NEVER should have been in our country in the first place.",DHSgov,2026-05-15T23:42:52.000Z,2055433767431405608,https://x.com/DHSgov/status/2055433767431405608,"NASSAU COUNTY, NEW YORK: @ICEgov has ARRESTED Elder Lopez-Avalos, a criminal illegal alien ARSONIST from Guatemala.

Lopez-Avalos set fire to 10 cars in Freeport — and several of the acts of arson took place in a parking lot near a children’s center.

Thanks to cooperation with the Nassau County Police Department, ICE took Lopez-Avalos into custody on May 12.",3_2055433765032165376,photo,https://github.com/vidproject/x/releases/download/media-DHSgov/3_2055433765032165376.jpg,12
DHSgov,core,2026-05-18T13:51:14.000Z,2056372040022524244,https://x.com/DHSgov/status/2056372040022524244,"AMERICA IS CLOSED TO LAWBREAKERS.

If you enter our country illegally, you WILL face the consequences — including fines.

Under @POTUS and @SecMullinDHS, we are enforcing our nation’s laws.",DHSgov,2026-05-14T17:44:40.000Z,2054981234883699132,https://x.com/DHSgov/status/2054981234883699132,"Our borders are CLOSED to all lawbreakers.

Do NOT cross into our nation illegally — you will face the consequences. https://t.co/tVTclId1SJ",3_2054981230752415744,photo,https://github.com/vidproject/x/releases/download/media-DHSgov/3_2054981230752415744.jpg,44
DHSgov,core,2026-05-18T15:27:57.000Z,2056396380847948104,https://x.com/DHSgov/status/2056396380847948104,".@ICEgov law enforcement put their lives on the line to remove CRIMINALS from our neighborhoods.

We need @GovernorVA and Virginia sanctuary politicians to work with us to remove violent criminals and protect the Commonwealth’s communities. https://t.co/z3DggFd9fZ",DHSgov,2026-05-15T15:16:21.000Z,2055306295805202668,https://x.com/DHSgov/status/2055306295805202668,“ICE is there for a reason. They’re supposed to be keeping these violent criminals out of our country.” —Angel Mom Cheryl Minter https://t.co/ewHnQEdxr1,13_2055306217388400640,video,https://github.com/vidproject/x/releases/download/media-DHSgov/13_2055306217388400640.mp4,0
DHSgov,core,2026-05-19T14:10:39.000Z,2056739314046742587,https://x.com/DHSgov/status/2056739314046742587,"DISGUSTING story out of Florida.

This criminal illegal alien REPEATEDLY had sex with a 12-YEAR-OLD GIRL.

He was into our nation by the Biden Administration — and now @ICEgov is making sure he is NEVER AGAIN allowed back into our communities. https://t.co/8F5NxnN0YW",DHSgov,2026-05-18T22:35:01.000Z,2056503853022097427,https://x.com/DHSgov/status/2056503853022097427,"MARTIN COUNTY, FLORIDA: @ICEgov is asking local authorities to NOT RELEASE an illegal alien monster who repeatedly sexually abused a 12-YEAR-OLD.

Henry Roldan Perez-Roblero, a Guatemalan national, was arrested after being caught having sex with the 12-year-old girl. The abuse is believed to have lasted 2 YEARS.

Working alongside our partners in Florida, ICE is ensuring this creep is NEVER released back into our communities to victimize another innocent child.",3_2056503848223539200,photo,https://github.com/vidproject/x/releases/download/media-DHSgov/3_2056503848223539200.jpg,26
DHSgov,core,2026-05-19T15:24:11.000Z,2056757818292572452,https://x.com/DHSgov/status/2056757818292572452,"This illegal alien PYROMANIAC set fire to TEN cars and was a clear public safety threat.

Thank you to our local partners in Nassau County who helped @ICEgov and @CBP arrest this arsonist.

If you come into our country and break our laws, we will ARREST and DEPORT you.

https://www.dailysignal.com/2026/05/18/dhs-arrest-illegal-new-york/",DHSgov,2026-05-15T23:42:52.000Z,2055433767431405608,https://x.com/DHSgov/status/2055433767431405608,"NASSAU COUNTY, NEW YORK: @ICEgov has ARRESTED Elder Lopez-Avalos, a criminal illegal alien ARSONIST from Guatemala.

Lopez-Avalos set fire to 10 cars in Freeport — and several of the acts of arson took place in a parking lot near a children’s center.

Thanks to cooperation with the Nassau County Police Department, ICE took Lopez-Avalos into custody on May 12.",3_2055433765032165376,photo,https://github.com/vidproject/x/releases/download/media-DHSgov/3_2055433765032165376.jpg,12
DHSgov,core,2026-05-19T20:31:03.000Z,2056835046103814224,https://x.com/DHSgov/status/2056835046103814224,"HEARTBREAKING.

A 9-year-old girl was killed after her mother, an illegal alien from Mexico, crashed their car.

Thanks to cooperation between local authorities and @ICEgov, our detainer was honored and @ERO__Phoenix ARRESTED this criminal. https://t.co/8sqQw8jxmZ",DHSgov,2026-05-19T18:27:45.000Z,2056804016433340453,https://x.com/DHSgov/status/2056804016433340453,".@ERO__Phoenix has ARRESTED a criminal illegal alien involved in a rollover collision that KILLED her 9-year-old.

Brenda Liliana Rivera-Estrada, an illegal alien from Mexico, was arrested by local police after the crash on charges for manslaughter and abuse. Her daughter was ejected from the vehicle and three other children were injured.

Thank you to local authorities who honored our detainer and turned this criminal over to @ICEgov.",3_2056804012926607360,photo,https://github.com/vidproject/x/releases/download/media-DHSgov/3_2056804012926607360.jpg,3
DHSgov,core,2026-05-20T13:33:42.000Z,2057092404990169173,https://x.com/DHSgov/status/2057092404990169173,"“That murder was absolutely preventable.” — Fairfax County Police Chief Kevin Davis on the murder of Stephanie Minter by illegal alien Abdul Jalloh.

Stephanie Minter would still be here if not for the INSANE policies of Fairfax sanctuary politicians that REPEATEDLY released Jalloh from jail onto American streets.",DHSgov,2026-03-05T16:53:20.000Z,2029601164283486606,https://x.com/DHSgov/status/2029601164283486606,"Stephanie Minter, a beautiful American mother, would still be here if not for the insane policies of sanctuary politicians that allowed Abdul Jalloh—an illegal alien with more than 30 prior arrests—back onto American streets to maim and murder.

We continue to call on @GovernorVA and local authorities to honor @ICEgov’s detainer on this foreign national and not release him from jail into our communities.

Sanctuary politicians are for career criminals. We are for the American people.",13_2029601096805797893,video,https://github.com/vidproject/x/releases/download/media-DHSgov/13_2029601096805797893.mp4,27
DHSgov,core,2026-05-20T18:20:05.000Z,2057164473455026370,https://x.com/DHSgov/status/2057164473455026370,"This illegal alien MONSTER hit a child with his car — and California sanctuary politicians RELEASED HIM.

@CAgovernor and his fellow sanctuary politicians must STOP putting American lives at risk by releasing criminals like this into our communities to commit more crimes and hurt more innocent people.",DHSgov,2026-05-20T14:08:27.000Z,2057101149853958591,https://x.com/DHSgov/status/2057101149853958591,"FRESNO, CA: @ICEgov has arrested Aman Kumar, a criminal illegal alien from India who was RELEASED by California sanctuary politicians after causing a hit-and-run accident that injured a 4-year-old boy.

Thanks to the brave men and women of ICE law enforcement, this MONSTER can no longer hurt any more innocent victims.",3_2057101147387691008,photo,https://github.com/vidproject/x/releases/download/media-DHSgov/3_2057101147387691008.jpg,6
DHSgov,core,2026-05-20T19:32:20.000Z,2057182656731689171,https://x.com/DHSgov/status/2057182656731689171,"This illegal alien PREDATOR was RELEASED into our nation by the Biden administration.

Thanks to the heroic men and women of @ICEgov, he will NEVER be able to victimize another innocent child. https://t.co/Dht0ETFDqk",DHSgov,2026-05-18T22:35:01.000Z,2056503853022097427,https://x.com/DHSgov/status/2056503853022097427,"MARTIN COUNTY, FLORIDA: @ICEgov is asking local authorities to NOT RELEASE an illegal alien monster who repeatedly sexually abused a 12-YEAR-OLD.

Henry Roldan Perez-Roblero, a Guatemalan national, was arrested after being caught having sex with the 12-year-old girl. The abuse is believed to have lasted 2 YEARS.

Working alongside our partners in Florida, ICE is ensuring this creep is NEVER released back into our communities to victimize another innocent child.",3_2056503848223539200,photo,https://github.com/vidproject/x/releases/download/media-DHSgov/3_2056503848223539200.jpg,26
DHSgov,core,2026-05-21T14:23:49.000Z,2057467404590969089,https://x.com/DHSgov/status/2057467404590969089,http://JOIN.JUSTICE.GOV,RapidResponse47,2026-05-21T13:46:19.000Z,2057457966740111590,https://x.com/RapidResponse47/status/2057457966740111590,"Trump administration onboards 82 new immigration judges in bid to speed up deportation cases
https://www.cbsnews.com/news/trump-administration-82-new-immigration-judges-deportation-cases/",,,,62
DHSgov,core,2026-05-21T15:44:40.000Z,2057487749960131006,https://x.com/DHSgov/status/2057487749960131006,"SANCTUARY CALIFORNIA: @ICEgov is calling on @GovernorCA and California sanctuary politicians to NOT RELEASE this criminal illegal alien truck driver who KILLED TWO PEOPLE.

Manvir Singh, an illegal alien from India, veered off the road, hit a guardrail and triggered a crash that killed two people. He then attempted to FLEE the scene on foot.

Singh entered the U.S. illegally in 2023 and was RELEASED into our communities by the Biden Administration.",DHSgov,2026-05-21T14:50:15.000Z,2057474055930798369,https://x.com/DHSgov/status/2057474055930798369,"This NEVER should have happened.

Criminal illegal alien Manvir Singh was behind the wheel of a semi-truck when he caused a crash that KILLED two innocent people.

This is ANOTHER example of why illegal aliens should NOT be allowed to operate trucks on our highways. https://t.co/D6eDde9ADr",13_2057473989656645632,video,https://github.com/vidproject/x/releases/download/media-DHSgov-0002/13_2057473989656645632.mp4,70
DHSgov,core,2026-05-21T22:29:58.000Z,2057589747304788207,https://x.com/DHSgov/status/2057589747304788207,".@HSI_HQ’s apprehension of Lastres Morera delivers a powerful message that this administration can take prompt action to defend our homeland, safeguard our foreign policy interests, and enforce our nation’s laws.",HSI_HQ,2026-05-21T22:27:09.000Z,2057589039826374775,https://x.com/HSI_HQ/status/2057589039826374775,"🚨 BREAKING: Today, HSI successfully apprehended Adys Lastres Morera, an alien from Cuba in lawful permanent resident status, after @SecRubio issued a determination of deportability under applicable law. https://t.co/8WoCkiK25R",3_2057586525752160257 3_2057587092239122432,photo photo,https://github.com/vidproject/x/releases/download/media-HSI_HQ/3_2057586525752160257.jpg https://github.com/vidproject/x/releases/download/media-HSI_HQ/3_2057587092239122432.jpg,35
DHSgov,core,2026-05-22T12:50:43.000Z,2057806363137327313,https://x.com/DHSgov/status/2057806363137327313,".@ICEgov is working everyday to arrest violent, depraved criminals who NEVER should have been in our country in the first place.

Under @POTUS Trump and @SecMullinDHS, we will continue Making America Safe Again. https://t.co/cgT3Aii6Nd",DHSgov,2026-05-21T21:36:46.000Z,2057576360101462422,https://x.com/DHSgov/status/2057576360101462422,"From day one, @ICEgov has been delivering on @POTUS Trump’s promise to the American people to arrest and deport the worst of the worst.

Yesterday, ICE arrested criminal illegal aliens convicted for murder, rape of a child and sexual contact with a child:",,,,7
DHSgov,core,2026-05-22T16:50:37.000Z,2057866733906501703,https://x.com/DHSgov/status/2057866733906501703,"WATCH: SMUGGLING ATTEMPT STOPPED.

@CBPAMO, Border Patrol, and @HSI_HQ intercepted a vessel off the coast of Puerto Rico transporting 64 migrants. The aliens, 58 Dominican nationals and 6 Haitian nationals, have been processed for removal proceedings.

Our borders are CLOSED.",CBPAMO,2026-05-22T14:03:51.000Z,2057824766690570463,https://x.com/CBPAMO/status/2057824766690570463,"EXCLUSIVE VIDEO: Disabling fire needed to stop non-compliant vessel with 64 Illegal Aliens onboard!

On May 9, our Michel O. Maceda Marine Unit detected and interdicted a non-compliant Yola-type vessel carrying 64 individuals on the western side of Puerto Rico.

Marine Interdiction Agents discovered 64 illegal aliens from the Dominican Republic and Haiti onboard. The subjects were transferred onto AMO and PRPD FURA marine assets and transported to the Mayaguez Port of Entry. Border Patrol agents, with support from HSI and PRPD, processed the group at the Ramey Border Patrol Station for removal proceedings. #BorderSecurity",13_2057823749068464128,video,https://github.com/vidproject/x/releases/download/media-CBPAMO/13_2057823749068464128.mp4,8
DHSgov,core,2026-05-22T21:11:38.000Z,2057932423157924213,https://x.com/DHSgov/status/2057932423157924213,“Her life was stolen by a man who should have never been in this country…no family should ever have to bury a child because public officials failed to put innocent American lives first.” —Angel Mom Jessica Gorman https://t.co/OieJrzNcSE,DHSgov,2026-04-15T20:13:55.000Z,2044509545364385974,https://x.com/DHSgov/status/2044509545364385974,"Sheridan Gorman had her whole life ahead of her before this cold-blooded killer decided to end her life. She was failed by open border policies and sanctuary politicians who RELEASED this illegal alien TWICE before he went on to commit this heinous murder.

We are calling on Governor J.B. Pritzker and Chicago’s sanctuary politicians to commit to not releasing this criminal illegal alien from jail back into American neighborhoods.",13_2044509485310353408,video,https://github.com/vidproject/x/releases/download/media-DHSgov/13_2044509485310353408.mp4,15
DHSgov,core,2026-05-22T21:21:37.000Z,2057934934292005125,https://x.com/DHSgov/status/2057934934292005125,"""No family should have to become experts in immigration failures, release policies, warrants, sanctuary laws, and enforcement breakdowns because their daughter was killed by someone who should not have been here."" — Angel Father Tom Gorman https://t.co/zJDZiCv94R",DHSgov,2026-05-22T21:11:38.000Z,2057932423157924213,https://x.com/DHSgov/status/2057932423157924213,“Her life was stolen by a man who should have never been in this country…no family should ever have to bury a child because public officials failed to put innocent American lives first.” —Angel Mom Jessica Gorman https://t.co/OieJrzNcSE,13_2057932253745836032,video,https://github.com/vidproject/x/releases/download/media-DHSgov-0002/13_2057932253745836032.mp4,8
DHSgov,core,2026-05-29T00:46:10.000Z,2060160738606395892,https://x.com/DHSgov/status/2060160738606395892,"Discover the truth.

http://ALIENS.GOV",WhiteHouse,2026-05-29T00:23:37.000Z,2060155064065429753,https://x.com/WhiteHouse/status/2060155064065429753,"They don’t belong here.

The truth has dropped ➡️ http://Aliens.Gov https://t.co/ZLN4skcg1g",3_2060155060735135744,photo,https://github.com/vidproject/x/releases/download/media-WhiteHouse/3_2060155060735135744.jpg,957
DHSgov,core,2026-05-29T18:24:46.000Z,2060427144765849841,https://x.com/DHSgov/status/2060427144765849841,"Sanctuary Spanberger continues to put criminal illegal aliens over Virginians.

This criminal had a PREVIOUS @ICEgov detainer — and sanctuary politicians RELEASED HIM from jail. He then went then went on to rack up charges for RAPE and SEXUAL ASSAULT.

Instead of releasing criminals from jail, @GovernorVA should work with US to keep Virginians safe.",SecMullinDHS,2026-05-29T00:02:31.000Z,2060149753787089008,https://x.com/SecMullinDHS/status/2060149753787089008,"Sanctuary politicians put illegal alien criminals over their own citizens.

Just look at Virginia. ⬇️

Here is the latest horrific consequence of illegal alien crime on @GovernorVA Abigail Spanberger’s watch.

7/10 safest cities in America cooperate with @ICEgov. This is why.",,,,6
DHSgov,core,2026-05-29T20:02:09.000Z,2060451651123662876,https://x.com/DHSgov/status/2060451651123662876,"Comparisons of illegal alien detention centers to internment camps used during World War II are deranged and lazy.

These types of smears against our brave @ICEgov law enforcement are contributing to our officers facing coordinated campaigns of violence against them and more than 1,300% INCREASE in assaults against them.",SecMullinDHS,2026-05-29T18:51:04.000Z,2060433762916139518,https://x.com/SecMullinDHS/status/2060433762916139518,"If you break our immigration laws, you will be detained and deported.

I don’t make the laws, Congress does.

@CoryBooker is trying to turn an ICE detention center—which houses illegal alien criminals—into a political football for his radical left base.

There’s still time for him to drop the act, fund our federal law enforcement, and put the American people first.",,,,56
DHSgov,core,2026-05-30T01:09:40.000Z,2060529040503492904,https://x.com/DHSgov/status/2060529040503492904,"Justice will be served.

The Trump Administration will always have the backs of our heroic law enforcement as they put their lives on the line to protect our nation.",SecMullinDHS,2026-05-30T01:03:36.000Z,2060527513646874838,https://x.com/SecMullinDHS/status/2060527513646874838,"Thank you to the @FBI for arresting a rioter who threatened to kill an @ICEgov law enforcement officer and his family outside Delaney Hall.

Our officers are facing an 8,000% increase in death threats against them as they put their lives on the line to arrest the worst of the worst.

@POTUS and I will always stand with our law enforcement.",,,,54
DOWResponse,government,2025-03-31T18:28:27.000Z,1906775616982028712,https://x.com/DOWResponse/status/1906775616982028712,🇺🇸🇺🇸🇺🇸,RapidResponse47,2025-03-31T18:16:22.000Z,1906772573674692808,https://x.com/RapidResponse47/status/1906772573674692808,🚨 https://t.co/S7bF9LuNAO,3_1906772514556026880,photo,,60
DOWResponse,government,2025-06-19T16:55:44.000Z,1935743312331161683,https://x.com/DOWResponse/status/1935743312331161683,"Congratulations to Commissioner Scott.

We look forward to working with him on achieving 100% Operational control of the Southern Border.",CBP,2025-06-18T20:49:54.000Z,1935439852360573158,https://x.com/CBP/status/1935439852360573158,"The Senate has confirmed Rodney Scott as CBP Commissioner. A 30-year veteran of the Border Patrol, he’s back to lead the mission he helped build—strengthening enforcement, restoring law and order, and putting America first. 🇺🇸 https://t.co/tORbJE07EW",3_1935439850058010624,photo,https://github.com/vidproject/x/releases/download/media-CBP-0002/3_1935439850058010624.jpg,23
DOWResponse,government,2025-06-22T21:50:35.000Z,1936904676324106544,https://x.com/DOWResponse/status/1936904676324106544,Welcome home boys!,WhiteHouse,2025-06-22T21:35:37.000Z,1936900911147745735,https://x.com/WhiteHouse/status/1936900911147745735,God bless the United States Military — the greatest force for freedom the world has ever known. 🇺🇸🦅 https://t.co/n5zjcsu3o4,13_1936900589285167104,video,,365
DOWResponse,government,2026-02-25T02:48:36.000Z,2026489478228169080,https://x.com/DOWResponse/status/2026489478228169080,CONGRATULATIONS TO AMERICA’S SECRETARY OF DEFENSE 🇺🇸🇺🇸🇺🇸 https://t.co/5jvrug8qx7,RapidResponse47,2026-02-25T02:44:33.000Z,2026488459246940339,https://x.com/RapidResponse47/status/2026488459246940339,.@POTUS announces that Team USA Gold Medal Hockey hero Connor Hellebuyck will be awarded the Presidential Medal of Freedom 🇺🇸 https://t.co/ukNLhjSmoh,13_2026488389537546240,video,,17
David_J_Bier,public,2025-12-26T14:31:11.000Z,2004560628862931347,https://x.com/David_J_Bier/status/2004560628862931347,Remember this is the department that deports persecuted Christians and shoots pastors and priests for objecting.,DHSgov,2025-12-25T15:10:08.000Z,2004208041605128250,https://x.com/DHSgov/status/2004208041605128250,"Rejoice America, Christ is born! https://t.co/tZgLyTxkVn",13_2004207944712220672,video,https://github.com/vidproject/x/releases/download/media-DHSgov-0002/13_2004207944712220672.mp4,725
David_J_Bier,public,2025-12-26T19:54:09.000Z,2004641906400051302,https://x.com/David_J_Bier/status/2004641906400051302,Both Sinatra and Martin were children of immigrants from the undeveloped world,StephenM,2025-12-26T17:03:39.000Z,2004598998519410947,https://x.com/StephenM/status/2004598998519410947,"Watched the Dean Martin and Frank Sinatra Family Christmas with my kids.

Imagine watching that and thinking America needed infinity migrants from the third world.",,,,1670
David_J_Bier,public,2025-12-29T19:38:54.000Z,2005725233370870213,https://x.com/David_J_Bier/status/2005725233370870213,"Another day, another inaccurate DHS post. According to Serrano-Esquivel, ICE had him handcuffed INSIDE THEIR VEHICLE, causing him to be injured when he couldn't use his hands to protect himself in the crash. Is it typical for ICE to do car chases w/ humans tied up in the back?",DHSgov,2025-12-24T20:50:38.000Z,2003931344553095309,https://x.com/DHSgov/status/2003931344553095309,"Today, @ICEgov officers were conducting a targeted immigration enforcement operation in Glen Burnie, Maryland. Agents positively identified the driver of a van as Tiago Alexandre Sousa-Martins, an illegal alien from Portugal. In the passenger seat was Solomon Antonio Serrano-Esquivel, an illegal alien from El Salvador.

Officers approached the vehicle and instructed Sousa-Martins to turn off the engine. The driver refused and attempted to flee, then weaponized his vehicle and began ramming his van into several ICE vehicles.

He then drove his van directly at ICE officers, attempting to run them over.

Fearing for their lives and public safety, the ICE officers defensively fired their service weapons, striking the driver. Sousa-Martins then wrecked his van between two buildings, injuring the passenger.

Officers rendered immediate medical aid to both the driver of the vehicle and the passenger, who were transported to a local hospital for treatment. Both are in stable condition and expected to recover.

Thankfully, the ICE officers were not severely injured.

This incident is still under investigation.

Our brave officers are risking their lives every day to keep American communities safe by arresting and removing illegal aliens from our streets. Continued efforts to encourage illegal aliens and violent agitators to actively resist ICE will only lead to more violent incidents, the extremist rhetoric must stop.",3_2003931336004743168 3_2003931336017432576 3_2003931336021544960 3_2003931336013160448,photo photo photo photo,https://github.com/vidproject/x/releases/download/media-DHSgov-0002/3_2003931336004743168.jpg https://github.com/vidproject/x/releases/download/media-DHSgov-0002/3_2003931336017432576.jpg https://github.com/vidproject/x/releases/download/media-DHSgov-0002/3_2003931336021544960.jpg https://github.com/vidproject/x/releases/download/media-DHSgov-0002/3_2003931336013160448.jpg,128
David_J_Bier,public,2026-02-17T16:55:51.000Z,2023803593779016008,https://x.com/David_J_Bier/status/2023803593779016008,"The driver was wrong, but ICE official policy doesn't allow dangerous vehicle pursuits just to effectuate a civil arrest. ICE keeps raising the stakes for every arrest, leading people to flee, and then ICE engages in reckless chases, endangering the public. Follow the training!",ICEgov,2026-02-17T15:35:06.000Z,2023783271335604407,https://x.com/ICEgov/status/2023783271335604407,"This is an utterly disgusting lie.

A Guatemalan criminal illegal alien fled from law enforcement and crashed into another vehicle, killing Linda Davis — an American citizen and beloved teacher at Hesse K-8.

This tragic loss of life at the hands of someone who shouldn't be here could have been prevented.

Our prayers are with the Savannah, GA, community and the family of Linda Davis.",3_2023783162027872256,photo,https://github.com/vidproject/x/releases/download/media-ICEgov-0002/3_2023783162027872256.jpg,0
David_J_Bier,public,2026-05-18T20:09:30.000Z,2056467232327111068,https://x.com/David_J_Bier/status/2056467232327111068,"""Cato’s brand of libertarianism works great in theory and on a spreadsheet."" -In other words, it's grounded in the world's best moral theory, and its empirical conclusions are rigorously tested with data. But we don't like it because we want to blame foreigners for everything.",GregoryKBovino,2026-05-18T19:45:44.000Z,2056461253389033687,https://x.com/GregoryKBovino/status/2056461253389033687,"If the Cato Institute comes out swinging for open borders, more free trade that hollows out our industries, or against any real border enforcement , take the opposite position immediately.

That’s not ideology, that’s pattern recognition.

Cato’s brand of libertarianism works great in theory and on a spreadsheet.  In the real world, it consistently pushes policies that dissolve national cohesion and hand the country over to whoever shows up.

Want to keep an actual country with a culture, an economy, and a future?

Simple rule: Cato’s for it, we do the opposite. Works every time",,,,19
David_J_Bier,public,2026-06-10T18:13:35.000Z,2064772983558660193,https://x.com/David_J_Bier/status/2064772983558660193,"Wait, they are celebrating this like it's some great achievement? Good grief. How low their bar is.",DHSgov,2026-06-10T15:56:15.000Z,2064738420610457997,https://x.com/DHSgov/status/2064738420610457997,"Congressional Democrats kept DHS shut down for more than 100 days in an attempt to stop our work to secure our border and remove criminals from our communities.

Under @POTUS Trump's leadership, we will never give up our mission to Make America Safe Again. https://t.co/ao1zL62ejy",13_2064737984352522240,video,https://github.com/vidproject/x/releases/download/media-DHSgov-0004/13_2064737984352522240.mp4,5
David_J_Bier,public,2026-06-11T17:56:27.000Z,2065131058811609270,https://x.com/David_J_Bier/status/2065131058811609270,They are openly saying it's not about the Constitution or the rule of law. They're saying that they think the path to prosperity comes from deporting our fellow US-born Americans.,WhiteHouse,2026-06-11T14:57:09.000Z,2065085938171043929,https://x.com/WhiteHouse/status/2065085938171043929,"""The United States States of America cannot live with the shackles of Birthright Citizenship. It is not economically, or otherwise, sustainable, and no other Country in the World, of consequence, does it!"" - President Donald J. Trump https://t.co/EO6UcsoN7J",3_2065085921217667072,photo,,286
David_J_Bier,public,2026-06-11T21:19:35.000Z,2065182177931796922,https://x.com/David_J_Bier/status/2065182177931796922,These people are shameless. Does anyone believe they have the best interest of these children at heart? They are locating them to deport them and their families to far worse sufferings than they experienced here,DHSgov,2026-06-11T19:14:33.000Z,2065150714884600071,https://x.com/DHSgov/status/2065150714884600071,"The Biden Administration turned a blind eye as countless unaccompanied migrant children were lost.

Many of these children were sex trafficked, abused, and exploited by violent cartels, gangs, and smugglers.

Under @POTUS Trump and @SecMullinDHS, we’ve located 146,000 of these children — and we will not stop until every last one is found.",3_2065150711617220608,photo,https://github.com/vidproject/x/releases/download/media-DHSgov-0004/3_2065150711617220608.jpg,81
DecodingFoxNews,public,2026-05-10T19:55:25.000Z,2053564584854802868,https://x.com/DecodingFoxNews/status/2053564584854802868,I don’t know if this is true or not but HIV treatment helps prevent the spread of the disease. I would gladly have my tax dollars spent to prevent the spread of HIV. That is money well spent. Patients on HIV treatment can live long and healthy lives and NOT spread the virus.,GregoryKBovino,2026-05-09T20:11:44.000Z,2053206305004028087,https://x.com/GregoryKBovino/status/2053206305004028087,"I’m in Oklahoma right now and just saw this: nearly 10% of the HIV patients at OSU’s clinic are illegal aliens getting free treatment on the federal dime. Who’s paying for this? The same people shielding them from ICE feel great about it, but don’t lose any sleep spending our money on a net loss for the country. Maybe I should spread my wings and help a few of them self-deport.​​​​​​​​​​​​​​​​​​​​​​​​​​​​​​​​​​​​​​​​​​​​​​​​​​ @BorderHawkNews @KatieZacharia",3_2053206298951622656,photo,https://github.com/vidproject/x/releases/download/media-GregoryKBovino/3_2053206298951622656.jpg,467
DonaldJTrumpJr,public,2025-06-20T13:54:27.000Z,1936060078127243601,https://x.com/DonaldJTrumpJr/status/1936060078127243601,"Another great reason to pass the Big Beautiful Bill is it includes the Educational Choice for Children Act, which will deliver school choice for kids nationwide. My father promised to stand up to the leftist teachers unions and fight for our kids...and he's doing exactly that! 🇺🇸",WhiteHouse,2025-06-18T19:07:26.000Z,1935414065737650402,https://x.com/WhiteHouse/status/1935414065737650402,The One Big Beautiful Bill expands education freedom nationwide. 🇺🇸📚 https://t.co/SZEfjxVGCR,3_1935412901948301312,photo,,52
DonaldJTrumpJr,public,2025-09-28T13:42:57.000Z,1972295969866977773,https://x.com/DonaldJTrumpJr/status/1972295969866977773,James Comey isn't above the law.,RapidResponse47,2025-09-28T13:33:01.000Z,1972293471672393997,https://x.com/RapidResponse47/status/1972293471672393997,".@VP: ""This was a grand jury indictment delivered in Alexandria, Virginia—not exactly a hotbed of Donald Trump's political support... When I look at this indictment, I see a guy who lied under oath... The idea that this is driven by politics, I think is preposterous..."" https://t.co/FWQSrUFT2a",13_1972292352547893248,video,,34
DonaldJTrumpJr,public,2026-03-16T14:50:21.000Z,2033556479475622315,https://x.com/DonaldJTrumpJr/status/2033556479475622315,LFG!!! 💪💪💪,PressSec,2026-03-16T13:58:24.000Z,2033543407788822696,https://x.com/PressSec/status/2033543407788822696,"President Trump to formally name Vice President @JDVance chair of fraud task force — with California, New York among states in crosshairs

https://nypost.com/2026/03/16/us-news/trump-to-formally-name-vance-chair-of-fraud-task-force-with-these-states-in-crosshairs/",,,,191
DonaldJTrumpJr,public,2026-03-22T23:35:36.000Z,2035862992512758048,https://x.com/DonaldJTrumpJr/status/2035862992512758048,This is on brand for Democrats. There is no group of people who will fight harder to put the interests of illegal aliens ahead of American citizens.,RapidResponse47,2026-03-22T23:28:01.000Z,2035861084955922497,https://x.com/RapidResponse47/status/2035861084955922497,"Nationwide disruption, brought to you by Democrats — who have repeatedly declined to fund @DHSgov https://t.co/1Llm3xlx91",3_2035860898896871424,photo,,29
DonaldJTrumpJr,public,2026-04-05T12:17:14.000Z,2040765707785314560,https://x.com/DonaldJTrumpJr/status/2040765707785314560,"This is the Easter miracle I was praying for today. Pilot, WSO rescued and all rescue operators safely out of Iran. What an extraordinary mission behind enemy lines. Shot down in Good Friday rescued on Easter. You couldn't ask for anything more perfect. Happy Easter all.",WhiteHouse,2026-04-05T04:15:25.000Z,2040644451513598220,https://x.com/WhiteHouse/status/2040644451513598220,"🚨“WE GOT HIM! My fellow Americans, over the past several hours, the United States Military pulled off one of the most daring Search and Rescue Operations in U.S. History, for one of our incredible Crew Office Members, who also happens to be a highly respected Colonel, and who I am thrilled to let you know is SAFE and SOUND!” - President Donald J. Trump 🇺🇸",3_2040644447634075648,photo,https://github.com/vidproject/x/releases/download/media-WhiteHouse/3_2040644447634075648.jpg,4442
EROBuffalo,core,2021-05-14T15:31:38.000Z,1393227512315060224,https://x.com/EROBuffalo/status/1393227512315060224,"#DYK ICE has a National Honor Guard?
In addition to honoring the fallen, they represent the agency at formal events and ceremonies. https://x.com/ICEgov/status/1392198836366594058/photo/1 https://x.com/ICEgov/status/1392198836366594058?s=20",ICEgov,2021-05-11T19:24:03.000Z,1392198836366594058,https://x.com/ICEgov/status/1392198836366594058,"#DYK ICE has a National Honor Guard? In addition to honoring the fallen, they   represent the agency at formal events and ceremonies. https://t.co/ajoAYKdAme",3_1392198831186526216,photo,,2
ERODenver,core,2025-06-17T21:03:01.000Z,1935080765747835064,https://x.com/ERODenver/status/1935080765747835064,"An ICE agent was assaulted today at the Immigration Court in Denver, while performing their lawful duties. ICE stands firm against any attacks on law enforcement and will relentlessly pursue prosecution for anyone who assaults, impedes, or interferes with our operations.",ICEgov,2025-06-13T19:05:13.000Z,1933601571251552347,https://x.com/ICEgov/status/1933601571251552347,"Assaulting, harassing and doxing ICE officers and special agents is against the law.

@thejusticedept will prosecute you for these federal crimes! https://t.co/ouhDMwSzl8",3_1933601567548006400,photo,https://github.com/vidproject/x/releases/download/media-ICEgov-0002/3_1933601567548006400.jpg,7
ERODenver,core,2026-04-09T21:45:08.000Z,2042358173944713341,https://x.com/ERODenver/status/2042358173944713341,"Carissa Aspnes was riding on the back of a motorcycle when an unlicensed, uninsured and ILLEGAL ALIEN cut across three lanes of traffic and hit her. She was left with life altering injuries. ICE Denver deported that alien who should never have been here.",ICEgov,2026-04-09T20:34:00.000Z,2042340271749206202,https://x.com/ICEgov/status/2042340271749206202,"Carissa Aspnes was seriously and tragically injured in a hit-and-run accident caused by an illegal alien who should never have been in our country, let alone behind the wheel.

ICE deported the illegal alien who robbed Carissa of her dreams and her voice. And ICE’s VOICE Office will aways stand behind her and her family.

ICE thanks Patricia Fox, Carissa’s mother, for the strength she showed today telling her daughter’s story.",13_2042332716025171968,video,https://github.com/vidproject/x/releases/download/media-ICEgov/13_2042332716025171968.mp4,6
ERODetroit,core,2023-05-19T12:45:00.000Z,1659540658225561600,https://x.com/ERODetroit/status/1659540658225561600,.@ERODetroit  stands with our @DHSgov partners in honoring those who have made the ultimate sacrifice to protect and serve. We will carry on their legacy by continuing to safeguard the #Michigan and #Ohio communities in which we live and work.  #NPW2023,DHSgov,2023-05-18T21:45:07.000Z,1659314195576258560,https://x.com/DHSgov/status/1659314195576258560,We grieve with the families of our fallen heroes. We will forever remember and pay tribute to those we have lost. We honor their memory by continuing our service to country and the law enforcement mission. #PoliceWeek https://t.co/S1LxfOMFMf,3_1659314174630002690,photo,,3
EROMiami,core,2022-11-18T17:03:33.000Z,1593651135172182020,https://x.com/EROMiami/status/1593651135172182020,The men and women of @EROMiami would like to offer our deepest condolences to the family friends &amp; our brothers &amp; sisters @CBPAMO &amp; @CBPCaribbean who tragically lost one of their Marine Interdiction Agents. Also praying for a speedy recovery for the 2 Agents who were also injured https://t.co/B91mDrvyWS,CBPAMO,2022-11-17T23:08:01.000Z,1593380466341683201,https://x.com/CBPAMO/status/1593380466341683201,"Today, we mourn a Marine Interdiction Agent who died after a gunfire exchange with suspected smugglers in the Caribbean, &amp; we hope for healing of 2 agents who suffered injuries. We are indebted to them. Our hearts are with the families of our brave agents.",,,,14
EROMiami,core,2023-12-01T00:45:51.000Z,1730387702074229195,https://x.com/EROMiami/status/1730387702074229195,New Resource,ICEgov,2023-11-30T20:04:22.000Z,1730316863727448542,https://x.com/ICEgov/status/1730316863727448542,@TheJusticeDept 👉Visit https://portal.ice.gov to ⭐favorite or 🔖bookmark now!,,,,1
EROMiami,core,2024-09-26T21:25:02.000Z,1839415909842084089,https://x.com/EROMiami/status/1839415909842084089,Stay informed.,DHSgov,2024-09-26T21:10:07.000Z,1839412156904706464,https://x.com/DHSgov/status/1839412156904706464,"If you're in an area with potential to be affected by #Helene, you're urged to listen to instructions from local officials and monitor this powerful storm’s projected path.

Follow @NHC_Surge and @NHC_Atlantic for updates and download the @FEMA app if #Helene is in your forecast. ⬇️
https://www.fema.gov/about/news-multimedia/mobile-products",3_1839412135761502209,photo,,4
EROMiami,core,2024-09-30T11:25:49.000Z,1840714665392779327,https://x.com/EROMiami/status/1840714665392779327,"UPDATE: ICE offices in Tampa, Tallahassee and Jacksonville have resumed normal operations.",EROMiami,2024-09-24T18:27:57.000Z,1838646572696883621,https://x.com/EROMiami/status/1838646572696883621,"In preparation for the pending arrival of a potential hurricane, the Tampa, Jacksonville &amp; Tallahassee offices will be closed until further notice. https://t.co/AYKubclX8i",3_1838646568137711616,photo,,1
EROMiami,core,2024-09-30T13:37:45.000Z,1840747867318673740,https://x.com/EROMiami/status/1840747867318673740,UPDATE: ICE offices is Tampa remain CLOSED at this time. Offices in Jacksonville and Tallahassee have resumed normal business operations.,EROMiami,2024-09-30T11:25:49.000Z,1840714665392779327,https://x.com/EROMiami/status/1840714665392779327,"UPDATE: ICE offices in Tampa, Tallahassee and Jacksonville have resumed normal operations.",,,,1
EROMiami,core,2024-10-09T13:56:14.000Z,1844014009361789370,https://x.com/EROMiami/status/1844014009361789370,"CLOSURE UPDATE: ICE offices for Jacksonville, Miramar, Broward Transitional Center &amp; the Krome Service Processing Center will also be closed starting Thursday, Oct. 10 in response to Hurricane Milton.",EROMiami,2024-10-07T17:57:18.000Z,1843349899624231050,https://x.com/EROMiami/status/1843349899624231050,"In anticipation of Hurricane Milton’s impact on Florida by mid-week, ICE offices in Ft. Myers, Tampa, Orlando &amp; Stuart will close Tuesday, Oct. 8. ICE Offices in Jacksonville, Miramar, Broward Transitional Center &amp; Krome Service Processing Center will remain operational. https://t.co/feKNHUjpH5",3_1843349612318367744,photo,,2
EROMiami,core,2024-10-11T13:18:29.000Z,1844729283014545642,https://x.com/EROMiami/status/1844729283014545642,"UPDATE: With the exception of ICE offices in Tampa and Ft. Myers, all ERO Miami offices are open and operational today.",EROMiami,2024-10-09T13:56:14.000Z,1844014009361789370,https://x.com/EROMiami/status/1844014009361789370,"CLOSURE UPDATE: ICE offices for Jacksonville, Miramar, Broward Transitional Center &amp; the Krome Service Processing Center will also be closed starting Thursday, Oct. 10 in response to Hurricane Milton.",,,,2
EROMiami,core,2024-11-28T19:15:05.000Z,1862213642499793344,https://x.com/EROMiami/status/1862213642499793344,The men and women of @EROMiami wish everyone a safe and happy Thanksgiving this season. #Thanksgiving #HappyThanksgiving,DHSgov,2024-11-28T14:55:14.000Z,1862148248833593678,https://x.com/DHSgov/status/1862148248833593678,"🦃 🧡 Happy Thanksgiving from DHS! We are deeply grateful to our dedicated workforce, especially those working during the holiday to keep our communities safe. The #DHSMission would not be possible without your service, sacrifice, and commitment. Thank you for all you do! #WeAreDHS",13_1862148204654915584,video,https://github.com/vidproject/x/releases/download/media-DHSgov/13_1862148204654915584.mp4,7
EROMiami,core,2025-04-25T11:24:24.000Z,1915728596699595102,https://x.com/EROMiami/status/1915728596699595102,Did you know? Learn more: http://ICE.gov/voice,ICEgov,2025-04-16T22:45:08.000Z,1912638418401570863,https://x.com/ICEgov/status/1912638418401570863,💻Learn more: http://ICE.gov/voice https://t.co/kAauqvgIj0,7_1912637197817114624,video,https://github.com/vidproject/x/releases/download/media-ICEgov-0002/7_1912637197817114624.mp4,4
EROMiami,core,2025-04-29T00:56:38.000Z,1917020166359048325,https://x.com/EROMiami/status/1917020166359048325,This operation was led by the men and women of ICE right here in Miami!,ICEgov,2025-04-28T22:31:00.000Z,1916983514924474813,https://x.com/ICEgov/status/1916983514924474813,"Honduran Aron Isaak Morazan-Izaguirre is one of nearly 800 criminal aliens arrested by ICE Miami and its partners this week in the first four days of a first-of-its-kind large-scale enforcement operation partnering state and federal law enforcement.

Morazan-Izaguirre:
📌Known or suspected terrorist
📌Reentered the U.S. twice before
📌Reported 18th Street gang member
📌In ICE custody pending removal

This operation is a first-of-its kind partnership between state and federal partners.

Learn to partner with us at http://ICE.gov/287g

#OperationTidalWave",3_1916972315109122049,photo,https://github.com/vidproject/x/releases/download/media-ICEgov/3_1916972315109122049.jpg,7
EROMiami,core,2025-05-06T10:49:18.000Z,1919706031426277541,https://x.com/EROMiami/status/1919706031426277541,Did you know?,ICEgov,2025-05-01T21:30:02.000Z,1918055334993658123,https://x.com/ICEgov/status/1918055334993658123,"We enforce federal immigration law, and you need to know:
🚫If ICE removes you, you may never be allowed back.
🔁If you self-deport now, you may be able to return as an immigrant or visitor someday — the legal way.
Learn more: http://ICE.gov/self-deportation https://t.co/QRXviTZUst",7_1918054115164246017,video,https://github.com/vidproject/x/releases/download/media-ICEgov-0002/7_1918054115164246017.mp4,6
EROMiami,core,2025-05-06T10:53:46.000Z,1919707155386548421,https://x.com/EROMiami/status/1919707155386548421,"Largest operation of its kind here in Florida led to the arrest of 1,120 criminal aliens. We would like to thank our partners in federal, state and local law enforcement for your efforts during #OperationTidalWave",ICEgov,2025-05-02T12:30:00.000Z,1918281821847961636,https://x.com/ICEgov/status/1918281821847961636,"#OperationTidalWave shows how effective 287(g) partnerships are. We’re stronger when we work together to arrest criminal aliens.

🟡Last week’s groundbreaking Florida operation was the highest yielding weeklong operation any state has seen in ICE’s entire history.

🟡 Our multiagency team arrested 1,120 illegal aliens in Florida during the operation.

🟡 In the first 100 days of the new administration, we increased our 287(g) partnerships by 317%.

🔎Operation Tidal Wave is a first-of-its-kind, multiagency immigration enforcement operation under the 287(g) program, coordinated by ICE with state and federal partners.

💻Learn more about this program on our website.",13_1918148114369716224,video,https://github.com/vidproject/x/releases/download/media-ICEgov-0002/13_1918148114369716224.mp4,18
EROMiami,core,2025-05-06T10:55:33.000Z,1919707602717458801,https://x.com/EROMiami/status/1919707602717458801,Special thanks to the following sheriff's offices for their assistance during #OperationTidalWave,ICEgov,2025-05-02T14:10:14.000Z,1918307042743210343,https://x.com/ICEgov/status/1918307042743210343,"#OperationTidalWave

📰Press release: https://go.dhs.gov/whX https://t.co/zaKP9nGAt0",3_1918307040977375232,photo,https://github.com/vidproject/x/releases/download/media-ICEgov-0002/3_1918307040977375232.jpg,9
EROMiami,core,2025-05-08T12:13:57.000Z,1920452106751823940,https://x.com/EROMiami/status/1920452106751823940,ICYMI 💸 DHS is now offering illegal aliens financial travel assistance and a stipend to return to their home countries through the CBP Home app.,DHSgov,2025-05-06T01:29:10.000Z,1919565066472407141,https://x.com/DHSgov/status/1919565066472407141,"If you are here illegally, self-deportation is the best, safest and most cost-effective way to leave the United States to avoid arrest.

DHS is now offering illegal aliens financial travel assistance and a stipend to return to their home country through the CBP Home App.

This is the safest option for our law enforcement, aliens and is a 70% savings for US taxpayers.

Download the CBP Home App TODAY and self-deport.",13_1919563835326791681,video,https://github.com/vidproject/x/releases/download/media-DHSgov-0004/13_1919563835326791681.mp4,29
EROMiami,core,2025-05-15T12:30:06.000Z,1922992885697241124,https://x.com/EROMiami/status/1922992885697241124,We have a new honorary ICE officer.,ICEgov,2025-05-14T20:16:18.000Z,1922747824426410208,https://x.com/ICEgov/status/1922747824426410208,"ICE Deputy Director Madison Sheahan swore in 13-year-old Devarjaye “DJ” Daniel as an honorary ICE officer May 13.

🔎After receiving a terminal diagnosis, DJ traveled all around the country fulfilling his wish of being sworn into 1,000 law enforcement agencies.

🥳Amazingly, he surpassed his goal long before becoming an honorary ICE officer.

🤝DJ’s determination is an inspiration to all of us, and we’re honored to welcome him to our team.",3_1922747766914088960 3_1922747766905716736,photo photo,https://github.com/vidproject/x/releases/download/media-ICEgov-0002/3_1922747766914088960.jpg https://github.com/vidproject/x/releases/download/media-ICEgov-0002/3_1922747766905716736.jpg,17
EROMiami,core,2025-05-15T20:15:23.000Z,1923109979575234604,https://x.com/EROMiami/status/1923109979575234604,Think about it first.,ICEgov,2025-05-15T15:01:01.000Z,1923030867682714113,https://x.com/ICEgov/status/1923030867682714113,"🚨 WARNING: Assaulting an ICE officer is a serious federal crime! 🚨

You’re already here illegally and facing removal — do you really want to add assaulting a federal officer to the list?

Bad move. We WILL prosecute. https://t.co/IASVKSZMD4",3_1923030864973176832,photo,https://github.com/vidproject/x/releases/download/media-ICEgov-0002/3_1923030864973176832.jpg,22
EROMiami,core,2025-05-20T14:10:02.000Z,1924829975779164424,https://x.com/EROMiami/status/1924829975779164424,Business owners sign up.,ICEgov,2025-05-20T12:00:00.000Z,1924797252431675864,https://x.com/ICEgov/status/1924797252431675864,"Business owners can sign up with ICE’s IMAGE program to learn about workforce compliance, including:
✅I-9 requirements
✅Employment eligibility verification

ICE is not currently visiting businesses that are part of our IMAGE program – we trust that they’re compliant.

👉Get with the program and get right with the law at http://ICE.gov/IMAGE",3_1920900107060326400,photo,https://github.com/vidproject/x/releases/download/media-ICEgov-0002/3_1920900107060326400.jpg,8
EROMiami,core,2025-05-20T14:12:10.000Z,1924830513115574688,https://x.com/EROMiami/status/1924830513115574688,Did you know about the 3 partnership models we have with our local law enforcement partners.,ICEgov,2025-05-19T00:00:15.000Z,1924253733602381871,https://x.com/ICEgov/status/1924253733602381871,"ICE offers 3 partnership models to police departments:
• Identify &amp; process removable aliens
• Use limited immigration enforcement authority
• Serve &amp; execute admin. warrants on aliens in custody

💻Details: http://ICE.gov/287g https://t.co/lfVZHFvbF6",3_1924253731593306112,photo,https://github.com/vidproject/x/releases/download/media-ICEgov-0002/3_1924253731593306112.jpg,1
EROMiami,core,2025-05-23T12:37:28.000Z,1925893843938894126,https://x.com/EROMiami/status/1925893843938894126,This is what we are doing.,ICEgov,2025-05-23T00:00:13.000Z,1925703278039347475,https://x.com/ICEgov/status/1925703278039347475,🎥 Watch ICE Acting Director Todd M. Lyons give an update on the agency's priorities and discuss some of the agency's most recent criminal alien arrests. https://t.co/ItwRjeTgPN,7_1925702037427130368,video,https://github.com/vidproject/x/releases/download/media-ICEgov-0002/7_1925702037427130368.mp4,11
EROMiami,core,2025-06-10T16:09:48.000Z,1932470261866991848,https://x.com/EROMiami/status/1932470261866991848,Anyone!!,ICEgov,2025-06-10T06:21:00.000Z,1932322084601909628,https://x.com/ICEgov/status/1932322084601909628,Anyone who assaults an ICE officer WILL face federal felony assault charges and prosecution to the fullest extent of the law.,,,,26
EROMiami,core,2025-11-17T11:46:49.000Z,1990386136389152898,https://x.com/EROMiami/status/1990386136389152898,Men and women of ERO Miami led this operation with state and federal law enforcement partners,ICEgov,2025-11-14T13:30:19.000Z,1989325021932581087,https://x.com/ICEgov/status/1989325021932581087,"MIAMI — On Oct. 25, ICE @EROMiami launched 10-day Operation Criminal Return AKA Operation Dirtbag, a statewide initiative targeting convicted sexual predators and offenders who pose significant threats to public safety.

This operation was successful due to our 287(g) partnership with — and hard work of — the @FDLEPIO.

See photos of the arrested criminal illegal aliens with the most egregious crimes and learn more about this operation in our newsroom.",3_1989325018992439296,photo,https://github.com/vidproject/x/releases/download/media-ICEgov-0002/3_1989325018992439296.jpg,4
EROMiami,core,2025-12-10T12:30:43.000Z,1998732108609548568,https://x.com/EROMiami/status/1998732108609548568,Did you know?,ICEgov,2025-12-09T20:01:15.000Z,1998483099747749996,https://x.com/ICEgov/status/1998483099747749996,"If you have no criminal record and no removal order, you may be a good candidate for self-deportation. https://t.co/atYjYFthQe",3_1998483094290976768,photo,https://github.com/vidproject/x/releases/download/media-ICEgov-0002/3_1998483094290976768.jpg,113
EROMiami,core,2026-03-19T20:22:04.000Z,2034727124456587622,https://x.com/EROMiami/status/2034727124456587622,"Here are the brave men and women of ICE right here in Florida, arresting a criminal alien with ties to MS-13.",ICEgov,2026-03-18T21:54:26.000Z,2034387982724333937,https://x.com/ICEgov/status/2034387982724333937,"Removing MS-13 from our country saves thousands of American lives.

ICE @EROMiami conducted a targeted operation in Lake Worth, Florida, and detained criminal alien MS-13 member Ada Alvarez De Martinez of El Salvador.

We will continue to Defend the Homeland. https://t.co/PTMZEEXswZ",13_2034386787133726720,video,https://github.com/vidproject/x/releases/download/media-ICEgov-0002/13_2034386787133726720.mp4,23
EROMiami,core,2026-03-26T16:41:15.000Z,2037208269974909398,https://x.com/EROMiami/status/2037208269974909398,It takes great cooperation with our state and local partners to make this happen.,ICEgov,2026-03-25T21:00:51.000Z,2036911213263642746,https://x.com/ICEgov/status/2036911213263642746,"When states work with ICE to take murderers, predators, rapists, terrorists, cartel members and more OFF their streets, public safety greatly improves.

Great work by all our 287(g) partners in the Sunshine State! https://t.co/XylynxhFtF",3_2036911210881261568,photo,https://github.com/vidproject/x/releases/download/media-ICEgov/3_2036911210881261568.jpg,12
EROMiami,core,2026-03-26T16:48:54.000Z,2037210196053774341,https://x.com/EROMiami/status/2037210196053774341,Here is a sample of the work being done by the men and women of ICE here in Florida,ICEgov,2026-02-28T03:00:12.000Z,2027579562318565506,https://x.com/ICEgov/status/2027579562318565506,"Watch ICE arrest a drug dealing criminal illegal alien from Haiti in Riviera Beach, Florida.

Richard Jeudy’s convictions include:

—Selling cocaine
—Heroin possession
—Larceny https://t.co/uDExSFc4eA",7_2027578339653742592,video,https://github.com/vidproject/x/releases/download/media-ICEgov/7_2027578339653742592.mp4,69
EROMiami,core,2026-04-29T10:49:46.000Z,2049441003845661167,https://x.com/EROMiami/status/2049441003845661167,More great work being done by the men and women of ICE right here in Florida.,ICEgov,2026-04-29T10:00:53.000Z,2049428700085543031,https://x.com/ICEgov/status/2049428700085543031,"ICE encountered Dipakkumar Ghelani, an Indian national illegally present in the United States, at the Duval County Pre-Trial Detention Facility April 16.

🔎One of ICE’s 287(g) law enforcement partners, the Florida Highway Patrol, arrested Ghelani on a felony warrant for trafficking drugs with an estimated street value of over $13 million.

📰Learn more in our newsroom.",3_2049428696054841344,photo,https://github.com/vidproject/x/releases/download/media-ICEgov/3_2049428696054841344.jpg,36
EROMiami,core,2026-04-30T14:45:40.000Z,2049862757864894569,https://x.com/EROMiami/status/2049862757864894569,Find out about your options,ICEgov,2026-04-30T13:01:42.000Z,2049836592647332204,https://x.com/ICEgov/status/2049836592647332204,"💭Everyone’s self-deportation process is different. You may want to let your employer, your friends and your family know you’re leaving. You may also want to pack belongings or make living arrangements for the next phase of your journey.

Remember, if ICE officials arrest you, you may not have an opportunity to do any of these things.

Learn your options on ICE’s self-deportation webpage⬇️",3_2049836589535137792,photo,https://github.com/vidproject/x/releases/download/media-ICEgov/3_2049836589535137792.jpg,71
EROMiami,core,2026-05-06T16:48:32.000Z,2052068002951033079,https://x.com/EROMiami/status/2052068002951033079,Do you know about our  VOICE office,ICEgov,2026-05-06T15:55:18.000Z,2052054606633402483,https://x.com/ICEgov/status/2052054606633402483,"Do you know that ICE’s VOICE office supports victims and families impacted by immigration-related crimes by:

• Helping victims follow and understand the immigration enforcement and removal process.
• Signing up victims to receive automated custody status information on criminal aliens in ICE custody.
• Opportunities to ensure victims can provide victim impact statements.
• Giving access to social service professionals and local resources.

➡️To learn more, visit our web page.",3_2052054604058157059,photo,https://github.com/vidproject/x/releases/download/media-ICEgov/3_2052054604058157059.jpg,2
EROMiami,core,2026-05-07T10:23:18.000Z,2052333444005302434,https://x.com/EROMiami/status/2052333444005302434,Amazing work being done by the men and women of ICE-ERO right here in South Florida,ICEgov,2026-05-05T21:00:26.000Z,2051769010711126274,https://x.com/ICEgov/status/2051769010711126274,"Noslan Ruiz-Bernal, of Cuba, was convicted of armed burglary in 2014 right after receiving his green card. He served just over a year in jail  and was released back into the community after his incarceration.

More recently, he was arrested for armed  burglary again, but this time by Broward County, Fla., law enforcement — a 287(g) partner.

Broward County honored ICE’s detainer and handed him over to federal officers rather than releasing back into the community to reoffend — something sanctuary jurisdictions are unwilling to do.

💻Learn more about the 287(g) program and ICE detainers on our website.",3_2051769006445502466 3_2051769006223167489,photo photo,https://github.com/vidproject/x/releases/download/media-ICEgov/3_2051769006445502466.png https://github.com/vidproject/x/releases/download/media-ICEgov/3_2051769006223167489.png,8
EROMiami,core,2026-05-11T14:39:13.000Z,2053847401840918763,https://x.com/EROMiami/status/2053847401840918763,ICE in Miami is committed to keeping our communities safe. This arrest shows the collaboration between our state and federal law enforcement partners.,ICEgov,2026-05-09T21:45:13.000Z,2053229830104023249,https://x.com/ICEgov/status/2053229830104023249,"ICE and its CBP and Florida law enforcement partners arrested MS-13 gang member and Honduran illegal alien Luis Merary Peralta-Sevilla in a targeted operation.

MS-13 is a designated foreign terrorist organization.

https://x.com/ICEgov/status/2053160200152990105 https://t.co/xzAY88n9nH",3_2053229827927224320,photo,https://github.com/vidproject/x/releases/download/media-ICEgov/3_2053229827927224320.png,19
EROMiami,core,2026-06-10T11:00:16.000Z,2064663936251642013,https://x.com/EROMiami/status/2064663936251642013,This is what we do.,ICEgov,2026-06-09T14:44:29.000Z,2064357973300752589,https://x.com/ICEgov/status/2064357973300752589,"""We're taking the worst of the worst off the streets with the best of the best — and that's ICE.""

—@SecMullinDHS",,,,15
ERONewOrleans,core,2025-04-20T12:56:10.000Z,1913939751377191245,https://x.com/ERONewOrleans/status/1913939751377191245,ICE New Orleans is investigating violations of the Alien Registration Act. Register immediately or risk criminal penalties.,USCIS,2025-04-18T12:00:20.000Z,1913200923549041096,https://x.com/USCIS/status/1913200923549041096,"Not sure if you need to register under the Alien Registration Requirement?  Find that answer and more, here http://www.uscis.gov/alienregistration https://t.co/v8XswpNMNa",13_1913200847036534784,video,https://github.com/vidproject/x/releases/download/media-USCIS/13_1913200847036534784.mp4,2
ERONewOrleans,core,2025-05-09T18:39:01.000Z,1920911401465372747,https://x.com/ERONewOrleans/status/1920911401465372747,"🔔Tired of looking over your shoulder?

CBP Home lets you start the paperwork and self-deport on your schedule.

No cuffs. No cell. No 6 a.m. knock at the door. Just you, your phone, and the exit you chose.

📱Download the app. Make it official. https://t.co/RCKDtPYXE0",ICEgov,2025-05-07T14:01:34.000Z,1920116802022969580,https://x.com/ICEgov/status/1920116802022969580,"Leave on your own terms, not on ours.
💻Learn more: http://ICE.gov/self-deportation https://t.co/0ABBFkQumU",3_1920116800588546048,photo,https://github.com/vidproject/x/releases/download/media-ICEgov-0002/3_1920116800588546048.jpg,9
ERONewOrleans,core,2025-05-12T16:30:00.000Z,1921966097890242936,https://x.com/ERONewOrleans/status/1921966097890242936,"🚨Tired of the sirens? Sick of the shadows?

The CBP Home app lets you tell the U.S. government you’re ready to go—on your own terms.

🚫No raids.
🚫No court dates.
🛫Just a quiet exit before the knock on the door.🚗

📱Download it today",DHSgov,2025-05-06T01:29:10.000Z,1919565066472407141,https://x.com/DHSgov/status/1919565066472407141,"If you are here illegally, self-deportation is the best, safest and most cost-effective way to leave the United States to avoid arrest.

DHS is now offering illegal aliens financial travel assistance and a stipend to return to their home country through the CBP Home App.

This is the safest option for our law enforcement, aliens and is a 70% savings for US taxpayers.

Download the CBP Home App TODAY and self-deport.",13_1919563835326791681,video,https://github.com/vidproject/x/releases/download/media-DHSgov-0004/13_1919563835326791681.mp4,29
ERONewOrleans,core,2025-05-27T17:10:10.000Z,1927412024775938365,https://x.com/ERONewOrleans/status/1927412024775938365,"🚨If you are in the U.S. without legal status, consider self-deportation as a safe and economical option to leave the country and avoid arrest.

📢Take advantage of this opportunity to return home on your own terms.",DHSgov,2025-05-27T16:27:40.000Z,1927401328889778414,https://x.com/DHSgov/status/1927401328889778414,"If you are here illegally, self-deportation is the best, safest and most cost-effective way to leave the United States to avoid arrest.

DHS is offering illegal aliens financial travel assistance and a stipend to return to their home country through the CBP Home App. https://t.co/9GYQn3mGhC",3_1927401324049534976,photo,https://github.com/vidproject/x/releases/download/media-DHSgov/3_1927401324049534976.jpg,35
ERONewOrleans,core,2025-07-09T16:15:00.000Z,1942980818625773648,https://x.com/ERONewOrleans/status/1942980818625773648,"📢In the U.S. illegally? Use the CBP Home App to voluntarily schedule your departure. Ignore it, and we will find you. We will arrest you. We will deport you. And you won't be coming back.📲

Your choice: walk out on your terms - or be deported on ours. 🧊🇺🇸",CBP,2025-07-09T14:30:16.000Z,1942954461875306599,https://x.com/CBP/status/1942954461875306599,"The CBP Home app is your chance to leave voluntarily if you’re in the country illegally.

Use it now—or you will be found and deported with zero chance of returning.

CBP Home App Information ➡️ https://www.youtube.com/watch?v=dtTgBv0zMLs https://t.co/Ydp5P8hgew",3_1942954455768375296,photo,https://github.com/vidproject/x/releases/download/media-CBP-0002/3_1942954455768375296.jpg,9
ERONewOrleans,core,2025-07-30T19:38:40.000Z,1950642218206994443,https://x.com/ERONewOrleans/status/1950642218206994443,"🚨The last six months? We've been busy arresting illegal aliens like it's a hobby.
💥Arrests: 11,198
💥Deportations: 38,945
💥Tren de Aragua Arrests: 42
💥MS-13 Arrests: 29
💥Other Gang Arrests: 83

📢Criminals with rap sheets, gang ties, and warrants. Found. Arrested. Deported.",WhiteHouse,2025-07-20T18:26:25.000Z,1947000157406372006,https://x.com/WhiteHouse/status/1947000157406372006,"ATTENTION: TRUMP DIDN’T COME TO PLAY.

Six months in. All gas. No brakes. The winning will continue. The deportations will continue. The memes will continue.

THE GOLDEN AGE WILL CONTINUE! 🇺🇸🦅💰 https://t.co/n38WrywXXH",3_1946999358743855105,photo,,1613
ERONewOrleans,core,2025-08-05T15:01:07.000Z,1952746695114039716,https://x.com/ERONewOrleans/status/1952746695114039716,"🚨@ICEgov IS HIRING!

📢Help protect the homeland - one criminal illegal alien, one trafficker, one predator at a time.",ICEgov,2025-08-03T16:37:58.000Z,1952046293984891044,https://x.com/ICEgov/status/1952046293984891044,"Your country needs YOU 🫵

Help deport criminal illegal alien pedophiles, murderers, scammers, cartel members, drug dealers and thieves.

http://JOIN.ICE.GOV https://t.co/49pxJc0Fgv",3_1952046203555758080,photo,https://github.com/vidproject/x/releases/download/media-ICEgov-0002/3_1952046203555758080.jpg,206
ERONewOrleans,core,2025-08-13T17:13:39.000Z,1955679151677231388,https://x.com/ERONewOrleans/status/1955679151677231388,"🚨@ICEgov IS HIRING! JOIN THE TEAM!🧊🇺🇸

📢Help protect the homeland - one criminal illegal alien, one trafficker, one predator at a time.
http://join.ice.gov",WhiteHouse,2025-08-13T01:01:24.000Z,1955434477909352638,https://x.com/WhiteHouse/status/1955434477909352638,"Bad boys, bad boys... ICE is gonna come for you 🎶✈️

http://JOIN.ICE.GOV https://t.co/n65XDXVESy",13_1955375092071833600,video,,378
ERONewOrleans,core,2026-04-13T14:07:53.000Z,2043692654198726811,https://x.com/ERONewOrleans/status/2043692654198726811,ICE New Orleans facilitated this self-deportation on a commercial flight.,ICEgov,2026-04-13T02:00:00.000Z,2043509477240910308,https://x.com/ICEgov/status/2043509477240910308,"Watch a former green card holder, convicted of statutory rape, comply with a judge’s order and self-deport to the Philippines.

ICE deportation officers were present to ensure the criminal alien boarded his flight. https://t.co/DiwHl2OIg8",7_2043508276713656320,video,https://github.com/vidproject/x/releases/download/media-ICEgov-0002/7_2043508276713656320.mp4,12
ERONewOrleans,core,2026-05-13T00:25:05.000Z,2054357224428814618,https://x.com/ERONewOrleans/status/2054357224428814618,Our team in Tennessee doesn’t sleep. 🇺🇸,DHSgov,2026-05-12T21:48:46.000Z,2054317888165511551,https://x.com/DHSgov/status/2054317888165511551,"Tennessee, deportations at their best. https://t.co/Wktc6BylDt",13_2054317782867554304,video,https://github.com/vidproject/x/releases/download/media-DHSgov/13_2054317782867554304.mp4,218
ERONewark,core,2026-04-02T19:40:30.000Z,2039790092353446324,https://x.com/ERONewark/status/2039790092353446324,"ICE ERO Newark arrested Luis Calderon-Martinez, a criminal illegal alien &amp; MS-13 member from El Salvador, after his release from federal prison on March 27. This criminal alien will remain in ICE custody pending his removal from the United States.",DHSgov,2026-03-30T22:18:25.000Z,2038742669963243632,https://x.com/DHSgov/status/2038742669963243632,"Luis Calderon-Martinez, a criminal illegal alien from El Salvador and MS-13 gang member, convicted of felonies including conspiracy to distribute methamphetamine, heroin and cocaine, carjacking, bringing a controlled substance into a prison, hit-and-run, property damage, illegal entry and driving under the influence in New Jersey, Arizona and California.",3_2038739085976805376,photo,https://github.com/vidproject/x/releases/download/media-DHSgov/3_2038739085976805376.jpg,17
EROSanDiego,core,2020-12-08T15:49:43.000Z,1336337167237271556,https://x.com/EROSanDiego/status/1336337167237271556,"U.S. Immigration and Customs Enforcement ERO San Diego, along with the two other California ICE field offices, enforces the nation's immigration laws.",EROSanFrancisco,2020-12-08T00:42:18.000Z,1336108808209305600,https://x.com/EROSanFrancisco/status/1336108808209305600,"Enforcement &amp; Removal Operations enforces the nation's immigration laws in a fair and effective manner. It identifies and apprehends removable aliens, detains these individuals when necessary and removes illegal aliens from the United States. Learn more at http://www.ice.gov https://t.co/Q6EjjPfTd5",3_1336108395510849536,photo,,2
EROSanDiego,core,2020-12-15T14:39:10.000Z,1338856129959505920,https://x.com/EROSanDiego/status/1338856129959505920,"Under federal law, ICE lodges immigration detainers with local law enforcement who have custody of individuals arrested on criminal charges and who ICE has probable cause to believe are removable aliens.",ICEgov,2020-12-14T22:25:01.000Z,1338610975168225280,https://x.com/ICEgov/status/1338610975168225280,"Immigration detainer not honored, convicted child murder released in California.   Learn more: https://xsm.link/1x9u80 https://t.co/nqY9sXFhX7",3_1338610971695321090,photo,,38
EROSanDiego,core,2020-12-29T16:13:14.000Z,1343953232956108800,https://x.com/EROSanDiego/status/1343953232956108800,"ERO San Diego is proud to contribute to the safety of our community by arresting illegally present, convicted criminals who are amenable to removal from the United States.",ICEgov,2020-12-29T16:06:01.000Z,1343951414167482373,https://x.com/ICEgov/status/1343951414167482373,"The annual report is out. Despite #covid19 pandemic, @ICEgovERO conducted  103,603 arrests in FY20. Nearly 90% of those arrested had a criminal conviction or charge. Learn more: https://xsm.link/9j1bo5 https://t.co/YWURMrySWf",3_1343951411248300032,photo,,6
EROSanDiego,core,2022-12-06T17:46:45.000Z,1600184986140672000,https://x.com/EROSanDiego/status/1600184986140672000,"Our deepest condolences to Deportation Officer Jesse W. Dove's family, friends, and colleagues. @EROSanDiego will keep them in our thoughts and prayers during this difficult time. Rest in peace.",EROWashington,2022-12-06T00:52:21.000Z,1599929703900450817,https://x.com/EROWashington/status/1599929703900450817,"It is with great sadness that we announce the passing of an esteemed colleague and beloved friend, Deportation Officer Jesse W. Dove, of EROWashington Jesse was a highly respected member of the ERO team. His death is a profound loss for @EROWashington  He will be greatly missed. https://t.co/5Id69V3zvp",3_1599929700771680257,photo,,4
EROWashington,core,2022-02-07T17:29:47.000Z,1490739580978532354,https://x.com/EROWashington/status/1490739580978532354,#WeAreDHS,DHSgov,2022-02-04T23:28:41.000Z,1489742738077765635,https://x.com/DHSgov/status/1489742738077765635,"#WeAreDHS, and we're making tremendous progress to protect the American public and administer our nation's laws.

Check out highlights of 2021 ⬇️
https://go.usa.gov/xtvcc https://t.co/VKMZfC9Wdc",3_1489739974467637248,photo,,12
EROWashington,core,2022-12-02T20:27:49.000Z,1598775967337525249,https://x.com/EROWashington/status/1598775967337525249,"Foreign fugitive on El Salvador Police 100 Most Wanted list removed to El Salvador by
@EROAtlanta
 and #ICEERO El Salvador with the El Salvador Security Alliance for Fugitive Enforcement: https://xsm.link/4odzvz
#ICE #ERO",ICEgov,2022-12-02T17:59:00.000Z,1598738519513600053,https://x.com/ICEgov/status/1598738519513600053,Foreign fugitive on El Salvador Police 100 Most Wanted list removed to El Salvador by @EROAtlanta and #ICEERO El Salvador with the El Salvador Security Alliance for Fugitive Enforcement: https://xsm.link/4odzvz https://t.co/Wpo7ZZjMfm,3_1598738517554860051,photo,,3
EROWashington,core,2022-12-23T17:59:44.000Z,1606348847646740488,https://x.com/EROWashington/status/1606348847646740488,"Attention: The U.S. Borders are NOT open.
Do not put your life at risk.
Do not come to the Border.
#ICE #ICEERO #ERO",CBP,2022-12-23T00:00:10.000Z,1606077167229616130,https://x.com/CBP/status/1606077167229616130,"ALERT: Extremely cold, below-freezing temperatures are expected along the Mexico and United States border over the next week. Do not risk yourself or your loved one's life trying to cross the Rio Grande or the desert. Stay home or remain in a safe shelter and avoid tragedy. https://t.co/oeeB6OlA0I",7_1606075924834930688,video,https://github.com/vidproject/x/releases/download/media-CBP/7_1606075924834930688.mp4,4
EdWorkforceCmte,public,2025-11-07T20:45:00.000Z,1986897696502771999,https://x.com/EdWorkforceCmte/status/1986897696502771999,...you guys want to raise taxes on families so you can provide health care for illegal immigrants. https://t.co/Ih7j4P94JY,RapidResponse47,2025-11-06T19:39:08.000Z,1986518732479357413,https://x.com/RapidResponse47/status/1986518732479357413,"Democrat Senator Peter Welch on Obamacare: ""We did fail to bring down the cost of healthcare."" https://t.co/Vt9tCP78oJ",13_1986518619765800960,video,,265
EdWorkforceCmte,public,2025-11-13T15:55:42.000Z,1988999219659649294,https://x.com/EdWorkforceCmte/status/1988999219659649294,"Last night, we reopened the federal government for the American people and ended the Democrat Shutdown. Now, Republicans are committed to getting back to work and helping workers, students, and families thrive.",WhiteHouse,2025-11-13T14:56:33.000Z,1988984336360874308,https://x.com/WhiteHouse/status/1988984336360874308,"The damage of the 43-day Democrat Shutdown will NOT be forgotten:

❌Missed paychecks
❌$10+ billion in wages/benefits held
❌Millions of low-income families lost SNAP
❌Flight disruptions
❌Billions WIPED from economy

All to appease the radical left… &amp; they gained NOTHING. https://t.co/54ZtKvKMcK",13_1988983171480715264,video,,348
EdWorkforceCmte,public,2025-11-17T15:45:07.000Z,1990446107726610823,https://x.com/EdWorkforceCmte/status/1990446107726610823,"Even with the federal government CLOSED for 43 days because of the Democrat Shutdown, students still went to school. Teachers still got paid.

Just goes to show what Republicans have always said: we don't actually need a federal Department of Education.",WhiteHouse,2025-11-16T21:57:14.000Z,1990177367910645982,https://x.com/WhiteHouse/status/1990177367910645982,"MUST READ Op-Ed 🇺🇸 @EDSecMcMahon: ""Now that the government shutdown is over, we are emboldened to fulfill President Donald Trump’s promise to return education to the STATES."" https://t.co/pcadyTD9eq",3_1990176508162224128,photo,,123
EdWorkforceCmte,public,2025-11-21T19:13:05.000Z,1991947997458890802,https://x.com/EdWorkforceCmte/status/1991947997458890802,"America’s workers aren’t just building our economy—they’re rebuilding American strength. President Trump’s pro-growth agenda is helping them do it, with real wages up nearly $700 and on pace to rise $1,200 in Trump’s first full year. https://t.co/PZPkwJnGBZ",USDOL,2025-11-21T00:18:25.000Z,1991662448982503554,https://x.com/USDOL/status/1991662448982503554,"THE TRUMP EFFECT 🔥

Employment is growing for native-born Americans AND manufacturing activity is INCREASING.

@POTUS is DELIVERING. https://t.co/UsoEzSqAqh",3_1991662359002193920 3_1991662359002189824,photo photo,https://github.com/vidproject/x/releases/download/media-USDOL/3_1991662359002193920.jpg https://github.com/vidproject/x/releases/download/media-USDOL/3_1991662359002189824.jpg,22
EdWorkforceCmte,public,2025-12-18T16:08:07.000Z,2001685919644979661,https://x.com/EdWorkforceCmte/status/2001685919644979661,"Prices are falling, wages are rising, and the Biden-era inflation crisis is fading fast. President Trump is making America affordable again—and this is just the beginning. 🇺🇸💪",WhiteHouse,2025-12-18T14:55:47.000Z,2001667717800010017,https://x.com/WhiteHouse/status/2001667717800010017,"TRUST IN TRUMP: Prices are steady, and wages are outpacing inflation! 🇺🇸

President Trump's policies and bold deregulation are continuing to drive inflation down and put MORE MONEY in Americans' pockets.💰 https://t.co/fQkq4HNOa6",3_2001667638225780736,photo,,231
EdWorkforceCmte,public,2025-12-18T18:51:39.000Z,2001727073652523402,https://x.com/EdWorkforceCmte/status/2001727073652523402,Chair @RepWalberg applauds President Trump’s move to protect kids from irreversible gender-transition procedures. Children deserve care based on science—not ideology.,PressSec,2025-12-18T16:33:19.000Z,2001692261781033437,https://x.com/PressSec/status/2001692261781033437,"President Trump and Secretary @RobertKennedyJr are protecting American children from irreversible chemical and surgical mutilation.

With today's historic actions, the Trump Administration is stopping the gender ideology insanity and junk science that's hurting innocent children.",,,,32
EdWorkforceCmte,public,2026-03-16T21:43:05.000Z,2033660349048635805,https://x.com/EdWorkforceCmte/status/2033660349048635805,👏👏👏,RapidResponse47,2026-03-16T20:16:13.000Z,2033638488864587776,https://x.com/RapidResponse47/status/2033638488864587776,"""This is a very big thing that we’re doing... having to do with all of the fraud that’s taking place in our country.""

@POTUS prepares to sign an Executive Order establishing a @VP-led task force to root out fraud, as outlined in his State of the Union address. https://t.co/5tSg93E1Io",13_2033637794535428096,video,,47
EdWorkforceCmte,public,2026-04-29T18:06:34.000Z,2049550927963574585,https://x.com/EdWorkforceCmte/status/2049550927963574585,"America is hiring—and apprenticeships are leading the way.

Under President Trump, we’ve never had a stronger administration for apprenticeship opportunities. https://t.co/DNjZKU7HUS",USDOL,2026-04-26T14:43:05.000Z,2048412557010960424,https://x.com/USDOL/status/2048412557010960424,"We’re Making America Skilled Again!

This week, we’re celebrating Registered Apprenticeship as a path to tomorrow’s skilled jobs. Join us! http://apprenticeship.gov/national-apprenticeship-week https://t.co/rO2P2hTx8l",3_2048412536219840512,photo,https://github.com/vidproject/x/releases/download/media-USDOL/3_2048412536219840512.jpg,0
EnvoyNoem,public,2025-11-10T19:18:29.000Z,1987963086821527816,https://x.com/EnvoyNoem/status/1987963086821527816,".@GovPritzker is protecting violent criminal illegal aliens who want American law enforcement officers dead.

This is a battle between law and order, good and evil—and we will prevail.",DHSgov,2025-11-10T19:10:16.000Z,1987961019440717855,https://x.com/DHSgov/status/1987961019440717855,"A criminal illegal alien from Mexico, has been arrested in relation to Saturday’s shooting targeting Border Patrol agents in Chicago. The suspect has a previously been convicted for aggravated unlawful use of a weapon/vehicle, felony possession of a weapon, and illegal entry.

He is currently marked as a violator of the Laken Riley Act, pending charges related to assaulting officers.

This incident is not isolated and reflects a growing and dangerous trend of violence and obstruction. Over the past two months, we’ve seen an increase in assaults and obstruction targeting federal law enforcement during operations. These confrontations highlight the dangers our agents face daily and the escalating aggression toward law enforcement.",13_1987960587444199424,video,https://github.com/vidproject/x/releases/download/media-DHSgov/13_1987960587444199424.mp4,0
EnvoyNoem,public,2026-01-20T18:43:01.000Z,2013683703071826257,https://x.com/EnvoyNoem/status/2013683703071826257,"In President Trump’s first year back in office, nearly 3 million illegal aliens have left the U.S. because of the Trump administration’s crackdown on illegal immigration, including an estimated 2.2 million self-deportations and more than 675,000 deportations.

In the last year, fentanyl trafficking at the southern border has also been cut by more than half compared to the same period in 2024. The U.S. Coast Guard alone seized enough cocaine to kill more than 177 million Americans.

Meanwhile, we have saved taxpayers more than $13.2 billion here at DHS. Countless lives have been saved, communities have been strengthened, and the American people have been put first again.",WhiteHouse,2026-01-20T14:32:38.000Z,2013620691661164617,https://x.com/WhiteHouse/status/2013620691661164617,365 DAYS OF PRESIDENT DONALD J. TRUMP. A Golden Age just getting started. 🇺🇸 https://t.co/Nz3mHNGZW0,13_2013619240939515905,video,https://github.com/vidproject/x/releases/download/media-WhiteHouse/13_2013619240939515905.mp4,874
EthanPlaysMTG,public,2025-09-30T18:40:13.000Z,1973095555900325957,https://x.com/EthanPlaysMTG/status/1973095555900325957,It's disgusting how much democrats hate Americans,StephenM,2025-09-30T18:30:45.000Z,1973093174840037804,https://x.com/StephenM/status/1973093174840037804,First shutdown in world history to demand free healthcare for illegal aliens.,,,,686
EthanPlaysMTG,public,2025-09-30T20:05:41.000Z,1973117063582589126,https://x.com/EthanPlaysMTG/status/1973117063582589126,"""TO THE BOATS""

@Fat_Electrician @mandatoryfunday",USBPChiefELC,2025-09-30T19:12:32.000Z,1973103687049609391,https://x.com/USBPChiefELC/status/1973103687049609391,"TO THE BOATS!

Swift in, execute mission, swift out.

We will use every resource and tactic to put those who violate our laws on notice that we are coming for you!

#DHS #CBP #USBP #BorderPatrol #Chicago #Boats #OpMidwayBlitz https://t.co/3nqhzXEZaR",13_1973103579386023936,video,,70
EthanPlaysMTG,public,2025-09-30T23:47:26.000Z,1973172870441476567,https://x.com/EthanPlaysMTG/status/1973172870441476567,"404 Gov not found, part 2025",RapidResponse47,2025-09-30T23:22:36.000Z,1973166617946366142,https://x.com/RapidResponse47/status/1973166617946366142,"🚨 Democrats just voted to shut down the government — but with multiple of them voting with Republicans to keep government open, Democrats are crumbling before the shutdown even begins. https://t.co/nPnJ7id2ak",3_1973166122712150016,photo,,168
EthanPlaysMTG,public,2025-12-19T13:47:22.000Z,2002012887661814074,https://x.com/EthanPlaysMTG/status/2002012887661814074,Investigate Maine,DHSgov,2025-12-17T19:50:06.000Z,2001379395693400441,https://x.com/DHSgov/status/2001379395693400441,"Unfortunately, it comes as no surprise @GovJanetMills and her fellow sanctuary politicians in Maine would want to hamstring their law-enforcement from helping federal officers arrest rapists, murderers, pedophiles, gang members, and terrorists.

DHS will not be deterred in our mission to put the safety of Americans first. We will continue to stand up for law and order and the people of Maine.",3_2001379392266657792,photo,https://github.com/vidproject/x/releases/download/media-DHSgov-0004/3_2001379392266657792.jpg,67
EthanPlaysMTG,public,2026-05-02T22:20:31.000Z,2050702000883425500,https://x.com/EthanPlaysMTG/status/2050702000883425500,Gregory Bovino still loves his boys in green,GregoryKBovino,2026-05-02T21:42:56.000Z,2050692543218860206,https://x.com/GregoryKBovino/status/2050692543218860206,https://t.co/8nX5Z3pAOo,13_2050691820200554496,video,https://github.com/vidproject/x/releases/download/media-GregoryKBovino/13_2050691820200554496.mp4,29
EthanPlaysMTG,public,2026-06-02T05:11:42.000Z,2061677114206658567,https://x.com/EthanPlaysMTG/status/2061677114206658567,Bovino plays life furiously mashing only one button. And we all love him for it https://t.co/G9axS85DaA,GregoryKBovino,2026-06-02T03:11:24.000Z,2061646838579470461,https://x.com/GregoryKBovino/status/2061646838579470461,@darthmater1974 @POTUS @SecMullinDHS Ready for deployment,,,,1
GenFlynn,public,2023-11-21T01:07:44.000Z,1726769327439847547,https://x.com/GenFlynn/status/1726769327439847547,.@RealTomHoman &amp; BORDER 911 are the Real Deal!,RealTomHoman,2023-11-20T22:27:07.000Z,1726728908140138671,https://x.com/RealTomHoman/status/1726728908140138671,https://t.co/WlHxVcm4vd,7_1726728794994597889,video,https://github.com/vidproject/x/releases/download/media-RealTomHoman/7_1726728794994597889.mp4,0
GenFlynn,public,2025-09-27T12:29:27.000Z,1971915086949486629,https://x.com/GenFlynn/status/1971915086949486629,"Thank you @StephenM for laying out the conspirators and the conspiracy. All of them MUST be indicted and sent to prison for a long, long time. Otherwise, they will not stop!
@realDonaldTrump
@AGPamBondi",RapidResponse47,2025-09-27T02:23:56.000Z,1971762700410876398,https://x.com/RapidResponse47/status/1971762700410876398,".@StephenM: Comey, Clapper, Brennan, Obama, Monaco, all conspired together to try to sabotage the democratic institutions of this country. I cannot find words harsh enough to condemn the conduct of these conspirators — these insurrectionists. https://t.co/wb1Ck9qXeI",13_1971761765152133120,video,,875
GregoryKBovino,core,2026-05-01T22:21:30.000Z,2050339857810219405,https://x.com/GregoryKBovino/status/2050339857810219405,Are you saying non- criminal illegal aliens are welcome? @DHSgov .  Why the word “ criminal” inserted before alien? That’s a clarifying term .  Mass deportations include ALL illegal aliens.  @LaurenWitzkeDE @OldPatrolHQ,DHSgov,2026-05-01T15:15:06.000Z,2050232552623886500,https://x.com/DHSgov/status/2050232552623886500,"Under @POTUS Trump and @SecMullinDHS, criminal illegal aliens are NOT welcome in the U.S.

This week, the NICE men and women of @ICEgov put their lives on the line to arrest murderers, pedophiles, arsonists, and sex criminals, including:",,,,0
GregoryKBovino,core,2026-05-03T23:56:52.000Z,2051088634020044883,https://x.com/GregoryKBovino/status/2051088634020044883,"The Alma-mater is still the PremierSector ,#truchacoyote .  Hammer time in El Centro.  Relentless! @USBPChief",USBPChief,2026-05-03T00:00:17.000Z,2050727107009917026,https://x.com/USBPChief/status/2050727107009917026,"HUMAN SMUGGLING OPERATION SHUTDOWN IN CALI❗️

El Centro agents, alongside our law enforcement partners, stopped a smuggling ring: Four smugglers and 29 illegal aliens were arrested near Seeley, CA. The smugglers face federal alien smuggling charges, and the illegal aliens will be deported.

Human smuggling = serious consequences! It is NOT worth it!",3_2050727103323054080,photo,https://github.com/vidproject/x/releases/download/media-USBPChief/3_2050727103323054080.jpg,25
GregoryKBovino,core,2026-05-13T23:12:23.000Z,2054701317566935537,https://x.com/GregoryKBovino/status/2054701317566935537,"@whitehouse I commend @realDonaldTrump
for embracing remigration — that’s the right vision. But to actually finish the job, we need full mass deportation, not just targeted enforcement.

Without the big hammer, it’s like having yin without yang — the system won’t reset. The president gets it at a deep level, and pairing these two is the complete formula.  Mass deportations are the solution!",WhiteHouse,2026-05-13T00:31:21.000Z,2054358805199131027,https://x.com/WhiteHouse/status/2054358805199131027,"Under President Trump, replacement migration will never be the standard. The United States objects to the Global Compact on Migration and UN efforts to facilitate replacement migration. https://t.co/2ASW0NqGIg",3_2054358802900602880,photo,https://github.com/vidproject/x/releases/download/media-WhiteHouse/3_2054358802900602880.jpg,1212
HorEmperor,public,2026-05-04T16:55:43.000Z,2051345036000801118,https://x.com/HorEmperor/status/2051345036000801118,"You know, I was unhappy when Bovino was sidelined and then pushed into retirement.
But his current idiotic behavior suggests this was, in fact, the correct decision.",GregoryKBovino,2026-05-04T01:54:35.000Z,2051118260809294075,https://x.com/GregoryKBovino/status/2051118260809294075,"I’m proud to endorse @AnthonySabatini Sabatini for Congress in Florida’s 11th District.
Imagine America five years from now if we keep treating our country like nothing more than an economic zone — a giant open-air Walmart with no borders, no identity, and no loyalty to the people who built it. Picture overwhelmed schools where your kids get less attention, hospitals turning away citizens because beds are filled with emergency cases that never end, wages stuck or falling while housing prices explode, and neighborhoods that feel less safe every single year. That’s not a country anymore. That’s a business that’s liquidating its own citizens.

Sabatini gets it: the fight against illegal immigration isn’t about politics — it’s about whether America remains a real country with sovereignty, culture, and a future for our kids, or just a giant hotel with no checkout time. He’s willing to say what most won’t: secure borders are the foundation of everything else that matters.

That’s why he has my full support. The choice is clear — a sovereign America, or something much worse. Sabatini is fighting for the first one.""
— Greg Bovino",,,,62
HorEmperor,public,2026-06-04T21:35:33.000Z,2062649483410776344,https://x.com/HorEmperor/status/2062649483410776344,Getting so many things I voted for!,RapidResponse47,2026-06-04T15:14:12.000Z,2062553511842169169,https://x.com/RapidResponse47/status/2062553511842169169,".@DAGToddBlanche announces the indictment of multiple individuals, including Ohio state employees, for defrauding taxpayers:

""Today, the @TheJusticeDept is announcing significant fraud enforcement in the state of Ohio, as well as a historic fraud-fighting partnership with state of Ohio officials, which is exactly how it should be in every state.""",13_2062552645869400064,video,,82
ICEgov,core,2021-02-01T23:48:33.000Z,1356389003067580421,https://x.com/ICEgov/status/1356389003067580421,"We want everyone, regardless of immigration status, to feel safe &amp; unafraid to get the COVID vaccine—to protect themselves, their families, and their communities. ICE will NOT conduct immigration enforcement at #covid19vaccine sites. Read our policy here: https://www.ice.gov/doclib/ero-outreach/pdf/10029.2-policy.pdf",DHSgov,2021-02-01T21:59:14.000Z,1356361494544470020,https://x.com/DHSgov/status/1356361494544470020,Read our statement supporting equal access to the COVID-19 vaccines and vaccine distribution sites for undocumented immigrants: http://dhs.gov/news/2021/02/01/dhs-statement-equal-access-covid-19-vaccines-and-vaccine-distribution-sites #COVID19 #Undocumented #COVID #COVIDvaccine,,,,24
ICEgov,core,2021-02-22T21:54:52.000Z,1363970540466294789,https://x.com/ICEgov/status/1363970540466294789,"As @DHSgov Sec. Mayorkas mentioned in this press release, the men and women of #HSI are already combatting 21st century crimes:
➡️Cyber Crimes Unit: https://www.ice.gov/features/cyber
➡️Child Exploitation: https://www.ice.gov/features/child-exploitation
➡️Illegal Streaming: https://www.ice.gov/features/OperationIntangibles",DHSgov,2021-02-22T20:21:26.000Z,1363947026740895749,https://x.com/DHSgov/status/1363947026740895749,Today we announced steps to advance the President’s commitment to elevate cybersecurity: http://dhs.gov/news/2021/02/22/dhs-announces-steps-advance-president-s-commitment-elevate-cybersecurity #CyberSecurity #infosec #infosecurity,,,,0
ICEgov,core,2022-12-15T17:05:35.000Z,1603436117717655552,https://x.com/ICEgov/status/1603436117717655552,"Learn how to keep it real from @CBP. For more tips to protect yourself from buying counterfeit or stolen products, visit http://ICE.gov/ShopSmart",CBP,2022-12-14T00:00:35.000Z,1602815780487405570,https://x.com/CBP/status/1602815780487405570,"While holiday shopping, remember that quality matters.

CBP ensures that imported goods are authentic, so you can rest easy knowing you bought something that will last.  #FakeGoodsRealDangers

Learn more about counterfeits: https://go.dhs.gov/ZS6. https://t.co/wblp3ZAb2t",3_1602815776695672832 3_1602815777014484995 3_1602815776951599104 3_1602815777421361153,photo photo photo photo,   ,2
ICEgov,core,2024-05-22T16:40:34.000Z,1793321063884960165,https://x.com/ICEgov/status/1793321063884960165,Incredible @ICEgovERO effort last week to keep public safety threats out of communities across four states: 154 arrests and detainers! @EROSaltLakeCity,EROSaltLakeCity,2024-05-21T20:32:50.000Z,1793017126363566414,https://x.com/EROSaltLakeCity/status/1793017126363566414,"Last week #ICEERO made 85 arrests &amp; issued 69 detainers in #Idaho #Montana #Nevada #Utah
A crime snapshot includes:
2 convicted sex offenders
16 convicted of violent crimes
6 convicted of theft
2 convicted of domestic violence
1 convicted of manslaughter
1 with drugs
11 with DUI https://t.co/Hjuk9MhoLy",3_1793017066573684736,photo,,1
ICEgov,core,2024-06-18T17:24:46.000Z,1803116659659395443,https://x.com/ICEgov/status/1803116659659395443,ICE takes many factors into account when targeting and arresting unlawfully present noncitizens within U.S. borders and determines case-by-case whether arrest and removal is warranted. Get the facts at http://ICE.gov/ERO,EROLosAngeles,2024-06-18T17:20:55.000Z,1803115690150469819,https://x.com/EROLosAngeles/status/1803115690150469819,"Wanted by Mexican law enforcement for the offenses of aggravated homicide and aggravated injuries, #EROLosAngeles returned this non-citizen to face justice in his home country. https://t.co/lJznJCWc7C",3_1803115583908528128,photo,,1
ICEgov,core,2024-07-02T13:37:28.000Z,1808132886303854953,https://x.com/ICEgov/status/1808132886303854953,See how @ICEgovERO uses intelligence-driven leads to target the worst-of-the-worst noncitizens for arrest and removal at http://ICE.gov/ero,ERONewYork,2024-07-01T20:58:53.000Z,1807881586173436089,https://x.com/ERONewYork/status/1807881586173436089,"“I am grateful for the outstanding teamwork between my officers and our law enforcement partners for safely removing this dangerous individual from the community.” -FOD Genalo
—-
ERO NYC arrests MS-13 gang member wanted in El Salvador for murder

 https://www.ice.gov/news/releases/ero-new-york-city-arrests-international-fugitive-ms-13-gang-member-wanted-el-salvador",,,,5
ICEgov,core,2024-07-31T17:26:08.000Z,1818699680307372349,https://x.com/ICEgov/status/1818699680307372349,"Great work by @EROHouston, ERO El Salvador and the Security Alliance for Fugitive Enforcement Task Force!

Learn how @ICEgovERO targets the worst unlawfully present noncitizen offenders at http://ICE.gov/ero",EROHouston,2024-07-30T20:54:40.000Z,1818389774064853150,https://x.com/EROHouston/status/1818389774064853150,.@EROHouston has removed a Salvadoran fugitive wanted for ties to a transnational criminal street gang. Details: 👇https://www.ice.gov/news/releases/ice-houston-removes-salvadoran-fugitive-wanted-ties-criminal-street-gang,,,,1
ICEgov,core,2024-08-21T13:03:19.000Z,1826243685908086828,https://x.com/ICEgov/status/1826243685908086828,See how intelligence-driven leads help @ICEgovERO target the worst-of-the-worst unlawfully present noncitizens for arrest and potential removal at http://ICE.gov/ero,EROSaltLakeCity,2024-08-20T21:09:52.000Z,1826003742061449351,https://x.com/EROSaltLakeCity/status/1826003742061449351,"Last week #ICEERO officers made 71 arrests &amp; issued 48 detainers in Idaho Montana Nevada Utah

A crime snapshot includes:
3 convicted sex offenders
11 convicted of violent crimes
13 convicted of drug crimes
8 convicted of theft crimes
3 convicted of firearms possession
5 with DUI https://t.co/TnTAHgiiFh",3_1826003688504152066,photo,,2
ICEgov,core,2024-09-06T18:18:04.000Z,1832121101578600832,https://x.com/ICEgov/status/1832121101578600832,Learn more about joining a team that supports and empowers the #women in its ranks: https://www.ice.gov/careers,DHSgov,2024-09-06T13:21:26.000Z,1832046450659762395,https://x.com/DHSgov/status/1832046450659762395,"Let’s talk about #WomeninLawEnforcement. We need to bring more women to the job, and ensure the officers and agents in our ranks can grow and thrive. DHS's WLE Task Force is doing just that, helping women move from frontline roles to leadership, driving policy change, and more. https://t.co/m2mVlJH8Hu",7_1832046047738155008,video,,8
ICEgov,core,2024-10-21T13:40:03.000Z,1848358589292834970,https://x.com/ICEgov/status/1848358589292834970,#ICYMI,DHSgov,2024-10-17T16:35:02.000Z,1846953076969832686,https://x.com/DHSgov/status/1846953076969832686,"NEW: On October 15, DHS, through @ICEgov, conducted its second charter removal flight to the People’s Republic of China (PRC) of Chinese nationals this year. ⬇️

http://dhs.gov/news/2024/10/17/dhs-conducts-removal-flight-peoples-republic-china https://t.co/SKF6n8m5NX",3_1846952957062844416,photo,,15
ICEgov,core,2025-01-08T22:52:25.000Z,1877126239216939342,https://x.com/ICEgov/status/1877126239216939342,"“This Ecuadoran noncitizen has been accused of felony crimes involving real, human victims in his home country,” said @EROBoston acting Field Office Director Patricia H. Hyde. #EndHumanTrafficking #WearBlue",EROBoston,2025-01-08T21:21:17.000Z,1877103305932878112,https://x.com/EROBoston/status/1877103305932878112,"@EROBoston arrests Ecuadoran national accused of human trafficking
Link: https://www.ice.gov/news/releases/ero-boston-arrests-ecuadoran-national-accused-human-trafficking https://t.co/fpvNPyXcPz",3_1877103272785276929,photo,https://github.com/vidproject/x/releases/download/media-EROBoston/3_1877103272785276929.png,0
ICEgov,core,2025-01-14T15:17:39.000Z,1879186121575588124,https://x.com/ICEgov/status/1879186121575588124,#ICYMI,EROBoston,2025-01-13T20:26:49.000Z,1878901538074284422,https://x.com/EROBoston/status/1878901538074284422,"@EROBoston arrests Jamaican national with international arrest warrant and felony convictions in the US
Link: https://www.ice.gov/news/releases/ero-boston-arrests-jamaican-national-international-arrest-warrant-and-felony https://t.co/qLWswTizzM",3_1878901480209408000,photo,https://github.com/vidproject/x/releases/download/media-EROBoston/3_1878901480209408000.jpg,0
ICEgov,core,2025-01-15T14:41:42.000Z,1879539461828333970,https://x.com/ICEgov/status/1879539461828333970,Thanks to local authorities who honored @EROBoston's immigration detainer that kept this Guatemalan national from being released into the community! #PublicSafety,EROBoston,2025-01-14T21:08:24.000Z,1879274388211789935,https://x.com/EROBoston/status/1879274388211789935,"@EROBoston arrests Guatemalan national accused of indecent assault and battery
Link: https://www.ice.gov/news/releases/ero-boston-arrests-guatemalan-national-accused-indecent-assault-and-battery https://t.co/7jIPLA86OU",3_1879274352610258945,photo,https://github.com/vidproject/x/releases/download/media-EROBoston/3_1879274352610258945.png,0
ICEgov,core,2025-01-15T14:44:08.000Z,1879540075266228248,https://x.com/ICEgov/status/1879540075266228248,"#ICYMI: @EROSaltLakeCity's weekly four-state arrest and detainer roundup.

#PublicSafety #ImmigrationDetainer",EROSaltLakeCity,2025-01-14T22:31:10.000Z,1879295219801415959,https://x.com/EROSaltLakeCity/status/1879295219801415959,"Last week #ICEERO officers made 68 arrests and issued 111 detainers in Idaho, Montana, Nevada &amp; Utah
A crime snapshot includes:
4 convicted of rape
4 convicted of domestic violence
7 convicted of DUI
9 convicted of violent crimes
9 convicted of drug crimes https://t.co/W3TdrUjKdg",3_1879295191372193792,photo,https://github.com/vidproject/x/releases/download/media-EROSaltLakeCity/3_1879295191372193792.jpg,0
ICEgov,core,2025-01-16T13:56:57.000Z,1879890586804842524,https://x.com/ICEgov/status/1879890586804842524,#ICYMI,EROPhiladelphia,2025-01-15T21:31:51.000Z,1879642678146768899,https://x.com/EROPhiladelphia/status/1879642678146768899,.@EROPhiladelphia recently removed a dangerous drug trafficker to Columbia. Carlos Julio Sierra Varela was convicted in the U.S. District Court for the @EDNYnews of international cocaine distribution conspiracy. https://t.co/mzJL9Oygfe,3_1879641099242795008,photo,https://github.com/vidproject/x/releases/download/media-_misc-0002/3_1879641099242795008.jpg,0
ICEgov,core,2025-01-16T13:59:35.000Z,1879891252684145149,https://x.com/ICEgov/status/1879891252684145149,#ICYMI @EROPhiladelphia removes Brazilian fugitive to face sentence in home country for homicide. #PublicSafety,EROPhiladelphia,2025-01-15T21:01:20.000Z,1879634998346785108,https://x.com/EROPhiladelphia/status/1879634998346785108,".@EROPhiladelphia removed Wederson Fernandes Da Silva, a citizen of Brazil with a final order of removal, to Brazil on Jan. 10. Fernandes is a foreign fugitive wanted by law enforcement authorities in Brazil to serve his sentence for intentional homicide and attempted homicide. https://t.co/tdaxIsnlyM",3_1879634948002324480,photo,https://github.com/vidproject/x/releases/download/media-_misc-0002/3_1879634948002324480.jpg,0
ICEgov,core,2025-01-16T14:03:07.000Z,1879892139620053231,https://x.com/ICEgov/status/1879892139620053231,#ICYMI Guatemalan convict with a history of violence now in @EROSanDiego custody.,EROSanDiego,2025-01-15T19:37:01.000Z,1879613779060928851,https://x.com/EROSanDiego/status/1879613779060928851,"On Jan. 5, @EROSanDiego arrested a Guatemalan national in San Diego, CA. The noncitizen was previously convicted of threaten crime with intent to terrorize, exhibit deadly weapon. The noncitizen will remain in ERO custody pending immigration proceedings. https://t.co/4LKQ79mPbO",3_1879613774665248768,photo,https://github.com/vidproject/x/releases/download/media-_misc-0002/3_1879613774665248768.jpg,0
ICEgov,core,2025-01-16T14:08:31.000Z,1879893499862290686,https://x.com/ICEgov/status/1879893499862290686,"Great work by @EROBoston who got this threat back off the streets after he was released into the community instead of being held on an immigration detainer!

Learn how ICE detainers keep communities and #LawEnforcement officers safer: http://ICE.gov/detainers

#PublicSafety",EROBoston,2025-01-15T19:26:40.000Z,1879611176344232341,https://x.com/EROBoston/status/1879611176344232341,"@EROBoston arrests twice-convicted sex offender in Connecticut after Department of Corrections ignores immigration detainer.
Link: https://www.ice.gov/news/releases/ero-boston-arrests-twice-convicted-sex-offender-connecticut-after-department https://t.co/6MOP66elRI",3_1879611169171742720,photo,https://github.com/vidproject/x/releases/download/media-EROBoston/3_1879611169171742720.png,0
ICEgov,core,2025-02-15T03:30:28.000Z,1890604564967006674,https://x.com/ICEgov/status/1890604564967006674,"SE Texas communities are safer thanks to immigration enforcement operations in Houston.
Recent ICE Houston arrests include criminal aliens convicted of:
📌Invasive visual recording
📌Sexual assault
📌Aggravated assault
📌Child sexual assault
📌 Lewd/lascivious child abuse",EROHouston,2025-02-12T21:46:37.000Z,1889793255149035671,https://x.com/EROHouston/status/1889793255149035671,"ICE ERO Houston continues to conduct routine daily enforcement operations in the Houston area alongside our law enforcement partners to uphold the rule of law and apprehend immigration violators who threaten public safety, national security or border security. https://t.co/7qid1cYNID",3_1889793068271837184,photo,https://github.com/vidproject/x/releases/download/media-_misc-0002/3_1889793068271837184.jpg,0
ICEgov,core,2025-02-15T03:31:06.000Z,1890604721867538890,https://x.com/ICEgov/status/1890604721867538890,📢The U.S. Coast Guard helps prevent dangerous illegal aliens from entering the country in the first place. We’re thankful for @USCG’s outstanding efforts.,DHSgov,2025-02-13T20:15:33.000Z,1890132727392821644,https://x.com/DHSgov/status/1890132727392821644,"Smugglers attempt treacherous ocean crossings to illegally enter our country. The @USCG is on the front lines ensuring safety, enforcing the law, and stopping these illegal maritime entries. https://t.co/JCz4RMFxyL",13_1890132600066326528,video,https://github.com/vidproject/x/releases/download/media-DHSgov-0002/13_1890132600066326528.mp4,0
ICEgov,core,2025-02-15T22:16:36.000Z,1890887963413766244,https://x.com/ICEgov/status/1890887963413766244,"Minnesotans have one less thing to worry about today with this murderer out their neighborhoods and behind bars.

Help ICE officers make your community safer by reporting suspicious activity to us at http://ICE.gov/tips or (866) 347-2423.",WhiteHouse,2025-02-15T02:07:29.000Z,1890583681556713839,https://x.com/WhiteHouse/status/1890583681556713839,"🚨Here are some of the WORST CRIMINAL ILLEGAL ALIENS ARRESTED yesterday ⬇️

Mongong Kual Maniang Deng, a South Sudanese national, was arrested by ICE St. Paul on February 13, 2025. Convictions: Homicide. Deng was sentenced to 204 months in prison. https://t.co/eKyZDIDE4G",3_1890582545143681025,photo,https://github.com/vidproject/x/releases/download/media-WhiteHouse/3_1890582545143681025.jpg,0
ICEgov,core,2025-02-15T22:17:28.000Z,1890888182402543677,https://x.com/ICEgov/status/1890888182402543677,"Tennessee residents can sleep easier tonight now that   this child rapist with a history of violence is off their streets, thanks to ICE Knoxville officers.",WhiteHouse,2025-02-15T02:07:32.000Z,1890583695393759450,https://x.com/WhiteHouse/status/1890583695393759450,"MAKE AMERICA SAFE AGAIN: Horacio Mejia-Villegas, a Guatemalan national, was arrested by ICE Knoxville on February 13, 2025. Criminal history: Rape of a child, assault with a weapon, hit and run, domestic violence, obstructing police, and more. Mejia-Villegas had been previously deported.",3_1890582669114626049,photo,https://github.com/vidproject/x/releases/download/media-WhiteHouse/3_1890582669114626049.jpg,0
ICEgov,core,2025-02-15T22:17:55.000Z,1890888297741705239,https://x.com/ICEgov/status/1890888297741705239,"Pennsylvania kids are safer today thanks to ICE Philly. Help us keep your community safer, too, by reporting suspicious activity to us at http://ICE.gov/tips or (866) 347-2423.",WhiteHouse,2025-02-15T02:07:33.000Z,1890583699298615685,https://x.com/WhiteHouse/status/1890583699298615685,"MAKE AMERICA SAFE AGAIN: Chi Chon Lei, a Portuguese national, was arrested by ICE Philadelphia on February 13, 2025. Convictions: Sexual exploitation of a minor—child pornography. Lei was sentenced to 23 months in prison. https://t.co/lu6YxkXICJ",3_1890582695115165696,photo,https://github.com/vidproject/x/releases/download/media-WhiteHouse/3_1890582695115165696.jpg,0
ICEgov,core,2025-02-15T22:25:36.000Z,1890890228564434987,https://x.com/ICEgov/status/1890890228564434987,"ICYMI

ICE Miami officers team with @CBP Border Patrol and @IRCSheriff to arrest 27 criminal illegal aliens in Florida.",EROMiami,2025-02-10T14:00:03.000Z,1888951062947917916,https://x.com/EROMiami/status/1888951062947917916,"ICE @EROMiami in Stuart with @IRCSheriff @USBPChiefMIP arrested 27 criminal illegal aliens from Mexico, Guatemala, Honduras, Colombia &amp; Nicaragua. Their criminal histories include DUI, battery, sex assault, domestic violence, probation violation, larceny, shoplifting &amp; burglary. https://t.co/FFB3IdZ2sJ",3_1888909218033410049,photo,https://github.com/vidproject/x/releases/download/media-_misc-0002/3_1888909218033410049.jpg,0
ICEgov,core,2025-02-16T21:18:36.000Z,1891235754811982326,https://x.com/ICEgov/status/1891235754811982326,"Los Angeles is now short another criminal alien with a history of violence – including voluntary manslaughter –thanks to ICE LA officers.

Help us make YOUR community safer by reporting suspicious activity to us at http://ICE.gov/tips or (866) 347-2423.",EROLosAngeles,2025-02-15T20:20:00.000Z,1890858620918636963,https://x.com/EROLosAngeles/status/1890858620918636963,"ERO Los Angeles arrested Osmar Rolando Gomez, a Guatemalan national convicted of driving under the influence, domestic violence, and voluntary manslaughter.  He was sentenced to 11 years in prison and is now in ICE custody pending removal proceedings. https://t.co/qGdcf9CfsQ",3_1890496454919065600,photo,https://github.com/vidproject/x/releases/download/media-EROLosAngeles/3_1890496454919065600.png,0
ICEgov,core,2025-02-16T21:21:04.000Z,1891236378349854779,https://x.com/ICEgov/status/1891236378349854779,"Sexual assault of a minor and multiple DUIs? Nope. After 30 years of hiding in the U.S., this Salvadoran criminal alien has got to go! ICE Denver officers got him off Colorado streets Friday.

See who we’ve removed from YOUR community and subscribe to news updates at http://ICE.gov/newsroom",ERODenver,2025-02-14T19:54:06.000Z,1890489713758281925,https://x.com/ERODenver/status/1890489713758281925,"ICE Denver arrested Conce Noel Argueta-Cabrera, Feb. 13, a Salvadoran criminal alien who illegally entered the U.S. over 30 yrs ago, He has 2 DUIs, contributed to the delinquency of a minor &amp; sex assault on a minor. He will remain in ICE custody pending removal proceedings. https://t.co/UWjYov9kvC",3_1890489692514316291,photo,https://github.com/vidproject/x/releases/download/media-_misc-0002/3_1890489692514316291.jpg,51
ICEgov,core,2025-02-18T00:48:57.000Z,1891651081114923192,https://x.com/ICEgov/status/1891651081114923192,"ICYMI Washington state residents won’t miss these criminal aliens convicted of drug manufacturing, commercial sex abuse of a minor, and more arrested by ICE Seattle officers.

See who we’ve removed from YOUR community and subscribe to news updates at http://ICE.gov/newsroom.",EROSeattle,2025-02-14T22:36:10.000Z,1890530503012368514,https://x.com/EROSeattle/status/1890530503012368514,ICE Seattle arrests aliens who pose significant public threats in Washington: https://www.ice.gov/news/releases/ice-seattle-arrests-aliens-who-pose-significant-public-threats-washington https://t.co/OGKARrXVZW,3_1890530301446877184 3_1890530377347002368 3_1890530412369440770,photo photo photo,https://github.com/vidproject/x/releases/download/media-_misc-0002/3_1890530301446877184.jpg https://github.com/vidproject/x/releases/download/media-_misc-0002/3_1890530377347002368.jpg https://github.com/vidproject/x/releases/download/media-_misc-0002/3_1890530412369440770.jpg,0
ICEgov,core,2025-02-18T00:49:48.000Z,1891651296056442972,https://x.com/ICEgov/status/1891651296056442972,"Violent Mexican illegal alien gang member with multiple U.S. convictions says goodbye to Los Angeles and awaits @DOJ removal proceedings thanks to ICE LA officers.

Help ICE keep you safe by supporting policies allowing local law enforcement to honor ICE immigration detainers instead of releasing criminal aliens back into your community. Learn more: http://ICE.gov/detainers",EROLosAngeles,2025-01-29T01:49:07.000Z,1884418464623759807,https://x.com/EROLosAngeles/status/1884418464623759807,"#EROLosangeles arrested an unlawfully present Mexican national who is also a gang member with convictions for domestic violence, vehicle theft, receiving stolen property, and filing false reports.  This noncitizen is currently in ICE custody pending removal proceedings. https://t.co/Zx6AvyBcMp",3_1884418459301216256,photo,https://github.com/vidproject/x/releases/download/media-EROLosAngeles/3_1884418459301216256.jpg,0
ICEgov,core,2025-02-18T00:50:30.000Z,1891651471227187552,https://x.com/ICEgov/status/1891651471227187552,ICYMI LA residents now safe from suspected killer! Mexican fugitive wanted for femicide in home country arrested by ICE Los Angeles and returned to Mexican authorities to face justice.,EROLosAngeles,2025-02-10T15:18:24.000Z,1888970781121786203,https://x.com/EROLosAngeles/status/1888970781121786203,#EROLosAngeles arrested a foreign fugitive wanted in his home country for the offense of femicide.  This unlawfully present criminal alien was turned over to the Mexican authorities to face justice. https://t.co/vvmJhq1jWF,3_1888970742630666240,photo,https://github.com/vidproject/x/releases/download/media-EROLosAngeles/3_1888970742630666240.png,0
ICEgov,core,2025-02-18T21:57:38.000Z,1891970356891574374,https://x.com/ICEgov/status/1891970356891574374,"ICYMI — This criminal illegal alien is:
📌A Paisas transnational gang member
📌Wanted for homicide in Mexico

His convictions include:
📌10 illegal entries
📌4 DWIs
📌Larceny

We removed him &amp; he now faces trial in Mexico.",EROHouston,2025-02-14T15:07:34.000Z,1890417608261882148,https://x.com/EROHouston/status/1890417608261882148,"ICE @EROHouston removed a Paisas gang member from the U.S. Feb. 13 who has illegally entered the U.S. 10 times and is wanted in Mexico for homicide. Upon arrival in Mexico, he was handed over to authorities. Details: 👇https://www.ice.gov/news/releases/ice-removes-paisas-gang-member-wanted-homicide-who-illegally-entered-us-10-times",,,,0
ICEgov,core,2025-02-18T22:02:49.000Z,1891971661722738705,https://x.com/ICEgov/status/1891971661722738705,"ICYMI:

We arrested this criminal alien previously convicted of:
📌Voluntary manslaughter
📌Aggravated assault with a weapon
📌Drug possession
📌Illegal reentry

He’s been removed 3 times already.",EROHouston,2025-02-10T14:45:14.000Z,1888962435349946605,https://x.com/EROHouston/status/1888962435349946605,".@EROHouston recently arrested a 3-time previously deported criminal alien with prior criminal convictions for voluntarily manslaughter, aggravated assault with a weapon, possession of marijuana, and illegal re-entry. https://www.ice.gov/news/releases/ice-arrests-alien-deported-3-times-violent-criminal-history-houston",,,,0
ICEgov,core,2025-02-19T22:07:44.000Z,1892335284596961453,https://x.com/ICEgov/status/1892335284596961453,The @WhiteHouse shares a video of an ICE @EROSeattle removal flight.,WhiteHouse,2025-02-18T18:45:43.000Z,1891922058415603980,https://x.com/WhiteHouse/status/1891922058415603980,ASMR: Illegal Alien Deportation Flight 🔊 https://t.co/O6L1iYt9b4,7_1891921840177602560,video,https://github.com/vidproject/x/releases/download/media-WhiteHouse/7_1891921840177602560.mp4,19703
ICEgov,core,2025-02-21T00:55:12.000Z,1892739815713407106,https://x.com/ICEgov/status/1892739815713407106,"Houston-area residents are safer now. Combined, these 3 illegal aliens have:
•22 removals
•24 criminal convictions",EROHouston,2025-02-19T23:13:29.000Z,1892351833227526410,https://x.com/EROHouston/status/1892351833227526410,"In the past 10 days, ICE has removed 3 criminal aliens from the Houston area who illegally entered the U.S. at least 6 times and who had an extensive criminal history. (1 of 2) Details: 👉http://www.ice.gov/news/releases/ice-removes-6-time-deported-gang-member-violent-criminal-history-mexico https://t.co/IiTnJN5acO",7_1892351225519063040,video,https://github.com/vidproject/x/releases/download/media-_misc-0002/7_1892351225519063040.mp4,0
ICEgov,core,2025-02-21T00:58:15.000Z,1892740582868476396,https://x.com/ICEgov/status/1892740582868476396,Guatemalan criminal alien charged with forcibly raping a Massachusetts child arrested by ICE Boston.,EROBoston,2025-02-13T13:43:24.000Z,1890034037621998018,https://x.com/EROBoston/status/1890034037621998018,"ICE @EROBoston arrests illegal Guatemalan national charged with forcibly raping Massachusetts minor.
Link: https://www.ice.gov/news/releases/ice-boston-arrests-illegal-guatemalan-national-charged-forcibly-raping-massachusetts https://t.co/Sj1y83dt5i",3_1890033990888824832,photo,https://github.com/vidproject/x/releases/download/media-EROBoston/3_1890033990888824832.png,0
ICEgov,core,2025-02-21T01:01:00.000Z,1892741276862230803,https://x.com/ICEgov/status/1892741276862230803,"This foreign fugitive is off Houston streets and in ICE custody.

Convictions include:
•4 DWIs
•Larceny
•Illegal reentry",EROHouston,2025-02-14T15:07:35.000Z,1890417610430259329,https://x.com/EROHouston/status/1890417610430259329,"While in the U.S. illegally this foreign fugitive has been convicted of 4 DWIs, larceny, illegal reentry and illegal entry. https://t.co/1QlPt4ZNVp",3_1890417555803717632 3_1890417555820384256,photo photo,https://github.com/vidproject/x/releases/download/media-_misc-0002/3_1890417555803717632.jpg https://github.com/vidproject/x/releases/download/media-_misc-0002/3_1890417555820384256.jpg,0
ICEgov,core,2025-02-21T01:04:11.000Z,1892742076489417069,https://x.com/ICEgov/status/1892742076489417069,"This Turkish national is finally in ICE custody.

Charges:
•Assault &amp; battery on an intellectually disabled person
•Witness intimidation",EROBoston,2025-02-12T22:29:14.000Z,1889803981297426608,https://x.com/EROBoston/status/1889803981297426608,"ICE @EROBoston arrests illegal Turkish national charged with witness intimidation and assault &amp; battery on intellectually disabled person.
Link: https://www.ice.gov/news/releases/ice-boston-arrests-illegal-turkish-national-charged-witness-intimidation-assault https://t.co/I1Bc5yOr5j",3_1889803819967492096,photo,https://github.com/vidproject/x/releases/download/media-EROBoston/3_1889803819967492096.png,0
ICEgov,core,2025-02-21T23:15:02.000Z,1893076998483820983,https://x.com/ICEgov/status/1893076998483820983,ICYMI — This Salvadoran fugitive arrested by ICE Houston entered the U.S. illegally 3 different times.,EROHouston,2025-02-19T17:24:26.000Z,1892263988714524859,https://x.com/EROHouston/status/1892263988714524859,ICE removed a foreign fugitive from the U.S. Feb. 14 who has illegally entered the U.S. 3 times and is wanted in El Salvador for aggravated terrorist organizations (gang membership). Details: 👇 https://www.ice.gov/news/releases/ice-removes-salvadoran-gang-member-who-illegally-entered-us-3-times,,,,0
ICEgov,core,2025-02-25T22:03:40.000Z,1894508590565822501,https://x.com/ICEgov/status/1894508590565822501,"This criminal alien can’t put Americans in danger any longer.

Not only does he have 2 prior removals, but his convictions include:
• Assault
• DUI

He remains in our custody pending his third removal.

👉Please thank ICE’s @ERODenver for their success getting him off our streets.",ERODenver,2025-02-22T01:13:55.000Z,1893106914617082232,https://x.com/ERODenver/status/1893106914617082232,ICE Denver arrested a 52-year-old illegal alien from Mexico on Feb. 19. This alien who has convictions for DUI and assault was arrested for unlawfully re-entering the US after having 2 previous removals and will remain in custody pending his third removal. https://t.co/nazxxPw3U2,3_1893106900746530816,photo,https://github.com/vidproject/x/releases/download/media-_misc-0002/3_1893106900746530816.jpg,0
ICEgov,core,2025-02-25T22:08:26.000Z,1894509788496584832,https://x.com/ICEgov/status/1894509788496584832,"This violent Jamaican foreign national’s convictions include, but certainly aren’t limited to:
• Aggravated assault
• Burglary
• Harassment
• Assault
• Manufacturing and distributing heroin
• Unlawful weapons possession

👉Please thank ICE’s @ERONewark for the outstanding work getting this criminal alien off our streets.

💻Read more about his case in our Newsroom.",ERONewark,2025-02-21T23:30:05.000Z,1893080786112229613,https://x.com/ERONewark/status/1893080786112229613,ICE arrested a citizen of Jamaica who has an extended history of convictions and sentencings in New Jersey. Multiple law enforcement agencies provided resources and support leading up to the alien’s arrest. He is in ICE custody pending removal proceedings. https://www.ice.gov/news/releases/ice-newark-law-enforcement-partners-arrest-illegal-alien-new-jersey-extensive https://t.co/GSAZGgWnel,3_1893080608202526720,photo,https://github.com/vidproject/x/releases/download/media-ERONewark/3_1893080608202526720.jpg,0
ICEgov,core,2025-02-25T22:10:27.000Z,1894510297852833834,https://x.com/ICEgov/status/1894510297852833834,One more violent gang member is off Los Angeles streets and in ICE custody. Please thank our ICE officers at our @EROLosAngeles office for this arrest.,EROLosAngeles,2025-02-24T17:14:47.000Z,1894073499934712107,https://x.com/EROLosAngeles/status/1894073499934712107,"Julio Lopez, an illegal alien from Guatemala and an 18th street gang member with a conviction of assault with a deadly weapon, was arrested by .@EROLosAngeles. He will remain in ICE Custody pending removal proceedings. https://t.co/DtPLJb57kO",3_1894073349149462528 3_1894073444154970115,photo photo,https://github.com/vidproject/x/releases/download/media-EROLosAngeles/3_1894073349149462528.jpg https://github.com/vidproject/x/releases/download/media-EROLosAngeles/3_1894073444154970115.jpg,0
ICEgov,core,2025-02-25T22:11:46.000Z,1894510629131624708,https://x.com/ICEgov/status/1894510629131624708,"Americans won’t tolerate human trafficking any longer.
💻Report suspected trafficking on our website.",EROSaltLakeCity,2025-02-24T19:45:41.000Z,1894111474362052923,https://x.com/EROSaltLakeCity/status/1894111474362052923,"ICE Salt Lake City arrested a previously deported Salvadoran human smuggler, 29, convicted of trafficking eight illegal aliens. He will be criminally prosecuted by the @USAO_UT and faces the maximum statutory penalty under the law. https://t.co/sYwPldesXi",3_1894111379763691520,photo,https://github.com/vidproject/x/releases/download/media-EROSaltLakeCity/3_1894111379763691520.jpg,0
ICEgov,core,2025-02-26T18:48:49.000Z,1894821940935962930,https://x.com/ICEgov/status/1894821940935962930,ICYMI,DHSgov,2025-02-25T22:49:21.000Z,1894520083847782541,https://x.com/DHSgov/status/1894520083847782541,"Under @POTUS and @Sec_Noem, America's borders are closed to lawbreakers. Last week, @ICEgov continued arresting the worst of the worst criminal illegal aliens first. https://t.co/VPuFNB3X5x",13_1894519999072489472,video,https://github.com/vidproject/x/releases/download/media-DHSgov-0002/13_1894519999072489472.mp4,0
ICEgov,core,2025-02-26T18:54:09.000Z,1894823284904231132,https://x.com/ICEgov/status/1894823284904231132,"Teamwork! Having ICE offices across the nation – and worldwide – helps us manage all aspects of the immigration enforcement process, including arrest, detention, transportation, and removal. @EROBaltimore @ERODenver",EROBaltimore,2025-02-25T23:00:22.000Z,1894522858228826519,https://x.com/EROBaltimore/status/1894522858228826519,ICE @EROBaltimore transferred 30+ illegal aliens to ICE @ERODenver to optimize detention capacity in Maryland. https://t.co/3aj6iupIJg,7_1894522549964353536 3_1894522701382877185 3_1894522737143549952 3_1894522773185155072,video photo photo photo,https://github.com/vidproject/x/releases/download/media-_misc-0002/7_1894522549964353536.mp4 https://github.com/vidproject/x/releases/download/media-_misc-0002/3_1894522701382877185.jpg https://github.com/vidproject/x/releases/download/media-_misc-0002/3_1894522737143549952.png https://github.com/vidproject/x/releases/download/media-_misc-0002/3_1894522773185155072.png,0
ICEgov,core,2025-02-27T20:28:44.000Z,1895209474245419269,https://x.com/ICEgov/status/1895209474245419269,"In just one month, ICE arrested over 20K illegal aliens. This is a 627% increase in monthly arrests compared to this period last year.",DHSgov,2025-02-26T23:31:05.000Z,1894892975659868285,https://x.com/DHSgov/status/1894892975659868285,DHS Secretary Kristi Noem announced that in a single month under President Trump ICE arrests have increased by 627%. https://t.co/iupcms1Stw,3_1894892955388841984,photo,https://github.com/vidproject/x/releases/download/media-DHSgov-0002/3_1894892955388841984.jpg,0
ICEgov,core,2025-02-28T21:45:00.000Z,1895591053169999914,https://x.com/ICEgov/status/1895591053169999914,Convicted of murder in Pennsylvania — finally removed from the U.S.,EROBuffalo,2025-02-25T22:56:42.000Z,1894521935209320933,https://x.com/EROBuffalo/status/1894521935209320933,"“By removing criminal aliens like Pablo Palma, ICE Buffalo plays a pivotal role in keeping our communities safe. I commend our officers for their tireless work to preserve public safety.” -FOD Buffalo https://t.co/CXFE8mnaZ5",3_1894517353146118144,photo,https://github.com/vidproject/x/releases/download/media-_misc-0002/3_1894517353146118144.jpg,0
ICEgov,core,2025-02-28T22:00:20.000Z,1895594914916024534,https://x.com/ICEgov/status/1895594914916024534,"Seattle-area roads just got safer.

Multiple criminal aliens with DUI convictions now face removal thanks to ICE Seattle.

💻Learn more👇",EROSeattle,2025-02-26T17:26:33.000Z,1894801235963978028,https://x.com/EROSeattle/status/1894801235963978028,"ICE Seattle arrests criminal aliens with DUI convictions, including Hector Perez-Lorenzon Selvin, 23, a citizen of Guatemala charged by WA for DUI: https://www.ice.gov/news/releases/ice-seattle-arrests-criminal-aliens-dui-convictions https://t.co/kpnZoyL7ek",3_1894801090945671168,photo,https://github.com/vidproject/x/releases/download/media-_misc-0002/3_1894801090945671168.jpg,0
ICEgov,core,2025-03-27T00:17:00.000Z,1905051390965330368,https://x.com/ICEgov/status/1905051390965330368,This illegal alien solicited sex from a kid. 👇,EROBaltimore,2025-03-25T15:27:54.000Z,1904555849466462503,https://x.com/EROBaltimore/status/1904555849466462503,"ICE Baltimore arrested illegal alien and Venezuelan national Juan Carlos Vasquez-Natera, 33, in Frederick. Vasquez has been convicted of sexual solicitation of a minor. ICE issued Vasquez a notice to appear, and he will remain in custody pending immigration proceedings. https://t.co/LlwbjTPHyn",3_1904555368325189632,photo,https://github.com/vidproject/x/releases/download/media-_misc-0002/3_1904555368325189632.jpg,0
ICEgov,core,2025-03-27T12:48:33.000Z,1905240526124630109,https://x.com/ICEgov/status/1905240526124630109,"ICE arrested an international fugitive wanted for murder in Venezuela. 👇

👍We appreciate the assistance from our federal partners, as always.",ERODetroit,2025-03-25T22:35:00.000Z,1904663334248734919,https://x.com/ERODetroit/status/1904663334248734919,"ICE Detroit, along with our partners @FBIDetroit, @DEADetroitdiv, @ATFDetroit, and @USBPChiefDTM, continues to protect our communities by removing public safety threats, like this illegal alien from Venezuela who is wanted for murder in his home country. @HSIDetroit https://t.co/9Gf1MuchAl",3_1904661821887221761 3_1904661284420784128,photo photo,https://github.com/vidproject/x/releases/download/media-_misc-0002/3_1904661821887221761.jpg https://github.com/vidproject/x/releases/download/media-_misc-0002/3_1904661284420784128.jpg,0
ICEgov,core,2025-03-27T12:52:51.000Z,1905241605222600918,https://x.com/ICEgov/status/1905241605222600918,"⚠️Indecent assault &amp; battery on a person 14 or over. 👇
Details: https://www.ice.gov/news/releases/ice-boston-arrests-lebanese-alien-charged-assault-battery-sex-crime-massachusetts",EROBoston,2025-03-25T20:50:49.000Z,1904637116547817788,https://x.com/EROBoston/status/1904637116547817788,"ICE arrested Pierre Maurice Al-Asmar, an illegal Lebanese national charged with assault and battery and indecent assault and battery on person 14 or over. Deportation officers with ICE @EROBoston arrested Al-Asmar Jan. 25 in Lakeville, Massachusetts. https://t.co/fBrdA3FW2J",3_1904637089209098240,photo,https://github.com/vidproject/x/releases/download/media-EROBoston/3_1904637089209098240.png,0
ICEgov,core,2025-03-27T16:10:00.000Z,1905291221368549792,https://x.com/ICEgov/status/1905291221368549792,"🚨FUGITIVE ARREST🚨
-Documented MS-13 gang member
-Disorderly conduct
-DUI
🌎MS-13 is a violent transnational terrorist organization. We won’t stop until they’re gone.",EROSaltLakeCity,2025-03-26T14:30:17.000Z,1904903740005482510,https://x.com/EROSaltLakeCity/status/1904903740005482510,"FUGITIVE ARREST: we arrested Giovanni Henriquez-Osorio, 36, of El Salvador in Provo, UT. Henriquez is a member of MS-13 w/ convictions for disorderly conduct, intoxication, and DUI. He was turned over to local law enforcement for an outstanding warrant for assault. https://t.co/Z3K1HUXN36",3_1904903556567633920,photo,https://github.com/vidproject/x/releases/download/media-EROSaltLakeCity/3_1904903556567633920.png,0
ICEgov,core,2025-03-27T20:00:01.000Z,1905349108627300396,https://x.com/ICEgov/status/1905349108627300396,370 illegal aliens arrested in Massachusetts during a weeklong operation. 👇,EROBoston,2025-03-25T01:03:37.000Z,1904338345477456120,https://x.com/EROBoston/status/1904338345477456120,"ICE @EROBoston &amp; ICE @HSINewEngland, with our federal law enforcement partners from @FBIBoston , @ATFBoston, @DEANewEngland,
@USMS_Boston, &amp; @StateDeptDSS arrested 370 illegal alien offenders in Massachusetts during a 6-day operation March 13-23.
Link: https://www.ice.gov/news/releases/ice-law-enforcement-partners-arrest-more-370-alien-offenders-during-enhanced https://t.co/5HqftLvRhQ",3_1904336742418952192,photo,https://github.com/vidproject/x/releases/download/media-EROBoston/3_1904336742418952192.jpg,0
ICEgov,core,2025-03-28T13:18:06.000Z,1905610348499001715,https://x.com/ICEgov/status/1905610348499001715,"NEWARK, N.J. — Ming Xi Zhang was convicted of secretly acting as an agent of a foreign government.

🔍The U.S. District Court for the District of New Jersey sentenced him April 30, 2024, to 3 years of probation. We arrested him this week. He remains in ICE custody.

📰Learn more in our newsroom.",ERONewark,2025-03-26T19:32:00.000Z,1904979667402260497,https://x.com/ERONewark/status/1904979667402260497,"ICE arrested Ming Xi Zhang, a Chinese national who was sentenced last year for acting as an agent of a foreign government without prior notification to the U.S. Attorney General. He was detained March 24 in Newark, New Jersey, and remains in ICE custody. https://www.ice.gov/news/releases/ice-arrests-chinese-national-convicted-illegally-acting-agent-foreign-government https://t.co/Q1qjFkkoih",3_1904979507347427328,photo,https://github.com/vidproject/x/releases/download/media-ERONewark/3_1904979507347427328.jpg,0
ICEgov,core,2025-03-28T15:15:00.000Z,1905639768299360746,https://x.com/ICEgov/status/1905639768299360746,"LAKEVILLE, Mass. — Pierre Maurice Al-Asmar's charges include indecent assault and battery — victim 14 or older.

📰Learn more in our newsroom. 👇",EROBoston,2025-03-26T20:05:17.000Z,1904988045092536499,https://x.com/EROBoston/status/1904988045092536499,"ICE @EROBoston arrests Lebanese alien charged with assault, battery, sex crime in Massachusetts
Link: https://www.ice.gov/news/releases/ice-boston-arrests-lebanese-alien-charged-assault-battery-sex-crime-massachusetts https://t.co/XAdiW9ELRp",3_1904987992193679360,photo,https://github.com/vidproject/x/releases/download/media-EROBoston/3_1904987992193679360.jpg,0
ICEgov,core,2025-03-28T15:50:00.000Z,1905648576589365596,https://x.com/ICEgov/status/1905648576589365596,"🚨Arrest of previously deported violent gang member!
⚠️Sexual battery
⚠️Kidnapping
⚠️Domestic abuse",EROSaltLakeCity,2025-03-26T21:02:42.000Z,1905002495954297037,https://x.com/EROSaltLakeCity/status/1905002495954297037,"ICE Salt Lake City, Las Vegas Sub-Office arrested &amp; deported Claudio Felix-Marina, 36, of Mexico in Las Vegas, NV.  He is a previously deported Sureños 13 gang member w/crimes of sexual battery, delinquency of a minor, kidnapping and domestic battery. https://t.co/gbqj67yB6x",3_1905002415654375425,photo,https://github.com/vidproject/x/releases/download/media-EROSaltLakeCity/3_1905002415654375425.jpg,0
ICEgov,core,2025-03-28T17:05:00.000Z,1905667450718617799,https://x.com/ICEgov/status/1905667450718617799,🚨He was convicted of FOUR counts of sexual assault!,EROSaltLakeCity,2025-03-25T19:17:31.000Z,1904613635843850377,https://x.com/EROSaltLakeCity/status/1904613635843850377,"ICE Salt Lake City, Montana Sub-Office arrested &amp; deported Roberto Salaman-Garcia, 48, of Mexico in Deer Lodge, MT.  Salaman was convicted of 4 counts of sexual assault. https://t.co/U4aSvvWFd9",3_1904613587596832768,photo,https://github.com/vidproject/x/releases/download/media-EROSaltLakeCity/3_1904613587596832768.jpg,0
ICEgov,core,2025-03-28T17:40:00.000Z,1905676258626650501,https://x.com/ICEgov/status/1905676258626650501,🚨We arrested this illegal alien in Utah because he was previously convicted of sexual battery. 👇,EROSaltLakeCity,2025-03-24T21:18:00.000Z,1904281568383803850,https://x.com/EROSaltLakeCity/status/1904281568383803850,"ICE Salt Lake City arrested Arestide Garoro, 37, a citizen of the Democratic Republic of the Congo in West Valley City, UT.  Gatoro was convicted of sexual battery. https://t.co/Zz6m9jcMgq",3_1904251618771542016,photo,https://github.com/vidproject/x/releases/download/media-EROSaltLakeCity/3_1904251618771542016.png,0
ICEgov,core,2025-03-28T18:20:00.000Z,1905686324495221208,https://x.com/ICEgov/status/1905686324495221208,ICYMI,EROSaltLakeCity,2025-03-25T21:19:00.000Z,1904644207957979248,https://x.com/EROSaltLakeCity/status/1904644207957979248,"ICE Salt Lake City, Las Vegas Sub-Office arrested Christian Larios De La Cruz, 29, of Mexico in Las Vegas, NV.  Larios was charged/convicted of trespassing and DUI. https://t.co/rwhG0Zq4hS",3_1904614005861187584,photo,https://github.com/vidproject/x/releases/download/media-EROSaltLakeCity/3_1904614005861187584.png,0
ICEgov,core,2025-03-30T02:34:06.000Z,1906173059368702363,https://x.com/ICEgov/status/1906173059368702363,"⚠️Immigration detainers allow us to take immigration offenders into custody in a safe, controlled setting instead of within the community at-large.",EROBaltimore,2025-03-27T18:31:14.000Z,1905326765028897059,https://x.com/EROBaltimore/status/1905326765028897059,"ICE Baltimore arrested Venezuelan alien &amp; Tren de Aragua gang member Wilmer Antonio Echenique-Navarro, March 18 after @PGCorrections failed to honor ICE detainer &amp; released him, putting MD residents at risk. He remains in ICE custody. @pgcountyexec https://t.co/1idIQy404w",3_1905326090412834816,photo,https://github.com/vidproject/x/releases/download/media-_misc-0002/3_1905326090412834816.png,0
ICEgov,core,2025-03-30T02:36:27.000Z,1906173649855598890,https://x.com/ICEgov/status/1906173649855598890,💻Learn more about this case in our newsroom.👇,ERO__Phoenix,2025-03-27T16:15:00.000Z,1905292480280691027,https://x.com/ERO__Phoenix/status/1905292480280691027,Arizona is safer today after the removal of a Mexican fugitive wanted for family violence. ICE Phoenix is committed to keeping Arizona safe by removing those who pose a risk to public safety. Visit our website to learn more about us at http://ice.gov https://t.co/kUSzSNgSYQ,3_1905289419311210496,photo,https://github.com/vidproject/x/releases/download/media-ERO__Phoenix/3_1905289419311210496.jpg,0
ICEgov,core,2025-03-30T02:52:48.000Z,1906177764845109553,https://x.com/ICEgov/status/1906177764845109553,"Dominican criminal alien Luis Gomez-Felix:
🚨 Convicted of manufacturing and transporting cocaine
✈ Pending removal proceedings

Georgia communities now have less poison on their streets thanks to ICE Atlanta officers!",EROAtlanta,2025-03-28T12:14:57.000Z,1905594455765266520,https://x.com/EROAtlanta/status/1905594455765266520,"ICE Atlanta has apprehended 40-year-old Luis Gomez-Felix, a criminal illegal alien from the Dominican Republic, convicted of manufacturing and transporting cocaine. Another reminder of the ongoing efforts to protect our communities. https://t.co/12akxB5sGm",3_1905593562491752448,photo,https://github.com/vidproject/x/releases/download/media-_misc-0002/3_1905593562491752448.jpg,0
ICEgov,core,2025-03-30T02:54:19.000Z,1906178142953206078,https://x.com/ICEgov/status/1906178142953206078,Do you recognize this man? Do you know someone victimized by him? 👇,HSI_HQ,2025-03-28T16:15:15.000Z,1905654929038975036,https://x.com/HSI_HQ/status/1905654929038975036,"⚠️URGENT - Just arrested for online enticement of minors: Saul Alfaro of Panorama City

@HSILosAngeles &amp; @BurbankPD request help from the public. If you’ve been victimized or know someone who's been victimized by this predator, contact Burbank PD at 818-238-3210 or 866-347-2423. https://t.co/C9VRmJyHQ2",3_1905653602779111424,photo,https://github.com/vidproject/x/releases/download/media-HSI_HQ/3_1905653602779111424.jpg,0
ICEgov,core,2025-03-30T02:56:30.000Z,1906178692599984463,https://x.com/ICEgov/status/1906178692599984463,"HARLINGEN, Texas — A weeklong immigration enforcement operation led to 72 arrests in Texas, including:
⚠️2 documented gang members
⚠️61 criminal aliens

💻Learn more about the operation &amp; see more photos in our newsroom. 👇 https://t.co/Sz1cMlrhEl",EroHarlingen,2025-03-27T20:02:14.000Z,1905349666910204326,https://x.com/EroHarlingen/status/1905349666910204326,"ICE-led, joint federal law enforcement, operation in the Rio Grande Valley leads to arrest of 72 illegal aliens, 61 criminal aliens, and two documented gang members. https://www.ice.gov/news/releases/ice-arrests-72-criminal-aliens-during-week-long-multi-agency-operation-rio-grande https://t.co/moT8M2LeTK",3_1905349567991672832 3_1905349567991701504 3_1905349567811330048,photo photo photo,https://github.com/vidproject/x/releases/download/media-_misc-0002/3_1905349567991672832.jpg https://github.com/vidproject/x/releases/download/media-_misc-0002/3_1905349567991701504.jpg https://github.com/vidproject/x/releases/download/media-_misc-0002/3_1905349567811330048.jpg,0
ICEgov,core,2025-04-09T14:10:48.000Z,1909972266302971918,https://x.com/ICEgov/status/1909972266302971918,"We arrested this violent convicted criminal and have removed him from the Sanpete, Utah, community.

⚠️He will wait on the outcome of his removal proceedings in ICE custody.",EROSaltLakeCity,2025-04-02T18:54:13.000Z,1907506875509162478,https://x.com/EROSaltLakeCity/status/1907506875509162478,"ICE Salt Lake City arrested Mexican national Saul Perez-Tinoco, 38, in Sanpete, Utah. He was convicted of aggravated assault and robbery then sentenced to 5 years. He will remain in ICE custody pending removal proceedings. https://t.co/mBn1ggPJS7",3_1907506849273831425,photo,https://github.com/vidproject/x/releases/download/media-EROSaltLakeCity/3_1907506849273831425.png,0
ICEgov,core,2025-04-09T18:23:14.000Z,1910035791679741977,https://x.com/ICEgov/status/1910035791679741977,🔊We’re hiring special agents!,HSI_HQ,2025-04-03T20:12:27.000Z,1907888952398266767,https://x.com/HSI_HQ/status/1907888952398266767,"Ready to join us? We’re hiring special agents to join our elite investigative team!
📌This job is open to all U.S. citizens.
🔍Learn more: http://ICE.gov/Careers
💻Apply today: http://www.usajobs.gov/job/834569500 https://t.co/E6J7faUPQi",3_1907888764849930240,photo,https://github.com/vidproject/x/releases/download/media-HSI_HQ/3_1907888764849930240.jpg,0
ICEgov,core,2025-04-09T18:23:52.000Z,1910035950559793423,https://x.com/ICEgov/status/1910035950559793423,🌎We’re committed to removing members of these transnational terrorist organizations from our country. Check out the great work by our Salt Lake City team.👇,EROSaltLakeCity,2025-04-07T15:03:33.000Z,1909260765736939613,https://x.com/EROSaltLakeCity/status/1909260765736939613,"Last week we took down TdA and Sureños gangsters, arrested/deported aliens convicted of fraud, racketeering, burglary, selling cocaine, ID theft, hit &amp; run, + many more.  Avoid getting a free pair of handcuffs by using CBP Home to self-deport. https://t.co/wFfhjiFYYV",3_1909260506071785472,photo,https://github.com/vidproject/x/releases/download/media-EROSaltLakeCity/3_1909260506071785472.jpg,0
ICEgov,core,2025-04-09T20:11:09.000Z,1910062950187958649,https://x.com/ICEgov/status/1910062950187958649,"NEWARK, N.J. — Local authorities chose to release Kenny Jeferson Arceda — a Nicaraguan criminal alien — into their community rather than turn him over to ICE. Our officers apprehended him anyway.",ERONewark,2025-04-08T12:27:59.000Z,1909584003771879579,https://x.com/ERONewark/status/1909584003771879579,"ICE Newark arrested Kenny Jeferson Arceda, 26, an illegally present Nicaraguan national March 31. Arceda was charged with sexual assault but released into the community after the ICE detainer wasn’t honored. He was also previously convicted of Illegal entry into the U.S. https://t.co/3YSCJqIFv5",3_1909583953440256001,photo,https://github.com/vidproject/x/releases/download/media-ERONewark/3_1909583953440256001.jpg,0
ICEgov,core,2025-04-09T20:12:32.000Z,1910063297610822061,https://x.com/ICEgov/status/1910063297610822061,"🔊This is how immigration detainers keep your neighborhood safe!

HAGERSTOWN, Md. — After serving a U.S. sentence for sexually abusing a minor, this criminal Salvadoran alien was transferred to ICE custody to remain until being handed over to his home country’s authorities.",EROBaltimore,2025-04-07T20:41:42.000Z,1909345864868307036,https://x.com/EROBaltimore/status/1909345864868307036,"ICE Baltimore arrested illegal alien &amp; Salvadoran national Salvador Vasquez-Rivera, March 28, from MCTC in Hagerstown upon release on an immigration detainer. Vasquez has been convicted of sexual abuse of a minor and has a final order of removal. He will remain in ICE custody. https://t.co/Y2AwCgdBtp",3_1909345827971006464,photo,https://github.com/vidproject/x/releases/download/media-_misc-0002/3_1909345827971006464.jpg,0
ICEgov,core,2025-04-09T20:14:15.000Z,1910063729871290817,https://x.com/ICEgov/status/1910063729871290817,🚨He’s charged with DWI &amp; leaving the scene of a FATAL accident.,ERONewYork,2025-03-22T14:00:02.000Z,1903446573490549025,https://x.com/ERONewYork/status/1903446573490549025,"ICE New York City arrested Manual de Jesus Gomez, a 47-year-old citizen of El Salvador convicted of DWI and pending charges for leaving the scene of accident with an injury resulting in death and DWI. Gomez is in custody pending removal proceedings. https://t.co/OgfPYST7h1",3_1902099905818058752,photo,https://github.com/vidproject/x/releases/download/media-_misc-0002/3_1902099905818058752.jpg,0
ICEgov,core,2025-04-09T20:14:58.000Z,1910063910197084292,https://x.com/ICEgov/status/1910063910197084292,"This guy has pending felony charges for SEXUAL ASSAULT &amp; KIDNAPPING.

⚠️We don’t take chances with violent illegal aliens. He’ll stay in our custody during his immigration proceedings.",ERODenver,2025-04-04T23:15:00.000Z,1908297278596546783,https://x.com/ERODenver/status/1908297278596546783,"ICE Denver arrested Uriel Nieto-Meraz, 38, an illegal alien from Mexico April 2. Nieto has pending charges for felony sex assault, felony kidnapping and robbery. He will remain in ICE custody pending removal proceedings. https://t.co/OztAetQdnH",3_1908247011587239936,photo,https://github.com/vidproject/x/releases/download/media-_misc-0002/3_1908247011587239936.jpg,0
ICEgov,core,2025-04-10T00:24:00.000Z,1910126582359904544,https://x.com/ICEgov/status/1910126582359904544,"📊Fentanyl kills over 100K Americans annually.

📌Our country is experiencing a tragically growing fentanyl crisis, and we will do everything in our power to end it.",EROSaltLakeCity,2025-04-06T21:18:00.000Z,1908992610385170915,https://x.com/EROSaltLakeCity/status/1908992610385170915,"ICE Salt Lake City arrested Wanner Valle-Acosta, 25, of Honduras in Ogden, Utah. He has been convicted of selling fentanyl. This will be his fourth removal from the United States. https://t.co/bwK5P0aHdv",3_1908267794640109568,photo,https://github.com/vidproject/x/releases/download/media-EROSaltLakeCity/3_1908267794640109568.png,0
ICEgov,core,2025-04-10T02:14:00.000Z,1910154264699175299,https://x.com/ICEgov/status/1910154264699175299,ICYMI👇,EROLosAngeles,2025-03-25T21:53:02.000Z,1904652771330043971,https://x.com/EROLosAngeles/status/1904652771330043971,"Cesar Perez, 50, an illegal criminal alien is wanted in his home country of Mexico for organized crime connection and weapons trafficking. Perez has a conviction for smuggling in the U.S. and a previous removal. On Mar 24, he was arrested &amp; removed by #EROLosAngeles https://t.co/yEXU0RjX2D",3_1904652670532509696,photo,https://github.com/vidproject/x/releases/download/media-EROLosAngeles/3_1904652670532509696.jpg,0
ICEgov,core,2025-04-10T12:26:00.000Z,1910308279726858262,https://x.com/ICEgov/status/1910308279726858262,"We removed 174 criminal aliens to Mexico — as a group, they had 610 criminal convictions and 415 prior removals.

🔍Repeat removals of criminal aliens show why DHS is prioritizing border security. ICE is ramping up efforts to make our communities safer and remove criminal aliens as quickly as possible while our friends at @CBP are working around the clock — with tremendous success — to prevent illegal reentry.",EROHouston,2025-04-03T15:21:15.000Z,1907815667165770198,https://x.com/EROHouston/status/1907815667165770198,"In a two-week period, ICE @EROHouston removed 174 criminal aliens to Mexico who as a group account for 610 criminal convictions and 415 removals, including 24 gang members and one alien who had illegally entered the U.S. 39 times. Details: 👉https://www.ice.gov/news/releases/ice-houston-deports-174-criminal-aliens-mexico-2-weeks-who-account-610-criminal https://t.co/On7n7hZp23",3_1907815591219445760,photo,https://github.com/vidproject/x/releases/download/media-_misc-0002/3_1907815591219445760.jpg,0
ICEgov,core,2025-04-10T19:57:41.000Z,1910421949051732287,https://x.com/ICEgov/status/1910421949051732287,"FALLS CHURCH, Va. — Fairfax County convicted this statutory rapist of “consensual sex with a child.” Ander Cortez-Mendez originally faced charges of having sex with a child between the ages of 13-14 years old.

Take a look at his case:

📆March 18, 2024 — We lodged a detainer against this illegal Guatemalan sex offender with the Fairfax County Adult Detention Center.

📆May 20, 2024 — A Fairfax County judge gave him a 3-month sentence — then suspended it!

⚠️Fairfax County didn’t honor our detainer — instead, they released him back into the community.

📆April 2, 2025 — We arrested him on the street.

📰Read the press release in our newsroom.",EROWashington,2025-04-08T15:40:56.000Z,1909632562630111729,https://x.com/EROWashington/status/1909632562630111729,"ICE @EROWashington DC working with federal partners from @ATFWashington, @DEAWashingtonDC and @StateDeptDSS arrest illegal Guatemalan sex offender in Northern Virginia.
Link: https://www.ice.gov/news/releases/ice-federal-partners-arrest-illegal-guatemalan-sex-offender-northern-virginia https://t.co/8RiIkboHJc",3_1909632551242620928,photo,https://github.com/vidproject/x/releases/download/media-_misc-0002/3_1909632551242620928.jpg,0
ICEgov,core,2025-04-10T20:01:17.000Z,1910422857361862747,https://x.com/ICEgov/status/1910422857361862747,🌎MS-13 is a violent transnational terrorist organization. We won’t stop until they’re gone.,ERONewark,2025-04-09T13:52:46.000Z,1909967727193694468,https://x.com/ERONewark/status/1909967727193694468,"ICE Newark arrested Jose Gerardo Mejia Flores, an illegally present Salvadorian &amp; MS-13 gang member on April 4, in Plainfield, New Jersey. The Superior Court of New Jersey, Union County convicted Mejia on June 3, 2022, for unlawful possession of weapon. He remains in ICE custody. https://t.co/Fkvafo5npO",3_1909967509895229440,photo,https://github.com/vidproject/x/releases/download/media-ERONewark/3_1909967509895229440.jpg,0
ICEgov,core,2025-04-10T20:12:21.000Z,1910425641289465874,https://x.com/ICEgov/status/1910425641289465874,"📌Our country is experiencing a tragic fentanyl crisis, and we will do everything in our power to end it.",EROSaltLakeCity,2025-04-09T14:31:24.000Z,1909977449141518597,https://x.com/EROSaltLakeCity/status/1909977449141518597,ICE Salt Lake City has issued immigration detainers in this case and will take law enforcement action upon completion of the criminal matter.,,,,0
ICEgov,core,2025-04-12T01:09:00.000Z,1910862682565071024,https://x.com/ICEgov/status/1910862682565071024,🌎MS-13 is a dangerous transnational terrorist organization. We take membership in these organizations very seriously.,ERONewark,2025-04-08T13:34:00.000Z,1909600617095741465,https://x.com/ERONewark/status/1909600617095741465,"ICE Newark arrested an MS-13 gang member and Guatemalan national, Luis Jonathan Lopez-Quintana, 31, April 1. He was in the United States illegally and was previously removed from the United States in 2017. @FBINewark @ATF_Newark https://t.co/lGog1MBopr",3_1909585635892994048,photo,https://github.com/vidproject/x/releases/download/media-ERONewark/3_1909585635892994048.jpg,0
ICEgov,core,2025-04-12T18:45:17.000Z,1911128506693468317,https://x.com/ICEgov/status/1911128506693468317,🔊ICE Salt Lake City is doing an amazing job protecting its citizens and lawful residents from criminal aliens — this time in Las Vegas.,EROSaltLakeCity,2025-04-09T00:30:00.000Z,1909765704385233224,https://x.com/EROSaltLakeCity/status/1909765704385233224,"VIOLENT CRIMINAL: ICE Salt Lake City, Las Vegas Sub-Office arrested Modesta Salazar-Palomares, 37, of Mexico in Las Vegas.  She was convicted of assault with a deadly weapon and two counts of forgery. https://t.co/4jIUQ9TE92",3_1909723238701449216,photo,https://github.com/vidproject/x/releases/download/media-EROSaltLakeCity/3_1909723238701449216.png,0
ICEgov,core,2025-04-12T19:17:00.000Z,1911136486797582654,https://x.com/ICEgov/status/1911136486797582654,"Sureños gang members are known for:
⚠️Drug, weapons &amp; human trafficking
⚠️Auto theft &amp; robbery
⚠️Murder &amp; assault

Our children deserve to grow up in cities free from gang violence.

👍Great work by our ICE Salt Lake City team.",EROSaltLakeCity,2025-04-08T23:30:00.000Z,1909750607688482835,https://x.com/EROSaltLakeCity/status/1909750607688482835,"GANG ARREST: ICE SLC Reno Sub-Office arrested Sureños gang member Milton Aguayo-Herrera, 23, of Mexico in Carson City, NV. He was convicted of poss of a gun w/altered serial number &amp; by prohibited person, &amp; battery. A judge ordered him removed May 13 2021, we'll make it happen https://t.co/JAfuKglSJL",3_1909723087144468483,photo,https://github.com/vidproject/x/releases/download/media-EROSaltLakeCity/3_1909723087144468483.png,0
ICEgov,core,2025-04-12T19:50:00.000Z,1911144791691210797,https://x.com/ICEgov/status/1911144791691210797,"TdA is a violent transnational terrorist organization known for:
⚠️Human trafficking, human smuggling & forced prostitution
⚠️Murder & assault
⚠️Ransom kidnappings
⚠️Racketeering, bribery, retail theft & money laundering

🔊We won’t stop until they’re gone.

👍Great work, ICE Salt Lake City!",EROSaltLakeCity,2025-04-07T16:37:33.000Z,1909284423394017435,https://x.com/EROSaltLakeCity/status/1909284423394017435,"ICE arrested Alejandro Palmar-Romero, 19, a Tren de Aragua gang member. He was allegedly involved in a gang shooting in Herriman, Utah last year  &amp; charged with discharging a firearm, DUI, possession of a dangerous weapon, aggravated assault. He’s in ICE custody pending removal. https://t.co/EFjBlAKeZl",3_1909284410525995008,photo,https://github.com/vidproject/x/releases/download/media-EROSaltLakeCity/3_1909284410525995008.jpg,0
ICEgov,core,2025-04-12T21:00:01.000Z,1911162411698278582,https://x.com/ICEgov/status/1911162411698278582,"⚠️He tried to rape someone — twice.👇

We won’t take chances with Montana residents’ safety.",EROSaltLakeCity,2025-04-09T21:06:00.000Z,1910076754275996065,https://x.com/EROSaltLakeCity/status/1910076754275996065,"SEX OFFENDER: ICE SLC, Billings Sub-Office arrested Pablo Obregon-Miranda, 40, of Nicaragua in Billings, Montana. He was convicted of attempted sexual intercourse without consent x 2 and will remain in ICE custody pending immigration proceedings https://t.co/IZrQKTQoew",3_1910061782091042817,photo,https://github.com/vidproject/x/releases/download/media-EROSaltLakeCity/3_1910061782091042817.png,0
ICEgov,core,2025-04-12T22:51:29.000Z,1911190464033640748,https://x.com/ICEgov/status/1911190464033640748,Learn more about ICE's Victims Of Immigration Crime Engagement office at http://ICE.gov/voice,DHSgov,2025-04-12T20:27:29.000Z,1911154224303333674,https://x.com/DHSgov/status/1911154224303333674,"With the re-opening of the VOICE Office, @POTUS Trump and @Sec_Noem are giving victims of alien crime, and their families access to resources and support services. The previous administration ignored these families and the other victims of illegal alien crime. https://t.co/IpmGMG2Bzq",13_1911153777597370368,video,https://github.com/vidproject/x/releases/download/media-DHSgov/13_1911153777597370368.mp4,0
ICEgov,core,2025-04-12T23:05:00.000Z,1911193865362559003,https://x.com/ICEgov/status/1911193865362559003,"Police allege this man ran an illegal operation profiting off animal abuse and illegal gambling.

🔗He’s affiliated with members of a violent gang.

⚖️His existing convictions include impaired driving — which put American lives in danger.

👉Please, thank our ICE Salt Lake City team for its great work protecting Nevada communities!👇",EROSaltLakeCity,2025-04-09T23:09:00.000Z,1910107707908010483,https://x.com/EROSaltLakeCity/status/1910107707908010483,"ICE SLC, Reno Sub-Office arrested Sureños affiliate Cervando Vazquez-Mariscal, 40, of Mexico in Reno, NV. He was convicted of Use/Posses drug-paraphernalia, DUI; also accused of operating an illegal cockfighting ring resulting in a large amounts of animal abuse &amp; illegal gambling https://t.co/07MvvRqVUx",3_1910062572671238144 3_1910062602270474241,photo photo,https://github.com/vidproject/x/releases/download/media-EROSaltLakeCity/3_1910062572671238144.jpg https://github.com/vidproject/x/releases/download/media-EROSaltLakeCity/3_1910062602270474241.png,0
ICEgov,core,2025-04-13T14:00:01.000Z,1911419104659165605,https://x.com/ICEgov/status/1911419104659165605,⚖️U.S. immigration law is clear: Removable criminal aliens can’t stay here.,ERODenver,2025-04-09T22:30:00.000Z,1910097893869920503,https://x.com/ERODenver/status/1910097893869920503,"ICE Denver officers removed illegal alien Enrique Herrera-Perez to his home country of Mexico, April 8. Herrera was convicted of agg. sex abuse of a child, sex assault and rape in 2022. He was removed after his release from prison. https://t.co/aJzFQCrbDC",3_1910071393611563008,photo,https://github.com/vidproject/x/releases/download/media-_misc-0002/3_1910071393611563008.jpg,15
ICEgov,core,2025-04-13T18:30:00.000Z,1911487048357228645,https://x.com/ICEgov/status/1911487048357228645,👉Our teams around the country have worked together tirelessly to make communities like Seattle safer.,EROSeattle,2025-04-09T21:51:52.000Z,1910088295582745078,https://x.com/EROSeattle/status/1910088295582745078,"Our ongoing joint federal law enforcement arrests have resulted in the capture and detention of criminal aliens convicted of a variety of local offenses, from DUI to assault. https://t.co/aaiOcaGKYz",3_1910086723314290688 3_1910086882811052032 3_1910086924976414720 3_1910087595792465921,photo photo photo photo,https://github.com/vidproject/x/releases/download/media-_misc-0002/3_1910086723314290688.jpg https://github.com/vidproject/x/releases/download/media-_misc-0002/3_1910086882811052032.jpg https://github.com/vidproject/x/releases/download/media-_misc-0002/3_1910086924976414720.jpg https://github.com/vidproject/x/releases/download/media-_misc-0002/3_1910087595792465921.jpg,0
ICEgov,core,2025-04-14T15:00:02.000Z,1911796596465111427,https://x.com/ICEgov/status/1911796596465111427,"🔊We don’t take chances with public safety.
⚖️ICE has a statutory duty to keep potentially dangerous criminal aliens off our streets.",EROSaltLakeCity,2025-04-09T22:08:00.000Z,1910092357024014564,https://x.com/EROSaltLakeCity/status/1910092357024014564,"ICE SLC, Twin Falls Sub-Office arrested Arturo Garcia-Garcia, 27, of Mexico in Pocatello, Idaho. His criminal history includes recent arrest for child sexual abuse, kidnapping for ransom &amp; committing rape &amp; child enticement. He’ll remain in ICE custody pending removal proceedings https://t.co/0c3Rjn1rRf",3_1910062313782067201,photo,https://github.com/vidproject/x/releases/download/media-EROSaltLakeCity/3_1910062313782067201.jpg,22
ICEgov,core,2025-04-15T12:46:43.000Z,1912125431140016342,https://x.com/ICEgov/status/1912125431140016342,"SAN DIEGO — Fugitive & former Mexican governor Tomas Jesus Yarrington Ruvalcaba:

🚨Sentenced to nine years in 2021 for money laundering in the U.S. after ICE probe

🚨Turned over by ICE officers to Mexican authorities April 9, where he’s wanted for organized crime and transactions with illegally obtained resources

💻Details below in the thread’s ICE newsroom link.👇",EroHarlingen,2025-04-11T20:32:17.000Z,1910793043328024990,https://x.com/EroHarlingen/status/1910793043328024990,"ICE removed Tomas Jesus Yarrington Ruvalcaba, a citizen of Mexico, wanted by Mexican authorities. Yarrington, a former Mexican governor, was convicted of money laundering in the U.S. Thank you to @EROSanDiego for assisting with the removal. @HSISanAntonio investigated this case. https://t.co/14kET6Taxx",3_1910792968094851072,photo,https://github.com/vidproject/x/releases/download/media-_misc-0002/3_1910792968094851072.jpg,0
ICEgov,core,2025-04-15T14:02:00.000Z,1912144378644381977,https://x.com/ICEgov/status/1912144378644381977,"MOUNT VERNON, Wash. – Herminio Juarez-Gonzalez was arrested in California for animal cruelty. He also has a DUI conviction. Plus, we’ve removed him from the U.S. to his home country multiple times.

🔦His case highlights why we’ve ramped up enforcement efforts.

☎️Report suspicious criminal activity: 866-DHS-2-ICE",EROSeattle,2025-04-11T22:13:16.000Z,1910818460780609671,https://x.com/EROSeattle/status/1910818460780609671,"Herminio Juarez-Gonzalez, 40, is a citizen of Mexico arrested by @EROSeattle and @USBPChiefBLW in Mount Vernon, WA. Juarez has been previously removed from the U.S. multiple times, convicted in WA of DUI and arrested in CA for cruelty to animals. https://t.co/C52jfrPRNK",3_1910818392233160705,photo,https://github.com/vidproject/x/releases/download/media-_misc-0002/3_1910818392233160705.jpg,0
ICEgov,core,2025-04-15T15:49:48.000Z,1912171506106261864,https://x.com/ICEgov/status/1912171506106261864,"📌This rapist was convicted of sexually abusing a child in 2022 and was recently released from prison. Don’t worry, he’s not back in the community — we removed him from the country.

☎️Report suspicious criminal activity: 866-DHS-2-ICE",ERODenver,2025-04-09T22:30:00.000Z,1910097893869920503,https://x.com/ERODenver/status/1910097893869920503,"ICE Denver officers removed illegal alien Enrique Herrera-Perez to his home country of Mexico, April 8. Herrera was convicted of agg. sex abuse of a child, sex assault and rape in 2022. He was removed after his release from prison. https://t.co/aJzFQCrbDC",3_1910071393611563008,photo,https://github.com/vidproject/x/releases/download/media-_misc-0002/3_1910071393611563008.jpg,15
ICEgov,core,2025-04-24T21:30:00.000Z,1915518612804141130,https://x.com/ICEgov/status/1915518612804141130,"📌Thanks to everyone who reports suspicious behavior to our tip line — your efforts help make our communities safer.

☎️Report suspicious criminal activity: 866-DHS-2-ICE",ERONewOrleans,2025-04-22T22:46:51.000Z,1914813178804158842,https://x.com/ERONewOrleans/status/1914813178804158842,"🚨 ERO New Orleans arrested Alvaro Adali Mendez-Santos, 43, a Honduran national with a final removal order from June 21, 2019. Previously convicted of conspiracy to distribute over 5 kilograms of cocaine, he remains in ICE custody pending removal from the U.S. https://t.co/N5mFX5GP8t",3_1914813174626328576,photo,https://github.com/vidproject/x/releases/download/media-ERONewOrleans/3_1914813174626328576.png,0
ICEgov,core,2025-04-24T22:30:01.000Z,1915533714853142540,https://x.com/ICEgov/status/1915533714853142540,ICYMI — ICE Phoenix removed a Mexican national wanted in his home country for alleged kidnapping.,ERO__Phoenix,2025-03-08T00:45:00.000Z,1898173067651948667,https://x.com/ERO__Phoenix/status/1898173067651948667,Arizona is safer today after ICE Phoenix officers removed a Mexican citizen with an active warrant out of Mexico for kidnapping. ICE Phoenix is committed to keeping Arizona safe by removing those who pose a risk to public safety. https://t.co/iEImLpvPcX,3_1898169078327787520,photo,https://github.com/vidproject/x/releases/download/media-ERO__Phoenix/3_1898169078327787520.jpg,0
ICEgov,core,2025-04-25T00:26:00.000Z,1915562903521919238,https://x.com/ICEgov/status/1915562903521919238,"Cesar Rodriguez-Corea
⚖️Convicted | Aggravated assault w/deadly weapon
🌎33-year-old criminal Honduran national
🔗Arrested by ICE Phoenix — April 2025
☎️Report suspicious criminal activity: 866-DHS-2-ICE",ERO__Phoenix,2025-04-15T15:00:01.000Z,1912158979008184369,https://x.com/ERO__Phoenix/status/1912158979008184369,"Arizona is safer today after the arrest of Cesar Rodriguez-Corea, a 33-year-old Honduran alien convicted of aggravated assault with a deadly weapon. ICE Phoenix is committed to removing those who pose a public safety risk. Visit our site to learn more at http://ice.gov https://t.co/eFq3aRGSxo",3_1912147756950368256,photo,https://github.com/vidproject/x/releases/download/media-ERO__Phoenix/3_1912147756950368256.jpg,0
ICEgov,core,2025-04-25T01:27:00.000Z,1915578254691369141,https://x.com/ICEgov/status/1915578254691369141,"We arrested this child predator in El Monte, Calif.

📢If you’re a criminal alien, we will find you and arrest you. Serving your time in jail doesn’t authorize you to stay in the country illegally.

💡Skip the ICE arrest &amp; self-deport using the CBP Home app.",EROLosAngeles,2025-04-22T20:03:16.000Z,1914772010292654469,https://x.com/EROLosAngeles/status/1914772010292654469,"Illegal alien Pedro Gutierrez is a child predator with additional convictions for possession of a controlled substance and DUI. He was arrested by #EROLosAngeles in El Monte, California, and will remain in ICE custody pending removal to Mexico. https://t.co/PW8WwBX26J",3_1914771958119718915,photo,https://github.com/vidproject/x/releases/download/media-EROLosAngeles/3_1914771958119718915.jpg,0
ICEgov,core,2025-04-25T14:15:16.000Z,1915771597194936409,https://x.com/ICEgov/status/1915771597194936409,"Murray, Utah, residents were living near this illegal alien, who once shot at a convenience store clerk after a bank card was declined.

🌎 Somalian national

⚠️Bloods gang member

⚖️Convicted in 2021 | Attempted murder, possession of a dangerous weapon & rioting

🔗Arrested by ICE Salt Lake City",EROSaltLakeCity,2025-04-23T22:34:00.000Z,1915172330503917633,https://x.com/EROSaltLakeCity/status/1915172330503917633,"ICE Salt Lake City arrested Bloods gang member Jibril Ali Ahmed, 24, of Somalia living in Murray, UT. He was convicted of attempted murder, poss/dangerous weapon/restricted person, rioting. He shot at a convenience store clerk in 2021 after his associate’s bank card was declined. https://t.co/lfiFBOpWdb",3_1915127212933517312,photo,https://github.com/vidproject/x/releases/download/media-EROSaltLakeCity/3_1915127212933517312.png,0
ICEgov,core,2025-04-25T16:18:59.000Z,1915802729856831592,https://x.com/ICEgov/status/1915802729856831592,ICYMI https://t.co/D42cBRkAed,ICEgov,2025-04-19T22:28:48.000Z,1913721469068284387,https://x.com/ICEgov/status/1913721469068284387,"ARLINGTON, Va. — ICE @EROWashington officers and law enforcement partners arrested Francisco Reyes-Ramirez, an illegally present Salvadoran national, April 17.
📌He was arrested Nov. 1, 2022, for possession of a controlled substance with intent to distribute.
📌He was found guilty in absentia Oct. 3, 2022, of driving without a license.
☎️Report suspicious criminal activity: 866-DHS-2-ICE",3_1913721315564904448,photo,https://github.com/vidproject/x/releases/download/media-ICEgov/3_1913721315564904448.jpg,0
ICEgov,core,2025-04-26T14:41:00.000Z,1916140459824468177,https://x.com/ICEgov/status/1916140459824468177,"When a local sheriff requested assistance in Boyce, La., ICE New Orleans officers responded. We identified and arrested 20 criminal aliens.

📢We support local law enforcement’s public safety efforts and will have their backs when they need us.",ERONewOrleans,2025-04-23T16:34:44.000Z,1915081916425900524,https://x.com/ERONewOrleans/status/1915081916425900524,"🚨🚔ERO New Orleans responded to a request from @RapidesSheriff about a public disturbance in Boyce, LA. ERO identified and arrested 20 criminal illegal aliens.

We continue working with partners to keep our communities safe and free of criminal illegal aliens. https://t.co/ihQN9PC25o",3_1915081882254897152,photo,https://github.com/vidproject/x/releases/download/media-ERONewOrleans/3_1915081882254897152.jpg,0
ICEgov,core,2025-04-27T01:30:00.000Z,1916303786714505514,https://x.com/ICEgov/status/1916303786714505514,"Joel Matos-Nieto
⚠️TdA international terrorist organization member
🌎23-year-old Venezuelan national
⚖️Final order of removal
⚖️Convicted | Vehicle theft, criminal mischief & obstruction
🔗Arrested by ICE Denver — April 23, 2025

☎️Report suspicious criminal activity: 866-DHS-2-ICE",ERODenver,2025-04-25T16:00:41.000Z,1915798127170429356,https://x.com/ERODenver/status/1915798127170429356,"ICE Denver officers arrested Joel Matos-Nieto, 23, a criminal alien from Venezuela and member of the international gang Tren de Aragua with a final order of removal April 23. Matos has convictions for motor vehicle theft, obstructing a police officer and criminal mischief. https://t.co/ZcaavP8A72",3_1915797966771847168 3_1915798103350992896,photo photo,https://github.com/vidproject/x/releases/download/media-_misc-0002/3_1915797966771847168.png https://github.com/vidproject/x/releases/download/media-_misc-0002/3_1915798103350992896.jpg,0
ICEgov,core,2025-04-27T14:42:00.000Z,1916503098895597757,https://x.com/ICEgov/status/1916503098895597757,"This sex offender’s victim was a child. We arrested him in Fly, Nev.

📢Children deserve safe communities, and public safety is the core of our mission.",EROSaltLakeCity,2025-04-23T20:30:00.000Z,1915141124584595683,https://x.com/EROSaltLakeCity/status/1915141124584595683,"ICE SLC Las Vegas Sub-Office arrested Hilario Villegas-Espinoza, 52, of Mexico in Ely, Nevada. He was convicted of attempted lewdness with a child under the age of 14 and is in ICE custody. https://t.co/JKXnyS20BJ",3_1915126011772932096,photo,https://github.com/vidproject/x/releases/download/media-EROSaltLakeCity/3_1915126011772932096.jpg,0
ICEgov,core,2025-04-27T22:30:00.000Z,1916620877267128820,https://x.com/ICEgov/status/1916620877267128820,"ICYMI

☎️Report suspicious criminal activity: 866-DHS-2-ICE",EROSeattle,2025-04-19T19:20:48.000Z,1913674160934621318,https://x.com/EROSeattle/status/1913674160934621318,"Francisco Bautista-Salmeron, 42, is a citizen of Mexico arrested by @EROSeattle in Kent, WA. Bautista has previously been removed from the U.S. and has a criminal history to include trespassing, DUI, and driving without a license. https://t.co/M4pIMdo5F0",13_1913674099525869568,video,https://github.com/vidproject/x/releases/download/media-_misc-0002/13_1913674099525869568.mp4,0
ICEgov,core,2025-04-28T13:36:12.000Z,1916848929724891159,https://x.com/ICEgov/status/1916848929724891159,ICYMI,ICEgov,2025-04-26T15:18:21.000Z,1916149859217719528,https://x.com/ICEgov/status/1916149859217719528,"In a first-of-its-kind partnership between state and federal partners, ICE Miami and Florida law enforcement arrested nearly 800 illegal aliens this week during the first four days of #OperationTidalWave — a massive, multi-agency, immigration enforcement crackdown.

💡Learn how law enforcement agencies can partner with us at http://ICE.gov/287g

🔊@CBP provided extraordinary support during this operation. We appreciate our @DHSgov partner's commitment to public safety.

📷Check out the first photos from the field of this highly successful operation.",3_1916137059363721216 3_1916137059615494144 3_1916137059401551872,photo photo photo,https://github.com/vidproject/x/releases/download/media-ICEgov/3_1916137059363721216.jpg https://github.com/vidproject/x/releases/download/media-ICEgov/3_1916137059615494144.jpg https://github.com/vidproject/x/releases/download/media-ICEgov/3_1916137059401551872.jpg,153
ICEgov,core,2025-04-29T15:54:39.000Z,1917246158994620751,https://x.com/ICEgov/status/1917246158994620751,"🚨We arrested a person of interest in a homicide case &amp; are working with local law enforcement to make certain justice is served. In the meantime, he’ll be staying with us.",ERODenver,2025-04-25T20:30:00.000Z,1915865900588396567,https://x.com/ERODenver/status/1915865900588396567,"ICE officers arrested Luis Sanchez-Chavez, 31, an illegal alien from Mexico, April 23. Sanchez is a person of interest in a homicide case in Teller Co. ICE is committed to working with its great partner @SheriffTeller to ensure justice is served for the victims &amp; their family. https://t.co/u2gs21OyM2",3_1915837080288301056,photo,https://github.com/vidproject/x/releases/download/media-_misc-0002/3_1915837080288301056.png,0
ICEgov,core,2025-04-29T15:59:45.000Z,1917247440274780383,https://x.com/ICEgov/status/1917247440274780383,💡@Know2protect provides tools to help protect kids from online exploitation.,EROSanDiego,2025-04-25T21:57:57.000Z,1915888035792884223,https://x.com/EROSanDiego/status/1915888035792884223,"On April 21, 2025, in a coordinated effort, ICE San Diego and @FBISanDIego arrested Macario TAPIA-Hernandez, a 35-year-old, citizen of Mexico. TAPIA has an extensive immigration history.  TAPIA is being charged with Possession of Material Involving Sexual Exploitation of Minors. https://t.co/Vh1QTxtWAU",3_1915883544792207362,photo,https://github.com/vidproject/x/releases/download/media-_misc-0002/3_1915883544792207362.png,0
ICEgov,core,2025-04-30T12:01:00.000Z,1917549746073317604,https://x.com/ICEgov/status/1917549746073317604,This man is a registered sex offender &amp; he will stay in our custody pending removal proceedings.👇,ERODenver,2025-04-27T22:33:00.000Z,1916621630232805863,https://x.com/ERODenver/status/1916621630232805863,"ICE Denver officers arrested Raul Lomas-Ontiveros, 53, a criminal alien from Mexico. Lomas criminal history includes felony indecent exposure in front of a child and is a registered sex offender. He will remain in ICE custody pending removal. https://t.co/XBDYvQ4j7W",3_1915866700643504130,photo,https://github.com/vidproject/x/releases/download/media-_misc-0002/3_1915866700643504130.png,0
ICEgov,core,2025-04-30T12:21:00.000Z,1917554778852466749,https://x.com/ICEgov/status/1917554778852466749,"🚨We arrested this 18th Street gang member after his release from prison. He was convicted of robbery, firearm possession &amp; a violent crime.

☎️Report suspicious criminal activity: 866-DHS-2-ICE",EROSaintPaul,2025-04-27T00:14:00.000Z,1916284659593339245,https://x.com/EROSaintPaul/status/1916284659593339245,"ICE St. Paul arrested Erick Martinez Mondragon, 25, a citizen of Mexico &amp; 18th Street gang member Apr 24, 2025 after his release from prison. He served time for robbery and possession of a firearm following a conviction for a crime of violence. https://t.co/W1Ur3J9Mq7",3_1915877006153035776,photo,https://github.com/vidproject/x/releases/download/media-_misc-0002/3_1915877006153035776.png,0
ICEgov,core,2025-04-30T14:05:00.000Z,1917580951674122466,https://x.com/ICEgov/status/1917580951674122466,"Our focus is on violent criminal aliens, but immigration enforcement includes arresting all illegal aliens. If you’re here illegally, you must leave.

📲 The CBP Home app gives you the opportunity to leave now and return legally in the future.

🔗Skip the ICE arrest and removal — self deport.",ERONewOrleans,2025-04-28T13:00:03.000Z,1916839830757187989,https://x.com/ERONewOrleans/status/1916839830757187989,"🚨🛫ERO New Orleans removed Dandrich Torres, a Peruvian citizen convicted of 1st degree assault under New York State Penal Code §120.10(1). He was sentenced to 7 years in prison for this violent offense.

We don’t shelter violent offenders — we remove them. https://t.co/gzf2o2Fk3A",3_1915587129905737728,photo,https://github.com/vidproject/x/releases/download/media-ERONewOrleans/3_1915587129905737728.png,0
ICEgov,core,2025-04-30T15:36:00.000Z,1917603852247085416,https://x.com/ICEgov/status/1917603852247085416,🚔Learn how law enforcement agencies can partner with us at http://ICE.gov/287g,ERONewOrleans,2025-04-27T20:20:01.000Z,1916588164497486207,https://x.com/ERONewOrleans/status/1916588164497486207,"ERO New Orleans making our communities safer together with @JeffParishSO, @KennerPolice and @LAStatePolice Taking criminals off the street. https://t.co/Ad6UR6Wvhe",3_1916587648568733696 3_1916587660203700224,photo photo,https://github.com/vidproject/x/releases/download/media-ERONewOrleans/3_1916587648568733696.jpg https://github.com/vidproject/x/releases/download/media-ERONewOrleans/3_1916587660203700224.jpg,0
ICEgov,core,2025-04-30T17:30:00.000Z,1917632542708228275,https://x.com/ICEgov/status/1917632542708228275,"Our focus is on violent criminal aliens, but immigration enforcement includes arresting all illegal aliens. If you’re here illegally, you must leave.

🔗Skip the ICE arrest and removal — self deport.",EROSaltLakeCity,2025-04-28T22:35:00.000Z,1916984521205157996,https://x.com/EROSaltLakeCity/status/1916984521205157996,"VIOLENT CRIME: ICE SLC Twin Falls Sub-Office arrested Peruvian national Jesus Toledo-Calixtro, 20, in Jerome, Idaho. He was convicted of injury to child, domestic violence, no contact order violation, trespass, disturbing peace &amp; evidence destruction. https://t.co/CU3MsWNjjg",3_1916969513477615617,photo,https://github.com/vidproject/x/releases/download/media-EROSaltLakeCity/3_1916969513477615617.png,0
ICEgov,core,2025-04-30T20:30:00.000Z,1917677840671404369,https://x.com/ICEgov/status/1917677840671404369,"When an illegal alien gets out of prison, he’s still illegal — and it's ICE’s responsibility to enforce immigration law in the U.S. interior.",EROAtlanta,2025-04-28T22:53:40.000Z,1916989217504432478,https://x.com/EROAtlanta/status/1916989217504432478,🚨 A 63-year-old illegal alien was arrested by ICE in Raleigh after serving a 10-year sentence for attempted first-degree murder. This arrest highlights ICE’s ongoing efforts to prioritize public safety. https://t.co/qTSp5Tl1xt,3_1916988851421122561,photo,https://github.com/vidproject/x/releases/download/media-_misc-0002/3_1916988851421122561.jpg,0
ICEgov,core,2025-05-29T14:00:00.000Z,1928088942156579277,https://x.com/ICEgov/status/1928088942156579277,"Nantucket &amp; Martha’s Vineyard enforcement operations netted dozens of criminal aliens —including an MS-13 gang member and a child sex predator.

🌎MS-13 is a violent transnational terrorist organization. We won’t stop until they’re gone. https://t.co/v2HEWuZn5m",EROBoston,2025-05-28T15:53:45.000Z,1927755180763693155,https://x.com/EROBoston/status/1927755180763693155,"ICE @EROBoston in partnership with @FBIBoston, @DEANEWENGLAND, @ATFBoston &amp; @USCGNortheast conducted immigration enforcement operations on Nantucket &amp; Martha’s Vineyard. The team arrested around 40 alien offenders - MS13 member &amp; child sex predator.
Link: https://www.ice.gov/news/releases/ice-federal-partners-conduct-immigration-enforcement-operations-nantucket-marthas https://t.co/lTrSG68XAA",3_1927754483695489024,photo,https://github.com/vidproject/x/releases/download/media-EROBoston/3_1927754483695489024.jpg,0
ICEgov,core,2025-05-29T14:32:00.000Z,1928096994230423882,https://x.com/ICEgov/status/1928096994230423882,Jheylen Navarro-Perez is a convicted thief and Cuban national. ICE Salt Lake City officers arrested her in Utah. 👇,EROSaltLakeCity,2025-05-27T23:30:00.000Z,1927507610191728767,https://x.com/EROSaltLakeCity/status/1927507610191728767,"THEFT CRIME: ICE Salt Lake City arrested Jheylen Navarro-Perez, 22, of Cuba in St. George, Utah. She was convicted of pattern of unlawful activity &amp; theft-value $1500-$4999. https://t.co/LhZrOmSivL",3_1927389888908791808,photo,https://github.com/vidproject/x/releases/download/media-EROSaltLakeCity/3_1927389888908791808.png,0
ICEgov,core,2025-05-29T15:31:00.000Z,1928111842104402342,https://x.com/ICEgov/status/1928111842104402342,"Mexican criminal alien Francisco Lopez-Ruiz is a convicted felon. He’s a drug trafficker who reentered the United States after he was deported.

These convictions demonstrate his lack of respect for our nation and its laws.

📢Shout out to our ICE Las Vegas officers for this arrest — great work!",EROSaltLakeCity,2025-05-27T22:30:00.000Z,1927492510827631071,https://x.com/EROSaltLakeCity/status/1927492510827631071,"DRUG CRIME: ICE SLC Las Vegas Sub-Office arrested Francisco Lopez-Ruiz, 50, of Mexico in Las Vegas, Nevada. He was convicted of possess with intent to distribute heroin and cocaine, trafficking, and re-entry after deportation. https://t.co/9iaiO8d1Mf",3_1927389753936084992,photo,https://github.com/vidproject/x/releases/download/media-EROSaltLakeCity/3_1927389753936084992.png,0
ICEgov,core,2025-05-29T19:31:00.000Z,1928172240043978903,https://x.com/ICEgov/status/1928172240043978903,Thanks to so many Americans who assist us by reporting suspicious criminal activity at 866-DHS-2-ICE.,ERONewOrleans,2025-05-28T16:00:30.000Z,1927756879494598812,https://x.com/ERONewOrleans/status/1927756879494598812,"🚨 DOMESTIC ABUSE ARREST: ERO New Orleans arrested Manuel Antonio Cruz, a citizen of Honduras with a criminal history of:
✴️Domestic Battery (x3)
✴️Criminal Mischief

📢 Another criminal illegal alien domestic abuser taken off the streets, where he can no longer harm others. https://t.co/8QFI1QoYtd",3_1925645798487814144,photo,https://github.com/vidproject/x/releases/download/media-ERONewOrleans/3_1925645798487814144.png,0
ICEgov,core,2025-05-29T23:30:00.000Z,1928232386875076896,https://x.com/ICEgov/status/1928232386875076896,ICYMI👇,EROSanAntonio,2025-05-19T16:16:48.000Z,1924499489731305771,https://x.com/EROSanAntonio/status/1924499489731305771,"ICE San Antonio arrested Jose Martinez-Ulloa, 38, of Honduras, illegally present in the U.S. Martinez is in ICE custody pending completion of his immigration proceedings. Aliens found to be in the U.S. without legal status will be arrested and deported to their home country. https://t.co/EXZ048dUXu",13_1924499335875887104,video,https://github.com/vidproject/x/releases/download/media-_misc-0002/13_1924499335875887104.mp4,0
ICEgov,core,2025-05-30T21:33:21.000Z,1928565418559422634,https://x.com/ICEgov/status/1928565418559422634,"DYK many unaccompanied minors who cross our borders are victims of smugglers and human traffickers?

ICE will not stand for children being exploited.",DHSgov,2025-05-29T15:31:03.000Z,1928111853064048965,https://x.com/DHSgov/status/1928111853064048965,"Many of the unaccompanied children who came across the border are victims of smugglers and sex traffickers.

DHS is leading efforts to conduct welfare checks on these children to ensure they are safe and not being exploited.

These welfare checks have resulted in arrests of some sponsors of these unaccompanied minors and as a result the children have been placed in the Office of Refugee Resettlement (ORR) custody.",3_1928109497077170176,photo,https://github.com/vidproject/x/releases/download/media-DHSgov-0002/3_1928109497077170176.jpg,0
ICEgov,core,2025-05-30T21:34:48.000Z,1928565784151757248,https://x.com/ICEgov/status/1928565784151757248,"DYK illegal alien parents decide if they want to be removed with their children or have them remain in the U.S. with someone the parent designates?

Self-deportation empowers parents to plan their departure while giving them $1,000 and free flight to do so: http://ICE.gov/self-deportation",DHSgov,2025-05-29T12:51:16.000Z,1928071642606932158,https://x.com/DHSgov/status/1928071642606932158,"The media is force-feeding the public false information that U.S. citizen children are being deported. This is FALSE and irresponsible.

Parents are asked if they want to be removed with their children or ICE will place the children with someone the parent designates.

Parents, who are here illegally, can take control of their departure through the CBP Home app. The United States is offering illegal aliens $1,000 and a free flight to self-deport now.",3_1928071638400053248,photo,https://github.com/vidproject/x/releases/download/media-DHSgov-0002/3_1928071638400053248.jpg,0
ICEgov,core,2025-05-31T02:00:00.000Z,1928632524164706360,https://x.com/ICEgov/status/1928632524164706360,"POISON PEDDLER

With pending drug distro charges, Mexican David Calderon Monrreal was arrested by ICE Denver officers.

▪️ He was caught with 85,000 pills and a firearm.

▪️ He’ll remain in custody pending removal.

🤳Follow us for news from our offices across the nation.",ERODenver,2025-05-27T22:30:00.000Z,1927492513364869137,https://x.com/ERODenver/status/1927492513364869137,"ICE Denver arrested David Calderon Monrreal, 50, an illegal alien from Mexico May 23. He has pending charges for drug distribution in which he had 85k of pills and a prohibited firearm. He will remain in ICE custody pending removal. https://t.co/RT0uaJ5bfz",3_1927395374383132673,photo,https://github.com/vidproject/x/releases/download/media-_misc-0002/3_1927395374383132673.png,0
ICEgov,core,2025-05-31T14:00:02.000Z,1928813723835310525,https://x.com/ICEgov/status/1928813723835310525,"ICE New Orleans arrested this criminal alien from Honduras.

Jose Bengas’ criminal history includes assaulting an officer, battery resulting in serious injuries, trespassing and more.

He’ll be staying with us pending removal proceedings.",ERONewOrleans,2025-05-29T16:00:01.000Z,1928119142760206533,https://x.com/ERONewOrleans/status/1928119142760206533,"🚨ERO New Orleans arrested Jose Bengas of Honduras. His criminal history includes:
✴️ Resisting an Officer
✴️ Battery w/ Serious Bodily Injury (x3)
✴️ Assault on an Officer (x2)
✴️ Trespassing

📢 Another violent offender off the streets—he won't be causing harm anytime soon. https://t.co/qGcAjAPIBW",3_1927429909133082625,photo,https://github.com/vidproject/x/releases/download/media-ERONewOrleans/3_1927429909133082625.png,0
ICEgov,core,2025-05-31T18:00:01.000Z,1928874119883534636,https://x.com/ICEgov/status/1928874119883534636,"Venezuelan Roxana Ofelia Pinto-Quijada, convicted of coast-to-coast felonies, was recently arrested by ICE New York City officers.

🔎 Active warrant for robbery and possession of stolen property in NYC

🔎Convicted for grand theft in California and a fake driver’s license in Florida

She’ll stay in custody pending removal proceedings.",ERONewYork,2025-05-29T12:30:00.000Z,1928066292860473722,https://x.com/ERONewYork/status/1928066292860473722,ICE New York City arrested this illegal alien who has been convicted of felonies from coast to coast and has an active warrant for robbery and possession of stolen property in NYC. https://t.co/aDpKslAefn,3_1927344308098592768,photo,https://github.com/vidproject/x/releases/download/media-_misc-0002/3_1927344308098592768.jpg,0
ICEgov,core,2025-06-29T18:13:00.000Z,1939386634333778065,https://x.com/ICEgov/status/1939386634333778065,"Our federal team will not risk the safety of the American people &amp; we KNOW that sanctuary policies do.

This is the effect of sanctuary policies. They don’t protect innocent members of the immigrant community; they put them at risk.",USBPChiefELC,2025-06-25T16:34:20.000Z,1937912254147571835,https://x.com/USBPChiefELC/status/1937912254147571835,"He's more than just an overstay... He is a criminal alien that has an active warrant out of Monterey Park, CA for Assault with a Deadly Weapon.

Due to sanctuary policies in CA, we aren't turning him over to local authorities because as we've seen many times, this criminal illegal alien will be released back into the country.

We are now exporting this criminal import back to his home country.

#DHS #CBP #BorderPatrol #OverStay #SanctuaryCities #CriminalAlien #MontereyPark",3_1937912249085247488,photo,https://github.com/vidproject/x/releases/download/media-USBPChiefELC/3_1937912249085247488.jpg,0
ICEgov,core,2025-06-29T19:09:00.000Z,1939400727375286300,https://x.com/ICEgov/status/1939400727375286300,ICYMI⬇️,DHSgov,2025-06-21T23:13:32.000Z,1936563162372813292,https://x.com/DHSgov/status/1936563162372813292,"Child molesters. Murderers. Sex offenders. Our ICE officers put their lives on the line every day to arrest and remove THE WORST OF THE WORST.

President Trump and Secretary Noem will not allow criminal illegal aliens to terrorize American citizens. https://t.co/nTjn4oxoqt",13_1936562396127973376,video,https://github.com/vidproject/x/releases/download/media-DHSgov-0002/13_1936562396127973376.mp4,0
ICEgov,core,2025-06-30T00:00:01.000Z,1939473965862560248,https://x.com/ICEgov/status/1939473965862560248,"👉This is a classic case of vacation gone wrong!

This smiley Iranian national came to the United States on a tourist visa... DECADES AGO.

TWENTY-THREE years ago, an immigration judge ordered him removed from the United States.

Not only did Shahin Farokhrani WAY OVERSTAY his visa — he also managed to rack up convictions for:
📌Sex abuse
📌Theft
📌Drugs
📌DUI

He’s pictured here right after his ICE Seattle arrest.",EROSeattle,2025-06-26T21:05:39.000Z,1938342918822969421,https://x.com/EROSeattle/status/1938342918822969421,"Iranian national Shahin Farokhrani, 48, was arrested by @EROSeattle in public without incident. Farokhrani entered the U.S. under a tourist visa was ordered removed by an immigration judge in 2002. OR Criminal convictions include DUI, drug related offenses, theft, and sex abuse. https://t.co/NRwPNkHgAE",3_1938342822614048768,photo,https://github.com/vidproject/x/releases/download/media-_misc-0002/3_1938342822614048768.jpg,0
ICEgov,core,2025-06-30T00:32:00.000Z,1939482012978729263,https://x.com/ICEgov/status/1939482012978729263,"📢We will continue to arrest and deport criminal aliens, one by one, to protect our nation.",EROSaltLakeCity,2025-06-26T14:22:00.000Z,1938241338153308532,https://x.com/EROSaltLakeCity/status/1938241338153308532,ICE Salt Lake City arrested Fidel Portuondo-Martinez a criminal alien from Cuba. He has a conviction for unlawful possession of a dangerous weapon. https://t.co/ANfPaaWDuf,3_1938226328433569792,photo,https://github.com/vidproject/x/releases/download/media-EROSaltLakeCity/3_1938226328433569792.png,0
ICEgov,core,2025-06-30T01:01:00.000Z,1939489311528763827,https://x.com/ICEgov/status/1939489311528763827,"📢We will continue to arrest violent criminal aliens, one by one, to protect our nation’s citizens and residents.",ERONewOrleans,2025-06-26T16:30:00.000Z,1938273552060285428,https://x.com/ERONewOrleans/status/1938273552060285428,"🚨ICE New Orleans arrested Alejandro Barojas Trejo, a citizen of Mexico. His criminal history includes:
💥Aggravated Assault
💥Aggravated Burglary https://t.co/ulRUvnjjhb",3_1937220286958407680,photo,https://github.com/vidproject/x/releases/download/media-ERONewOrleans/3_1937220286958407680.png,0
ICEgov,core,2025-06-30T01:34:00.000Z,1939497615860605224,https://x.com/ICEgov/status/1939497615860605224,"📢Illegal reentry into the United States is a FEDERAL CRIME.

☎️Report criminal aliens: 866-DHS-2-ICE",EroHarlingen,2025-06-26T14:37:22.000Z,1938245204609507460,https://x.com/EroHarlingen/status/1938245204609507460,"ICE Harlingen arrested Hector Rosvel Torres-Mendoza, 44, a citizen of Mexico illegally present in the U.S. Torres has convictions for aggravated assault with a deadly weapon and 8 USC 1325 illegal entry. He is now facing new criminal charges for illegal reentry into the U.S. https://t.co/H7rG1V3Rze",3_1938244959724785664,photo,https://github.com/vidproject/x/releases/download/media-_misc-0002/3_1938244959724785664.jpg,0
ICEgov,core,2025-06-30T16:02:00.000Z,1939716055515156976,https://x.com/ICEgov/status/1939716055515156976,This administration is trying to PROTECT unaccompanied children from sex trafficking and other abuses.,DHSgov,2025-06-26T17:48:20.000Z,1938293264047620419,https://x.com/DHSgov/status/1938293264047620419,"The previous administration lost ~300,000 unaccompanied children—many of these innocent children were trafficked and exploited. DHS is now leading efforts to conduct welfare checks on these children to ensure they are safe and not being exploited.

President Trump and Secretary Noem take the responsibility to protect children seriously and are working with law enforcement to reunite the children the Biden Administration lost.",13_1938292230340386816,video,https://github.com/vidproject/x/releases/download/media-DHSgov-0002/13_1938292230340386816.mp4,0
ICEgov,core,2025-06-30T17:01:00.000Z,1939730902940360729,https://x.com/ICEgov/status/1939730902940360729,✈️Another criminal alien was removed by ICE El Paso🌎,EROElPaso,2025-06-26T14:13:00.000Z,1938239073904468088,https://x.com/EROElPaso/status/1938239073904468088,"CRIMINAL ALIEN REMOVED: @EROElPaso removed Ezequiel Johaz Ramos-Fernandez, 24, illegal alien of  Mexico. ERO officers arrested him in Odessa, TX, where he was jailed &amp; charged w/aggravated assault – family – weapon &amp; evidence destroying. #BorderSecurity #PublicSafety https://t.co/lv5fFYs4fA",3_1936064909562855426,photo,https://github.com/vidproject/x/releases/download/media-_misc-0002/3_1936064909562855426.jpg,0
ICEgov,core,2025-06-30T19:13:00.000Z,1939764121517392024,https://x.com/ICEgov/status/1939764121517392024,"Dominican illegal alien Franklin Jose Moya-Hernandez is not pleased. Maybe it’s the ICE arrest... or maybe it’s the weapons and drug trafficking charges he’s facing.

Could be both.🤷‍♂️",EROWashington,2025-06-27T11:57:27.000Z,1938567347243258048,https://x.com/EROWashington/status/1938567347243258048,"Prioritizing public safety!
ICE @EROWashington DC arrested Franklin Jose Moya-Hernandez, an illegally present Dominican national. His criminality includes charges for drug trafficking and carrying a prohibited weapon. https://t.co/VSMm8w2HjM",3_1938567243194871808,photo,https://github.com/vidproject/x/releases/download/media-_misc-0002/3_1938567243194871808.png,0
ICEgov,core,2025-06-30T21:57:00.000Z,1939805393791914405,https://x.com/ICEgov/status/1939805393791914405,📢We prioritize criminal alien arrests. Check out this Egyptian national’s rap sheet. ⬇️,ERONewOrleans,2025-06-27T13:00:01.000Z,1938583094711255252,https://x.com/ERONewOrleans/status/1938583094711255252,"🚨 ICE New Orleans arrested Shenouda Fayz Nasif Selwanis, a citizen of Egypt. His criminal history includes:
💥 Assault with a Deadly Weapon
💥 Driving Under the Influence
💥 Assault - Domestic Offensive/Provocative Conduct https://t.co/GOD1GMmzup",3_1937221309164871680,photo,https://github.com/vidproject/x/releases/download/media-ERONewOrleans/3_1937221309164871680.png,0
ICEgov,core,2025-07-28T23:00:21.000Z,1949968196095640054,https://x.com/ICEgov/status/1949968196095640054,"Do you think he gave that same angry stare to his domestic violence victim?

His prior removal and open warrant in Texas mean his deportation should be an easy call.

https://x.com/ERODenver/status/1948511007833555197",ERODenver,2025-07-24T22:30:00.000Z,1948511007833555197,https://x.com/ERODenver/status/1948511007833555197,"ICE Denver arrested Gilberto Quintanilla-Alvarez, 36, a previously removed criminal alien from Honduras. He has convictions for felony menacing, domestic violence, harassment and an open warrant in Texas. He will remain in ICE custody pending his removal from the U.S. https://t.co/eUTGwpwKoc",3_1948400171991392257,photo,https://github.com/vidproject/x/releases/download/media-_misc-0002/3_1948400171991392257.jpg,0
ICEgov,core,2025-07-29T21:00:25.000Z,1950300401565135266,https://x.com/ICEgov/status/1950300401565135266,"Criminal aliens should expect to see us soon.

https://x.com/ERONewOrleans/status/1948729950099415220",ERONewOrleans,2025-07-25T13:00:00.000Z,1948729950099415220,https://x.com/ERONewOrleans/status/1948729950099415220,"🚨DRUG DEALER ARRESTED: ICE New Orleans arrested Roberto Cordona of Mexico. His criminal record includes a conviction for Manufacturing/Delivery of a Controlled Stubstance, sentenced to 3 years.

📢This criminal illegal alien will no longer push poison to our communities. https://t.co/H6XSAh53RU",3_1945884809907011584,photo,https://github.com/vidproject/x/releases/download/media-ERONewOrleans/3_1945884809907011584.png,0
ICEgov,core,2025-07-29T21:30:14.000Z,1950307905154031966,https://x.com/ICEgov/status/1950307905154031966,"Don't fall for FAKE NEWS.

Get the truth directly from the source: @DHSgov and @ICEgov ⬇️

https://x.com/DHSgov/status/1949839037595894117",DHSgov,2025-07-28T14:27:07.000Z,1949839037595894117,https://x.com/DHSgov/status/1949839037595894117,"🚨DHS DUNKS ON THE FAKE NEWS

We are debunking some of the media’s biggest lies and hoaxes this week. Get the TRUTH here!

@MicahBock https://t.co/LyzFCouOYa",13_1949838704354205697,video,https://github.com/vidproject/x/releases/download/media-DHSgov-0002/13_1949838704354205697.mp4,113
ICEgov,core,2025-07-29T22:00:40.000Z,1950315564825448548,https://x.com/ICEgov/status/1950315564825448548,"We intend to arrest all criminal aliens living in the United States.

https://x.com/ERONewOrleans/status/1948503467636502826",ERONewOrleans,2025-07-24T22:00:02.000Z,1948503467636502826,https://x.com/ERONewOrleans/status/1948503467636502826,"🚨COCAINE DEALER ARRESTED: ICE New Orleans arrested Simin Nicholas Shaw, a citizen of Iran. Her criminal history includes:
💥Cocaine Distribution
💥Obstruction of Justice https://t.co/cta0xUX0GB",3_1945883875214774273,photo,https://github.com/vidproject/x/releases/download/media-ERONewOrleans/3_1945883875214774273.png,0
ICEgov,core,2025-07-30T14:15:07.000Z,1950560793776492831,https://x.com/ICEgov/status/1950560793776492831,Thanks ICE @ERODenver for making Colorado safer!,RapidResponse47,2025-07-30T14:09:08.000Z,1950559289304645644,https://x.com/RapidResponse47/status/1950559289304645644,"WATCH: ICE Denver arrests the WORST OF THE WORST, including an illegal with a conviction for sex assault on a minor, and a drug trafficker with ties to the Sinaloa Cartel. https://t.co/Bt2lKjzuCJ",13_1950556643608911872,video,https://github.com/vidproject/x/releases/download/media-RapidResponse47/13_1950556643608911872.mp4,0
ICEgov,core,2025-07-30T14:35:10.000Z,1950565838534140069,https://x.com/ICEgov/status/1950565838534140069,"As usual, there’s more to the story than the media is telling you...

https://x.com/DHSgov/status/1950190670901072015",DHSgov,2025-07-29T13:44:23.000Z,1950190670901072015,https://x.com/DHSgov/status/1950190670901072015,"These fake news SOB stories are getting old!

Darwin Contreras Rodriguez is a criminal illegal alien from El Salvador, with convictions including theft and possession of marijuana. He was arrested during a court hearing for driving under the influence.

Under President Trump and @Sec_Noem, if you break the law, you will face the consequences.",3_1950190657756164096,photo,https://github.com/vidproject/x/releases/download/media-DHSgov-0002/3_1950190657756164096.jpg,0
ICEgov,core,2025-07-30T17:00:48.000Z,1950602490551926817,https://x.com/ICEgov/status/1950602490551926817,"If you’re a criminal alien, expect an ICE arrest.

If you know of a criminal alien in your community, report their whereabouts: 866-DHS-2-ICE

https://x.com/EROSanFrancisco/status/1948775250646217055",EROSanFrancisco,2025-07-25T16:00:00.000Z,1948775250646217055,https://x.com/EROSanFrancisco/status/1948775250646217055,Feliciano Tomas is an illegal alien from Mexico and has multiple convictions for DUI.  He was arrested by @EROSanFrancisco and will remain in ICE custody pending removal proceedings https://t.co/8Ahv7IyXHf,3_1947764097782845445,photo,https://github.com/vidproject/x/releases/download/media-_misc-0002/3_1947764097782845445.jpg,0
ICEgov,core,2025-07-30T17:34:01.000Z,1950610848843518105,https://x.com/ICEgov/status/1950610848843518105,Let this be a lesson to sanctuary policy supporters ⬇️,RapidResponse47,2025-07-30T14:49:03.000Z,1950569331898683476,https://x.com/RapidResponse47/status/1950569331898683476,"An illegal alien in California was granted a restraining order by a San Francisco federal judge, barring ICE agents from taking him into custody.

Two weeks later, he was arrested for a string of crimes—including attempting to steal a car with a 3-year-old child inside. https://t.co/JxYKUSAvFt",13_1950567911921250305,video,https://github.com/vidproject/x/releases/download/media-RapidResponse47/13_1950567911921250305.mp4,0
ICEgov,core,2025-07-30T18:30:16.000Z,1950625004913033462,https://x.com/ICEgov/status/1950625004913033462,"ICYMI

https://x.com/RapidResponse47/status/1950169931305116015",RapidResponse47,2025-07-29T12:21:58.000Z,1950169931305116015,https://x.com/RapidResponse47/status/1950169931305116015,"""The arrest number over the past 6 months surpassed the amount of child sex offenders nabbed by the office in ALL of 2024."" https://t.co/GP3IXrm7qz",13_1950169575665930240,video,https://github.com/vidproject/x/releases/download/media-RapidResponse47/13_1950169575665930240.mp4,30
ICEgov,core,2025-07-30T20:01:00.000Z,1950647836493635892,https://x.com/ICEgov/status/1950647836493635892,"Take a look at this illegal alien’s criminal history. ⬇️

https://x.com/EROSaintPaul/status/1949517210029842818",EROSaintPaul,2025-07-27T17:08:17.000Z,1949517210029842818,https://x.com/EROSaintPaul/status/1949517210029842818,"On July 23, ICE St. Paul removed Daniel Pavian Ramos, 47, a Mexican citizen and aggravated felon. His record includes drug trafficking, false reporting, and disorderly conduct. He served a decade in prison before his removal. https://t.co/ENMkMcACXn",3_1949516690284326912,photo,https://github.com/vidproject/x/releases/download/media-_misc-0002/3_1949516690284326912.jpg,0
ICEgov,core,2025-07-31T01:00:12.000Z,1950723134669140354,https://x.com/ICEgov/status/1950723134669140354,"Great post and great arrest, ICE New Orleans. ⬇️

https://x.com/ERONewOrleans/status/1949469828517183890",ERONewOrleans,2025-07-27T14:00:01.000Z,1949469828517183890,https://x.com/ERONewOrleans/status/1949469828517183890,"🚨ICE New Orleans arrested Humberto Cortes Crisanto, a citizen of Mexico. His criminal history includes:
💥Felony Battery
💥Assault
💥DWI
💥Public Order Crimes
💥Numerous Traffic Offenses

📢He brought the battery. We brought the charge. 🧊🇺🇸 https://t.co/9pIz4grWav",3_1946199241115803648,photo,https://github.com/vidproject/x/releases/download/media-ERONewOrleans/3_1946199241115803648.png,0
ICEgov,core,2025-07-31T14:01:45.000Z,1950919818590265663,https://x.com/ICEgov/status/1950919818590265663,"We are ACTIVELY SEARCHING for CRIMINAL ALIENS.

☎️If you know a criminal alien, report their whereabouts: 866-DHS-2-ICE

https://x.com/EROSaintPaul/status/1949517482718355591",EROSaintPaul,2025-07-27T17:09:22.000Z,1949517482718355591,https://x.com/EROSaintPaul/status/1949517482718355591,"ICE St. Paul arrested Jonathan De Jesus Vazquez Carillo, 33, a Mexican citizen with a criminal conviction for assault. He was taken into custody during targeted enforcement. https://t.co/JBLQnVIbGB",3_1949517442838880258,photo,https://github.com/vidproject/x/releases/download/media-_misc-0002/3_1949517442838880258.jpg,0
ICEgov,core,2025-07-31T15:00:52.000Z,1950934694100431178,https://x.com/ICEgov/status/1950934694100431178,"ICE New Orleans deported Dominican kidnapper Homero Bordas.

When you have a criminal history, we’re your most reliable ride home — ALL THE WAY HOME. ✈️

https://x.com/ERONewOrleans/status/1949137639484903891",ERONewOrleans,2025-07-26T16:00:01.000Z,1949137639484903891,https://x.com/ERONewOrleans/status/1949137639484903891,"🚨KIDNAPPER DEPORTED: ICE New Orleans deported Homero Bordas of the Dominican Republic. His criminal history includes a conviction for kidnapping for which he was sentenced to 7 years.

📢Criminal illegal aliens hate this account. You might want to follow us. @ERONewOrleans https://t.co/NrzxgMkN9e",3_1946194924199698432,photo,https://github.com/vidproject/x/releases/download/media-ERONewOrleans/3_1946194924199698432.png,0
ICEgov,core,2025-07-31T16:01:37.000Z,1950949981247955048,https://x.com/ICEgov/status/1950949981247955048,"Only 23 MONTHS in jail for sexually abusing a kid?

Child sex offender Eduardo Enrique Paez Dabul, of Colombia, got a one-way ticket on ICE Air.

He’ll never harm a child on U.S. soil again.

https://x.com/ERONewOrleans/status/1949817114967019773",ERONewOrleans,2025-07-28T13:00:00.000Z,1949817114967019773,https://x.com/ERONewOrleans/status/1949817114967019773,"🚨CHILD SEX OFFENDER DEPORTED: ICE New Orleans deported Eduardo Enrique Paez Dabul, a citizen of Colombia. His criminal history includes a conviction for sex offence against child fondling for which he was sentenced to 23 months in jail.

📢FOUND. ARRESTED. DEPORTED. 🧊🇺🇸 https://t.co/C1zNnznNTI",3_1946199975005675520,photo,https://github.com/vidproject/x/releases/download/media-ERONewOrleans/3_1946199975005675520.png,0
ICEgov,core,2025-07-31T18:01:26.000Z,1950980136775381406,https://x.com/ICEgov/status/1950980136775381406,"Human smuggling is:
• A serious national security risk, allowing potential terrorists into our country
• A dangerous vehicle for sex and labor trafficking

☎️Report it: 866-DHS-2-ICE

https://x.com/EROSanDiego/status/1949835736829534650",EROSanDiego,2025-07-28T14:14:00.000Z,1949835736829534650,https://x.com/EROSanDiego/status/1949835736829534650,"ICE San Diego arrested Miguel Dominiguez, 19, a Mexican national with a conviction for alien smuggling. Dominguez is in ICE custody pending removal. https://t.co/LGhWisOFEw",3_1948123410124664832,photo,https://github.com/vidproject/x/releases/download/media-_misc-0002/3_1948123410124664832.png,0
ICEgov,core,2025-07-31T19:00:36.000Z,1950995024398692534,https://x.com/ICEgov/status/1950995024398692534,"Great job on this arrest, ICE New Orleans!

https://x.com/ERONewOrleans/status/1949824665448505764",ERONewOrleans,2025-07-28T13:30:00.000Z,1949824665448505764,https://x.com/ERONewOrleans/status/1949824665448505764,"🚨ICE New Orleans arrested Alberto Jurado, a citizen of Mexico. His criminal history includes:
💥Felony Assault
💥Felony Harassing Communications
💥Voyeurism
💥DWI
📢Follow us. We bring the facts. @ERONewOrleans

📸Newsflash: The U.S. is deporting criminal illegal aliens. 🧊🇺🇸 https://t.co/NZ7roYO8yP",3_1946220027369197574,photo,https://github.com/vidproject/x/releases/download/media-ERONewOrleans/3_1946220027369197574.png,0
ICEgov,core,2025-07-31T22:00:40.000Z,1951040339927499045,https://x.com/ICEgov/status/1951040339927499045,"Watch a day in the life of an ICE @EROSanDiego officer. ⬇️

https://x.com/EROSanDiego/status/1948896044705624394",EROSanDiego,2025-07-26T00:00:00.000Z,1948896044705624394,https://x.com/EROSanDiego/status/1948896044705624394,"🚨 What does a day in a life of an ICE officer in San Diego look like?
From briefings to tracking fugitives, our officers are on the front lines protecting the community.

Follow and take a listen as we take you behind the scenes. https://t.co/vpZBnHUr80",13_1948872434750554113,video,https://github.com/vidproject/x/releases/download/media-_misc-0002/13_1948872434750554113.mp4,0
ICEgov,core,2025-07-31T23:00:21.000Z,1951055361370148900,https://x.com/ICEgov/status/1951055361370148900,"Under the Trump administration, we’re DEPORTING criminal illegal aliens.

https://x.com/ERONewOrleans/status/1950179511582281879",ERONewOrleans,2025-07-29T13:00:02.000Z,1950179511582281879,https://x.com/ERONewOrleans/status/1950179511582281879,"🚨DRUG TRAFFICKER DEPORTED: ICE New Orleans deported Abraham Melchor Vargas, a citizen of Mexico. His criminal history includes convictions for weapons offenses and drug trafficking, for which he was sentenced to 60 months in jail.

📢Found. Arrested. Deported. 🧊🇺🇸 https://t.co/kdR9Pdm7Nv",3_1946218871431581696,photo,https://github.com/vidproject/x/releases/download/media-ERONewOrleans/3_1946218871431581696.png,0
ICEgov,core,2025-08-24T23:30:12.000Z,1959760181979471949,https://x.com/ICEgov/status/1959760181979471949,"Good job, ICE Denver!

https://x.com/ERODenver/status/1958673721998336295",ERODenver,2025-08-21T23:33:00.000Z,1958673721998336295,https://x.com/ERODenver/status/1958673721998336295,"ICE Denver arrested Uriel Duarte Gaitan, 26, a criminal alien from Nicaragua who has pending charges for assault, kidnapping &amp; public order crimes. He will remain in ICE custody pending immigration proceedings. https://t.co/exmPTka01I",3_1958281342300700672,photo,https://github.com/vidproject/x/releases/download/media-_misc-0002/3_1958281342300700672.jpg,15
ICEgov,core,2025-08-25T01:00:14.000Z,1959782837365666195,https://x.com/ICEgov/status/1959782837365666195,"Well done, ICE @ERONewark!
https://x.com/ERONewark/status/1958533212902187485",ERONewark,2025-08-21T14:14:40.000Z,1958533212902187485,https://x.com/ERONewark/status/1958533212902187485,"ICE ERO Newark arrested Armando Isaias Bermejo, a Mexican national on Aug. 18. The alien’s criminal history includes a conviction for criminal sexual contact with a minor. He is currently in ICE custody pending removal proceedings. https://t.co/Hf43y3qfiy",3_1958533158716018688,photo,https://github.com/vidproject/x/releases/download/media-ERONewark/3_1958533158716018688.jpg,0
ICEgov,core,2025-08-26T00:30:11.000Z,1960137663316398584,https://x.com/ICEgov/status/1960137663316398584,"NICE job, ICE New Orleans!

https://x.com/ERONewOrleans/status/1958922114486215114",ERONewOrleans,2025-08-22T16:00:01.000Z,1958922114486215114,https://x.com/ERONewOrleans/status/1958922114486215114,"🚨ICE New Orleans arrested Eduardo Michell Bucio Garcia, a citizen of Mexico 🇲🇽. His criminal history includes:
💥Dangerous Drug Possession
💥Flight to Avoid Prosecution
💥Possession of a Weapon
💥Possession of a Stolen Vehicle https://t.co/mPPgWvunLJ",3_1958907129844441091,photo,https://github.com/vidproject/x/releases/download/media-ERONewOrleans/3_1958907129844441091.png,0
ICEgov,core,2025-08-26T22:19:00.000Z,1960467038855463184,https://x.com/ICEgov/status/1960467038855463184,ICYMI,RapidResponse47,2025-08-19T12:40:27.000Z,1957784727349268737,https://x.com/RapidResponse47/status/1957784727349268737,"New camera infrastructure set up along the southern border to give agents ""instant alerts"" of potential crossers:

""These towers don't just track, they deter... Anyone thinking of sneaking across will see it and either turn back or get funneled straight into an agent's path."" https://t.co/QOAwSCHpQr",13_1957783463811055616,video,https://github.com/vidproject/x/releases/download/media-RapidResponse47/13_1957783463811055616.mp4,0
ICEgov,core,2025-08-27T22:35:13.000Z,1960833508621820245,https://x.com/ICEgov/status/1960833508621820245,"Nice work, ICE @EROSanDiego!

https://x.com/EROSanDiego/status/1959975299854028951",EROSanDiego,2025-08-25T13:45:00.000Z,1959975299854028951,https://x.com/EROSanDiego/status/1959975299854028951,"ICE San Diego arrested Patris Lobulo, 35, an illegal alien from Sudan with a violent criminal history including assault with a deadly weapon and battery. He's in ICE custody pending removal. Keeping violent offenders like this off our streets is how we protect our communities. https://t.co/2QmVldUzPv",3_1958616555677523968,photo,https://github.com/vidproject/x/releases/download/media-_misc-0002/3_1958616555677523968.png,0
ICEgov,core,2025-08-28T00:45:12.000Z,1960866219617071447,https://x.com/ICEgov/status/1960866219617071447,"Our global team shares a commitment to keep all our children safe from predators.

Well done, ICE @ERONewOrleans!

https://x.com/ERONewOrleans/status/1959292048856477821",ERONewOrleans,2025-08-23T16:30:00.000Z,1959292048856477821,https://x.com/ERONewOrleans/status/1959292048856477821,"🚨CHILD PREDATOR DEPORTED: ICE New Orleans deported Ruben Antonio Martinez Lopez, a citizen of El Salvador 🇸🇻. His criminal history includes a conviction for:
💥Sexual Abuse Against a Child https://t.co/ZoNCwlZJtJ",3_1958908888549625856,photo,https://github.com/vidproject/x/releases/download/media-ERONewOrleans/3_1958908888549625856.png,0
ICEgov,core,2025-08-28T02:15:10.000Z,1960888860289696100,https://x.com/ICEgov/status/1960888860289696100,"Who knows how many lives will be saved with this drug dealer off Philly streets?

Well done!

https://x.com/EROPhiladelphia/status/1959796474817995239",EROPhiladelphia,2025-08-25T01:54:25.000Z,1959796474817995239,https://x.com/EROPhiladelphia/status/1959796474817995239,"Raymundo Ortega-Almanzar got 10-20 years for serious drug dealing - and now ICE has him. @EROPhiladelphia  will see this Dominican trafficker out of the country as soon as the law allows. You deal, you leave. @ICEgov @DHSgov https://t.co/VgH9BzfQFA",3_1959780593417248768,photo,https://github.com/vidproject/x/releases/download/media-_misc-0002/3_1959780593417248768.jpg,0
ICEgov,core,2025-08-30T02:20:12.000Z,1961614902025412801,https://x.com/ICEgov/status/1961614902025412801,"ICYMI
https://x.com/DHSgov/status/1960115496906334515",DHSgov,2025-08-25T23:02:06.000Z,1960115496906334515,https://x.com/DHSgov/status/1960115496906334515,https://thefederalist.com/2025/08/25/exclusive-ice-arrests-convicted-killer-pedophile-traffickers-and-more-worst-of-the-worst/,,,,0
ICEgov,core,2025-08-31T16:35:11.000Z,1962192453210870043,https://x.com/ICEgov/status/1962192453210870043,"The Laken Riley Act requires us to detain aliens charged with or convicted of a theft crime. This criminal alien broke into someone’s HOME and ROBBED them!

https://x.com/EROHouston/status/1961116658468360450",EROHouston,2025-08-28T17:20:21.000Z,1961116658468360450,https://x.com/EROHouston/status/1961116658468360450,"🚨ICE @ERO Houston arrested Roman Gonzalez Flores, a criminal alien from Mexico convicted of burglary in 2024 for breaking into and robbing someone's home in Hidalgo County. ICE will continue to track down dangerous illegal aliens like Gonzalez and deport them from the U.S. https://t.co/VXWkXAudPw",3_1961116582496931841,photo,https://github.com/vidproject/x/releases/download/media-_misc-0002/3_1961116582496931841.png,0
ICEgov,core,2025-09-23T17:00:58.000Z,1970533865446842557,https://x.com/ICEgov/status/1970533865446842557,"Nice work getting this heroin dealer and forger out of Boston!

https://x.com/EROBoston/status/1969757692613783885",EROBoston,2025-09-21T13:36:44.000Z,1969757692613783885,https://x.com/EROBoston/status/1969757692613783885,"ICE @EROBoston arrested Dairo Mejia, an illegal alien from Colombia. Mejia's criminal history includes convictions for conspiracy to distribute heroin and RMV forgery in Boston, MA. Mejia has been previously removed from the U.S. and remains in ICE custody pending removal. https://t.co/zkJ0wemp5c",3_1969756546511917056,photo,https://github.com/vidproject/x/releases/download/media-EROBoston/3_1969756546511917056.png,0
ICEgov,core,2025-09-23T19:05:12.000Z,1970565129952465212,https://x.com/ICEgov/status/1970565129952465212,"This Romanian felony fraudster and identity thief also had an illegal reentry conviction under his belt before ICE San Antonio arrested him.
https://x.com/EROSanAntonio/status/1968397341368451103",EROSanAntonio,2025-09-17T19:31:11.000Z,1968397341368451103,https://x.com/EROSanAntonio/status/1968397341368451103,"ICE San Antonio arrested aggravated felon and illegal alien from Romania, Valentin Ionita Margel, 34, whose extensive criminal history includes a conviction for felony fraud (illegal use of credit cards) and identity theft. Ionita also has a conviction for illegal re-entry. https://t.co/H6G3AzynQn",3_1968397264247988224,photo,https://github.com/vidproject/x/releases/download/media-_misc-0002/3_1968397264247988224.jpg,0
ICEgov,core,2025-09-27T20:00:50.000Z,1972028679858372852,https://x.com/ICEgov/status/1972028679858372852,"ICE @ERONewOrleans is making neighborhoods safer from drug traffickers – again!
https://x.com/ERONewOrleans/status/1970473224422244767",ERONewOrleans,2025-09-23T13:00:00.000Z,1970473224422244767,https://x.com/ERONewOrleans/status/1970473224422244767,"🚨COCAINE TRAFFICKER ARRESTED: ICE New Orleans arrested Ana Luisa McQuade Negrete, a citizen of Mexico 🇲🇽. His criminal history includes a conviction for:
💥Trafficking Cocaine https://t.co/skn1jx9ko9",3_1968764923309142017,photo,https://github.com/vidproject/x/releases/download/media-ERONewOrleans/3_1968764923309142017.png,0
ICEgov,core,2025-09-28T19:00:31.000Z,1972375889003290633,https://x.com/ICEgov/status/1972375889003290633,"Well done, ICE @ERONewOrleans!
https://x.com/ERONewOrleans/status/1970480774932832749 https://t.co/ML3w7oBLba",ERONewOrleans,2025-09-23T13:30:01.000Z,1970480774932832749,https://x.com/ERONewOrleans/status/1970480774932832749,"🚨METHAMPHETAMINE SMUGGLER ARRESTED: ICE New Orleans arrested Ana Isabel Bucio Leon, a citizen of Mexico 🇲🇽. Her criminal history includes a conviction for:
💥Smuggling Methamphetamine https://t.co/Q7yJkxWJcf",3_1968765749968691200,photo,https://github.com/vidproject/x/releases/download/media-ERONewOrleans/3_1968765749968691200.png,0
ICEgov,core,2025-09-30T18:14:15.000Z,1973089021329907871,https://x.com/ICEgov/status/1973089021329907871,⬇️,USCIS,2025-09-30T17:59:12.000Z,1973085232296300703,https://x.com/USCIS/status/1973085232296300703,"HAPPENING NOW: USCIS, with @ICEgov and @FBI discuss Operation Twin Shield apprehensions related to immigration fraud in the Minneapolis-St. Paul area.
https://x.com/i/broadcasts/1lPJqvDElVlxb",,,,0
ICEgov,core,2025-11-22T04:30:12.000Z,1992088199808651525,https://x.com/ICEgov/status/1992088199808651525,"Self-deport while you still can.

https://x.com/EROLosAngeles/status/1990585753135460607",EROLosAngeles,2025-11-18T01:00:01.000Z,1990585753135460607,https://x.com/EROLosAngeles/status/1990585753135460607,"🚨Los Angeles ERO arrested Cristobal Francisco Hernandez-Hernandez, 36, of Mexico, Nov. 16. Hernandez was arrested for sending harmful material to a minor with intent to engaged in sex and contact with a minor with intent to commit a felony. He is in ICE custody pending removal. https://t.co/n7pZQDzDks",3_1990570638541807616,photo,https://github.com/vidproject/x/releases/download/media-EROLosAngeles/3_1990570638541807616.jpg,0
ICEgov,core,2025-11-23T04:30:12.000Z,1992450584863989895,https://x.com/ICEgov/status/1992450584863989895,"☎️If you know a criminal alien, report their whereabouts: 866-DHS-2-ICE

https://x.com/EROSanAntonio/status/1990806489548964034",EROSanAntonio,2025-11-18T15:37:09.000Z,1990806489548964034,https://x.com/EROSanAntonio/status/1990806489548964034,"Worst of the worst! ICE San Antonio arrested and deported Jose Ignacio Chavez-Bahena, 49, a criminal illegal alien from Mexico with convictions for felony assault, DUI and recently arrested for domestic violence. Criminal aliens should self deport now or we will deport you. https://t.co/vwD3Ezp1gA",3_1990806317880258560,photo,https://github.com/vidproject/x/releases/download/media-_misc-0002/3_1990806317880258560.jpg,0
ICEgov,core,2025-11-25T13:55:36.000Z,1993317649816625192,https://x.com/ICEgov/status/1993317649816625192,"Sanctuary jurisdictions will not keep us from finding and removing criminal aliens preying on innocent people.

https://x.com/EROLosAngeles/status/1991558407187276250",EROLosAngeles,2025-11-20T17:25:00.000Z,1991558407187276250,https://x.com/EROLosAngeles/status/1991558407187276250,"🚨Los Angeles ERO arrested Luz Garcia Celis, 57, of Colombia, Nov. 17. Garcia has been convicted of fraud, identity theft, grand theft, and burglary. She is in ICE custody pending removal. https://t.co/mHGITaRKFq",3_1991543377809326081,photo,https://github.com/vidproject/x/releases/download/media-EROLosAngeles/3_1991543377809326081.jpg,0
ICEgov,core,2025-11-26T03:30:00.000Z,1993522602363818252,https://x.com/ICEgov/status/1993522602363818252,ICE officers and special agents work around the clock to secure our nation.,DHSgov,2025-11-24T16:07:28.000Z,1992988447665946916,https://x.com/DHSgov/status/1992988447665946916,"Under the leadership of @Sec_Noem, DHS is working rapidly to remove these aliens from detention centers to their final destination — HOME.

Strong policies. Real results. https://t.co/uk26zLRqwP",3_1992988444180590592,photo,https://github.com/vidproject/x/releases/download/media-DHSgov-0002/3_1992988444180590592.jpg,0
ICEgov,core,2025-11-26T17:58:37.000Z,1993741194850177151,https://x.com/ICEgov/status/1993741194850177151,"Great work, officers! 👏",EROBoston,2025-11-20T17:22:57.000Z,1991557893624361280,https://x.com/EROBoston/status/1991557893624361280,"On November 18th, ICE @EROBoston arrested Ying Liang Deng, a criminal alien offender from China. Deng’s criminal charges include criminal sexual conduct 3rd degree, DWI, and possession of controlled substance 4th degree. We wish Mr. Deng safe travels back to China! https://t.co/GUvh1zLN7v",3_1991557824237670400,photo,https://github.com/vidproject/x/releases/download/media-EROBoston/3_1991557824237670400.jpg,0
ICEgov,core,2025-11-27T03:30:00.000Z,1993884988945670652,https://x.com/ICEgov/status/1993884988945670652,Meth-related deaths have steadily increased for more than a decade in the U.S. due to widespread availability of the drug. This criminal illegal alien is just one of the many meth traffickers we’ve gotten off U.S. streets this month.,ERONewOrleans,2025-11-22T17:00:00.000Z,1992276892741960163,https://x.com/ERONewOrleans/status/1992276892741960163,"🚨METH DEALER ARRESTED: ICE New Orleans arrested Rigoberto Guerra, a citizen of Cuba 🇨🇺. His criminal history includes a conviction for:
💥Possession with Intent to Distribute 50 Grams or more of Methamphetamine. https://t.co/dgV88VSMiq",3_1991605732270084096,photo,https://github.com/vidproject/x/releases/download/media-ERONewOrleans/3_1991605732270084096.png,0
ICEgov,core,2025-11-29T03:26:00.000Z,1994608756609433656,https://x.com/ICEgov/status/1994608756609433656,"Great job, officers! 👏",ERONewOrleans,2025-11-24T17:30:00.000Z,1993009216584663052,https://x.com/ERONewOrleans/status/1993009216584663052,"🚨COCAINE DEALER ARRESTED: ICE New Orleans arrested Gregory Atkins, a citizen of St. Lucia 🇱🇨. His criminal history includes a conviction for:
💥Conspiracy to Distribute and Possess with Intent to Distribute Cocaine https://t.co/97e6C9HVtx",3_1991605936419446784,photo,https://github.com/vidproject/x/releases/download/media-ERONewOrleans/3_1991605936419446784.png,0
ICEgov,core,2025-12-23T03:00:00.000Z,2003299523150643270,https://x.com/ICEgov/status/2003299523150643270,"Great job, officers! 👏",EROWashington,2025-12-19T17:03:49.000Z,2002062325189329348,https://x.com/EROWashington/status/2002062325189329348,"ICE @EROWashington D.C. arrested Samson Kidane, a criminal alien offender from Ethiopia in Washington, D.C.  Kidane's criminal history includes convictions for robbery, larceny, violating a court order and a drug crime. https://t.co/kuE2a83Pw2",3_2002060599891509248,photo,https://github.com/vidproject/x/releases/download/media-_misc-0002/3_2002060599891509248.png,0
ICEgov,core,2026-02-25T16:52:39.000Z,2026701891934076964,https://x.com/ICEgov/status/2026701891934076964,Pass the Dalilah Law.,WhiteHouse,2026-02-25T03:05:24.000Z,2026493705394221485,https://x.com/WhiteHouse/status/2026493705394221485,"Dalilah Coleman is a 1st-grader who was severely injured in a car accident caused by an illegal alien driving a semitruck with a CDL. Her injuries include a traumatic brain injury, Cerebral Palsy, and she will need lifelong care and therapy.

The driver crossed the border in 2022 and was released into the country by the Biden administration. She and her father join us at the State of the Union this evening. ❤️ This is our why.",3_2026493288576843776,photo,https://github.com/vidproject/x/releases/download/media-WhiteHouse/3_2026493288576843776.jpg,403
ICEgov,core,2026-02-26T14:06:34.000Z,2027022479500226565,https://x.com/ICEgov/status/2027022479500226565,Congress must pass Dalilah’s Law.,StephenM,2026-02-25T20:57:49.000Z,2026763587037876470,https://x.com/StephenM/status/2026763587037876470,Unguided missiles speeding down our roads in the hands of illiterate illegal alien drivers.,,,,58
ICEgov,core,2026-03-23T18:58:02.000Z,2036155528431153220,https://x.com/ICEgov/status/2036155528431153220,"ICE is proud to be a member of the Memphis Safe Task Force — crime, gang violence and drug trafficking are plummeting and public safety is increasing thanks to President @realDonaldTrump's leadership!",WhiteHouse,2026-03-23T16:06:17.000Z,2036112304408801307,https://x.com/WhiteHouse/status/2036112304408801307,The Memphis Safe Task Force is in full effect. https://t.co/kci1xALXqE,3_2036111243329871872,photo,https://github.com/vidproject/x/releases/download/media-WhiteHouse/3_2036111243329871872.jpg,0
ICEgov,core,2026-03-31T19:56:10.000Z,2039069260975321474,https://x.com/ICEgov/status/2039069260975321474,ICE is NICE!,DHSgov,2026-03-31T19:54:30.000Z,2039068842090017227,https://x.com/DHSgov/status/2039068842090017227,"Nobody is friendlier or harder working than @ICEgov law enforcement.

Thank you, @POTUS Trump for letting ICE help Americans stay moving at our airports. https://t.co/6Gqp2jNNTr",13_2039068752902332416,video,https://github.com/vidproject/x/releases/download/media-DHSgov/13_2039068752902332416.mp4,0
ICEgov,core,2026-04-16T17:16:32.000Z,2044827291981640129,https://x.com/ICEgov/status/2044827291981640129,⬇️,DHSgov,2026-04-16T15:05:02.000Z,2044794201796202612,https://x.com/DHSgov/status/2044794201796202612,"KEEPING AMERICANS SAFE.

On April 7th and 8th, @CBP officers at the U.S.–Mexico border seized over 430 POUNDS of cocaine and meth worth more than $2.8 MILLION in back-to-back drug busts.

Thank you to these officers and all of our CBP law enforcement for saving American lives by keeping these deadly drugs out of our communities and off our streets.

https://www.foxnews.com/us/cbp-officers-seize-cocaine-meth-back-back-busts-california-port-entry",,,,0
ICEgov,core,2026-04-17T14:01:13.000Z,2045140528719651012,https://x.com/ICEgov/status/2045140528719651012,⬇️,DHSgov,2026-04-17T12:47:57.000Z,2045122088910917864,https://x.com/DHSgov/status/2045122088910917864,"Heartbreaking.

The tragic deaths of Hallie Helgeson and Brady Heiling is a reminder of the consequences of open border policies.

DHS law enforcement is protecting American communities every day from another senseless tragedy like this taking place in another town, to another family.",13_2045122029934858240,video,https://github.com/vidproject/x/releases/download/media-DHSgov/13_2045122029934858240.mp4,0
ICEgov,core,2026-04-17T16:20:33.000Z,2045175591557644496,https://x.com/ICEgov/status/2045175591557644496,⬇️,ERONewOrleans,2026-04-13T14:07:53.000Z,2043692654198726811,https://x.com/ERONewOrleans/status/2043692654198726811,ICE New Orleans facilitated this self-deportation on a commercial flight.,,,,1
ICEgov,core,2026-04-17T16:40:00.000Z,2045180486780092591,https://x.com/ICEgov/status/2045180486780092591,⬇️,SecMullinDHS,2026-04-17T01:37:56.000Z,2044953475327443280,https://x.com/SecMullinDHS/status/2044953475327443280,"Director Lyons has been a great leader of ICE and key player in helping the Trump administration remove murderers, rapists, pedophiles, terrorists, and gang members from American communities. He jumpstarted an agency that had not been allowed to do its job for four years. Thanks to his leadership, American communities are safer.

We wish him luck on his next opportunity in the private sector. His last day is May 31, 2026.",,,,0
ICEgov,core,2026-04-20T14:13:08.000Z,2046230690803355877,https://x.com/ICEgov/status/2046230690803355877,⬇️,DHSgov,2026-04-18T21:18:24.000Z,2045612937654542391,https://x.com/DHSgov/status/2045612937654542391,"“I…held my son while he bled to death.”

12-year-old Dereon James Robinson and 9-year-old Mikhail Lee Smith were killed by an illegal alien driving under the influence.

These boys had their whole lives ahead of them. Instead, they were senselessly taken from this world by someone who never should have been in our country.

Our prayers are with their families during this tragic time.",3_2045612932289921025,photo,https://github.com/vidproject/x/releases/download/media-DHSgov/3_2045612932289921025.jpg,0
ICEgov,core,2026-04-20T15:58:09.000Z,2046257119658160281,https://x.com/ICEgov/status/2046257119658160281,⬇️,DHSgov,2026-04-20T15:09:51.000Z,2046244964720402531,https://x.com/DHSgov/status/2046244964720402531,"12-year-old Dereon James Robinson and 9-year-old Mikhail-Lee Smith were riding their bikes in Spartanburg, S.C., when a criminal illegal alien struck and killed them while driving under the influence.

This tragedy was entirely preventable — and a direct consequence of open-border policies that allowed this criminal to be in our country illegally.",13_2046244906608238592,video,https://github.com/vidproject/x/releases/download/media-DHSgov/13_2046244906608238592.mp4,0
ICEgov,core,2026-04-21T17:12:26.000Z,2046638199498269042,https://x.com/ICEgov/status/2046638199498269042,⬇️,DHSgov,2026-04-21T17:04:35.000Z,2046636225524637999,https://x.com/DHSgov/status/2046636225524637999,"Import the third world, become the third world.

Illegal alien Josue Abraham Chirino-Leonice BRUTALLY murdered his co-worker by hitting him with a sledgehammer multiple times. He was released into our country by the Biden administration. https://t.co/Hwgrms8KMt",13_2046636166179360768,video,https://github.com/vidproject/x/releases/download/media-DHSgov/13_2046636166179360768.mp4,0
ICEgov,core,2026-04-22T13:13:23.000Z,2046940428243509414,https://x.com/ICEgov/status/2046940428243509414,⬇️,DHSgov,2026-04-22T12:35:57.000Z,2046931008491045228,https://x.com/DHSgov/status/2046931008491045228,"“It was a preventable murder.”

Sheridan Gorman had her whole life ahead of her before this cold-blooded killer decided to end her life. She was failed by open border policies and sanctuary politicians who RELEASED her killer TWICE before committing this heinous murder.

We are committed to delivering justice for the Gorman family and fighting every single day to stop illegal alien crime.",13_2046930942481051649,video,https://github.com/vidproject/x/releases/download/media-DHSgov/13_2046930942481051649.mp4,0
ICEgov,core,2026-04-22T14:41:23.000Z,2046962578031522134,https://x.com/ICEgov/status/2046962578031522134,⬇️,DHSgov,2026-04-22T13:45:10.000Z,2046948426953146724,https://x.com/DHSgov/status/2046948426953146724,"This National Crime Victims week, DHS continues standing up for the victims of illegal aliens and fighting to put America first.

For too long, victims of illegal alien crime have been ignored by the media and sanctuary politicians.

Every crime committed by an illegal alien is completely preventable.

https://www.foxnews.com/us/exclusive-dhs-honors-angel-families-during-national-crime-victims-week-calls-crimes-completely-preventable",,,,0
ICEgov,core,2026-04-22T20:52:24.000Z,2047055945465749822,https://x.com/ICEgov/status/2047055945465749822,⬇️,DHSgov,2026-04-22T20:48:15.000Z,2047054899179848059,https://x.com/DHSgov/status/2047054899179848059,"""7 out of the top 10 safest cities in the country cooperate with ICE."" @SecMullinDHS

National security isn’t a ‘red’ or ‘blue’ issue. Sanctuary politicians must STOP putting criminal illegal aliens ahead of American citizens and cooperate with ICE to keep our nation SAFE. https://t.co/fACVA3RyZH",13_2047054834981908480,video,https://github.com/vidproject/x/releases/download/media-DHSgov/13_2047054834981908480.mp4,0
ICEgov,core,2026-04-22T22:11:58.000Z,2047075968934670481,https://x.com/ICEgov/status/2047075968934670481,⬇️,DHSgov,2026-04-22T21:39:28.000Z,2047067788368347481,https://x.com/DHSgov/status/2047067788368347481,"This is our why.

In February 2024, Laken Riley was murdered by an illegal alien who NEVER should have been in our country.

This National Crime Victims Week, we honor her memory as we continue fighting to prevent senseless tragedies like this from happening to another family. https://t.co/DnjfeMFa5t",3_2047067783653920768,photo,https://github.com/vidproject/x/releases/download/media-DHSgov/3_2047067783653920768.jpg,0
ICEgov,core,2026-04-23T15:27:05.000Z,2047336465265246596,https://x.com/ICEgov/status/2047336465265246596,⬇️,DHSgov,2026-04-23T14:04:23.000Z,2047315653032337442,https://x.com/DHSgov/status/2047315653032337442,"""Three different times this individual should have been deported and they didn’t. It cost Sheridan her life."" @SecMullinDHS

Open borders and sanctuary policies killed Sheridan Gorman. We are committed to delivering justice for the Gorman family and fighting every single day to stop illegal alien crime.",13_2047315590780444672,video,https://github.com/vidproject/x/releases/download/media-DHSgov/13_2047315590780444672.mp4,16
ICEgov,core,2026-04-24T00:11:06.000Z,2047468338935218689,https://x.com/ICEgov/status/2047468338935218689,⬇️,SecMullinDHS,2026-04-23T23:52:15.000Z,2047463592686243840,https://x.com/SecMullinDHS/status/2047463592686243840,"It’s National Crime Victims week.

Removing criminal illegal aliens from our streets is just one part of the @ICEgov mission. We are also providing resources and support to angel families and the victims of illegal alien crime.

Call the VOICE Office at 1-855-488-6423 or go to http://ICE.GOV/VOICE to get the help you need.",13_2047461803328679936,video,https://github.com/vidproject/x/releases/download/media-SecMullinDHS/13_2047461803328679936.mp4,25
ICEgov,core,2026-04-24T20:02:49.000Z,2047768242790248535,https://x.com/ICEgov/status/2047768242790248535,⬇️,DHSgov,2026-04-24T18:57:27.000Z,2047751792172134726,https://x.com/DHSgov/status/2047751792172134726,"This is our why.

In July 2022, 20-year-old Kayla Hamilton was raped and strangled to death by a criminal illegal alien and MS-13 gang member.

As we commemorate National Crime Victims Week, we recommit ourselves to standing up for all those impacted by illegal alien crime. https://t.co/VDIrQ3T2W5",3_2047751772886749184,photo,https://github.com/vidproject/x/releases/download/media-DHSgov/3_2047751772886749184.jpg,0
ICEgov,core,2026-05-01T17:46:19.000Z,2050270606206058678,https://x.com/ICEgov/status/2050270606206058678,⬇️,DHSgov,2026-05-01T16:32:45.000Z,2050252091881349465,https://x.com/DHSgov/status/2050252091881349465,"🚨An activist Biden-appointed judge has ordered an illegal alien wanted for MURDER RELEASED from @ICEgov custody.

Bryan Rafael Gomez is a criminal illegal alien from the Dominican Republic with an international warrant for homicide.

This is yet another example of an activist judge trying to thwart @POTUS Trump’s mandate from the American people to remove dangerous criminal illegal aliens from our nation.",3_2050252089121452032,photo,https://github.com/vidproject/x/releases/download/media-DHSgov/3_2050252089121452032.jpg,0
ICEgov,core,2026-05-07T16:21:37.000Z,2052423618521407648,https://x.com/ICEgov/status/2052423618521407648,⬇️,DHSgov,2026-05-06T20:45:00.000Z,2052127511950090616,https://x.com/DHSgov/status/2052127511950090616,"“If he weren’t here, it wouldn’t have happened.”

On May 1, Deiby Jhonatan Janamejoy Jansasoy, a criminal illegal alien from Colombia, was arrested for vehicular homicide, DUI, and driving without a valid license after killing a Georgia father.

Janamejoy Jansasoy illegally entered our nation in 2023, and was RELEASED into the country under the Biden Administration — completely unvetted.

@ICEgov has placed a detainer requesting local authorities not release this criminal illegal alien without notifying ICE.",13_2052127456526565379,video,https://github.com/vidproject/x/releases/download/media-DHSgov/13_2052127456526565379.mp4,0
ICEgov,core,2026-05-07T17:04:16.000Z,2052434352022180207,https://x.com/ICEgov/status/2052434352022180207,⬇️,DHSgov,2026-05-07T16:55:26.000Z,2052432127581454546,https://x.com/DHSgov/status/2052432127581454546,"This is our why.

Carissa Aspnes was riding on the back of a motorcycle when she was hit by an illegal alien who was released into our nation by the Biden administration. The crash left Carissa disabled for life.

Through ICE’s VOICE Office, we’re providing resources to families like the Aspnes’ who have been victims of illegal alien crime.

Angel families will always have the support of @POTUS Trump, DHS, and @ICEgov. You are why we fight.",13_2052431863042449415,video,https://github.com/vidproject/x/releases/download/media-DHSgov/13_2052431863042449415.mp4,0
ICEgov,core,2026-05-08T17:07:13.000Z,2052797481335832608,https://x.com/ICEgov/status/2052797481335832608,⬇️,DHSgov,2026-05-08T00:12:55.000Z,2052542226039816537,https://x.com/DHSgov/status/2052542226039816537,"This NEVER should have happened.

Deiby Jhonatan Janamejoy Jansasoy, a criminal illegal alien from Colombia, was arrested for vehicular homicide, DUI, and driving without a valid license after killing a Georgia father.

The Biden Administration released this criminal into our nation COMPLETELY UNVETTED after he entered illegally in 2023.",3_2052542211070279686,photo,https://github.com/vidproject/x/releases/download/media-DHSgov/3_2052542211070279686.jpg,20
ICEgov,core,2026-05-08T17:08:44.000Z,2052797864418443464,https://x.com/ICEgov/status/2052797864418443464,⬇️,DHSgov,2026-05-07T13:20:41.000Z,2052378085144596603,https://x.com/DHSgov/status/2052378085144596603,"“Tom Homan and I talk almost every single day. We have a great relationship…There are a lot of known criminals harboring themselves in New York, the governor knows this, the mayor knows this, the city officials there know this... President Trump made it VERY clear: we are going to restore law and order."" @SecMullinDHS",13_2052378032136925185,video,https://github.com/vidproject/x/releases/download/media-DHSgov/13_2052378032136925185.mp4,0
ICEgov,core,2026-05-08T17:19:24.000Z,2052800546860360068,https://x.com/ICEgov/status/2052800546860360068,⬇️,DHSgov,2026-05-08T15:18:07.000Z,2052770024029364346,https://x.com/DHSgov/status/2052770024029364346,"EATONTOWN, NEW JERSEY: @ERONewark arrested a so-called “non-criminal” illegal alien who actually has an international warrant for HOMICIDE in Honduras.

Because Fredy Alexander Lopez Lara lacks a criminal history in the U.S., the media counts this as a non-criminal arrest.

Nearly 70% of @ICEgov arrests are of illegal aliens charged or convicted of a crime in the U.S. This statistic does not even include foreign fugitives wanted for crimes in their home country like this illegal alien.",3_2052770020044726273,photo,https://github.com/vidproject/x/releases/download/media-DHSgov/3_2052770020044726273.jpg,0
ICEgov,core,2026-05-09T21:45:13.000Z,2053229830104023249,https://x.com/ICEgov/status/2053229830104023249,"ICE and its CBP and Florida law enforcement partners arrested MS-13 gang member and Honduran illegal alien Luis Merary Peralta-Sevilla in a targeted operation.

MS-13 is a designated foreign terrorist organization.

https://x.com/ICEgov/status/2053160200152990105 https://t.co/xzAY88n9nH",ICEgov,2026-05-09T17:08:32.000Z,2053160200152990105,https://x.com/ICEgov/status/2053160200152990105,WATCH ICE lead a multiagency operation to arrest an MS-13 gang member in Florida. https://t.co/Bi4INbHI1o,7_2053160107752476673,video,https://github.com/vidproject/x/releases/download/media-ICEgov/7_2053160107752476673.mp4,19
ICEgov,core,2026-05-09T21:57:48.000Z,2053232999072719212,https://x.com/ICEgov/status/2053232999072719212,⬇️,DHSgov,2026-05-09T20:14:26.000Z,2053206983155617984,https://x.com/DHSgov/status/2053206983155617984,"""We are going to fight every single day to make sure that they can’t play games with our law enforcement anymore."" @SecMullinDHS

While Democrats use law enforcement as political pawns, President Trump and Secretary Mullin will always stand with the men and women defending our homeland.",13_2053206880139255809,video,https://github.com/vidproject/x/releases/download/media-DHSgov/13_2053206880139255809.mp4,37
ICEgov,core,2026-05-10T12:23:26.000Z,2053450843358191828,https://x.com/ICEgov/status/2053450843358191828,⬇️,DHSgov,2026-05-10T01:27:04.000Z,2053285659981251068,https://x.com/DHSgov/status/2053285659981251068,"DHS law enforcement are enforcing the laws passed by Congress.

We don’t pick and choose which laws we enforce.

@SecMullinDHS https://t.co/3pgdSODmmZ",13_2053285584983015424,video,https://github.com/vidproject/x/releases/download/media-DHSgov/13_2053285584983015424.mp4,11
ICEgov,core,2026-05-10T17:00:22.000Z,2053520534017634420,https://x.com/ICEgov/status/2053520534017634420,⬇️,DHSgov,2026-05-10T14:27:30.000Z,2053482065107058834,https://x.com/DHSgov/status/2053482065107058834,"This Mother’s Day, we especially honor Angel Moms.

Words cannot describe the pain of losing a child. Knowing their child’s deaths were entirely preventable only adds to the pain these brave women face every day.

They are our why. https://t.co/q3KSriCmMF",13_2053481966901559300,video,https://github.com/vidproject/x/releases/download/media-DHSgov/13_2053481966901559300.mp4,100
ICEgov,core,2026-05-11T15:49:10.000Z,2053865004533752062,https://x.com/ICEgov/status/2053865004533752062,⬇️,RapidResponse47,2026-05-11T14:37:31.000Z,2053846970754556313,https://x.com/RapidResponse47/status/2053846970754556313,"Report: DHS Wins 80,000 ‘Voluntary Departure‘ Cases https://www.breitbart.com/immigration/2026/05/09/report-self-deportations-spike-dhs-pressure",,,,6
ICEgov,core,2026-05-11T15:49:36.000Z,2053865113422062021,https://x.com/ICEgov/status/2053865113422062021,⬇️,DHSgov,2026-05-11T14:33:52.000Z,2053846055880417531,https://x.com/DHSgov/status/2053846055880417531,"This SERIAL RAPIST’S ten year crime spree IS OVER.

Thanks to the incredible work of the men and women of federal law enforcement, this criminal illegal alien has been CAUGHT.

@ICEgov is now working with local Indiana authorities to ensure this demented rapist is REMOVED from our country.",13_2053845955716214784,video,https://github.com/vidproject/x/releases/download/media-DHSgov/13_2053845955716214784.mp4,0
ICEgov,core,2026-05-11T18:46:11.000Z,2053909549371834495,https://x.com/ICEgov/status/2053909549371834495,⬇️,DHSgov,2026-05-11T17:43:04.000Z,2053893666037539128,https://x.com/DHSgov/status/2053893666037539128,"This Police Week, we honor all of our law enforcement and remember the heroes who lost their lives in the line of duty.

To every officer who puts on the badge each day: THANK YOU. https://t.co/CHb7qqRiZ8",3_2053893644285841408,photo,https://github.com/vidproject/x/releases/download/media-DHSgov/3_2053893644285841408.jpg,9
ICEgov,core,2026-05-12T12:58:04.000Z,2054184330985881818,https://x.com/ICEgov/status/2054184330985881818,⬇️,DHSgov,2026-05-11T22:35:44.000Z,2053967318351269916,https://x.com/DHSgov/status/2053967318351269916,"""I have the privilege of having the largest police force with 80,000 officers under me. We honor them every day here at St. Elizabeths, the Department of Homeland Security headquarters."" @SecMullinDHS

God bless the brave men and women of law enforcement. 🇺🇸 https://t.co/clEOQsYfxo",13_2053967263217176576,video,https://github.com/vidproject/x/releases/download/media-DHSgov/13_2053967263217176576.mp4,0
ICEgov,core,2026-05-12T16:23:02.000Z,2054235913232814097,https://x.com/ICEgov/status/2054235913232814097,⬇️,ERONewOrleans,2026-05-12T12:32:00.000Z,2054177771853693158,https://x.com/ERONewOrleans/status/2054177771853693158,"In the month of April, ICE New Orleans was on 🔥
💥Arrests: 2,876
💥Deportations: 11,631
💥 Gang Arrest: 16
ICE New Orleans covers LA, AR, MS, AL &amp; TN. Deportations here stem from across the country.",,,,6
ICEgov,core,2026-05-13T15:02:40.000Z,2054578075304616104,https://x.com/ICEgov/status/2054578075304616104,⬇️,DHSgov,2026-05-13T14:16:13.000Z,2054566389172568302,https://x.com/DHSgov/status/2054566389172568302,"If you enter the United States illegally, you will face the consequences, including FINES.

These fines include:

➡️$100-$500 for unlawful entry or attempted entry
➡️$1,992 to $9,970 for failure to honor a voluntary departure order
➡️UP TO $998 per day for willfully failing to comply with a removal order

Under @POTUS Trump and @SecMullinDHS, America’s borders are CLOSED to lawbreakers.",,,,59
ICEgov,core,2026-05-13T18:56:50.000Z,2054637007637258494,https://x.com/ICEgov/status/2054637007637258494,⬇️,DHSgov,2026-05-13T18:32:20.000Z,2054630843616735650,https://x.com/DHSgov/status/2054630843616735650,"“Love the people, love the call.” @SecMullinDHS

Thank you @ICEgov law enforcement officers for risking your lives every single day to make our communities safer. https://t.co/R0R8ul0PhS",13_2054630788474277888,video,https://github.com/vidproject/x/releases/download/media-DHSgov/13_2054630788474277888.mp4,4
ICEgov,core,2026-05-15T15:01:11.000Z,2055302480431341968,https://x.com/ICEgov/status/2055302480431341968,Great job by ICE @EROWashington and its partners who are making Virginia communities safer!,SecMullinDHS,2026-05-15T13:50:43.000Z,2055284746649801049,https://x.com/SecMullinDHS/status/2055284746649801049,"This morning, I was on the ground with the men and women of @icegov law enforcement in Virginia.

We arrested a criminal illegal, removed multiple times from our country, whose rap sheet includes drug possession and driving under the influence.

Governor Spanberger’s sanctuary policies have made Virginia a magnet for criminal illegal aliens.",3_2055284391786520576 3_2055284391874555904 3_2055284391845232640 3_2055284391878787073,photo photo photo photo,https://github.com/vidproject/x/releases/download/media-SecMullinDHS/3_2055284391786520576.jpg https://github.com/vidproject/x/releases/download/media-SecMullinDHS/3_2055284391874555904.jpg https://github.com/vidproject/x/releases/download/media-SecMullinDHS/3_2055284391845232640.jpg https://github.com/vidproject/x/releases/download/media-SecMullinDHS/3_2055284391878787073.jpg,41
ICEgov,core,2026-05-15T19:24:35.000Z,2055368768230949252,https://x.com/ICEgov/status/2055368768230949252,"""This shouldn't be happening in our streets.""
—@SecMullinDHS",DHSgov,2026-05-15T17:35:52.000Z,2055341405405348130,https://x.com/DHSgov/status/2055341405405348130,".@SecMullinDHS joined @ICEgov law enforcement this morning in Virginia as they worked to REMOVE criminal illegal aliens from local communities.

Instead of choosing to release criminal illegal aliens from jail, Governor Spanberger should work with US to keep Virginians safe. https://t.co/CpmEe5BnKY",13_2055341342029381632,video,https://github.com/vidproject/x/releases/download/media-DHSgov/13_2055341342029381632.mp4,0
ICEgov,core,2026-05-15T19:32:39.000Z,2055370795879207290,https://x.com/ICEgov/status/2055370795879207290,"Countless families and individuals across the country have lost loved ones or have been victimized by violent criminal aliens.

See some of these Angel Families' stories at https://www.ice.gov/angel-families",DHSgov,2026-05-15T15:16:21.000Z,2055306295805202668,https://x.com/DHSgov/status/2055306295805202668,“ICE is there for a reason. They’re supposed to be keeping these violent criminals out of our country.” —Angel Mom Cheryl Minter https://t.co/ewHnQEdxr1,13_2055306217388400640,video,https://github.com/vidproject/x/releases/download/media-DHSgov/13_2055306217388400640.mp4,0
ICEgov,core,2026-05-22T13:17:01.000Z,2057812982176842238,https://x.com/ICEgov/status/2057812982176842238,"⛔Under @POTUS Trump and @SecMullinDHS, U.S. borders are closed to illegal aliens.",DHSgov,2026-05-22T12:50:43.000Z,2057806363137327313,https://x.com/DHSgov/status/2057806363137327313,".@ICEgov is working everyday to arrest violent, depraved criminals who NEVER should have been in our country in the first place.

Under @POTUS Trump and @SecMullinDHS, we will continue Making America Safe Again. https://t.co/cgT3Aii6Nd",13_2057806299849478144,video,https://github.com/vidproject/x/releases/download/media-DHSgov-0002/13_2057806299849478144.mp4,13
ICEgov,core,2026-05-22T13:23:05.000Z,2057814508832272757,https://x.com/ICEgov/status/2057814508832272757,"“We have stepped up efforts on this tenfold.”

—@RealTomHoman on illegal aliens driving semi-trucks",RapidResponse47,2026-05-22T01:05:34.000Z,2057628905557647711,https://x.com/RapidResponse47/status/2057628905557647711,.@RealTomHoman: “@SecDuffy is working on lawsuits and subpoenas to get DMV information from Deep Blue states that simply don’t want to share it… we have stepped up efforts on this tenfold… and we will try to get everybody off the street that’s here illegally.” https://t.co/mO5x5EJIaD,13_2057628800624582656,video,https://github.com/vidproject/x/releases/download/media-RapidResponse47/13_2057628800624582656.mp4,14
ICEgov,core,2026-05-22T18:54:14.000Z,2057897844065833168,https://x.com/ICEgov/status/2057897844065833168,Sanctuary policies endanger American lives.,DHSgov,2026-05-22T15:14:28.000Z,2057842538191421531,https://x.com/DHSgov/status/2057842538191421531,"“There are many who loudly advocate for limitless immigration policies…Yet many of these same voices will never personally suffer the consequences of the policies they promote. They remain insulated from the instability, violence, and suffering their ideas can unleash on ordinary families.” —@angeldadjoe

https://www.foxnews.com/opinion/reckless-policies-leaders-cost-daughter-life-legacy",,,,15
ICEgov,core,2026-05-22T19:11:41.000Z,2057902235292426416,https://x.com/ICEgov/status/2057902235292426416,NICE Couple!,DHSgov,2026-05-22T18:51:59.000Z,2057897276920520843,https://x.com/DHSgov/status/2057897276920520843,"It’s a love story, baby, just say “ICE”

Meet Michell Chase and Timothy Stone, a married @ICEgov couple who met in 2019 while working in Domestic Operations.

Both are lifelong law enforcement officers with a passion for serving their nation and keeping American communities safe.",3_2057897270196965376,photo,https://github.com/vidproject/x/releases/download/media-DHSgov-0002/3_2057897270196965376.jpg,3
ICEgov,core,2026-05-29T14:42:19.000Z,2060371160596926827,https://x.com/ICEgov/status/2060371160596926827,"""The credit belongs to the man who is actually in the arena, whose face is marred by dust and sweat and blood; who strives valiantly; who errs, who comes short again and again, because there is no effort without error and shortcoming; but who does actually strive to do the deeds; who knows great enthusiasms, the great devotions; who spends himself in a worthy cause; who at the best knows in the end the triumph of high achievement, and who at the worst, if he fails, at least fails while daring greatly, so that his place shall never be with those cold and timid souls who neither know victory nor defeat.""

—President Theodore Roosevelt, 26th President of the United States, in Paris, France, on April 23, 1910",DHSgov,2026-05-29T13:51:05.000Z,2060358269873373679,https://x.com/DHSgov/status/2060358269873373679,"Strive valiantly, and know the triumph of great achievement. 🇺🇸 https://t.co/ZEv6qpCcGn",13_2060358004986241029,video,https://github.com/vidproject/x/releases/download/media-DHSgov-0004/13_2060358004986241029.mp4,30
ICEgov,core,2026-05-29T22:59:34.000Z,2060496299619680459,https://x.com/ICEgov/status/2060496299619680459,"Peaceful protest is your right.

Assaults on law enforcement will not be tolerated.",SecMullinDHS,2026-05-29T22:38:03.000Z,2060490882395062653,https://x.com/SecMullinDHS/status/2060490882395062653,"Last night, a violent rioter savagely kicked and bit ICE law enforcement officers outside of Delaney Hall. Today, this violent agitator is being charged.

The Trump Administration will ALWAYS stand with our federal law enforcement officers. Anyone who assaults a law enforcement officer will be prosecuted to the fullest extent of the law.",3_2060490879027019778 3_2060490879056371712 3_2060490879027060741,photo photo photo,https://github.com/vidproject/x/releases/download/media-SecMullinDHS/3_2060490879027019778.jpg https://github.com/vidproject/x/releases/download/media-SecMullinDHS/3_2060490879056371712.jpg https://github.com/vidproject/x/releases/download/media-SecMullinDHS/3_2060490879027060741.jpg,147
IntelStream,public,2026-05-17T06:30:20.000Z,2055898694566740323,https://x.com/IntelStream/status/2055898694566740323,"Bovino is an American Hero!

@potus put him back in the game!",GregoryKBovino,2026-05-16T20:12:38.000Z,2055743248241721395,https://x.com/GregoryKBovino/status/2055743248241721395,"Trained to protect your ass, not kiss it.

That’s not a bumper sticker., folks. That’s the job description Border Patrol has lived for 102 years.

While the politicians were out there kissing every ass that would get them a camera angle, we at the Green Team watched the needless atrocities up close.  American families destroyed, kids hooked on cartel fentanyl, communities turned into war zones, all of which were completely preventable.

My views aren’t “extreme.”

They’re the only ones, by God, forged in reality instead of feelings.

Secure the border.

Enforce the laws. Demand assimilation. Demand mass deportations.

Not because I hate anyone, but because protecting your ass (and your kids’ and your neighbors’) is literally the kindest, smartest thing we can do.

Fake compassion gets people killed.

Tough love keeps them alive.

You already know which one actually works.

Who’s tired of the ass-kissing?

Drop a 🔥 if you’re ready for real protection.",3_2055743244999503872,photo,https://github.com/vidproject/x/releases/download/media-GregoryKBovino/3_2055743244999503872.jpg,246
IntelStream,public,2026-06-10T14:47:50.000Z,2064721205672726713,https://x.com/IntelStream/status/2064721205672726713,"Also from Trump: ""More attacks against Iran are expected soon, they will probably be more significant than what we saw last night! Additionally, there will be a real option to strike power facilities in Iran.""

Meanwhile, a B-52 bomber just took off from Italy. https://t.co/NBxuaMrUak",RapidResponse47,2026-06-10T11:22:52.000Z,2064669623870517439,https://x.com/RapidResponse47/status/2064669623870517439,https://t.co/3wfggfeEo2,3_2064669620817014784,photo,,103
JDVance,public,2025-06-09T17:04:18.000Z,1932121588205342891,https://x.com/JDVance/status/1932121588205342891,"People who were already violating the law are only violating the law because President Trump started enforcing the law.

This is the logic of Newsom and his stooges.",RapidResponse47,2025-06-09T15:24:53.000Z,1932096570935452092,https://x.com/RapidResponse47/status/1932096570935452092,".@MayorOfLA blames immigration enforcement operations, in which dangerous illegals were taken into custody, for the chaos that was allowed to transpire in LA.

""If immigration raids had not happened here, we would not have the disorder that went on last night.""

Shameful. https://t.co/b1gi3GHDCU",13_1932094275870744576,video,,197
JDVance,public,2025-06-10T01:31:39.000Z,1932249269085569193,https://x.com/JDVance/status/1932249269085569193,"This administration will not be intimidated by lawlessness.

We will stand by the FBI agents tracking down violent criminals, by the guardsmen, local police, and Marines restoring order, and by the ICE agents enforcing our immigration laws.

President Trump will not back down.",DHSgov,2025-06-09T12:55:28.000Z,1932058969322774645,https://x.com/DHSgov/status/1932058969322774645,"California politicians must call off their rioting mob.

Federal law enforcement are working to protect and safeguard American citizens from criminal illegal aliens.

Why is California’s governor siding with foreign criminals? https://t.co/MoZLCx7nih",13_1932058777156452352,video,https://github.com/vidproject/x/releases/download/media-DHSgov-0004/13_1932058777156452352.mp4,509
JDVance,public,2025-06-28T00:02:18.000Z,1938749762829758856,https://x.com/JDVance/status/1938749762829758856,An amazing week. Congrats to everyone!,RapidResponse47,2025-06-27T23:49:01.000Z,1938746419378065732,https://x.com/RapidResponse47/status/1938746419378065732,"WHAT A WEEK!

— 12 Day War ceasefire
— NATO defense spending agreement
— Rwanda/Congo peace deal
— SCOTUS ends nationwide injunctions, greenlights 3rd-country deportations
— Record high stock market
— So much more

HAVE A GREAT WEEKEND, PATRIOTS! https://t.co/nmFAYfxTKZ",3_1938746338281177088,photo,,433
JDVance,public,2025-08-15T17:05:41.000Z,1956401922568777810,https://x.com/JDVance/status/1956401922568777810,"Grateful for President Trump's leadership today as he travels to Alaska to meet with President Putin of Russia.

Praying for peace in the days ahead.",RapidResponse47,2025-08-15T16:27:28.000Z,1956392306484908306,https://x.com/RapidResponse47/status/1956392306484908306,".@POTUS ON AF1: ""I want to see a ceasefire — rapidly. I don't know if it's going to be today, but I'm not going to be happy if it's not today... I'm in this to stop the killing."" https://t.co/sbt7o3PL6Q",13_1956391749552635911,video,,113
JDVance,public,2025-09-08T22:45:21.000Z,1965184711183290707,https://x.com/JDVance/status/1965184711183290707,"The Democrats don't care about Epstein. They don’t even care about his victims. That's why they were silent about it for years. The only thing they care about is concocting another fake scandal like Russiagate to smear President Trump with lies.

No one is falling for this BS.",PressSec,2025-09-08T20:13:04.000Z,1965146390348398627,https://x.com/PressSec/status/1965146390348398627,"The latest piece published by the Wall Street Journal PROVES this entire “Birthday Card” story is false.

As I have said all along, it’s very clear President Trump did not draw this picture, and he did not sign it.

President Trump’s legal team will continue to aggressively pursue litigation.

Furthermore, the “reporter” @joe_palazzolo who wrote this hatchet job reached out for comment at the EXACT same minute he published his story giving us no time to respond.

This is FAKE NEWS to perpetuate the Democrat Epstein Hoax!",,,,1433
JDVance,public,2025-12-31T15:36:51.000Z,2006389095216382155,https://x.com/JDVance/status/2006389095216382155,Enforcing the law works!,PressSec,2025-12-31T13:53:01.000Z,2006362962915942555,https://x.com/PressSec/status/2006362962915942555,"President Trump is Making America Safe Again:

""The U.S. is on pace for the largest one-year drop in murders the nation has ever seen, according to an analysis by crime stats expert Jeff Asher. Crime is down in every major category."" https://t.co/qA1XbsPUZi",3_2006362226987257856,photo,,84
JDVance,public,2026-01-13T16:01:15.000Z,2011106277796241408,https://x.com/JDVance/status/2011106277796241408,Economists keep getting the Trump economy wrong!,RapidResponse47,2026-01-13T14:29:28.000Z,2011083176383283226,https://x.com/RapidResponse47/status/2011083176383283226,https://t.co/nZyaninq8M,3_2011083173556269056,photo,,36
JDVance,public,2026-01-21T19:05:03.000Z,2014051632141529577,https://x.com/JDVance/status/2014051632141529577,A historic speech in the heart of the lion's den.,RapidResponse47,2026-01-21T16:07:59.000Z,2014007073315475927,https://x.com/RapidResponse47/status/2014007073315475927,"WATCH IN FULL: President Donald J. Trump's address and interview at the World Economic Forum in Davos, Switzerland https://t.co/RUM1NeyJr0",13_2014001668338130945,video,,195
JDVance,public,2026-02-03T21:51:27.000Z,2018804550699016333,https://x.com/JDVance/status/2018804550699016333,"Jerry Nadler is one of the highest ranking Democrats in the House of Representatives and he is openly calling for people to shoot federal law enforcement.

This is despicable behavior from an elected official and I'm sure the leftwing media will cover it extensively.",RapidResponse47,2026-02-03T20:26:28.000Z,2018783165020848192,https://x.com/RapidResponse47/status/2018783165020848192,"Here is crazed lunatic @RepJerryNadler likening immigration enforcement to ""attacks... by masked hoodlums"":

""If you were attacked by a masked person, you might think you were being kidnapped. You'd be justified in shooting the person.""

SICK!! https://t.co/R6ln758XHE",13_2018781416431960064,video,,293
JDVance,public,2026-02-25T04:45:14.000Z,2026518831510765792,https://x.com/JDVance/status/2026518831510765792,"One of the most profound moments of a truly historic speech. While some in Washington prioritize the needs of illegal immigrants, President Trump and this administration will always put American citizens first.",RapidResponse47,2026-02-25T03:23:25.000Z,2026498240296706252,https://x.com/RapidResponse47/status/2026498240296706252,".@POTUS: ""If you agree with this statement then stand up and show your support: the first duty of the American government is to protect American citizens not illegal aliens.""

*DEMOCRATS REMAIN SEATED*

SICK! https://t.co/u76p44tUad",13_2026498050244354048,video,,481
JDVance,public,2026-03-12T15:45:12.000Z,2032120734353338404,https://x.com/JDVance/status/2032120734353338404,"This is very simple: only Americans citizens should be allowed to vote in American elections.

The SAVE America Act is common sense, and we need to pass it now!",RapidResponse47,2026-03-11T20:51:05.000Z,2031835322560987310,https://x.com/RapidResponse47/status/2031835322560987310,".@POTUS on the SAVE America Act: ""We want Voter I.D., we want proof of citizenship... no men playing in women's sports... no transgender mutilation of our children — very basic things that you wouldn't even think we'd be talking about 15 or 20 years ago."" https://t.co/t4Noj87cGE",13_2031834933564715008,video,,80
JDVance,public,2026-03-30T18:11:43.000Z,2038680587947405601,https://x.com/JDVance/status/2038680587947405601,"Very proud of my wife, Usha, for launching her podcast today!",WhiteHouse,2026-03-30T13:37:19.000Z,2038611533068996804,https://x.com/WhiteHouse/status/2038611533068996804,"Fighting for a long term solution for child literacy. 💛

@SLOTUS Usha Vance announces ""Storytime with the Second Lady"", a podcast designed to promote reading for kids. https://t.co/x8NCdnIHQj",13_2038610485248184320,video,,156
JDVance,public,2026-04-01T19:33:54.000Z,2039426046844436982,https://x.com/JDVance/status/2039426046844436982,Glad to swear in my friend Colin McDonald today. He will do big things in this new job and ensure that no fraud against the taxpayer is too big or too small to prosecute.,RapidResponse47,2026-04-01T15:00:24.000Z,2039357215115522294,https://x.com/RapidResponse47/status/2039357215115522294,WATCH: @VP swears-in Colin McDonald as Assistant Attorney General for National Fraud Enforcement https://t.co/T4ZIQilB2P,13_2039357149579448320,video,,20
JDVance,public,2026-05-14T16:10:25.000Z,2054957513351495920,https://x.com/JDVance/status/2054957513351495920,Every American should be proud of President Trump’s historic and consequential trip to China. Glad we finally have a leader who fights for American interests across the globe.,WhiteHouse,2026-05-14T09:41:20.000Z,2054859596938785204,https://x.com/WhiteHouse/status/2054859596938785204,"From the Bilateral Meeting in Beijing:

President Trump had a good meeting with President Xi of China. https://t.co/WaH8hR1ZV3",3_2054858840265338880,photo,https://github.com/vidproject/x/releases/download/media-WhiteHouse/3_2054858840265338880.jpg,429
JDVance,public,2026-05-15T01:42:39.000Z,2055101522166309048,https://x.com/JDVance/status/2055101522166309048,"There’s a reason President Trump is respected by world leaders, and it’s because he’s consistently shown a level of strength that we haven’t seen from our Commander in Chief in modern history.",RapidResponse47,2026-05-15T01:08:19.000Z,2055092883980448000,https://x.com/RapidResponse47/status/2055092883980448000,".@POTUS on his state visit to China: ""We have a relationship, he and I, and we've been working together a long time. We've gotten along well. When I first came here, China was really taking advantage of the United States—he understands that—and now, we do great with China."" https://t.co/uW0yAZjowU",13_2055092387429441536,video,https://github.com/vidproject/x/releases/download/media-RapidResponse47/13_2055092387429441536.mp4,40
JDVance,public,2026-05-29T13:04:59.000Z,2060346667728060796,https://x.com/JDVance/status/2060346667728060796,"One of the problems we have in public policy is that wonks don’t give any consideration to how their ideas will collide with actual human behavior. Take our Trump Accounts. There are millions of parents who will in theory benefit enormously from this investment in their kids’ future, but the policy does no good if parents never find out how to sign up for it.

From day one of our administration we’ve tried to think outside the box on problems like this. That’s why Elon recruited the best and brightest engineers and designers to help us make government more efficient. Some of those same exceptional design and software talents, under @jgebbia’s leadership, have been working for months at National Design Studio on a different problem: making government programs like the Trump Accounts more user friendly.

With the Trump Accounts we’ve met people where they are. Instead of expecting them to navigate a ton of complicated forms on http://Treasury.gov, we’ve built out a simple, easy-to-use app to sign parents up. The app helps us market the program and sign up users, and deploying it this early does something else: it gives our engineers a pilot program to test out Treasury’s digital back-end systems and iron out kinks in advance of the delivery of the funds later this summer. So, parents, sign up now, and help us invest in your kids for tomorrow.

Because great policy only works when people can actually use it. That is the power of design. When government is easier to understand, easier to navigate, and easier to trust, people benefit. The American experience should be as great as the American promise.",WhiteHouse,2026-05-28T13:35:27.000Z,2059991947222147447,https://x.com/WhiteHouse/status/2059991947222147447,"IT’S HERE! 🇺🇸💰 The Trump Accounts App has officially launched.

Now every family has a simple, direct way to get involved and build their child’s future.

Download it TODAY on any App Store and make sure your kids are ready for the massive July 4th official launch. 📱 https://t.co/Dk6r9jxGsJ",13_2059991516353814528,video,https://github.com/vidproject/x/releases/download/media-WhiteHouse/13_2059991516353814528.mp4,266
JJMjr_alt,public,2025-06-29T04:50:44.000Z,1939184736251047979,https://x.com/JJMjr_alt/status/1939184736251047979,Maybe Ron is starting to read the room?,DHSgov,2025-06-28T18:52:32.000Z,1939034194979455282,https://x.com/DHSgov/status/1939034194979455282,Coming soon! https://t.co/v3DCJsrDwV,3_1939034190789402624,photo,https://github.com/vidproject/x/releases/download/media-DHSgov-0004/3_1939034190789402624.jpg,3710
JJMjr_alt,public,2025-09-30T01:39:18.000Z,1972838633016340663,https://x.com/JJMjr_alt/status/1972838633016340663,Hire me and I promise not to read a single application and denying all of them,DHSgov,2025-09-29T22:03:03.000Z,1972784211133342015,https://x.com/DHSgov/status/1972784211133342015,"“Those who do not want to be partakers of the American spirit ought not to settle in America.” - Calvin Coolidge

BECOME A HOMELAND DEFENDER TODAY: http://WWW.USCIS.GOV/JOIN https://t.co/gE4ykf9dYv",3_1972784204392869888,photo,https://github.com/vidproject/x/releases/download/media-DHSgov/3_1972784204392869888.jpg,431
JJMjr_alt,public,2026-04-21T00:09:07.000Z,2046380673683030280,https://x.com/JJMjr_alt/status/2046380673683030280,I don’t buy this at all. Bovino is getting terminally online. It’s at most 50 million. He’s assuming 10-20 million also entered under HW Bush and Obama,GregoryKBovino,2026-04-20T06:38:45.000Z,2046116340705185907,https://x.com/GregoryKBovino/status/2046116340705185907,"It started at 10 million 30 years ago with millions a year entering since then under all administrations ( except Trump), culminating in  20 to 30 million additional under Biden alone.  Given on the ground assessments across all major regions of the US in conjunction with both scholarly estimates and empirical evidence indicating 30 to 50 million as far back as 2012, the conservative number sits at 100 million.  Could be more.",,,,144
JPChamberlainX,public,2026-05-04T21:30:52.000Z,2051414279564218696,https://x.com/JPChamberlainX/status/2051414279564218696,"I say now as I have said before; it's CRYSTAL CLEAR...you're either MAGA, or you're anti-American. There is ZERO room for exception.

@AnthonySabatini is anti-Trump, anti-MAGA, anti-American.

Greg Bovino just endorsed an anti-American.

Greg Bovino can get bent.",GregoryKBovino,2026-05-04T01:54:35.000Z,2051118260809294075,https://x.com/GregoryKBovino/status/2051118260809294075,"I’m proud to endorse @AnthonySabatini Sabatini for Congress in Florida’s 11th District.
Imagine America five years from now if we keep treating our country like nothing more than an economic zone — a giant open-air Walmart with no borders, no identity, and no loyalty to the people who built it. Picture overwhelmed schools where your kids get less attention, hospitals turning away citizens because beds are filled with emergency cases that never end, wages stuck or falling while housing prices explode, and neighborhoods that feel less safe every single year. That’s not a country anymore. That’s a business that’s liquidating its own citizens.

Sabatini gets it: the fight against illegal immigration isn’t about politics — it’s about whether America remains a real country with sovereignty, culture, and a future for our kids, or just a giant hotel with no checkout time. He’s willing to say what most won’t: secure borders are the foundation of everything else that matters.

That’s why he has my full support. The choice is clear — a sovereign America, or something much worse. Sabatini is fighting for the first one.""
— Greg Bovino",,,,62
JamesSurowiecki,public,2021-05-26T14:09:58.000Z,1397555613383659525,https://x.com/JamesSurowiecki/status/1397555613383659525,"This is a quintessential bad-faith argument. The 2nd graf, which references low-wage workers, makes it sound like the 1st graf is also about low-wage workers. It's not: it's about visas for tech workers.

Stephen Miller just doesn't want any more immigration. Period.",StephenM,2021-05-26T13:35:38.000Z,1397546975537545218,https://x.com/StephenM/status/1397546975537545218,".@BernieSanders, can we agree that Bezos also has plenty of money to hire US workers &amp; doesn’t need foreign workers? https://www.businessinsider.com/amazon-google-twitter-speak-out-against-trump-h1b-visa-freeze-2020-6

Now that you’re no longer competing in a Dem primary, perhaps you can revert to your earlier pro-labor stance opposing low-wage migration?",,,,0
JamesSurowiecki,public,2025-06-29T13:37:25.000Z,1939317281198047317,https://x.com/JamesSurowiecki/status/1939317281198047317,These are not serious people.,DHSgov,2025-06-28T18:52:32.000Z,1939034194979455282,https://x.com/DHSgov/status/1939034194979455282,Coming soon! https://t.co/v3DCJsrDwV,3_1939034190789402624,photo,https://github.com/vidproject/x/releases/download/media-DHSgov-0004/3_1939034190789402624.jpg,3710
JamesSurowiecki,public,2025-12-25T17:21:09.000Z,2004241016099164378,https://x.com/JamesSurowiecki/status/2004241016099164378,"A government agency endorsing Christianity is blatantly, comically unconstitutional. But blatant unconstitutionality is par for the course for this administration.",DHSgov,2025-12-24T16:18:55.000Z,2003862964336759062,https://x.com/DHSgov/status/2003862964336759062,"Merry Christmas, America. We are blessed to share a nation and a Savior. https://t.co/SDYujiojXS",13_2003862842244538368,video,https://github.com/vidproject/x/releases/download/media-DHSgov-0002/13_2003862842244538368.mp4,865
JoaquinCastrotx,public,2026-03-07T23:09:16.000Z,2030420546656031034,https://x.com/JoaquinCastrotx/status/2030420546656031034,"“We look forward to you correcting the record.”

Okay, sure:

I’ve looked at the records that you’ve filed. The warrant below is what you served Estefany Rodríguez. It’s not a judicial warrant and it’s not even filled out properly, making this an egregious violation of her fourth amendment right.

You illegally detained a journalist and lied about it. You killed 3 Americans and lied about it. Detained American citizens and lied about it. Gave away hundreds of millions in taxpayer dollars to Noem’s friends and lied about.

Sorry, no more “Trust me, Bro.” https://nashvillebanner.com/2026/03/06/ice-detains-journalist-retaliation/",DHSgov,2026-03-07T17:46:58.000Z,2030339436156756271,https://x.com/DHSgov/status/2030339436156756271,"THIS IS FALSE.

Here’s the warrant.

It’s embarrassing when sanctuary politicians fall for these obvious hoaxes peddled by the media. We look forward to you correcting the record.

Next time ask us and we will get you the facts. https://t.co/ZeHxOZoik5",3_2030339430003638272,photo,https://github.com/vidproject/x/releases/download/media-DHSgov-0004/3_2030339430003638272.jpg,498
KariLake,public,2023-05-29T15:54:27.000Z,1663212215221248002,https://x.com/KariLake/status/1663212215221248002,"I can’t wait to join @Tom_D_Homan and all of you for our Defend America Rally this Wednesday!

Tickets are ALMOST GONE. Be sure to RSVP now ⤵️

https://events.karilake.com/events/phoenix-rally-with-kari-lake",RealTomHoman,2023-05-29T15:46:50.000Z,1663210299384528900,https://x.com/RealTomHoman/status/1663210299384528900,Join me in Phoenix  Wednesday afternoon. Tickets are almost gone. #Border911 #Bordercrisis #Defendthebordersavelives https://t.co/GUWdfYJyLW,3_1663208927184535553,photo,https://github.com/vidproject/x/releases/download/media-RealTomHoman/3_1663208927184535553.jpg,0
KariLake,public,2025-06-18T05:05:00.000Z,1935202061655884179,https://x.com/KariLake/status/1935202061655884179,"I love my patriotic friend, @POTUS @realDonaldTrump, who was born on Flag Day and is erecting TWO massive American flags at the White House today🇺🇸🇺🇸",RapidResponse47,2025-06-18T00:23:55.000Z,1935131324190203983,https://x.com/RapidResponse47/status/1935131324190203983,🇺🇸 https://t.co/kqUAgta0En,3_1935131320805478400,photo,,346
KariLake,public,2025-06-28T00:48:42.000Z,1938761440980345239,https://x.com/KariLake/status/1938761440980345239,"Thank you, President @realDonaldTrump!",RapidResponse47,2025-06-27T23:49:01.000Z,1938746419378065732,https://x.com/RapidResponse47/status/1938746419378065732,"WHAT A WEEK!

— 12 Day War ceasefire
— NATO defense spending agreement
— Rwanda/Congo peace deal
— SCOTUS ends nationwide injunctions, greenlights 3rd-country deportations
— Record high stock market
— So much more

HAVE A GREAT WEEKEND, PATRIOTS! https://t.co/nmFAYfxTKZ",3_1938746338281177088,photo,,433
KariLake,public,2026-03-12T00:42:38.000Z,2031893596790559053,https://x.com/KariLake/status/2031893596790559053,The Truth is coming out on all the lies we were fed,WhiteHouse,2025-04-18T22:52:36.000Z,1913365071331213429,https://x.com/WhiteHouse/status/1913365071331213429,DEFINITELY DON’T VISIT http://COVID.GOV 🤭,,,,8447
KariLake,public,2026-03-31T22:54:01.000Z,2039114018523169268,https://x.com/KariLake/status/2039114018523169268,"Thank you, President Trump!

A perfect signature on a perfect Executive Order.

A big step to securing and restoring faith in our elections.",RapidResponse47,2026-03-31T21:49:30.000Z,2039097783420887348,https://x.com/RapidResponse47/status/2039097783420887348,.@POTUS signs an Executive Order ordering citizenship verification for federal elections and securing mail-in ballot procedures through the USPS https://t.co/5xFJLvpKNR,13_2039097277709729792,video,,33
KariLake,public,2026-05-21T03:09:39.000Z,2057297743337374001,https://x.com/KariLake/status/2057297743337374001,"Thank you
@DAGToddBlanche and @TheJusticeDept",WhiteHouse,2026-05-20T18:00:55.000Z,2057159651263652146,https://x.com/WhiteHouse/status/2057159651263652146,"🚨 The U.S. Department of Justice announces the indictment of Raúl Castro and several others with conspiracy to kill U.S. nationals.

THE UNITED STATES &amp; PRESIDENT TRUMP WILL NOT FORGET ITS CITIZENS. https://t.co/LmyXDzKpus",13_2057158862868799488,video,https://github.com/vidproject/x/releases/download/media-WhiteHouse/13_2057158862868799488.mp4,392
KariLake,public,2026-06-06T00:23:23.000Z,2063054106021843131,https://x.com/KariLake/status/2063054106021843131,"It was so much fun watching the fake news report on these incredible jobs numbers.

Way to go, President Trump!",USDOL,2026-06-05T14:04:50.000Z,2062898442196689022,https://x.com/USDOL/status/2062898442196689022,"🚨 HEADLINE AFTER HEADLINE:

""Beat expectations.""

""Shattered expectations.""

""Much more than expected.""

📈 172,000 jobs added in May. The American worker keeps winning under the TRUMP ECONOMY! https://t.co/jkWWsxs7Mk",3_2062898437121589248,photo,,16
KristinFisher,public,2026-03-24T21:35:30.000Z,2036557543435022727,https://x.com/KristinFisher/status/2036557543435022727,Quite a statement from the official White House account,WhiteHouse,2026-03-24T21:11:41.000Z,2036551549590122706,https://x.com/WhiteHouse/status/2036551549590122706,"The goal is not just to reach the Moon, but to stay. 🌘 https://t.co/5WPHYRNmeO",3_2036551545987407872,photo,,1303
KristinFisher,public,2026-04-29T20:17:11.000Z,2049583798996570427,https://x.com/KristinFisher/status/2049583798996570427,"13 questions in 20 minutes and not a single one about Artemis II… at an event honoring the Artemis II astronauts.

Speaking as a former White House Correspondent, I get how the game is played. But come on y’all. That’s just bad etiquette and deeply incurious.

These are the first humans to travel to the moon in over 50 years, and nobody had a question worth asking them?",WhiteHouse,2026-04-29T18:11:48.000Z,2049552244794634258,https://x.com/WhiteHouse/status/2049552244794634258,President Trump Participates in a Greeting with Artemis II Astronauts https://x.com/i/broadcasts/1qxvvkqdVyAxB,,,,69
KristinFisher,public,2026-05-08T17:12:15.000Z,2052798750737793240,https://x.com/KristinFisher/status/2052798750737793240,"Again, not a new image.
This was released decades ago by NASA.",WhiteHouse,2026-05-08T16:06:02.000Z,2052782085199233292,https://x.com/WhiteHouse/status/2052782085199233292,"NASA-UAP-VM1 | APOLLO 12, 1969 https://t.co/9kEnqwbKt8",3_2052781767497543682,photo,https://github.com/vidproject/x/releases/download/media-WhiteHouse/3_2052781767497543682.jpg,201
KushDesai47,public,2025-03-17T17:17:43.000Z,1901684385721852343,https://x.com/KushDesai47/status/1901684385721852343,"When fuel can account for 25% of the operational costs for trucking,  President Trump's drill, baby, drill agenda is set to deliver results well past the gas pump.",RapidResponse47,2025-03-17T14:39:32.000Z,1901644576063934830,https://x.com/RapidResponse47/status/1901644576063934830,"The nationwide average for gas has declined for four straight weeks — with the majority of states seeing average prices below $3/gallon.

At this point in Biden’s presidency, gas prices had already gone up 49 cents.

STATE-BY-STATE 🧵",,,,127
KushDesai47,public,2025-03-18T13:03:47.000Z,1901982866780696639,https://x.com/KushDesai47/status/1901982866780696639,"""A stable supply of domestically produced steel is more important than ever to America’s national, economic and energy security. In the face of the considerable pressure likely to come to exempt certain countries and weaken the tariffs, the president has stayed strong and continued to put America first on steel trade."" 🇺🇸🏭",RapidResponse47,2025-03-18T12:56:07.000Z,1901980939997122907,https://x.com/RapidResponse47/status/1901980939997122907,".@SMA_Steel's Philip K. Bell: Trump's tariffs are saving the American steel industry
https://www.post-gazette.com/opinion/guest-columns/2025/03/18/trump-steel-tariff/stories/202503170010",,,,10
KushDesai47,public,2025-03-18T20:09:07.000Z,1902089907926872166,https://x.com/KushDesai47/status/1902089907926872166,Make Babies Healthy Again!,RapidResponse47,2025-03-18T19:22:42.000Z,1902078223967527378,https://x.com/RapidResponse47/status/1902078223967527378,".@SecKennedy announces Operation Stork Speed — making sure safe, nutritious infant formula products are available for all Americans https://t.co/7TiogHuPrj",3_1902078209304489985 3_1902078209115488256,photo photo, ,84
KushDesai47,public,2025-03-19T12:34:01.000Z,1902337766148510067,https://x.com/KushDesai47/status/1902337766148510067,"Most people haven’t even seen a floppy disk in real life in 20+ years but it’s still a critical piece of tech for our air traffic control systems.

A complete overhaul is vastly overdue, and @SecDuffy is delivering.",RapidResponse47,2025-03-19T11:57:47.000Z,1902328646162899097,https://x.com/RapidResponse47/status/1902328646162899097,".@SecDuffy: We are going to have a brand-new system. Our system is 25-30 years old. We use copper wires, floppy disks. It's safe, but we're seeing the cracks of age... we're going to have brand new radar, brand new terminals for our air traffic controllers... https://t.co/segvk56KlD",7_1902327550434799616,video,,31
KushDesai47,public,2025-03-19T15:37:46.000Z,1902384008891130120,https://x.com/KushDesai47/status/1902384008891130120,"Tariffs worked for nearly every industrialized nation in history, and they’re working - again - for the United States under President Trump.",RapidResponse47,2025-03-19T15:02:52.000Z,1902375224152121661,https://x.com/RapidResponse47/status/1902375224152121661,"TRUMP EFFECT: Tariff Threats Spur TSMC’s Taiwan Peers to Seek US Expansion
https://www.bloomberg.com/news/articles/2025-03-19/tariff-threats-spur-tsmc-s-taiwan-peers-to-seek-us-expansion",,,,14
KushDesai47,public,2025-03-19T16:14:15.000Z,1902393188997837288,https://x.com/KushDesai47/status/1902393188997837288,"America is competing in a global economy with one hand tied behind our back, and it’s our industries and workers who’ve taken the punches.

President Trump is putting an end to decades of letting “free” trade policies hollow out our country on April 2, 2025.",RapidResponse47,2025-03-19T14:49:20.000Z,1902371816561131998,https://x.com/RapidResponse47/status/1902371816561131998,"The U.S. has the lowest trade barrier of any G20 country — and that's exactly why @POTUS is leveling the playing field for American workers and companies.

We're tired of being ripped off. https://t.co/PT3YUlHkvX",3_1902370023059906560,photo,,95
KushDesai47,public,2025-03-24T14:23:13.000Z,1904177186975646120,https://x.com/KushDesai47/status/1904177186975646120,Tariffs are working!,PressSec,2025-03-24T13:14:47.000Z,1904159962130997498,https://x.com/PressSec/status/1904159962130997498,"More investments, more jobs, and more money in the pockets of hardworking Americans – all thanks to President Trump’s economic policies.

President Trump is Making America Wealthy Again.💸

https://www.cnbc.com/2025/03/24/south-korea-hyundai-us-investment.html",,,,108
KushDesai47,public,2025-03-25T22:52:51.000Z,1904667824989012460,https://x.com/KushDesai47/status/1904667824989012460,Time to Make America Healthy Again and restore the Gold Standard of research at the NIH!,RapidResponse47,2025-03-25T22:49:39.000Z,1904667022333468863,https://x.com/RapidResponse47/status/1904667022333468863,✅ CONFIRMED: Dr. Jay Bhattacharya as Director of the NIH. https://t.co/DEBbpJQ0lU,3_1904667018843889665,photo,,124
KushDesai47,public,2025-05-06T01:08:35.000Z,1919559889082294429,https://x.com/KushDesai47/status/1919559889082294429,Check out http://COVID.gov for more!,RapidResponse47,2025-05-05T21:09:35.000Z,1919499739852066977,https://x.com/RapidResponse47/status/1919499739852066977,".@POTUS on gain-of-function: ""It can leak out, like from Wuhan ... I said that right from day one.""

@SecKennedy: ""There's no laboratory that's immune from leaks — and this is going to prevent inadvertent leaks from happening in the future and endangering humanity."" https://t.co/bRdqf7bXwd",13_1919499379339108352,video,,45
KushDesai47,public,2025-05-07T21:33:45.000Z,1920230600004280375,https://x.com/KushDesai47/status/1920230600004280375,President Trump is assembling the best and brightest team in history to Make America Healthy Again!,RapidResponse47,2025-05-07T20:46:30.000Z,1920218706656768151,https://x.com/RapidResponse47/status/1920218706656768151,https://t.co/HXHEi13qzr,3_1920218693193089024,photo,,212
KushDesai47,public,2025-06-03T20:55:11.000Z,1930005365586084114,https://x.com/KushDesai47/status/1930005365586084114,AMERICAN STEEL || AMERICAN JOBS,RapidResponse47,2025-06-03T20:17:18.000Z,1929995833568616861,https://x.com/RapidResponse47/status/1929995833568616861,"🚨 @POTUS just signed the order raising tariffs on steel and aluminum imports to 50%.

Here is the text of the order:

1. On January 11, 2018, the Secretary of Commerce (Secretary) transmitted to me a report on the Secretary's investigation into the effect of imports of steel mill articles (steel articles) on the national security of the United States under section 232 of the Trade Expansion Act of 1962, as amended (19 U.S.C. 1862) (section 232). The Secretary found and advised me of his opinion that steel articles are being imported into the United States in such quantities and under such circumstances as to threaten to impair the national security of the United States.

2. In Proclamation 9705 of March 8, 2018 (Adjusting Imports of Steel Into the United States), and Proclamation 9980 of January 24, 2020 (Adjusting Imports of Derivative Aluminum Articles and Derivative Steel Articles Into the United States), I concurred with the Secretary's findings that steel articles, as defined in clause 1 of Proclamation 9705, and derivative steel articles, as described in clause 3 of Proclamation 9980, are being imported into the United States in such quantities and under such circumstances as to threaten to impair the national security of the United States, and I decided to adjust the imports of those steel articles and derivative steel articles by imposing a 25 percent ad valorem tariff on such articles imported from most countries. In Proclamation 10896 of February 10, 2025 (Adjusting Imports of Steel Into the United States), I decided to adjust the imports of steel articles and derivative steel articles by imposing a 25 percent ad valorem tariff on such articles imported from all countries.

3. On January 19, 2018, the Secretary transmitted to me a report on the Secretary's investigation into the effect of imports of aluminum articles on the national security of the United States under section 232. The Secretary found and advised me of his opinion that aluminum articles are being imported into the United States in such quantities and under such circumstances as to threaten to impair the national security of the United States.

4. In Proclamation 9704 of March 8, 2018 (Adjusting Imports of Aluminum Into the United States), and Proclamation 9980, I concurred with the Secretary's findings that aluminum articles, as defined in clause 1 of Proclamation 9704, and derivative aluminum articles, as described in clause 3 of Proclamation 9980, are being imported into the United States in such quantities and under such circumstances as to threaten to impair the national security of the United States, and decided to adjust the imports of aluminum articles and derivative aluminum articles by imposing a 10 percent ad valorem tariff on such articles imported from most countries. In Proclamation 10895 of February 10, 2025 (Adjusting Imports of Aluminum Into the United States), I decided to adjust the imports of aluminum articles and derivative aluminum articles by imposing a 25 percent ad valorem tariff on such articles imported from all countries.

5.  In Proclamation 10896 and Proclamation 10895, I instructed the Secretary to continue to monitor imports of steel articles and derivative steel articles, and aluminum articles and derivative aluminum articles, respectively, and to review the status of such imports with respect to the national security of the United States.  The Secretary has done so and has advised me accordingly.

6. After considering current information newly provided by the Secretary, among other things, I have determined that it is necessary to increase the previously described steel and aluminum tariffs to adjust the imports of steel and aluminum articles and their derivative articles so that such imports will not threaten to impair the national security.  In my judgment, the increased tariffs will more effectively counter foreign countries that continue to offload low-priced, excess steel and aluminum in the United States market and thereby undercut the competitiveness of the United States steel and aluminum industries. Although the previously imposed steel and aluminum tariffs have helped provide critical price support in the United States market, they have not yet enabled these industries to develop and maintain the rates of capacity production utilization that are necessary for the industries' sustained health and for projected national defense needs. I have determined that increasing the previously imposed tariffs will provide greater support to these industries and reduce or eliminate the national security threat posed by imports of steel and aluminum articles and their derivative articles.

7.  Accordingly, I have determined that it is necessary and appropriate to increase the tariff rate for imports of steel articles and derivative steel articles, and aluminum articles and derivative aluminum articles, from 25 percent ad valorem to 50 percent ad valorem effective as of 12:01 a.m. eastern daylight time on June 4, 2025. I have also determined that it is necessary and appropriate to modify the way in which the tariff measures described in Executive Order 14289 of April 29, 2025 (Addressing Certain Tariffs on Imported Articles), apply to steel articles and derivative steel articles, and aluminum articles and derivative aluminum articles, to ensure the effectiveness of the tariff changes described in this proclamation and the alignment of policy priorities between this proclamation and Executive Order 14289. I have further determined that it is necessary and appropriate to allow for the implementation of the U.S.-UK Economic Prosperity Deal of May 8, 2025 (EPD), and to accordingly provide different treatment, as described below, for imports of steel and aluminum articles, and their derivatives, from the United Kingdom.

8. Section 232 authorizes the President to adjust the imports of an article and its derivatives that are being imported into the United States in such quantities or under such circumstances as to threaten to impair the national security.

9. Section 604 of the Trade Act of 1974, as amended (19 U.S.C. 2483), authorizes the President to embody in the Harmonized Tariff Schedule of the United States (HTSUS) the substance of statutes affecting import treatment, and actions thereunder, including the removal, modification, continuance, or imposition of any rate of duty or other import restriction.

Now, Therefore, I, DONALD J. TRUMP, President of the United States of America, by the authority vested in me by the Constitution and the laws of the United States of America, including section 232; the International Emergency Economic Powers Act (50 U.S.C. 1701 et seq.); section 301 of title 3, United States Code; and section 604 of the Trade Act of 1974, as amended, do hereby proclaim as follows:

(1) As set forth in Annexes I and II to this proclamation, as of 12:01 a.m. eastern daylight time on June 4, 2025, the tariffs proclaimed by Proclamation 9704, as amended; Proclamation 9705, as amended; Proclamation 9980, as amended; Proclamation 10895; and Proclamation 10896 are modified to increase the respective tariff rates from an additional 25 percent ad valorem to an additional 50 percent ad valorem.

(2) The modifications to the HTSUS made by clause 1 of this proclamation shall be effective with respect to goods entered for consumption, or withdrawn from warehouse for consumption, on or after 12:01 a.m. eastern daylight time on June 4, 2025, and shall continue in effect, unless such actions are expressly reduced, modified, or terminated.

(3) Any imports of articles set forth in Annex II to this proclamation that were admitted into a United States foreign trade zone under ""privileged foreign status"" as defined in 19 CFR 146.41 before 12:01 a.m. eastern daylight time on June 4, 2025, shall be subject upon entry for consumption made on or after 12:01 a.m. eastern daylight time on June 4, 2025, to the provisions of the tariff in effect at the time of the entry for consumption.

(4)  Any article set forth in Annex I to this proclamation, except those eligible for admission under ""domestic status"" as defined in 19 CFR 146.43, that is subject to a duty imposed by this proclamation and that is admitted into a United States foreign trade zone on or after June 4, 2025, may be admitted only under ""privileged foreign status"" as defined in 19 CFR 146.41, and will be subject upon entry for consumption to any ad valorem rates of duty related to the classification under the applicable HTSUS subheading.

(5) Effective as of 12:01 a.m. eastern daylight time on June 4, 2025, Executive Order 14289 is amended by revising section 3(a)(ii) to read as follows:  ""(ii) An article subject to tariffs pursuant to the actions listed in section 2(d) or 2(e) of this order shall not be subject to additional tariffs on that article pursuant to the actions listed in section 2(b) or 2(c) of this order."" As set forth in Annex III of this proclamation, this amendment shall be effective with respect to goods entered for consumption, or withdrawn from warehouse for consumption, on or after 12:01 a.m. eastern daylight time on June 4, 2025, and shall continue in effect, unless such actions are expressly reduced, modified, or terminated.

(6) Notwithstanding any prior proclamation or Executive Order, the non-aluminum, non-steel content of all aluminum and steel articles and derivative articles shall be subject to tariffs pursuant to Executive Order 14257 of April 2, 2025 (Regulating Imports With a Reciprocal Tariff To Rectify Trade Practices That Contribute to Large and Persistent Annual United States Goods Trade Deficits), as amended, and any other applicable tariffs. The additional ad valorem duties described in clause 1 and clause 7 of this proclamation shall apply only to the steel content of articles in Chapter 73 of the HTSUS and only to the aluminum content of articles in Chapter 76 of the HTSUS.  U.S. Customs and Border Protection (CBP) shall issue authoritative guidance mandating strict compliance with declaration requirements for steel and aluminum content in imported articles and outlining maximum penalties for noncompliance, including that importers who submit underreported declarations may be subject to severe consequences, including but not limited to significant monetary penalties, loss of import privileges, and criminal liability, consistent with United States law.

(7)  Notwithstanding clause 1 of this proclamation, the applicable rates of duty for articles of the United Kingdom that would otherwise be applicable pursuant to Proclamation 9704, as amended; Proclamation 9705, as amended; Proclamation 9980, as amended; Proclamation 10895; and Proclamation 10896 shall remain at 25 percent ad valorem.  On or after July 9, 2025, the Secretary may adjust the applicable rates of duty and construct import quotas for steel and aluminum consistent with the terms of the EPD, or he may increase the applicable rates of duty to 50 percent if he determines that the United Kingdom has not complied with relevant aspects of the EPD.

(8) The Secretary shall continue to monitor imports of the articles and derivative articles described in Annexes I and II to this proclamation, and shall, from time to time, in consultation with any senior executive branch officials the Secretary deems appropriate, review the status of such imports with respect to the national security of the United States.  The Secretary shall inform the President of any circumstances that, in the Secretary's opinion, might indicate the need for further action by the President under section 232.  The Secretary shall also inform the President of any circumstances that, in the Secretary's opinion, might indicate that the duty rate provided for in this proclamation, or any proclamation issued pursuant thereto, is no longer necessary.

(9) No drawback shall be available with respect to the duties imposed pursuant to this proclamation.

(10) The Secretary may issue regulations and guidance consistent with this proclamation, including to address operational necessity.

(11)  The Secretary, in consultation with the United States International Trade Commission and CBP, shall determine whether any modifications to the HTSUS are necessary to effectuate this proclamation and may make such modifications through notice in the Federal Register if needed.

(12) CBP may take any necessary or appropriate measures to administer the tariffs imposed by this proclamation.

(13) Any provision of previous proclamations and Executive Orders that is inconsistent with the actions taken in this proclamation is superseded to the extent of such inconsistency.

IN WITNESS WHEREOF, I have hereunto set my hand this third day of June, in the year of our Lord two thousand twenty-five, and of the Independence of the United States of America the two hundred and forty-ninth.

DONALD J. TRUMP",,,,25
KushDesai47,public,2025-06-05T12:49:29.000Z,1930607908925915221,https://x.com/KushDesai47/status/1930607908925915221,MAKE AMERICA READ AGAIN!,RapidResponse47,2025-06-05T12:33:24.000Z,1930603861514879479,https://x.com/RapidResponse47/status/1930603861514879479,".@SLOTUS discusses her Summer Reading Challenge in which children who read 12 books this summer will be sent a prize and be entered into a drawing to visit the White House.

http://whitehouse.gov/read https://t.co/7x1BYRDFLs",13_1930602678347853824,video,,170
KushDesai47,public,2025-06-11T14:57:50.000Z,1932814536358158829,https://x.com/KushDesai47/status/1932814536358158829,"After praising President Trump's trade policies, GM announced it's investing billions to MAKE IN AMERICA -- the next day we saw and the fourth expectation-beating inflation report in a row.

Where are the PANICANS?",RapidResponse47,2025-06-11T14:44:17.000Z,1932811130013167897,https://x.com/RapidResponse47/status/1932811130013167897,"TRUMP EFFECT IN MICHIGAN: ""GM to move $4B in production to U.S."" https://t.co/96lSaCPiHf",3_1932810969371099136,photo,,24
KushDesai47,public,2025-06-26T14:32:15.000Z,1938243917700386981,https://x.com/KushDesai47/status/1938243917700386981,Don’t be a PANICAN!,RapidResponse47,2025-06-26T13:58:45.000Z,1938235487384142103,https://x.com/RapidResponse47/status/1938235487384142103,"NYT (3 days ago): ""White House Faces Risk of Economic Fallout From Iran Strike""

NYT (today): ""Summer Gas Prices Haven't Been This Low Since 2021""

TRUST IN TRUMP! https://t.co/vUbeiuPZMI",3_1938235022424543232 3_1938235033086574592,photo photo, ,22
KushDesai47,public,2025-07-03T13:44:27.000Z,1940768604485804254,https://x.com/KushDesai47/status/1940768604485804254,Remember when PANICANS said President Trump's tariffs would cause inflation and a recession?,RapidResponse47,2025-07-03T13:15:48.000Z,1940761392602402836,https://x.com/RapidResponse47/status/1940761392602402836,".@cherylcasone: ""You do have a strong employment picture... we have NOT seen inflation rise. In fact, inflation has been going down and going down and going down... prices are lower than they were for July 4th last year."" https://t.co/93lA4KsPnz",13_1940761097968971776,video,,14
KushDesai47,public,2025-07-07T23:19:28.000Z,1942362863340867595,https://x.com/KushDesai47/status/1942362863340867595,"Deregulation, energy abundance, tariffs, and a pro-growth tax code are a powerful set of incentives to again drive investment into American manufacturing.

The Trump administration is pulling every stop for a “MADE IN USA” resurgence.",RapidResponse47,2025-07-07T23:13:43.000Z,1942361416763118043,https://x.com/RapidResponse47/status/1942361416763118043,Industry leaders rave about the tax cuts in Trump’s megabill https://www.manufacturingdive.com/news/industry-leaders-rave-tax-cuts-trump-megabill/752321/,,,,8
KushDesai47,public,2025-07-08T19:17:09.000Z,1942664270820565285,https://x.com/KushDesai47/status/1942664270820565285,Panicans down bad!,RapidResponse47,2025-07-08T19:10:44.000Z,1942662653337358688,https://x.com/RapidResponse47/status/1942662653337358688,https://t.co/0tWFuBaAjA,3_1942662625587822592,photo,,64
KushDesai47,public,2025-07-14T14:41:03.000Z,1944769113655476485,https://x.com/KushDesai47/status/1944769113655476485,“It’s every man and woman working tirelessly in our Michigan assembly plants and our Kentucky assembly plants. … This is the U.S. manufacturing that makes us so proud to be working for a company like Ford.”,RapidResponse47,2025-07-14T14:37:04.000Z,1944768112064168010,https://x.com/RapidResponse47/status/1944768112064168010,"Ford’s response to tariffs birthed a pro-America campaign that outsold Toyota
https://www.usatoday.com/story/money/cars/2025/07/13/ford-tariffs-pro-america-marketing-campaign/84676827007",,,,12
KushDesai47,public,2025-07-16T21:01:35.000Z,1945589653957992563,https://x.com/KushDesai47/status/1945589653957992563,Wow!,RapidResponse47,2025-07-16T20:24:03.000Z,1945580210109259849,https://x.com/RapidResponse47/status/1945580210109259849,https://t.co/TEohWVa3fS,3_1945580207378685952,photo,,269
KushDesai47,public,2025-07-23T01:44:26.000Z,1947835161799971047,https://x.com/KushDesai47/status/1947835161799971047,"These three countries have a combined $6 trillion economy and a population of 500 million people.

All opening up their markets for Made in USA products.

This is historic — the beginning of America’s new Golden Age.",PressSec,2025-07-23T00:52:57.000Z,1947822207331156447,https://x.com/PressSec/status/1947822207331156447,"President Trump secured and announced THREE major trade deals with the Philippines, Indonesia, and Japan in ONE day.",,,,315
KushDesai47,public,2025-07-28T15:59:18.000Z,1949862235611816391,https://x.com/KushDesai47/status/1949862235611816391,"A $20 trillion economy with 450 million people that is now providing historic market access to American industrial and ag exports.

All thanks to President Trump’s tariffs.",RapidResponse47,2025-07-28T15:21:48.000Z,1949852797190418530,https://x.com/RapidResponse47/status/1949852797190418530,FACT SHEET: The United States and European Union Reach Massive Trade Deal https://t.co/Mr2j799tkW,3_1949852737723564032 3_1949852737773969408 3_1949852737736232960,photo photo photo,  ,57
KushDesai47,public,2025-07-30T22:31:55.000Z,1950685817464041652,https://x.com/KushDesai47/status/1950685817464041652,"President Trump has now used tariffs to create unprecedented market access to economies in total worth $32 trillion with 1.2 billion people.

History is being made for American industries, farmers, and workers!",RapidResponse47,2025-07-30T22:18:16.000Z,1950682383654555916,https://x.com/RapidResponse47/status/1950682383654555916,🚨🚨🚨 https://t.co/FVB68MaRey,3_1950682328218357761,photo,,205
KushDesai47,public,2025-08-12T16:01:30.000Z,1955298608850354373,https://x.com/KushDesai47/status/1955298608850354373,"These investments go beyond creating more jobs. Aluminum is critical for airplanes, missiles, ships, and other military equipment — we cannot be beholden to foreign imports of aluminum.

President Trump’s tariffs are safeguarding our national and economic security.",RapidResponse47,2025-08-12T15:55:53.000Z,1955297193276899532,https://x.com/RapidResponse47/status/1955297193276899532,"Century Aluminum CEO Jesse Gary: ""Finally, under President Trump's leadership, we're seeing an increase in U.S. aluminum production after decades of losing production. This restart is a direct result of his tariff program."" https://t.co/YYqxmz8ivw",13_1955296680875560960,video,,14
KushDesai47,public,2025-09-25T13:41:32.000Z,1971208450311958919,https://x.com/KushDesai47/status/1971208450311958919,"America’s economic resurgence under President Trump continues: revised data show even stronger real GDP growth of 3.8 percent in Q2 2025 thanks to the Trump agenda of tax cuts, deregulation, tariffs, and energy abundance. And this is just the beginning: new data from today also shows core capital goods orders beat expectations, paving the way for robust investment growth in Q3. President Trump pledged to Make America Wealthy Again, and with Joe Biden’s inflation crisis tamed, we are now laying the groundwork for a long-term restoration of American Greatness.",RapidResponse47,2025-09-25T12:41:34.000Z,1971193358837219494,https://x.com/RapidResponse47/status/1971193358837219494,"📈 ""I'm a bit shocked to be honest"":

Second quarter GDP has been revised HIGHER once again to 3.8% — reflecting much stronger than expected consumer spending, rising incomes, and lower imports. https://t.co/B6GUy2Qfhr",13_1971192772024492032,video,,160
KushDesai47,public,2025-10-02T01:08:00.000Z,1973555531488154030,https://x.com/KushDesai47/status/1973555531488154030,Democrats aren’t just holding the federal government hostage to give benefits to illegal immigrants - they’re holding back America’s economic resurgence.,PressSec,2025-10-02T01:04:10.000Z,1973554567699898443,https://x.com/PressSec/status/1973554567699898443,"US to lose $15B in GDP each week of a Democrat Shutdown

https://www.politico.com/news/2025/10/01/us-gdp-loss-shutdown-00590927",,,,43
KushDesai47,public,2025-10-24T13:08:06.000Z,1981709282648211741,https://x.com/KushDesai47/status/1981709282648211741,"""As I've often said: Our commitment to free trade is also a commitment to fair trade."" - President Ronald Reagan",RapidResponse47,2025-10-24T03:43:55.000Z,1981567303428026521,https://x.com/RapidResponse47/status/1981567303428026521,https://t.co/GkyOCqYTqh,3_1981567299447312384 3_1981567299409645568,photo photo, ,150
KushDesai47,public,2025-11-05T19:25:47.000Z,1986152984137371999,https://x.com/KushDesai47/status/1986152984137371999,"President Trump built the best economy in modern history during his first term.

In his second term, he’s repeating the magic — only BIGGER &amp; BETTER!",RapidResponse47,2025-11-05T18:54:19.000Z,1986145067518644723,https://x.com/RapidResponse47/status/1986145067518644723,"""Wages for workers are rising at the fastest pace in over 60 years,"" says @POTUS in Miami.

""Since I took office, wages for the typical factory worker are up $1,300, construction workers' pay is up $2,200, and miners are up nearly $5,000 this year alone."" https://t.co/tFjmrsocZi",13_1986144946793934848,video,,75
KushDesai47,public,2026-04-29T14:45:52.000Z,2049500418749653173,https://x.com/KushDesai47/status/2049500418749653173,"America has a shortage of over 10 million homes because of almost two decades of under-construction.

President Trump wants America to build again -- and the Administration's push for state and local governments to slash regulations and expand construction is only now beginning!",WhiteHouse,2026-04-29T14:21:43.000Z,2049494341962420720,https://x.com/WhiteHouse/status/2049494341962420720,"🏠 NEW: US Housing Starts Surge to Highest Level Since December 2024

WE'RE BUILDING AGAIN 🇺🇸 https://t.co/6AULjoEWha",3_2049494299600171009,photo,https://github.com/vidproject/x/releases/download/media-WhiteHouse/3_2049494299600171009.jpg,69
LauraLoomer,public,2026-05-02T00:59:54.000Z,2050379722215805271,https://x.com/LauraLoomer/status/2050379722215805271,"Every single illegal alien is a criminal.

If you enter the country illegally, you’re a criminal.

Semantics aren’t helpful before the midterms.

We need a Stephen Miller intervention over at DHS I see.

Paging @StephenM!!",DHSgov,2026-05-01T15:15:06.000Z,2050232552623886500,https://x.com/DHSgov/status/2050232552623886500,"Under @POTUS Trump and @SecMullinDHS, criminal illegal aliens are NOT welcome in the U.S.

This week, the NICE men and women of @ICEgov put their lives on the line to arrest murderers, pedophiles, arsonists, and sex criminals, including:",,,,0
MLapeen,public,2025-03-31T00:52:38.000Z,1906509908318519422,https://x.com/MLapeen/status/1906509908318519422,🔥🔥💯🔥🔥,StephenM,2025-03-29T16:44:32.000Z,1906024686674133371,https://x.com/StephenM/status/1906024686674133371,"The fundamental error in how immigration is being discussed in the courts and media is pretending that what happened to us over the last four years is a routine civil enforcement matter.

NO.

We were invaded and occupied. Entire neighborhoods were conquered.

Entire towns were subjugated.

Our treasury was in the plundered.

Our democracy was torn apart piece by piece.

A national referendum was held on whether to surrender to the invasion or repel it.

America voted for liberation.

If every foreign trespasser gets to have their own federal trial prior to removal then there is no liberation. There is no restoration. The invasion will be made complete.

Article 4 Section 4 requires the president to halt any invasion and no district court can override that mandate. For the Constitution is the supreme law of the land.

The invading armies and foreign trespassers will be expelled.

The cartels will be smashed.

Liberation will be achieved.",,,,1157
MLapeen,public,2025-09-30T12:42:37.000Z,1973005561236275239,https://x.com/MLapeen/status/1973005561236275239,Defend our Culture,DHSgov,2025-09-29T22:03:03.000Z,1972784211133342015,https://x.com/DHSgov/status/1972784211133342015,"“Those who do not want to be partakers of the American spirit ought not to settle in America.” - Calvin Coolidge

BECOME A HOMELAND DEFENDER TODAY: http://WWW.USCIS.GOV/JOIN https://t.co/gE4ykf9dYv",3_1972784204392869888,photo,https://github.com/vidproject/x/releases/download/media-DHSgov/3_1972784204392869888.jpg,431
MLapeen,public,2025-12-31T22:53:06.000Z,2006498881299951978,https://x.com/MLapeen/status/2006498881299951978,We shall see...........,DHSgov,2025-12-31T18:55:40.000Z,2006439129291304998,https://x.com/DHSgov/status/2006439129291304998,We will not live like this anymore. https://t.co/A7vwF4bXYh,3_2006439124874448897,photo,https://github.com/vidproject/x/releases/download/media-DHSgov-0002/3_2006439124874448897.jpg,425
MLapeen,public,2026-05-17T19:34:15.000Z,2056095976788574676,https://x.com/MLapeen/status/2056095976788574676,Bovino🫡,GregoryKBovino,2026-05-17T16:20:26.000Z,2056047199130374320,https://x.com/GregoryKBovino/status/2056047199130374320,"I have the easiest solution for helping you identify RINOs in the upcoming elections.

All issues are downstream of immigration.

Once you truly see that, voting becomes ridiculously simple.

Check their NumbersUSA immigration scorecard here: https://www.numbersusa.com/grades/

If your candidate doesn’t get an A, they’re probably part of the problem. And remember, in any topic where they say “no decision or no action”, that is to be taken as an endorsement of the issue.

No decision is a decision.

Simple test.

Clear signal.",,,,127
MLapeen,public,2026-05-29T00:40:28.000Z,2060159303747575817,https://x.com/MLapeen/status/2060159303747575817,Thank you🫡,GregoryKBovino,2026-05-28T23:10:56.000Z,2060136773020499972,https://x.com/GregoryKBovino/status/2060136773020499972,"Just landed in Newark and the love from you guys hits different.

People stopping me left and right, shaking my hand, thanking me for the work — that’s what keeps me going.

There’s definitely a silent majority out there.

We will never give in to a silent few that make noise and destroy cities because the bulk of us see it our way.

Real Americans who appreciate someone actually doing something about it.

Grateful for every one of you.

Let’s get this done. 💪",,,,153
MehekCooke,public,2026-04-20T14:37:06.000Z,2046236723248587217,https://x.com/MehekCooke/status/2046236723248587217,"Democrats spent four years telling us the border couldn't be secured just watched @CBP seize 78 pounds of cocaine hidden inside bus seats — part of a 24% increase in drug seizures in the first half of this year alone.

We are witnessing the most secure border in history.",CBP,2026-04-18T15:50:14.000Z,2045530349346685079,https://x.com/CBP/status/2045530349346685079,"A huge win by our Hidalgo Port of Entry officers!

During a canine examination and nonintrusive-inspection-system scan, officers discovered 36 packages containing 78 pounds of suspected cocaine concealed inside the seats of a bus.

The estimated street value of the narcotics is around $1,042,034.

Read more ➡️ https://ow.ly/PwK550YLqxv",,,,0
MsAvaArmstrong,public,2026-05-18T21:57:43.000Z,2056494466928717857,https://x.com/MsAvaArmstrong/status/2056494466928717857,"You’re a good man, Greg Bovino",GregoryKBovino,2026-05-05T15:23:17.000Z,2051684162340638963,https://x.com/GregoryKBovino/status/2051684162340638963,"Look, I get it. A lot of us are demoralized watching RINOs and Chamber of Commerce types run for office. They talk tough but sell us out for cheap labor and open borders every single time.

But here’s the brutal truth: sitting home or splitting votes isn’t an option.

This midterm, we vote the RINOs out and replace them with people of real substance — fighters who actually stop immigration .

If we don’t act and Democrats regain power, they will flood us with forty million more illegal aliens, which they will then legalize. Then the country is lost forever.

This is the hill.

Stand.

Vote like your future depends on it.

Because it does.",3_2051684157726896128,photo,https://github.com/vidproject/x/releases/download/media-GregoryKBovino/3_2051684157726896128.jpg,661
OFOEAC,core,2021-01-27T11:33:48.000Z,1354392159798128640,https://x.com/OFOEAC/status/1354392159798128640,"We are deeply saddened by the loss of @CBP Supervisory Officer Shields from the Tucson Field Office. A loving son and sibling, and @USArmy veteran who worked tirelessly to protect our country. All of CBP mourns his loss.",CBPCommissioner,2021-01-26T18:15:11.000Z,1354130782038720512,https://x.com/CBPCommissioner/status/1354130782038720512,"We mourn the loss of Supervisory CBP Officer Byron Shields. Supervisor Shields served his country honorably for over 34 years with the U.S. Army and CBP. He made a mark on @CBP that will never be forgotten. We extend our deepest condolences to his family, friends, and colleagues. https://t.co/rtDH387Mug",3_1354130779018821632,photo,https://github.com/vidproject/x/releases/download/media-CBPCommissioner/3_1354130779018821632.jpg,6
OFOEAC,core,2021-02-13T11:36:05.000Z,1360553327252172803,https://x.com/OFOEAC/status/1360553327252172803,"We are deeply saddened by loss of @CBP officer Sibonga from the Seattle Field Office. A loving  husband and father, and @USNavy veteran who proudly dedicated his life to serving his country. All of CBP mourns his loss.",CBPCommissioner,2021-02-12T17:31:03.000Z,1360280268771364867,https://x.com/CBPCommissioner/status/1360280268771364867,"We mourn the loss of CBP Officer Cesar Sibonga. Officer Sibonga began his @CBP career in 2003. Before joining CBP, he proudly served and retired from the United States Navy. Our thoughts are with his family, friends and colleagues. His service &amp; sacrifice will never be forgotten. https://t.co/zDxDKN4NOY",3_1360280264811905024,photo,https://github.com/vidproject/x/releases/download/media-CBPCommissioner/3_1360280264811905024.jpg,9
OFOEAC,core,2021-02-23T17:24:26.000Z,1364264871576150017,https://x.com/OFOEAC/status/1364264871576150017,We are deeply saddened by loss of @CBP officer Guerrero from the San Diego Field Office. A loving husband and father who began his career of service in 1980 with the @SDSheriff before joining @USGSA in 1995 and finally #CBP in 2005. All of CBP mourns his loss.,CBPCommissioner,2021-02-22T16:17:30.000Z,1363885636634222592,https://x.com/CBPCommissioner/status/1363885636634222592,"With great sadness, @OFOEAC and I share the loss of CBP Officer Genaro Guerrero. Officer Guerrero began his career with @CBP in 2005 and served at the San Ysidro Port of Entry. We extend our deepest condolences to his family, friends and colleagues. He will never be forgotten. https://t.co/BJNlLLKGYT",3_1363885633584955400,photo,https://github.com/vidproject/x/releases/download/media-CBPCommissioner/3_1363885633584955400.jpg,5
OFOEAC,core,2021-02-28T21:12:19.000Z,1366134156397342721,https://x.com/OFOEAC/status/1366134156397342721,"We are deeply saddened by loss of @CBP officer Mendoza from the Laredo Field Office. A loving son, sibling, husband, and father who was known as “Tiger” to his family and friends.  All of CBP mourns his loss.",CBPCommissioner,2021-02-27T22:51:23.000Z,1365796699931897860,https://x.com/CBPCommissioner/status/1365796699931897860,"We mourn the loss of CBP Officer Carlos Mendoza. He began his @CBP career in 1999, and most recently served at the Hidalgo Port of Entry. We extend our deepest condolences to Officer Mendoza’s family, friends and colleagues. He will never be forgotten. https://t.co/IrVsIoEPXl",3_1365796696219938817,photo,https://github.com/vidproject/x/releases/download/media-CBPCommissioner/3_1365796696219938817.jpg,13
OFOEAC,core,2021-03-15T12:03:15.000Z,1371431798765404161,https://x.com/OFOEAC/status/1371431798765404161,"We mourn the loss of CBP Officer Crispin San Jose from the San Ysidro port of entry.  He dedicated his life to service and family, ensuring “Saturday Night” was dedicated family night. Our deepest sympathies to his family, friends, and colleagues.",CBPCommissioner,2021-03-13T18:39:44.000Z,1370806802095423488,https://x.com/CBPCommissioner/status/1370806802095423488,"We mourn the loss of CBP Officer Crispin San Jose. Officer San Jose began his @CBP career in 1992. Before joining CBP, he proudly served &amp; retired from the United States Navy. We extend our deepest condolences to his family, friends &amp; colleagues. He will never be forgotten. https://t.co/XQJRRJJbWa",3_1370806798765150212,photo,https://github.com/vidproject/x/releases/download/media-CBPCommissioner/3_1370806798765150212.jpg,3
OFOEAC,core,2021-03-18T11:52:40.000Z,1372516300677857280,https://x.com/OFOEAC/status/1372516300677857280,All of @CBP mourns the loss of #USBP Agent Alejandro Flores-Bañuelos who dedicated his life to serving his country. #NeverForgotten,USBPChiefELC,2021-03-16T19:45:07.000Z,1371910419112099841,https://x.com/USBPChiefELC/status/1371910419112099841,"It is with a heavy heart that we mourn the passing of one of our own, Border Patrol Agent Alejandro Flores-Bañuelos, a former Marine &amp; 12 year veteran of the U.S. Border Patrol.

He served his country &amp; community with honor, and his sacrifice will never be forgotten.🇺🇸#HonorFirst https://t.co/CixmCTR2la",3_1371910413240074243 3_1371910413248385026,photo photo, ,27
OFOEAC,core,2021-04-11T12:03:26.000Z,1381216316741287943,https://x.com/OFOEAC/status/1381216316741287943,Very proud of the new @CBP International Mail Facility at JFK. The technology enhancements will improve our inspection efficiency &amp; strengthen our critical #BorderSecurity mission. #OFO #CBP,CBPCommissioner,2021-04-09T16:08:10.000Z,1380553131046633475,https://x.com/CBPCommissioner/status/1380553131046633475,"This morning, I toured the newly rehabilitated International Mail Facility at JFK with @OFOEAC. This vital facility upgrade will revolutionize the way @CBP screens and processes packages arriving in the US—ensuring legitimate goods get in &amp; illicit goods do not. https://t.co/ynFVwNYFEi",3_1380553112302321671 3_1380553119688441856 3_1380553126676201472,photo photo photo,https://github.com/vidproject/x/releases/download/media-CBPCommissioner/3_1380553112302321671.jpg https://github.com/vidproject/x/releases/download/media-CBPCommissioner/3_1380553119688441856.jpg https://github.com/vidproject/x/releases/download/media-CBPCommissioner/3_1380553126676201472.jpg,1
OFOEAC,core,2021-05-16T19:18:55.000Z,1394009484343775234,https://x.com/OFOEAC/status/1394009484343775234,I’m proud to have welcomed our newest @CBP officers to the #OFO family. Your service strengthens our #bordersecurity mission. Congratulations on your graduation! https://t.co/nE4yC3xDQK,CBPCommissioner,2021-05-13T19:14:03.000Z,1392921095313965069,https://x.com/CBPCommissioner/status/1392921095313965069,Today I had the privilege of partaking in the CBP graduation ceremonies for OFO sessions 540 &amp; 542 alongside @OFOEAC &amp; @OFOAcademyDir. Good luck to all the men and women on your new journey. #Vigilance #Service #Integrity https://t.co/5rLmbD7MjW,3_1392921089668521988 3_1392921091765637124,photo photo,https://github.com/vidproject/x/releases/download/media-CBPCommissioner/3_1392921089668521988.jpg https://github.com/vidproject/x/releases/download/media-CBPCommissioner/3_1392921091765637124.jpg,1
OFOEAC,core,2021-09-01T18:02:49.000Z,1433128224544804866,https://x.com/OFOEAC/status/1433128224544804866,"We mourn the loss of CBP Officer Erik J. Skelton from the Miami and Tampa Field Office.  Always quick with a joke and a smile, he raised the spirits of others he was around. Our deepest sympathies to his family, friends, and colleagues.",CBPCommissioner,2021-08-31T18:00:25.000Z,1432765232775143424,https://x.com/CBPCommissioner/status/1432765232775143424,".@CBP mourns the loss of CBP Officer Erik Skelton. He was assigned to the Anti-Terrorism Contraband Enforcement Team at MIA Airport, where he played an integral role in enforcement actions. We extend our condolences to his family, friends &amp; colleagues. He will never be forgotten. https://t.co/O5JaT7ncI2",3_1432765230262652932,photo,https://github.com/vidproject/x/releases/download/media-CBPCommissioner/3_1432765230262652932.jpg,4
OFOEAC,core,2021-09-09T20:52:28.000Z,1436070019897577474,https://x.com/OFOEAC/status/1436070019897577474,".@CBP #OFO is saddened by the passing of our brother in blue, CBP Officer David Saavedra. @DFOFlorida, our deepest sympathies go out to his colleagues, friends, and family. #LODD",CBPCommissioner,2021-09-08T00:30:02.000Z,1435399998729068544,https://x.com/CBPCommissioner/status/1435399998729068544,I am deeply saddened to share the loss of CBP Officer David Saavedra. He joined @CBP in 2011 and served most recently as an acting Supervisory Customs and Border Protection Officer in the Tactical Operations Division at Miami International Airport. He will never be forgotten. https://t.co/UDW73E1lNG,3_1435399995633582082,photo,https://github.com/vidproject/x/releases/download/media-CBPCommissioner/3_1435399995633582082.jpg,6
OFOEAC,core,2021-09-10T13:46:30.000Z,1436325212451082244,https://x.com/OFOEAC/status/1436325212451082244,"It is with deep sadness and a heavy heart we announce the passing of @CBP Technician Francisco Tomas. A cherished colleague from the @DFOFlorida area, our condolences go out to his loved ones and those who had the honor to work with him. #LODD",CBPCommissioner,2021-09-09T00:00:06.000Z,1435754852899082241,https://x.com/CBPCommissioner/status/1435754852899082241,"With heavy hearts, @CBP mourns the loss of CBP Technician Francisco Tomas. Mr. Tomas began his federal career with the USDA in 1994 before joining CBP in 2003 and was most recently assigned to Air Cargo Agriculture Operations at MIA Airport. He will never be forgotten. https://t.co/1CRu4DuZOf",3_1435754849874894853,photo,https://github.com/vidproject/x/releases/download/media-CBPCommissioner/3_1435754849874894853.jpg,1
OFOEAC,core,2021-11-08T15:34:58.000Z,1457733391718043651,https://x.com/OFOEAC/status/1457733391718043651,"Please plan accordingly and prepare your documents prior to arriving at the Ports of Entry. Documents include, WHTI compliant travel documents and proof of vaccination.",CBP,2021-11-06T00:30:01.000Z,1456780876331761666,https://x.com/CBP/status/1456780876331761666,"NEW TRAVEL POLICY: Starting Nov. 8, documented non-essential travelers who are fully vaccinated may apply for entry into the U.S. by land border or passenger ferry. CBP is ready to welcome you. Be prepared.

Learn more: https://www.youtube.com/watch?v=BY7pM_8dyNo",,,,3
OFOEAC,core,2021-11-08T19:12:00.000Z,1457788007545651205,https://x.com/OFOEAC/status/1457788007545651205,"Antes que viajen, reúna sus documentos cuando se presenten a un oficial de inmigracion. Documentos incluyen, pasaporte y visa si es requerida y comprabante de vacunacion.",CBP,2021-11-06T00:31:00.000Z,1456781126056427523,https://x.com/CBP/status/1456781126056427523,"NUEVA POLÍTICA DE VIAJES: a partir del 8 de noviembre, los viajeros documentados no esenciales completamente vacunados pueden solicitar entrada a los EEUU por la frontera terrestre o por ferry de pasajeros. CBP está listo para darle la bienvenida. https://youtu.be/gi-zs-iBUDE",,,,3
OFOEAC,core,2023-02-23T17:30:16.000Z,1628809480891670533,https://x.com/OFOEAC/status/1628809480891670533,Heroic actions!,USBPChief,2023-02-23T15:02:24.000Z,1628772267822878724,https://x.com/USBPChief/status/1628772267822878724,"Off-duty Border Patrol Agent and off-duty CBP Officer saved the lives of 3 motorists involved in a multi-vehicle accident near Ajo, AZ. Once EMS arrived, the 3 victims were evacuated for medical care via Life Flight!

Outstanding efforts by true HEROES!
@USBPChiefTCA https://t.co/5X7rXfd0jW",3_1628772263603437568,photo,,3
OFOEAC,core,2023-08-19T21:00:25.000Z,1693005019908309102,https://x.com/OFOEAC/status/1693005019908309102,".@CBP has added Calexico West as a 2nd crossing location for individuals who may miss their CBP One appointments due to the impact #HurricaneHilary may have.

Please read for more information. ⬇️ https://t.co/WAp0VmYUwe",OFOEAC,2023-08-18T21:20:00.000Z,1692647559087505732,https://x.com/OFOEAC/status/1692647559087505732,".@CBP understands individuals may be impacted by Hurricane Hilary that is anticipated to make landfall in Southern California. #CBP will honor any missed CBP One appointments as a result of the hurricane, through Friday, August 25th at San Ysidro PedWest. Please stay safe. https://t.co/7SKldPYBqa",3_1692647552653389824,photo,,4
OFOEAC,core,2023-08-21T16:56:36.000Z,1693668435069108251,https://x.com/OFOEAC/status/1693668435069108251,Great work USBP! 🇺🇸,USBPChief,2023-08-19T17:00:50.000Z,1692944726477996357,https://x.com/USBPChief/status/1692944726477996357,"Honored to share a powerful &amp; special moment.
A 7th generation resident from Lahaina, who is part of the restoration committee, asked USBP/SOG to help raise the flags for the first time since the fire. A true testament of Hawaii’s strength &amp; spirit.
#HonorFirst https://t.co/Ahl2bQoxNF",3_1692944721235034112 3_1692944721457328129 3_1692944721759367169,photo photo photo,  ,8
OFOEAC,core,2024-02-26T19:36:53.000Z,1762200077408305483,https://x.com/OFOEAC/status/1762200077408305483,Ready to join our team?,CBPJobs,2024-02-26T16:25:13.000Z,1762151844636148086,https://x.com/CBPJobs/status/1762151844636148086,"Your future career awaits as an Agriculture Specialist with the Office of Field Operations.

As an Agriculture Specialist, you assume a pivotal responsibility in preserving our nation's security.

Find your calling today: https://go.dhs.gov/JWJ

#CBPCareers #NowHiring https://t.co/SO6X8UvpiT",3_1762151842765492224,photo,https://github.com/vidproject/x/releases/download/media-CBPJobs/3_1762151842765492224.jpg,1
PatAdams96,public,2026-04-13T18:20:24.000Z,2043756201951858996,https://x.com/PatAdams96/status/2043756201951858996,"Every Democrat in Congress voted against letting hardworking Americans like Sharon keep all of their tips.

President Trump and Republicans delivered for working families.

Democrats turned their backs on them.",PressSec,2026-04-13T17:10:57.000Z,2043738726178669041,https://x.com/PressSec/status/2043738726178669041,"President Trump just received a McDonald’s delivery order from a DoorDash driver outside the Oval Office!

Thanks to President Trump signing No Tax on Tips into law, Sharron is using the $11,000 in tips that she made last year to support her family.

💰 🚗 🍔 🍟 https://t.co/5JkpJo839k",13_2043738641285963776,video,https://github.com/vidproject/x/releases/download/media-PressSec/13_2043738641285963776.mp4,1375
PeteHegseth,officials,2025-11-27T23:44:21.000Z,1994190588007113037,https://x.com/PeteHegseth/status/1994190588007113037,"An American hero, at home with the LORD.

RIP, Specialist Sarah Beckstrom.

May our nation kneel in prayer for her family.",RapidResponse47,2025-11-27T23:40:05.000Z,1994189513929761268,https://x.com/RapidResponse47/status/1994189513929761268,".@POTUS announces that U.S. Army Specialist Sarah Beckstrom of Summersville, West Virginia, one of the National Guardsmen savagely attacked yesterday in Washington, D.C., has just passed away.

May God be with her family 🙏 https://t.co/BEbAOxmJme",13_1994189041483362305,video,,1083
PeteHegseth,officials,2026-03-03T17:37:55.000Z,2028887610660196642,https://x.com/PeteHegseth/status/2028887610660196642,This is 100% correct.,RapidResponse47,2026-03-03T16:59:10.000Z,2028877856541962497,https://x.com/RapidResponse47/status/2028877856541962497,"""Did Israel force your hand to launch these strikes against Iran?""

@POTUS: ""No... Based on the way the negotiation was going, I think [Iran] was going to attack first, and I didn't want that to happen — so if anything, I might've forced Israel's hand."" https://t.co/7fi44RFlge",13_2028877477360099328,video,https://github.com/vidproject/x/releases/download/media-RapidResponse47/13_2028877477360099328.mp4,609
PeteHegseth,officials,2026-03-05T23:08:57.000Z,2029695690713059611,https://x.com/PeteHegseth/status/2029695690713059611,Facts.,RapidResponse47,2026-03-05T22:22:44.000Z,2029684061736755392,https://x.com/RapidResponse47/status/2029684061736755392,".@CENTCOM Commander Admiral Brad Cooper: ""If I just look back over the last 24 hours of the operation compared to the where we were to start, ballistic missile attacks have decreased by 90%... Drone attacks have decreased by 83%... we’re now up over 30 ships [destroyed]."" https://t.co/tWKgheNfKv",13_2029683344816963584,video,,59
PeteHegseth,officials,2026-03-07T16:30:25.000Z,2030320173761130767,https://x.com/PeteHegseth/status/2030320173761130767,"The America’s Counter Cartel Coalition (“A Triple C”) is going on OFFENSE against criminal cartels and will DOMINATE the Western Hemisphere.

Thank you Mr. President.",RapidResponse47,2026-03-07T14:51:24.000Z,2030295256822907195,https://x.com/RapidResponse47/status/2030295256822907195,".@POTUS at the Shield of the Americas Summit in Miami: ""On this historic day, we come together to announce a brand new military coalition to eradicate the criminal cartels plaguing our region...We’re calling this military partnership the Americas Counter Cartel Coalition."" https://t.co/j8P5LwwYxt",13_2030293696789295105,video,https://github.com/vidproject/x/releases/download/media-RapidResponse47/13_2030293696789295105.mp4,91
PeteHegseth,officials,2026-03-07T19:56:23.000Z,2030372006114255311,https://x.com/PeteHegseth/status/2030372006114255311,The @DeptofWar is proud to support our Law Enforcement partners on this important mission.,WhiteHouse,2026-03-06T19:27:53.000Z,2030002445590331414,https://x.com/WhiteHouse/status/2030002445590331414,President Trump is making Memphis SAFE again! 🇺🇸 https://t.co/bcj5SGDlg2,3_2030002299335331840,photo,,74
PeteHegseth,officials,2026-03-13T22:10:05.000Z,2032579981054796207,https://x.com/PeteHegseth/status/2032579981054796207,Fact.,RapidResponse47,2026-03-13T20:38:29.000Z,2032556929893945615,https://x.com/RapidResponse47/status/2032556929893945615,"CNN Is Lying to Undermine Operation Epic Fury’s Crushing Success
https://www.whitehouse.gov/articles/2026/03/cnn-is-lying-to-undermine-operation-epic-furys-crushing-success",,,,142
PeteHegseth,officials,2026-03-18T21:31:09.000Z,2034382121553236161,https://x.com/PeteHegseth/status/2034382121553236161,Never Forgotten. Heroes Forever. 🇺🇸,WhiteHouse,2026-03-18T21:02:48.000Z,2034374988615086192,https://x.com/WhiteHouse/status/2034374988615086192,Their courage will never be forgotten. 🇺🇸 https://t.co/hUqzwKikMO,3_2034373446260379648 3_2034373446252036096 3_2034373449473212416 3_2034373446260375552,photo photo photo photo,   ,157
PeteHegseth,officials,2026-05-20T22:06:50.000Z,2057221539192303670,https://x.com/PeteHegseth/status/2057221539192303670,Locked and loaded.,RapidResponse47,2026-05-19T17:50:15.000Z,2056794578624164233,https://x.com/RapidResponse47/status/2056794578624164233,".@VP: ""We are not going to have a deal that allows the Iranians to have a nuclear weapon — so as @POTUS just told me, we're locked and loaded. We don't want to go down that pathway, but the President is willing and able to go down that pathway if we have to."" https://t.co/mbNgP3PNZc",13_2056794488740159488,video,https://github.com/vidproject/x/releases/download/media-RapidResponse47/13_2056794488740159488.mp4,44
PeteHegseth,officials,2026-05-27T18:38:03.000Z,2059705711060267377,https://x.com/PeteHegseth/status/2059705711060267377,The man on his left agrees.,RapidResponse47,2026-05-27T17:14:26.000Z,2059684667192651971,https://x.com/RapidResponse47/status/2059684667192651971,".@POTUS on Iran: ""They're starting to give us the things that they have to give us — and if they do, that's great, and if they won't, then the man on my left is going to finish them off."" https://t.co/MzouOlXy2E",13_2059684133547220998,video,,96
PinoAmericano,public,2026-05-04T15:27:25.000Z,2051322814716613032,https://x.com/PinoAmericano/status/2051322814716613032,"What the heck is this?
Sabatini is a raging Trump hater.
This is a disgraceful endorsement.",GregoryKBovino,2026-05-04T01:54:35.000Z,2051118260809294075,https://x.com/GregoryKBovino/status/2051118260809294075,"I’m proud to endorse @AnthonySabatini Sabatini for Congress in Florida’s 11th District.
Imagine America five years from now if we keep treating our country like nothing more than an economic zone — a giant open-air Walmart with no borders, no identity, and no loyalty to the people who built it. Picture overwhelmed schools where your kids get less attention, hospitals turning away citizens because beds are filled with emergency cases that never end, wages stuck or falling while housing prices explode, and neighborhoods that feel less safe every single year. That’s not a country anymore. That’s a business that’s liquidating its own citizens.

Sabatini gets it: the fight against illegal immigration isn’t about politics — it’s about whether America remains a real country with sovereignty, culture, and a future for our kids, or just a giant hotel with no checkout time. He’s willing to say what most won’t: secure borders are the foundation of everything else that matters.

That’s why he has my full support. The choice is clear — a sovereign America, or something much worse. Sabatini is fighting for the first one.""
— Greg Bovino",,,,62
PressSec,core,2025-03-31T18:53:08.000Z,1906781827462775122,https://x.com/PressSec/status/1906781827462775122,❤️,RapidResponse47,2025-03-31T13:11:26.000Z,1906695835896643920,https://x.com/RapidResponse47/status/1906695835896643920,"Freed Israeli hostage Yarden Bibas: ""I am here because of Trump — I am here only because of him."" https://t.co/KL2IHUa15m",7_1906695653859758080,video,,0
PressSec,core,2025-04-26T14:40:52.000Z,1916140428388126889,https://x.com/PressSec/status/1916140428388126889,Happy Birthday @FLOTUS ❤️,RapidResponse47,2025-04-26T14:21:20.000Z,1916135512022388914,https://x.com/RapidResponse47/status/1916135512022388914,"Happy Birthday to our wonderful @FLOTUS, @MELANIATRUMP! ❤️ 🎂 https://t.co/MpPgTMnQQ5",3_1916135505999114240 3_1916135506187784192,photo photo, ,81
PressSec,core,2025-04-30T01:41:34.000Z,1917393861888073834,https://x.com/PressSec/status/1917393861888073834,Thank God we have a President again who isn’t afraid of sitting down for interviews with openly hostile networks like @ABC and taking them to task.,RapidResponse47,2025-04-30T01:05:58.000Z,1917384901437055098,https://x.com/RapidResponse47/status/1917384901437055098,".@POTUS: “We are a respected country again… We had a President that couldn’t walk up a flight of stairs… We had a President that was grossly incompetent. You knew it, I knew it… But you guys didn’t want to write it because you’re FAKE NEWS. And by the way, ABC is one of the worst.” 🔥🔥🔥",13_1917384849268047873,video,,0
PressSec,core,2025-05-24T16:11:30.000Z,1926310095895281769,https://x.com/PressSec/status/1926310095895281769,🇺🇸💪,RapidResponse47,2025-05-24T14:26:41.000Z,1926283717745488061,https://x.com/RapidResponse47/status/1926283717745488061,".@POTUS at West Point: Every cadet on the field before me should savor this morning — because this is a day you will never forget. In a few moments, you will become graduates of the most ELITE and storied military academy in human history. https://t.co/hTkMgBnJkF",13_1926283107952439296,video,,0
PressSec,core,2025-06-26T01:55:56.000Z,1938053584777617715,https://x.com/PressSec/status/1938053584777617715,🤣,WhiteHouse,2025-06-26T01:54:45.000Z,1938053287535616085,https://x.com/WhiteHouse/status/1938053287535616085,"🎶 Daddy’s home… Hey, hey, hey, Daddy.

President Donald J. Trump attended the NATO Summit in The Hague, Netherlands. https://t.co/asJb5FD2Ii",13_1938052521638944768,video,,12162
PressSec,core,2025-06-27T23:54:26.000Z,1938747783374315664,https://x.com/PressSec/status/1938747783374315664,What a week. 🇺🇸,RapidResponse47,2025-06-27T23:49:01.000Z,1938746419378065732,https://x.com/RapidResponse47/status/1938746419378065732,"WHAT A WEEK!

— 12 Day War ceasefire
— NATO defense spending agreement
— Rwanda/Congo peace deal
— SCOTUS ends nationwide injunctions, greenlights 3rd-country deportations
— Record high stock market
— So much more

HAVE A GREAT WEEKEND, PATRIOTS! https://t.co/nmFAYfxTKZ",3_1938746338281177088,photo,,433
PressSec,core,2025-07-29T18:45:56.000Z,1950266559236116673,https://x.com/PressSec/status/1950266559236116673,Epic. @SecScottBessent is so smooth!,RapidResponse47,2025-07-29T18:00:23.000Z,1950255097633448339,https://x.com/RapidResponse47/status/1950255097633448339,"""You've been described as a global macro veteran and you've run a hedge fun. In this moment, where would you put your money if you were still running one?""

@SecScottBessent: ""United States of America."" https://t.co/JlmAIt4oat",13_1950254861091487744,video,,62
PressSec,core,2025-07-31T11:31:18.000Z,1950881957534892406,https://x.com/PressSec/status/1950881957534892406,"MAKE AMERICA FIT AGAIN! 💪

“The order will formally reestablish the Presidential Fitness Test, first introduced by President Lyndon B. Johnson in 1966, creating school-based programs that reward “excellence in physical education”",PressSec,2025-07-31T11:24:29.000Z,1950880239996805502,https://x.com/PressSec/status/1950880239996805502,🚨HAPPENING TODAY AT THE WHITE HOUSE: Trump to host professional athletes for new order expanding on presidential sports council https://www.cnn.com/2025/07/31/politics/trump-order-expanding-presidential-sports-council,,,,0
PressSec,core,2025-09-30T18:57:42.000Z,1973099955473592418,https://x.com/PressSec/status/1973099955473592418,"""Unearthed note cards from the Biden era show the administration detailed the names &amp; photos of high-profile Democrats, such as former Secretary of State Hillary Clinton, as well as lesser-known individuals for then-President Joe Biden to ostensibly reference during live events.""",RapidResponse47,2025-09-30T18:52:42.000Z,1973098698469969952,https://x.com/RapidResponse47/status/1973098698469969952,"Unearthed Biden note cards reveal he had bios, photo reminders on Hillary Clinton, Schumer https://www.foxnews.com/politics/exclusive-unearthed-biden-note-cards-reveal-he-had-bios-photo-reminders-hillary-clinton-schumer",,,,0
PressSec,core,2025-09-30T20:08:43.000Z,1973117826048405733,https://x.com/PressSec/status/1973117826048405733,President Trump signs an Executive Order to Supercharge AI Pediatric Cancer Research 💛 https://t.co/LlkCQnLm3G,PressSec,2025-09-30T19:52:47.000Z,1973113817245819011,https://x.com/PressSec/status/1973113817245819011,"HAPPENING SOON: President Trump is signing a historic Executive Order in the Oval Office, and you won’t want to miss this one! 🥹",,,,0
PressSec,core,2025-09-30T23:25:18.000Z,1973167297872404940,https://x.com/PressSec/status/1973167297872404940,Democrat Shutdown.,RapidResponse47,2025-09-30T23:22:36.000Z,1973166617946366142,https://x.com/RapidResponse47/status/1973166617946366142,"🚨 Democrats just voted to shut down the government — but with multiple of them voting with Republicans to keep government open, Democrats are crumbling before the shutdown even begins. https://t.co/nPnJ7id2ak",3_1973166122712150016,photo,,168
PressSec,core,2025-10-26T13:43:42.000Z,1982443019954450536,https://x.com/PressSec/status/1982443019954450536,"Big meeting incoming between President Trump and President Xi… 👀

But first, Japan and South Korea, here we come! 🇯🇵🇺🇸🇰🇷",RapidResponse47,2025-10-26T13:41:59.000Z,1982442585433018673,https://x.com/RapidResponse47/status/1982442585433018673,".@SecScottBessent on President Trump's meeting with Xi Jinping: ""I believe that we have the framework for the two leaders to have a very productive meeting for both sides — and I think it will be fantastic for U.S. citizens, for U.S. farmers, and for our country in general."" https://t.co/0DpRyk45Js",13_1982439500560121856,video,,0
PressSec,core,2025-10-28T01:10:22.000Z,1982978214386614776,https://x.com/PressSec/status/1982978214386614776,🇺🇸❤️🇯🇵,RapidResponse47,2025-10-28T01:09:09.000Z,1982977907271041181,https://x.com/RapidResponse47/status/1982977907271041181,".@POTUS to Prime Minister @takaichi_sanae: ""I have always had a great love of Japan, and a great respect of Japan... anything I can do to help Japan, we will be there. We are an ally at the strongest level."" https://t.co/roi25p9qyM",13_1982977401622507520,video,,0
PressSec,core,2025-10-29T00:57:27.000Z,1983337349653377286,https://x.com/PressSec/status/1983337349653377286,Here we go,RapidResponse47,2025-10-29T00:55:50.000Z,1983336943271522340,https://x.com/RapidResponse47/status/1983336943271522340,"President Trump takes off for the final leg of his historic Asia trip.

NEXT STOP: South Korea ✈️🇺🇸🇰🇷 https://t.co/T90Qq7W90g",13_1983336851181076480,video,,0
PressSec,core,2025-10-31T00:04:17.000Z,1984048747379355769,https://x.com/PressSec/status/1984048747379355769,🥰🎃,RapidResponse47,2025-10-30T21:58:16.000Z,1984017034141950458,https://x.com/RapidResponse47/status/1984017034141950458,.@PressSec brings her son trick-or-treating at the White House with @POTUS and @FLOTUS 🧡🖤💛 https://t.co/tzW4PL3Syt,13_1984016728947355648,video,,0
PressSec,core,2026-01-30T12:26:49.000Z,2017212907608543702,https://x.com/PressSec/status/2017212907608543702,🚨,RapidResponse47,2026-01-30T11:51:31.000Z,2017204022948594152,https://x.com/RapidResponse47/status/2017204022948594152,President Donald J. Trump nominates Kevin Warsh as Chairman of the Board of Governors of the Federal Reserve https://t.co/M5FHQJzY2a,3_2017204019911946240,photo,,0
PressSec,core,2026-01-31T18:11:06.000Z,2017661936494657956,https://x.com/PressSec/status/2017661936494657956,https://t.co/nDdcLYu4Ju,PressSec,2026-01-31T18:10:03.000Z,2017661671733354864,https://x.com/PressSec/status/2017661671733354864,"Tom Homan Debunks Rumors Trump Admin Retreating on Deportations: ‘Untrue’

https://www.breitbart.com/immigration/2026/01/31/tom-homan-debunks-rumors-trump-admin-retreating-deportations-untrue/",,,,0
PressSec,core,2026-01-31T18:14:30.000Z,2017662790756900931,https://x.com/PressSec/status/2017662790756900931,"“It was the tariff that made America strong and powerful in generations past, and it is tariffs that are making our country stronger, safer and richer than ever before. Given the results of the past year, and the spectacular economic numbers coming out every single day, perhaps it is time for the tariff skeptics at the Journal to consider putting on one of my favorite red hats—the one that reads, 'TRUMP WAS RIGHT ABOUT EVERYTHING!'” - @POTUS",PressSec,2026-01-31T01:06:14.000Z,2017404020042654104,https://x.com/PressSec/status/2017404020042654104,"Must Read from @POTUS: My Tariffs Have Brought America Back

“The ‘experts’ predicted market crashes, massive inflation and recession. They were all wrong.”

https://www.wsj.com/opinion/donald-j-trump-my-tariffs-have-brought-america-back-2248391b",,,,0
PressSec,core,2026-04-13T18:48:35.000Z,2043763294876405859,https://x.com/PressSec/status/2043763294876405859,"""The special delivery to the Oval Office highlights how No Tax on Tips is helping millions of workers keep more of what they earn, including hundreds of millions of dollars for Dashers.""",RapidResponse47,2026-04-13T17:05:27.000Z,2043737340531614015,https://x.com/RapidResponse47/status/2043737340531614015,Dasher Completes First Ever White House Delivery to Mark Impact of No Tax on Tips https://about.doordash.com/en-us/news/dasher-visits-white-house-to-celebrate-no-tax-on-tips,,,,0
PressSec,core,2026-04-14T11:55:53.000Z,2044021825668104272,https://x.com/PressSec/status/2044021825668104272,"“President Trump, on his third day in office, signed pardons for 23 pro-lifers convicted of FACE Act violations under the prior administration, many of whom he said were ‘elderly’ and should not have been prosecuted.”",PressSec,2026-04-14T11:53:04.000Z,2044021115824037912,https://x.com/PressSec/status/2044021115824037912,"Biden DOJ ‘weaponized’ federal law to prosecute pro-lifers — and give them longer prison sentences

https://nypost.com/2026/04/14/us-news/biden-doj-weaponized-federal-law-to-prosecute-pro-lifers-and-give-them-longer-prison-sentences/",,,,22
RapidResponse47,core,2025-06-30T21:40:08.000Z,1939801150070694025,https://x.com/RapidResponse47/status/1939801150070694025,".@RealTomHoman responds: ""He just proved he's not very smart. Bottom line is the reason the border crossings are so low is because we're ENFORCING THE LAW."" https://t.co/AzefU0IZDq",RapidResponse47,2025-06-29T13:36:53.000Z,1939317147500458350,https://x.com/RapidResponse47/status/1939317147500458350,"NBC: ""Border crossings are at a record low. Do you give the Trump Administration some credit for that?""

@ChrisMurphyCT: ""No!""

Democrats are furious that President Trump is getting illegal immigrant killers, rapists, and gangbangers off our streets. https://t.co/XNznhJycxE",13_1939316670683598848,video,,0
RapidResponse47,core,2025-07-31T21:12:51.000Z,1951028306217934952,https://x.com/RapidResponse47/status/1951028306217934952,"""Maybe the losers and haters were really just losers and haters.""",RapidResponse47,2025-07-31T21:10:15.000Z,1951027655140319515,https://x.com/RapidResponse47/status/1951027655140319515,How Trump used America’s leverage to get exactly what he wanted from his trade war https://www.cnn.com/2025/07/31/business/trade-war-trump-tariffs,,,,0
RapidResponse47,core,2025-08-31T15:04:20.000Z,1962169589522997284,https://x.com/RapidResponse47/status/1962169589522997284,".@Sec_Noem: ""This seems like it's more about @GovPritzker's ego now rather than actually protecting his people. If he has one murder in the city of Chicago, he should be calling President Trump and saying, 'What's your ideas? What can we do?'"" https://t.co/Oo0jvQq7Ot",RapidResponse47,2025-08-31T14:59:15.000Z,1962168311614931214,https://x.com/RapidResponse47/status/1962168311614931214,".@GovPritzker claims he's ""succeeding"" at fighting violent crime in Chicago.

Except Chicago has had the most murders of any U.S. city for 13 straight years. Their murder rate is 3x higher than LA, 5x higher than NYC, 2x higher than Islamabad, and 15x higher than Delhi. https://t.co/pAlrWjsknQ",13_1962167007379365888,video,,0
RapidResponse47,core,2025-08-31T19:12:39.000Z,1962232083071303996,https://x.com/RapidResponse47/status/1962232083071303996,"About those other CDC resignations:

— Dr. Daniel Jernigan, who has donated nearly $16K to Democrats, including Hillary Clinton, Joe Biden, Stacey Abrams.

— Dr. Debra Houry, who has donated thousands to Democrats, including Barack Obama, Elizabeth Warren, Raphael Warnock.",RapidResponse47,2025-08-31T19:05:25.000Z,1962230262617489586,https://x.com/RapidResponse47/status/1962230262617489586,"LEFT (today): Disgruntled ex-CDC Dr. Demetre Daskalakis claims ""the firewall between science and ideology"" has ""broken down.""

RIGHT (2023): Public health means ""one person's idea of risk is another person's idea of a great festival or Friday night"" — definitely not ideological! https://t.co/O89ctSGYSq",13_1962228605389279232 13_1962228615094968320,video video, ,0
RapidResponse47,core,2025-09-30T20:23:31.000Z,1973121551592542509,https://x.com/RapidResponse47/status/1973121551592542509,".@SecKennedy: ""This Executive Order is about action, unlocking cures, empowering families, and giving every child the chance to grow up healthy and strong."" https://t.co/z6wWYw7q4s",RapidResponse47,2025-09-30T20:07:48.000Z,1973117594891640835,https://x.com/RapidResponse47/status/1973117594891640835,".@POTUS: ""I'm thrilled to sign a very historic Executive Order to massively accelerate pediatric cancer research and harness the extraordinary potential of Artificial Intelligence to fight this terrible disease."" https://t.co/v1zY0EfgxN",13_1973117299310604289,video,,73
RapidResponse47,core,2025-09-30T22:42:00.000Z,1973156400571490609,https://x.com/RapidResponse47/status/1973156400571490609,"UPDATE: Cryin' Chuck Schumer says the poll is ""biased""

🤣🤣🤣 https://t.co/bxT7M5JxBv",RapidResponse47,2025-09-30T14:08:28.000Z,1973027165739643068,https://x.com/RapidResponse47/status/1973027165739643068,🚨 POLL: 65% of Americans say Democrats SHOULD NOT shut down the government https://t.co/9schOzvYfV,3_1973026499142823936,photo,,0
RapidResponse47,core,2025-10-31T17:25:54.000Z,1984310878007611757,https://x.com/RapidResponse47/status/1984310878007611757,https://t.co/wam0L6XjiJ,RapidResponse47,2025-10-31T17:04:25.000Z,1984305469368795579,https://x.com/RapidResponse47/status/1984305469368795579,https://t.co/XH0NTUytf3,3_1984305465015103488,photo,,0
RapidResponse47,core,2025-11-30T15:18:08.000Z,1995150358918955413,https://x.com/RapidResponse47/status/1995150358918955413,"Tampon Tim Walz, ""the seriously retarded Governor of Minnesota,"" says it's a ""badge of honor"" to be one of the most incompetent, inept, and pathetic Governors in modern American history https://t.co/BmgNRrFjh6",RapidResponse47,2025-11-28T04:28:33.000Z,1994262111145365516,https://x.com/RapidResponse47/status/1994262111145365516,https://t.co/2PZ7cQqIXA,3_1994262107882184704 3_1994262107894800384,photo photo, ,959
RapidResponse47,core,2025-11-30T17:44:07.000Z,1995187097960153428,https://x.com/RapidResponse47/status/1995187097960153428,"Tim Walz on the $1B fraud scandal that took place on his watch: ""I take responsibility for putting people in jail... It's not just Somalis!""

A) Walz didn't do jack other than let it happen. These are federal cases.

B) 71 of the 75 people charged are of East African descent. https://t.co/8V2Dv9O5Bv",RapidResponse47,2025-11-28T04:28:33.000Z,1994262111145365516,https://x.com/RapidResponse47/status/1994262111145365516,https://t.co/2PZ7cQqIXA,3_1994262107882184704 3_1994262107894800384,photo photo, ,959
RapidResponse47,core,2025-11-30T22:56:23.000Z,1995265682657738838,https://x.com/RapidResponse47/status/1995265682657738838,"""How long does your Administration plan to pause asylum?""

@POTUS: ""A long time. We don't want those people. We have enough problems... You know why we don't want them? Because many of them are NO GOOD and they should NOT be in our country."" 🔥 https://t.co/9ypuhyIFUf",RapidResponse47,2025-11-30T22:00:26.000Z,1995251600190062912,https://x.com/RapidResponse47/status/1995251600190062912,"""How long does your Administration plan to pause asylum?""

@POTUS: ""A long time. We don't want those people. We have enough problems... You know why we don't want them? Because many of them are NO GOOD and they should NOT be in our country."" 🔥 https://t.co/X5zxtbFzSC",13_1995250940291547136,video,,0
RapidResponse47,core,2025-11-30T23:00:44.000Z,1995266775810740620,https://x.com/RapidResponse47/status/1995266775810740620,"""Do you stand by that claim of calling Tim Walz retarded?""

@POTUS: ""Yeah, there's something wrong with Walz."" 🤣 https://t.co/DPHhv3mRpb",RapidResponse47,2025-11-30T21:55:31.000Z,1995250366318014466,https://x.com/RapidResponse47/status/1995250366318014466,"""Do you stand by that claim of calling Tim Walz retarded?""

@POTUS: ""Yeah, there's something wrong with Walz."" 🤣 https://t.co/dt2vuT3Ifp",13_1995250078567522305,video,,0
RapidResponse47,core,2025-11-30T23:24:52.000Z,1995272848437342375,https://x.com/RapidResponse47/status/1995272848437342375,".@POTUS: ""Failing NewsNation.""

Fake News: ""No, sir, we're not failing.""

@POTUS: ""NewsNation is doing lousy, by the way.""

(NewsNation barely tops SpongeBob reruns in viewership. Sad!)",RapidResponse47,2025-11-30T23:14:53.000Z,1995270338826076313,https://x.com/RapidResponse47/status/1995270338826076313,".@POTUS nukes the Fake News on his MRI: ""It's perfect. It's like my phone call where I got impeached, it's absolutely perfect... It wasn't the brain because I took a cognitive test and I aced it. I got a perfect mark, which you would be incapable of doing."" 😂🤣 https://t.co/gK6FLfkKr8",13_1995269795332157440,video,,0
RapidResponse47,core,2025-12-31T06:29:15.000Z,2006251285314498988,https://x.com/RapidResponse47/status/2006251285314498988,"God Bless our INCREDIBLE Warriors as we gear up for 2026, America’s 250th Birthday year!

GOD BLESS AMERICA — MY HOME SWEET HOME!",RapidResponse47,2025-11-12T15:04:06.000Z,1988623847965196706,https://x.com/RapidResponse47/status/1988623847965196706,"Goosebumps.

GOD BLESS OUR GREAT NAVY AND MARINES! https://t.co/v9v7QkSQbr",13_1988623082920046595,video,,207
RapidResponse47,core,2025-12-31T06:36:19.000Z,2006253065431589089,https://x.com/RapidResponse47/status/2006253065431589089,"Mine eyes have seen the glory of the coming of the Lord.

He is trampling out the vintage where the grapes of wrath are stored.

He hath loosed the fateful lightning of His terrible swift sword — His truth is marching on!

Glory! Glory! Hallelujah!",RapidResponse47,2025-11-12T15:04:06.000Z,1988623847965196706,https://x.com/RapidResponse47/status/1988623847965196706,"Goosebumps.

GOD BLESS OUR GREAT NAVY AND MARINES! https://t.co/v9v7QkSQbr",13_1988623082920046595,video,,207
RapidResponse47,core,2025-12-31T13:25:46.000Z,2006356105753247758,https://x.com/RapidResponse47/status/2006356105753247758,https://t.co/Htl47UH6nx,RapidResponse47,2025-12-29T22:59:39.000Z,2005775751833108685,https://x.com/RapidResponse47/status/2005775751833108685,"Karen Bass, the racist mayor of Los Angeles, says ""it's sad"" that Latino Americans would become Border Patrol agents to enforce our nation's immigration laws: ""Their primary incentive is financial.""

@MayorOfLA is a sick, disgusting piece of trash. https://t.co/nzHiTNbfPD",13_2005775231617564674,video,,84
RapidResponse47,core,2026-01-30T17:19:54.000Z,2017286662951157789,https://x.com/RapidResponse47/status/2017286662951157789,"Penske President Bud Denker: ""We are going to have a free event here for people to come out and celebrate our country's history... We're going to make everybody in this country proud."" https://t.co/E9HsYB9cAd",RapidResponse47,2026-01-30T17:07:25.000Z,2017283523040718924,https://x.com/RapidResponse47/status/2017283523040718924,".@POTUS: ""I have some incredible people, and this is a very exciting thing that we're doing... it's having to do with our great 250th birthday... We're Celebrating Greatness with American Motor Racing... it's going to take place August 21st through the 23rd."" https://t.co/x4JceZ56PU",13_2017282977378574337,video,,0
RapidResponse47,core,2026-01-30T17:33:13.000Z,2017290014904692951,https://x.com/RapidResponse47/status/2017290014904692951,"""In a statement released by the district, current North Colonie Board of Education President Linda Harrison, who also served as Warsh’s U.S. History teacher at Shaker High School, reflected on his academic character, leadership qualities, and long-term potential.""",RapidResponse47,2026-01-30T17:32:58.000Z,2017289950304129143,https://x.com/RapidResponse47/status/2017289950304129143,"North Colonie celebrates Shaker alum Kevin Warsh nominated for Federal Reserve chair
https://cbs6albany.com/news/local/north-colonie-celebrates-shaker-alum-kevin-warsh-nominated-for-federal-reserve-chair-president-trump-new-york-cbs6-wrgb",,,,0
RapidResponse47,core,2026-02-27T23:26:51.000Z,2027525868537409584,https://x.com/RapidResponse47/status/2027525868537409584,TEXAS LOVES TRUMP! https://t.co/2NbVWOLIdx,RapidResponse47,2026-02-27T23:24:48.000Z,2027525351774007806,https://x.com/RapidResponse47/status/2027525351774007806,".@POTUS stops by @Whataburger in Corpus Christi: ""Hamburgers for all!"" https://t.co/Fwhy15dnGj",13_2027525134995599360,video,,53
RapidResponse47,core,2026-03-26T00:52:48.000Z,2036969582083101017,https://x.com/RapidResponse47/status/2036969582083101017,".@POTUS slams Democrats and their sanctuary policies for the murder of Loyola University student Sheridan Gorman: Every American needs to know that with larger majorities in the House and Senate, Republicans will END Sanctuary Jurisdictions once and for all. https://t.co/hh08lMoMrq",DHSgov,2026-03-23T13:06:46.000Z,2036067127375929786,https://x.com/DHSgov/status/2036067127375929786,"Sheridan Gorman was failed by open-border policies and sanctuary politicians who RELEASED this illegal alien TWICE before he carried out this heinous murder.

On May 9, 2023, Medina-Medina was apprehended by U.S. Border Patrol and released into the country under the Biden administration. He was released again on June 19, 2023, after being arrested for shoplifting in Chicago, Illinois.

Every day, DHS law enforcement works to protect American communities and prevent tragedies like this from happening to another family.",3_2036067123383115776 3_2036067123391614977,photo photo,https://github.com/vidproject/x/releases/download/media-DHSgov/3_2036067123383115776.jpg https://github.com/vidproject/x/releases/download/media-DHSgov/3_2036067123391614977.jpg,0
RapidResponse47,core,2026-03-26T17:55:12.000Z,2037226878595993928,https://x.com/RapidResponse47/status/2037226878595993928,"These are the HEROES that Democrats have spent months demonizing as enemies. They've literally shut down part of the government because of their hatred for these brave Americans.

It's truly sickening.

God bless the Patriots of @ICEgov.",DHSgov,2026-03-26T17:46:51.000Z,2037224777598042472,https://x.com/DHSgov/status/2037224777598042472,"At JFK Airport, as travelers waited in hours-long lines, an infant became unresponsive and stopped breathing. The panic of the child’s family and nearby passengers were heard by an ICE agent stationed at a checkpoint.

This heroic officer immediately sprang into action—rushing toward the cries, taking the child, and performing a Heimlich maneuver that restored the infant’s breathing after nearly two minutes.

This officer’s extraordinary bravery embodies the selfless service of DHS law enforcement.",13_2037224765723668480,video,https://github.com/vidproject/x/releases/download/media-DHSgov/13_2037224765723668480.mp4,639
RapidResponse47,core,2026-03-31T21:48:33.000Z,2039097544777613397,https://x.com/RapidResponse47/status/2039097544777613397,".@howardlutnick: The states run these elections. If they want to use the U.S. Postal Service, they're going to get a barcode from the USPS, and they're going to put that on the envelope, and we will have one envelope per vote — none of this stuff where there's no certainty. https://t.co/Ucu3WPndlY",RapidResponse47,2026-03-31T21:43:07.000Z,2039096174263533849,https://x.com/RapidResponse47/status/2039096174263533849,".@POTUS prepares to sign an Executive Order to deal with a number of issues on election integrity:

""We're going to ensure that each state's election officials are provided with a comprehensive view of who the eligible voters in their jurisdiction actually are...and then, it orders the Postmaster General and the U.S. Postal Service to take bold new measures to verify that ballots are... being sent to people who are eligible to vote, and that ballots being returned are being properly returned by eligible voters only.""",13_2039095593553793024,video,,0
RapidResponse47,core,2026-03-31T21:49:30.000Z,2039097783420887348,https://x.com/RapidResponse47/status/2039097783420887348,.@POTUS signs an Executive Order ordering citizenship verification for federal elections and securing mail-in ballot procedures through the USPS https://t.co/5xFJLvpKNR,RapidResponse47,2026-03-31T21:43:07.000Z,2039096174263533849,https://x.com/RapidResponse47/status/2039096174263533849,".@POTUS prepares to sign an Executive Order to deal with a number of issues on election integrity:

""We're going to ensure that each state's election officials are provided with a comprehensive view of who the eligible voters in their jurisdiction actually are...and then, it orders the Postmaster General and the U.S. Postal Service to take bold new measures to verify that ballots are... being sent to people who are eligible to vote, and that ballots being returned are being properly returned by eligible voters only.""",13_2039095593553793024,video,,0
RapidResponse47,core,2026-04-08T12:16:33.000Z,2041852699340153024,https://x.com/RapidResponse47/status/2041852699340153024,".@SecWar: ""Iran's navy is at the bottom of the sea... Iran's air force has been wiped out. Iran no longer has any sort of a comprehensive air defense system... Their missile program is functionally destroyed."" https://t.co/cvRwld3Dd1",RapidResponse47,2026-04-08T12:14:20.000Z,2041852141162107082,https://x.com/RapidResponse47/status/2041852141162107082,".@SecWar: ""Iran begged for this ceasefire — and we all know it... Operation Epic Fury was a historic and overwhelming victory on the battlefield."" https://t.co/huttMUpSV9",13_2041851803717787649,video,https://github.com/vidproject/x/releases/download/media-RapidResponse47/13_2041851803717787649.mp4,0
RapidResponse47,core,2026-04-14T12:38:32.000Z,2044032556132114639,https://x.com/RapidResponse47/status/2044032556132114639,"""The legislation wasn't bipartisan, even though most people support those tax credits.""

Every Democrat voted against the largest tax cut in history for working Americans. https://t.co/J2WSFemuBm",RapidResponse47,2026-04-14T12:34:59.000Z,2044031665442328744,https://x.com/RapidResponse47/status/2044031665442328744,https://t.co/7Gwc3XRBUf,3_2044031625432911872,photo,https://github.com/vidproject/x/releases/download/media-RapidResponse47/3_2044031625432911872.jpg,0
RapidResponse47,core,2026-04-14T16:10:17.000Z,2044085843527127058,https://x.com/RapidResponse47/status/2044085843527127058,https://t.co/jSWJbEYkoB,RapidResponse47,2026-04-14T15:57:03.000Z,2044082513618907292,https://x.com/RapidResponse47/status/2044082513618907292,"Under Biden, ""legal entries by asylum"" was another name for FRAUD — a pretext to release millions of illegals into the country, no questions asked, with any hope of adjudication years and years away.

It was an endless cycle of fraud.

Thankfully, President Trump ENDED IT. https://t.co/rMggpg25is",3_2044081394364862464,photo,https://github.com/vidproject/x/releases/download/media-RapidResponse47/3_2044081394364862464.jpg,0
RapidResponse47,core,2026-04-18T13:26:34.000Z,2045494196379730249,https://x.com/RapidResponse47/status/2045494196379730249,".@POTUS: ""In a 2024 study from Stanford University, 30 special operations veterans with traumatic brain injuries underwent ibogaine treatment...and experienced an 80-90% reduction in symptoms of depression and anxiety within one month...Today, the federal government is making a $50M research investment in [ibogaine research]...We're also opening a pathway for ibogaine to be administered to desperately ill patients under the 'Right to Try' law.""",RapidResponse47,2026-04-18T13:17:20.000Z,2045491874702454971,https://x.com/RapidResponse47/status/2045491874702454971,".@POTUS announces ""historic reforms to dramatically accelerate access to new medical research and treatments based on psychedelic drugs.""

""Since 9/11, we've lost over 21x more veteran lives to suicide than on the battlefield... and today, we're bringing them new hope."" https://t.co/ekZNBxtIT5",13_2045491110504726528,video,https://github.com/vidproject/x/releases/download/media-RapidResponse47/13_2045491110504726528.mp4,139
RapidResponse47,core,2026-04-18T13:32:11.000Z,2045495608954257858,https://x.com/RapidResponse47/status/2045495608954257858,".@SecKennedy: ""This Executive Order will remove the legal impediments that block American researchers, scientists, physicians and clinicians from properly studying these medicines, and where appropriate, establish protocols for their safe, therapeutic use."" https://t.co/JhWGV77pzx",RapidResponse47,2026-04-18T13:17:20.000Z,2045491874702454971,https://x.com/RapidResponse47/status/2045491874702454971,".@POTUS announces ""historic reforms to dramatically accelerate access to new medical research and treatments based on psychedelic drugs.""

""Since 9/11, we've lost over 21x more veteran lives to suicide than on the battlefield... and today, we're bringing them new hope."" https://t.co/ekZNBxtIT5",13_2045491110504726528,video,https://github.com/vidproject/x/releases/download/media-RapidResponse47/13_2045491110504726528.mp4,139
RapidResponse47,core,2026-04-18T13:45:37.000Z,2045498992293802354,https://x.com/RapidResponse47/status/2045498992293802354,".@joerogan says he sent @POTUS information on the extraordinary effects of ibogaine on veterans with TBI and PTSD: ""The text message came back, 'Sounds great! Do you want FDA approval? Let's do it!' It was literally that quick."" https://t.co/Km3FITfE4p",RapidResponse47,2026-04-18T13:17:20.000Z,2045491874702454971,https://x.com/RapidResponse47/status/2045491874702454971,".@POTUS announces ""historic reforms to dramatically accelerate access to new medical research and treatments based on psychedelic drugs.""

""Since 9/11, we've lost over 21x more veteran lives to suicide than on the battlefield... and today, we're bringing them new hope."" https://t.co/ekZNBxtIT5",13_2045491110504726528,video,https://github.com/vidproject/x/releases/download/media-RapidResponse47/13_2045491110504726528.mp4,139
RapidResponse47,core,2026-04-24T12:52:47.000Z,2047660022125982205,https://x.com/RapidResponse47/status/2047660022125982205,"""Trump called him a 'beautiful boy,' and it was so great!"" ❤️ https://t.co/UKxuxfH5tl",RapidResponse47,2026-04-23T19:30:21.000Z,2047397684198113693,https://x.com/RapidResponse47/status/2047397684198113693,"""He didn't know his name. He couldn't hear me tell him how much I love him — and now, with @Regeneron, and this amazing surgery, he can listen to music... now he can hear...""

@POTUS: ""That's incredible... that's a beautiful boy."" ❤️ https://t.co/C7WbftQ3B8",13_2047397030285156354,video,https://github.com/vidproject/x/releases/download/media-RapidResponse47/13_2047397030285156354.mp4,28
RapidResponse47,core,2026-04-28T15:27:34.000Z,2049148527243051508,https://x.com/RapidResponse47/status/2049148527243051508,"The very first ""Pass in Review"" takes place at the White House 🇺🇸 https://t.co/jV6p8uSepA",RapidResponse47,2026-04-28T15:25:43.000Z,2049148058340827231,https://x.com/RapidResponse47/status/2049148058340827231,".@POTUS, @FLOTUS, His Majesty King Charles III, and Her Majesty Queen Camilla ascend to the Truman Balcony, where they observe the first-ever Pass in Review at the White House https://t.co/Bqin4vk7NE",13_2049147656417722368,video,,13
RapidResponse47,core,2026-04-28T16:20:36.000Z,2049161871165403322,https://x.com/RapidResponse47/status/2049161871165403322,".@FLOTUS and Queen Camilla meet with students exploring the shared history of our two countries through VR headsets and AI-enabled smart glasses — part of the First Lady's ""Fostering the Future Together"" initiative https://t.co/s4GsHV7T3d",RapidResponse47,2026-04-28T16:18:05.000Z,2049161237922017325,https://x.com/RapidResponse47/status/2049161237922017325,.@FLOTUS and Queen Camilla join students exploring U.S.-U.K. history at the White House Tennis Pavilion 🇺🇸🇬🇧 https://t.co/yJINxYHAkF,13_2049160516250279936,video,https://github.com/vidproject/x/releases/download/media-RapidResponse47/13_2049160516250279936.mp4,7
RapidResponse47,core,2026-04-28T18:36:29.000Z,2049196068542271873,https://x.com/RapidResponse47/status/2049196068542271873,"Profound words from @POTUS this morning:

""Long before Americans had a nation or a Constitution, we first had a culture, a character, and a creed. Before we ever proclaimed our Independence, Americans carried within us the rarest of gifts — moral courage — and it came from a small but mighty kingdom across the sea.

For nearly two centuries before the Revolution, this land was settled and forged by men, women who bore in their souls the blood and noble spirit of the British. Here, on a wild and untamed continent, they set loose the ancient English love of liberty and Great Britain's distinctive sense of glory, destiny, and pride — and that's what it is, glory, destiny, and pride.

The American Patriots who pledged their lives to Independence in 1776 were the heirs to this majestic inheritance. Their veins ran with Anglo-Saxon courage. Their hearts beat with an English faith in standing firm for what is right, good, and true.

In recent years we have often heard it said that America is merely 'an idea' — but the cause of freedom did not simply appear as an intellectual invention of 1776. The American founding was the culmination of hundreds of years of thought, struggle, sweat, blood, and sacrifice on both sides of the Atlantic.

Fate drew a long arc from the meadow at Runnymede to the streets of Philadelphia that ran through the lives of people born and bred on the British code that 'no man should be denied either justice or right.'

American Patriots today can sing 'My Country 'Tis of Thee, Sweet Land of Liberty' only because our colonial ancestors first sang 'God Save the King.'""",RapidResponse47,2026-04-28T15:15:41.000Z,2049145537002197055,https://x.com/RapidResponse47/status/2049145537002197055,".@POTUS: ""Honoring the British King might seem an ironic beginning to our celebration of 250 years of American independence — but in fact, no tribute could be more appropriate. Long before Americans had a nation or Constitution, we first had a culture, a character, and a creed. Before we ever proclaimed our independence, Americans carried within us the rarest of gifts: moral courage, and it came from a small but mighty kingdom from across the sea.""",13_2049145276011786240,video,https://github.com/vidproject/x/releases/download/media-RapidResponse47/13_2049145276011786240.mp4,827
RapidResponse47,core,2026-04-28T19:34:56.000Z,2049210776125079772,https://x.com/RapidResponse47/status/2049210776125079772,WATCH IN FULL: President Donald J. Trump delivers remarks at the historic official state arrival ceremony of His Majesty King Charles III https://t.co/np9Vqp8zPB,RapidResponse47,2026-04-28T19:27:07.000Z,2049208809122320499,https://x.com/RapidResponse47/status/2049208809122320499,WATCH IN FULL: President Donald J. Trump and First Lady Melania Trump welcome His Majesty King Charles III and Her Majesty Queen Camilla to the White House with an official state arrival ceremony https://t.co/pKNIE1B7mc,13_2049208056311885824,video,https://github.com/vidproject/x/releases/download/media-RapidResponse47/13_2049208056311885824.mp4,0
RapidResponse47,core,2026-04-28T20:45:18.000Z,2049228487563620793,https://x.com/RapidResponse47/status/2049228487563620793,".@DAGToddBlanche: ""While this case is unique, and this indictment stands out because of the name of the defendant, his alleged conduct is the same kind of conduct that we will NEVER tolerate, and that we will always investigate, and regularly prosecute."" https://t.co/xFOg9DrhV3",RapidResponse47,2026-04-28T20:38:27.000Z,2049226763880845576,https://x.com/RapidResponse47/status/2049226763880845576,".@DAGToddBlanche: ""Today, a grand jury sitting in the Eastern District of North Carolina returned an indictment against James Comey on two counts.""

Count one: Knowingly and willfully making a threat to take the life of, and to inflict bodily harm upon, the President of the United States

Count two: Knowingly and willfully transmitting an interstate commerce of communication that contained a threat to kill the President of the United States

""It's fair to say that threatening the life of anybody is dangerous and potentially a crime; threatening the life of the President of the United States will never be tolerated by the Department of Justice.""",13_2049226338523836416,video,https://github.com/vidproject/x/releases/download/media-RapidResponse47/13_2049226338523836416.mp4,213
RapidResponse47,core,2026-04-28T23:32:00.000Z,2049270437385769435,https://x.com/RapidResponse47/status/2049270437385769435,".@POTUS: ""He made a great speech! I was very jealous.""

🇺🇸🇬🇧 https://t.co/VMrv8je7b0",RapidResponse47,2026-04-28T23:29:12.000Z,2049269730544890165,https://x.com/RapidResponse47/status/2049269730544890165,.@POTUS and @FLOTUS welcome His Majesty King Charles III and Queen Camilla back to the White House for tonight's official state dinner 🇺🇸🇬🇧 https://t.co/XOwPa6WBZN,13_2049269494556823552,video,https://github.com/vidproject/x/releases/download/media-RapidResponse47/13_2049269494556823552.mp4,16
RapidResponse47,core,2026-04-29T12:34:09.000Z,2049467271706268082,https://x.com/RapidResponse47/status/2049467271706268082,".@DAGToddBlanche: ""You cannot threaten the President of the United States. That's not my decision, that's Congress' decision, in a law that they passed — and so, yes, of course this is a serious case."" https://t.co/IC9YroOhs9",RapidResponse47,2026-04-28T20:38:27.000Z,2049226763880845576,https://x.com/RapidResponse47/status/2049226763880845576,".@DAGToddBlanche: ""Today, a grand jury sitting in the Eastern District of North Carolina returned an indictment against James Comey on two counts.""

Count one: Knowingly and willfully making a threat to take the life of, and to inflict bodily harm upon, the President of the United States

Count two: Knowingly and willfully transmitting an interstate commerce of communication that contained a threat to kill the President of the United States

""It's fair to say that threatening the life of anybody is dangerous and potentially a crime; threatening the life of the President of the United States will never be tolerated by the Department of Justice.""",13_2049226338523836416,video,https://github.com/vidproject/x/releases/download/media-RapidResponse47/13_2049226338523836416.mp4,213
RapidResponse47,core,2026-04-29T20:21:43.000Z,2049584936944882103,https://x.com/RapidResponse47/status/2049584936944882103,".@VP: ""Political violence right now is coming not exclusively, but largely from one side of the aisle... If you're part of the left wing in this country, you gotta look yourself in the mirror and say, 'Why is it that so many of the people who are firing guns at their political opponents agree with my perspective and listen to the same sources of information that I listen to?'""",RapidResponse47,2026-04-29T20:12:42.000Z,2049582670959509807,https://x.com/RapidResponse47/status/2049582670959509807,"""What an amazing job the agents of the Secret Service do,"" says @VP on the White House Correspondents' Dinner attack.

""I just feel very grateful to them... and frankly, grateful to God that that agent who was shot was not seriously hurt."" https://t.co/0vgBosAJuB",13_2049582044494077954,video,https://github.com/vidproject/x/releases/download/media-RapidResponse47/13_2049582044494077954.mp4,1
RapidResponse47,core,2026-04-30T19:28:35.000Z,2049933954266890291,https://x.com/RapidResponse47/status/2049933954266890291,".@POTUS: ""I just took all the restrictions off so Scotland and Kentucky can start dealing again, and I did it in honor of the King and Queen, who just left... it was a big deal. They've been trying to get this for a long time."" https://t.co/CrR7L8F3Bm",RapidResponse47,2026-04-30T18:31:38.000Z,2049919621587677525,https://x.com/RapidResponse47/status/2049919621587677525,https://t.co/4oSz4nql2j,3_2049919615640236032,photo,,122
RapidResponse47,core,2026-04-30T20:25:56.000Z,2049948389727490540,https://x.com/RapidResponse47/status/2049948389727490540,".@POTUS on Iran: They're either going to agree to no nuclear weapons or they're not, and if they're not, they're in big trouble—BIG—even bigger than they are right now. https://t.co/2d5YoMRHns",RapidResponse47,2026-04-30T20:21:03.000Z,2049947157117993106,https://x.com/RapidResponse47/status/2049947157117993106,"""We have to have guarantees they will never have a nuclear weapon,"" says @POTUS on Iran.

""Iran would use the nuclear weapon if they had it... And we're not going to give them a chance to do it."" https://t.co/M0KFCoSncu",13_2049946639503159296,video,https://github.com/vidproject/x/releases/download/media-RapidResponse47/13_2049946639503159296.mp4,0
RapidResponse47,core,2026-04-30T20:27:55.000Z,2049948885292834890,https://x.com/RapidResponse47/status/2049948885292834890,".@POTUS on @jimmykimmel: ""He's a lowlife — he always has been. He shouldn't be on TV. I don't know how a guy can be on TV where the network gets free airwaves from the U.S. government and spend 100% of his time knocking Republicans... It's not supposed to work that way."" https://t.co/0auDWxwcCC",RapidResponse47,2026-04-27T17:28:10.000Z,2048816486249107686,https://x.com/RapidResponse47/status/2048816486249107686,https://t.co/ypj5RACM52,3_2048816476203728896,photo,,157
RapidResponse47,core,2026-05-01T14:45:58.000Z,2050225218665267331,https://x.com/RapidResponse47/status/2050225218665267331,".@StephenMoore: ""This is an amazing new concept that @POTUS came up with. You're talking about over 40M people who will now not just be workers, but they'll be owners... it's a good deal for workers!"" https://t.co/AC4c1ifCJ5",RapidResponse47,2026-04-30T19:01:36.000Z,2049927165139992816,https://x.com/RapidResponse47/status/2049927165139992816,".@POTUS: ""Beginning at the start of next year, every American will be able to go to http://TrumpIRA.Gov and open a new, low-cost IRA account. You'll then be able to access the same type of retirement accounts that federal employees enjoy... which are incredible."" https://t.co/Lzls0OxO55",13_2049926912491880448,video,https://github.com/vidproject/x/releases/download/media-RapidResponse47/13_2049926912491880448.mp4,282
RapidResponse47,core,2026-05-01T16:31:43.000Z,2050251831658397914,https://x.com/RapidResponse47/status/2050251831658397914,".@POTUS: ""We're doing everything right now, in terms of the negotiation, telephonically. They've made strides, but I'm not sure if they ever get there."" https://t.co/2Xdrcs5JTf",RapidResponse47,2026-05-01T16:29:54.000Z,2050251376219832672,https://x.com/RapidResponse47/status/2050251376219832672,".@POTUS on Iran: ""They want to make a deal, but I'm not satisfied with it, so we'll see what happens."" https://t.co/7H4jkuLXuh",13_2050251011374100480,video,https://github.com/vidproject/x/releases/download/media-RapidResponse47/13_2050251011374100480.mp4,74
RapidResponse47,core,2026-05-01T16:40:11.000Z,2050253965606941171,https://x.com/RapidResponse47/status/2050253965606941171,".@POTUS: ""We just had a conversation with Iran. Let's see what happens, but I would say that I'm not happy... They've got to come up with the right deal. At this moment, I'm not satisfied with what they're offering."" https://t.co/UoOYeRwIaM",RapidResponse47,2026-05-01T16:29:54.000Z,2050251376219832672,https://x.com/RapidResponse47/status/2050251376219832672,".@POTUS on Iran: ""They want to make a deal, but I'm not satisfied with it, so we'll see what happens."" https://t.co/7H4jkuLXuh",13_2050251011374100480,video,https://github.com/vidproject/x/releases/download/media-RapidResponse47/13_2050251011374100480.mp4,74
RapidResponse47,core,2026-05-01T16:45:49.000Z,2050255381733974326,https://x.com/RapidResponse47/status/2050255381733974326,".@POTUS: ""We're on our way to another victory—a big victory—and I don't think that it's Constitutional what they're asking for. These are not patriotic people that are asking."" https://t.co/5DYHNchRVW",RapidResponse47,2026-05-01T16:33:41.000Z,2050252327097926098,https://x.com/RapidResponse47/status/2050252327097926098,"REPORTER: Why are you not seeking Congressional approval to extend this?

@POTUS: ""Because it's never been sought before... but we're always in touch with Congress. Nobody's ever sought it before, nobody's ever asked for it before... why should we be different?"" https://t.co/8L8n4xOzJm",13_2050251475595468800,video,https://github.com/vidproject/x/releases/download/media-RapidResponse47/13_2050251475595468800.mp4,19
RapidResponse47,core,2026-05-01T16:49:37.000Z,2050256338412814750,https://x.com/RapidResponse47/status/2050256338412814750,".@POTUS: ""America First, including with airlines... If we can help them, we will — but we have to come first. We're first. It's America First."" https://t.co/yWMeiwOkG6",RapidResponse47,2026-05-01T16:40:39.000Z,2050254080883163419,https://x.com/RapidResponse47/status/2050254080883163419,".@POTUS on Spirit Airlines: ""If we can do it, we'll do it, but only if it's a good deal... I said I'd like to save the jobs, but we'll have an announcement sometime today. We gave them a final proposal."" https://t.co/WavYNXvCrF",13_2050253636970614784,video,https://github.com/vidproject/x/releases/download/media-RapidResponse47/13_2050253636970614784.mp4,0
RapidResponse47,core,2026-05-01T19:22:32.000Z,2050294819293933985,https://x.com/RapidResponse47/status/2050294819293933985,.@POTUS is on the ground in Florida 🛬 https://t.co/P97d1UQL3L,RapidResponse47,2026-05-01T17:08:56.000Z,2050261198520701419,https://x.com/RapidResponse47/status/2050261198520701419,".@POTUS is wheels up for The Villages, Florida, where he'll speak about his Administration's actions to improve the lives of our great seniors 🛫 https://t.co/NjKfJLGMFJ",13_2050260960305192960,video,https://github.com/vidproject/x/releases/download/media-RapidResponse47/13_2050260960305192960.mp4,10
RapidResponse47,core,2026-05-01T21:31:34.000Z,2050327292866334930,https://x.com/RapidResponse47/status/2050327292866334930,".@POTUS: Today, we delivered a huge win for our great fishermen and anglers here in Florida. We've just officially approved ALL STATE PERMITS for the 2026 Red Snapper recreational season. https://t.co/KTN8XkjC4R",RapidResponse47,2026-05-01T15:55:34.000Z,2050242735878045778,https://x.com/RapidResponse47/status/2050242735878045778,https://t.co/mCVCb5SBEX,3_2050242732791091200,photo,,0
RapidResponse47,core,2026-05-02T22:48:53.000Z,2050709139194609818,https://x.com/RapidResponse47/status/2050709139194609818,https://t.co/YbCKlqSXI5,RapidResponse47,2026-05-02T22:40:24.000Z,2050707001756258373,https://x.com/RapidResponse47/status/2050707001756258373,".@POTUS on Iran's latest proposal: ""I'm looking at it [on the plane]. I'll let you know about it later... They told me about the concept of the deal. They're going to give me the exact wording now."" https://t.co/MDLcVXYP9r",13_2050706614865346560,video,https://github.com/vidproject/x/releases/download/media-RapidResponse47/13_2050706614865346560.mp4,41
RapidResponse47,core,2026-05-03T20:45:27.000Z,2051040464153751989,https://x.com/RapidResponse47/status/2051040464153751989,Always working https://t.co/VGvpwmLUl3,RapidResponse47,2026-05-03T19:19:05.000Z,2051018729559912625,https://x.com/RapidResponse47/status/2051018729559912625,.@POTUS visits with fans at the @PGATOUR Cadillac Championship today at Trump National Doral Miami https://t.co/hFggfH2JQA,13_2051018381780774912,video,https://github.com/vidproject/x/releases/download/media-RapidResponse47/13_2051018381780774912.mp4,12
RapidResponse47,core,2026-05-04T17:11:09.000Z,2051348921385984389,https://x.com/RapidResponse47/status/2051348921385984389,".@TreyYingst: ""He talked about Project Freedom... issuing a new warning to the Iranian regime — saying if the Iranians try to target U.S. ships in this area, they will be 'blown off the face of the Earth.'"" https://t.co/I3pCHcA77n",RapidResponse47,2026-05-04T16:59:09.000Z,2051345900878942423,https://x.com/RapidResponse47/status/2051345900878942423,"Trump vows Iran will be 'blown off the face of the Earth' if they intervene in Project Freedom
https://www.foxnews.com/live-news/trump-iran-war-hormuz-strait-may-4",,,,33
RapidResponse47,core,2026-05-05T12:13:44.000Z,2051636459371663820,https://x.com/RapidResponse47/status/2051636459371663820,".@SecWar: ""To what remains of Iran's forces: if you attack American troops or innocent commercial shipping, you will face overwhelming and devastating American firepower... We prefer this to be a peaceful operation, but are locked and loaded to defend our people."" https://t.co/sYmye3gGzv",RapidResponse47,2026-05-05T12:12:10.000Z,2051636066961027277,https://x.com/RapidResponse47/status/2051636066961027277,".@SecWar on Project Freedom: ""This operation is separate and distinct from Operation Epic Fury. Project Freedom is defensive in nature, focused in scope, and temporary in duration—with one mission: protecting innocent commercial shipping from Iranian aggression."" https://t.co/nieRMAoVAj",13_2051635950229372936,video,https://github.com/vidproject/x/releases/download/media-RapidResponse47/13_2051635950229372936.mp4,0
RapidResponse47,core,2026-05-05T15:14:16.000Z,2051681891762282701,https://x.com/RapidResponse47/status/2051681891762282701,".@POTUS: ""Today, I sign a Proclamation recognizing national youth sports and fitness and I'll also sign the very first copy of the new, revitalized Presidential Fitness Test award — a certificate in recognition of achievement of the gold standard of physical fitness."" https://t.co/9qCXvZp2on",RapidResponse47,2026-05-05T15:09:14.000Z,2051680627120869741,https://x.com/RapidResponse47/status/2051680627120869741,".@POTUS: ""We're thrilled to have so many young athletes here at the White House and in the Oval Office on this magnificent Spring day... to celebrate America's athletic traditions and champions in physical fitness."" https://t.co/IJI2RGH7pl",13_2051680366881062913,video,https://github.com/vidproject/x/releases/download/media-RapidResponse47/13_2051680366881062913.mp4,0
RapidResponse47,core,2026-05-05T19:22:26.000Z,2051744344923615255,https://x.com/RapidResponse47/status/2051744344923615255,".@SecRubio: ""This is not an offensive operation. This is a defensive operation, and what that means is very simple: there’s no shooting unless we're shot at first. We’re not attacking them, but if they're attacking us or they’re attacking a ship, you need to respond to that."" https://t.co/XdXvdMkSaY",RapidResponse47,2026-05-05T19:20:39.000Z,2051743897869525473,https://x.com/RapidResponse47/status/2051743897869525473,".@SecRubio on Project Freedom: The goal of it is to rescue almost 23,000 civilians from 87 different countries that are trapped inside the Gulf, and left for dead in the Persian Gulf by the Iranian regime. For more than two months now, these innocent sailors have been stranded. https://t.co/BB77Oq3Kou",13_2051743805301309454,video,https://github.com/vidproject/x/releases/download/media-RapidResponse47/13_2051743805301309454.mp4,0
RapidResponse47,core,2026-05-07T17:47:59.000Z,2052445355220840511,https://x.com/RapidResponse47/status/2052445355220840511,https://t.co/K2pYWJ0dxa,RapidResponse47,2026-05-07T14:06:53.000Z,2052389711159632330,https://x.com/RapidResponse47/status/2052389711159632330,".@MarkHamill is one sick individual.

These Radical Left lunatics just can’t help themselves.

This kind of rhetoric is exactly what has inspired three assassination attempts in two years against our President. https://t.co/daJqcyssm7",3_2052389707841974272,photo,https://github.com/vidproject/x/releases/download/media-RapidResponse47/3_2052389707841974272.jpg,564
RapidResponse47,core,2026-05-07T19:50:00.000Z,2052476059447161032,https://x.com/RapidResponse47/status/2052476059447161032,"""My child should have been safe in any city in this country, and she wasn’t. I blame Chicago, I do. This was not a Loyola problem, this was a Chicago problem—and she would be here. This was preventable. They had several opportunities to cooperate with ICE, and they didn't."" https://t.co/EbIY4BYbBq",RapidResponse47,2026-05-07T19:29:04.000Z,2052470790419861793,https://x.com/RapidResponse47/status/2052470790419861793,"Sheridan Gorman's mother speaks out:

""I thought the first day, with the police coming to our door and falling to my knees, I thought that was the worst, but every day is worse. I have to walk by her bedroom, our dogs lay on her bed all day..."" 💔

Democrat politicians and their sanctuary policies have devastated this beautiful family. This was a policy choice.",13_2052469456446640129,video,https://github.com/vidproject/x/releases/download/media-RapidResponse47/13_2052469456446640129.mp4,45
RapidResponse47,core,2026-05-08T00:54:04.000Z,2052552579519799616,https://x.com/RapidResponse47/status/2052552579519799616,".@POTUS on Iran: ""The talks are going very well — but they have to understand, if it doesn't get signed, they're going to have a lot of pain."" https://t.co/YMDngHlk0g",RapidResponse47,2026-05-08T00:51:08.000Z,2052551841276145912,https://x.com/RapidResponse47/status/2052551841276145912,"""Is the ceasefire with Iran still on?""

@POTUS: ""They trifled with us today. We blew 'em away... If there's no ceasefire, you're not going to have to know. You're just gonna have to look at one big glow coming out of Iran — and they better sign their agreement fast."" https://t.co/yp74HmwZDl",13_2052551380942917632,video,https://github.com/vidproject/x/releases/download/media-RapidResponse47/13_2052551380942917632.mp4,67
RapidResponse47,core,2026-05-08T16:47:38.000Z,2052792553360249272,https://x.com/RapidResponse47/status/2052792553360249272,".@POTUS: These incredibly brave and resilient women have turned terrible tragedy into unyielding resolve, becoming advocates so that other mothers do not have to endure the same heartache that they’ve felt. In their honor, we've rapidly turned the worst and most dangerous border in the history of our country into the strongest border in American history. 🙏🩷",RapidResponse47,2026-05-08T13:42:47.000Z,2052746032623026399,https://x.com/RapidResponse47/status/2052746032623026399,"President Trump To Host Angel Moms, Gold Star Mothers For Mother’s Day Luncheon https://www.dailywire.com/news/exclusive-president-trump-to-host-angel-moms-gold-star-mothers-for-mothers-day-luncheon",,,,0
RapidResponse47,core,2026-05-08T22:58:32.000Z,2052885894210670931,https://x.com/RapidResponse47/status/2052885894210670931,".@POTUS: ""We've had a lot of great victories. We had a big victory today in Virginia, as you know."" https://t.co/NjIeCkCLyA",RapidResponse47,2026-05-08T14:53:44.000Z,2052763891751383487,https://x.com/RapidResponse47/status/2052763891751383487,https://t.co/9Edn2ZI76V,3_2052763886927986693,photo,,67
RapidResponse47,core,2026-05-11T15:23:42.000Z,2053858593355579728,https://x.com/RapidResponse47/status/2053858593355579728,".@SenKatieBritt: ""This is another example of promises made, promises kept... now, more people are going to have access [to fertility benefits] through their employer, just like they would dental or vision insurance."" https://t.co/4Xy9pX1GGi",RapidResponse47,2026-05-11T15:09:47.000Z,2053855090558025904,https://x.com/RapidResponse47/status/2053855090558025904,"🚨@POTUS: ""Today, I'm please to announce that @USDOL is issuing a new rule to formally create a fertility benefit option for employers that can be offered to all employees, outside of their normal health insurance plans.""

""[This] will be a major help for millions of American moms that will result in more beautiful American babies.""",13_2053854552491687936,video,https://github.com/vidproject/x/releases/download/media-RapidResponse47/13_2053854552491687936.mp4,26
RapidResponse47,core,2026-05-11T15:27:24.000Z,2053859524642034060,https://x.com/RapidResponse47/status/2053859524642034060,"""I have personally used http://TrumpRx.gov and I've saved thousands of dollars on my medication. As @POTUS mentioned, a lot of insurances did not cover this. It looks like they will be now, so that's wonderful. Thank you."" https://t.co/M5rRTEDk9l",RapidResponse47,2026-05-11T15:09:47.000Z,2053855090558025904,https://x.com/RapidResponse47/status/2053855090558025904,"🚨@POTUS: ""Today, I'm please to announce that @USDOL is issuing a new rule to formally create a fertility benefit option for employers that can be offered to all employees, outside of their normal health insurance plans.""

""[This] will be a major help for millions of American moms that will result in more beautiful American babies.""",13_2053854552491687936,video,https://github.com/vidproject/x/releases/download/media-RapidResponse47/13_2053854552491687936.mp4,26
RapidResponse47,core,2026-05-12T13:51:50.000Z,2054197862045471026,https://x.com/RapidResponse47/status/2054197862045471026,"""What he tried to stop after the Trump Admin. took over"" was the Trump Administration's work to END THE CORRUPTION! This chyron says it all! https://t.co/sKqH5rqlJB",RapidResponse47,2026-05-12T13:50:20.000Z,2054197484398793038,https://x.com/RapidResponse47/status/2054197484398793038,"This loser is the epitome of the Deep State who stonewalled all attempts to rid the FBI of the corruption and politicization it weaponized against President Trump and so many others.

He got fired — so naturally, he went crying to Fake News CNN about it. https://t.co/buUZEMb4x6",3_2054196163276881920,photo,,26
RapidResponse47,core,2026-05-12T18:42:59.000Z,2054271132388200691,https://x.com/RapidResponse47/status/2054271132388200691,WHEELS UP FOR CHINA! 🛫 https://t.co/Mtwu1VPQNY,RapidResponse47,2026-05-12T18:31:32.000Z,2054268253266927971,https://x.com/RapidResponse47/status/2054268253266927971,".@POTUS departs for China, where he'll make the first state visit by a U.S. President since his last visit in 2017 🛫 https://t.co/qAJaTsKL8r",13_2054268074044338176,video,https://github.com/vidproject/x/releases/download/media-RapidResponse47/13_2054268074044338176.mp4,37
RapidResponse47,core,2026-05-13T12:14:54.000Z,2054535856535261357,https://x.com/RapidResponse47/status/2054535856535261357,.@POTUS is presented with flowers as a welcome to China https://t.co/aY4pZGftNr,RapidResponse47,2026-05-13T12:13:06.000Z,2054535403189772646,https://x.com/RapidResponse47/status/2054535403189772646,".@POTUS steps off Air Force One in Beijing ahead of his historic Summit this week.

He is greeted on the tarmac by Chinese Vice President Hang Zhang, @USAmbChina, and other dignitaries. https://t.co/oyJXJIYVvl",13_2054535310113980416,video,https://github.com/vidproject/x/releases/download/media-RapidResponse47/13_2054535310113980416.mp4,31
RapidResponse47,core,2026-05-13T18:33:20.000Z,2054631092490059952,https://x.com/RapidResponse47/status/2054631092490059952,".@AFergusonFTC: ""The states should be our partners with this. We want to partner with the states, but what we aren’t going to do, as stewards of the American taxpayer dollar, is to send those dollars—billions of them—to the states, to line the pockets of state attorneys general, who don’t want to participate in protecting our benefits programs so that the people who really need them... actually get the money.""",RapidResponse47,2026-05-13T18:24:36.000Z,2054628893487698051,https://x.com/RapidResponse47/status/2054628893487698051,".@VP: ""Today, we are sending, across 50 Medicaid programs, letters that will require them to show that they are effectively and aggressively prosecuting Medicaid fraud in their states—and, if they do not... we are going to turn off the money that goes to these anti-fraud units."" https://t.co/8ii4K1FnpR",13_2054628439689232384,video,https://github.com/vidproject/x/releases/download/media-RapidResponse47/13_2054628439689232384.mp4,0
RapidResponse47,core,2026-05-13T18:38:25.000Z,2054632372348276969,https://x.com/RapidResponse47/status/2054632372348276969,".@DrOzCMS: ""In February, we had the largest anti-fraud announcement from @CMSGov... today's effort is larger. It's MUCH larger—and there's a reason for that. Half of the fraud, we believe, in the federal government, could be coming out of healthcare services."" https://t.co/8rrjYVJBSM",RapidResponse47,2026-05-13T18:24:36.000Z,2054628893487698051,https://x.com/RapidResponse47/status/2054628893487698051,".@VP: ""Today, we are sending, across 50 Medicaid programs, letters that will require them to show that they are effectively and aggressively prosecuting Medicaid fraud in their states—and, if they do not... we are going to turn off the money that goes to these anti-fraud units."" https://t.co/8ii4K1FnpR",13_2054628439689232384,video,https://github.com/vidproject/x/releases/download/media-RapidResponse47/13_2054628439689232384.mp4,0
RapidResponse47,core,2026-05-13T18:42:15.000Z,2054633336719417429,https://x.com/RapidResponse47/status/2054633336719417429,.@DrOzCMS announces a nationwide moratorium on new hospice and home healthcare licenses due to the massive scale of fraud until states better comply with the Trump Administration's efforts to restore integrity to the programs https://t.co/Vtigc0jPfX,RapidResponse47,2026-05-13T18:37:53.000Z,2054632237472043030,https://x.com/RapidResponse47/status/2054632237472043030,MUST WATCH: @DrOzCMS outlines the stunning level of suspected Medicaid and hospice fraud in California uncovered by the @WHFraudTF https://t.co/Z5t9IryCjV,13_2054631991660642304,video,https://github.com/vidproject/x/releases/download/media-RapidResponse47/13_2054631991660642304.mp4,0
RapidResponse47,core,2026-05-13T18:44:57.000Z,2054634014770708703,https://x.com/RapidResponse47/status/2054634014770708703,".@VP: I’m sure there are going to be some politicians who say what we're doing here is harming the Medicaid program. We’re trying to SAVE the Medicaid program from dysfunctional state bureaucrats. If you allow billions more dollars to go out the door, not to healthcare services for low-income families, but to fraudsters, you are eventually going to destroy the Medicaid program.",RapidResponse47,2026-05-13T18:24:36.000Z,2054628893487698051,https://x.com/RapidResponse47/status/2054628893487698051,".@VP: ""Today, we are sending, across 50 Medicaid programs, letters that will require them to show that they are effectively and aggressively prosecuting Medicaid fraud in their states—and, if they do not... we are going to turn off the money that goes to these anti-fraud units."" https://t.co/8ii4K1FnpR",13_2054628439689232384,video,https://github.com/vidproject/x/releases/download/media-RapidResponse47/13_2054628439689232384.mp4,0
RapidResponse47,core,2026-05-15T04:16:54.000Z,2055140339749454237,https://x.com/RapidResponse47/status/2055140339749454237,".@POTUS: ""Nice place. I like this place. I could get used to this."" 🤣 https://t.co/5ams4A1sA6",RapidResponse47,2026-05-15T04:14:12.000Z,2055139661345894532,https://x.com/RapidResponse47/status/2055139661345894532,.@POTUS tours the gardens with President Xi at Zhongnanhai https://t.co/tZsVNZJ0m1,13_2055139394839793664,video,https://github.com/vidproject/x/releases/download/media-RapidResponse47/13_2055139394839793664.mp4,119
RapidResponse47,core,2026-05-15T06:28:24.000Z,2055173434536059051,https://x.com/RapidResponse47/status/2055173434536059051,.@POTUS gives his signature fist pump and one final wave as he boards Air Force One following his historic state visit to China https://t.co/HGXravRpMA,RapidResponse47,2026-05-15T06:26:27.000Z,2055172941067817234,https://x.com/RapidResponse47/status/2055172941067817234,.@POTUS bids farewell to Chinese officials at Beijing Capital Airport as he concludes his historic state visit to China https://t.co/siMCWwbJPe,13_2055172756308742144,video,https://github.com/vidproject/x/releases/download/media-RapidResponse47/13_2055172756308742144.mp4,52
RapidResponse47,core,2026-05-16T14:21:09.000Z,2055654794811916664,https://x.com/RapidResponse47/status/2055654794811916664,"""For every person that slips through the cracks because of a crooked judge, we're going to get 10 people who actually go to prison,"" says @VP on prosecuting blue state fraud.

""We're coming up with a number of legal theories that will allow us, under the system that we have, to prosecute people for fraud in jurisdictions where they're actually going to face justice.""",RapidResponse47,2026-05-16T14:14:23.000Z,2055653090099974411,https://x.com/RapidResponse47/status/2055653090099974411,".@VP: ""We don’t really know how bad the fraud problem is because until Donald Trump became president, nobody actually took a serious look at it... What we do know is that lot of Americans are being taken advantage of, and whatever the scale is, it’s big enough to really matter."" https://t.co/5Zzkoa5u8z",13_2055652684309434368,video,https://github.com/vidproject/x/releases/download/media-RapidResponse47/13_2055652684309434368.mp4,63
RapidResponse47,core,2026-05-18T13:45:10.000Z,2056370511236530474,https://x.com/RapidResponse47/status/2056370511236530474,UPDATE: https://t.co/IBmVrHzSrd,RapidResponse47,2025-08-26T19:20:02.000Z,1960422001195024558,https://x.com/RapidResponse47/status/1960422001195024558,"""We didn't take a stake in the sense that it was reported. Everyone said I bought a stake in Intel — no, I got it for free,"" says @POTUS.

""I said, 'We'd be a great partner.' I want to see Intel do well. Intel was a great company, and it can be a great company again."" https://t.co/NOUEsnEAkk",13_1960421318643388416,video,https://github.com/vidproject/x/releases/download/media-RapidResponse47/13_1960421318643388416.mp4,18
RapidResponse47,core,2026-05-18T21:36:53.000Z,2056489224702927287,https://x.com/RapidResponse47/status/2056489224702927287,"""This is yet another example of this administration, under @POTUS' leadership, making life more affordable,"" says @DrOzCMS.

""You should not buy a drug in America without first checking the best transparency site ever created for medications..."" 👉 http://TrumpRx.gov https://t.co/OA98K5lLXx",RapidResponse47,2026-05-18T21:27:16.000Z,2056486805487153426,https://x.com/RapidResponse47/status/2056486805487153426,"🚨 @POTUS announces a major expansion of http://TrumpRx.gov to feature more than 600 new generic prescription drugs — delivering even more transparency, choice, and savings for Americans. https://t.co/MuPLuYLSB2",13_2056486513571962880,video,https://github.com/vidproject/x/releases/download/media-RapidResponse47/13_2056486513571962880.mp4,14
RapidResponse47,core,2026-05-18T21:41:41.000Z,2056490430905143437,https://x.com/RapidResponse47/status/2056490430905143437,".@mcuban, co-founder of @costplusdrugs: ""As our volumes go up, our costs go down, which means we'll be ending up charging less to people over a period of time... This is a special partnership. 559 of those drugs are ours, so we're really excited to be part of this."" https://t.co/F82ucCX7uw",RapidResponse47,2026-05-18T21:27:16.000Z,2056486805487153426,https://x.com/RapidResponse47/status/2056486805487153426,"🚨 @POTUS announces a major expansion of http://TrumpRx.gov to feature more than 600 new generic prescription drugs — delivering even more transparency, choice, and savings for Americans. https://t.co/MuPLuYLSB2",13_2056486513571962880,video,https://github.com/vidproject/x/releases/download/media-RapidResponse47/13_2056486513571962880.mp4,14
RapidResponse47,core,2026-05-19T14:36:37.000Z,2056745849384751438,https://x.com/RapidResponse47/status/2056745849384751438,".@POTUS: ""This is a gift. This is not going to be paid for by the taxpayer. We have a judge that thinks it's a terrible thing that we're making a gift... this is a gift to the United States of America—and more than a gift, it's going to be one of the most beautiful buildings that's ever been built in the country.""",RapidResponse47,2026-05-19T14:29:54.000Z,2056744160531820629,https://x.com/RapidResponse47/status/2056744160531820629,".@POTUS on the site of the East Wing modernization project: ""It will be something very special... there will never be another building like this built."" https://t.co/0vAJRGfTeH",13_2056743687275659264,video,https://github.com/vidproject/x/releases/download/media-RapidResponse47/13_2056743687275659264.mp4,9
RapidResponse47,core,2026-05-19T14:38:36.000Z,2056746348016234791,https://x.com/RapidResponse47/status/2056746348016234791,".@POTUS: ""They're building a hospital. It's a military hospital. They're building all sorts of research facilities, also meeting rooms... the ballroom is really a shield and protecting all of the things that are built here."" https://t.co/wthaK39jP2",RapidResponse47,2026-05-19T14:29:54.000Z,2056744160531820629,https://x.com/RapidResponse47/status/2056744160531820629,".@POTUS on the site of the East Wing modernization project: ""It will be something very special... there will never be another building like this built."" https://t.co/0vAJRGfTeH",13_2056743687275659264,video,https://github.com/vidproject/x/releases/download/media-RapidResponse47/13_2056743687275659264.mp4,9
RapidResponse47,core,2026-05-19T15:01:15.000Z,2056752046099791879,https://x.com/RapidResponse47/status/2056752046099791879,".@POTUS: ""It's a sad thing"" that some can't appreciate his D.C. beautification efforts:

""I want to see Washington be beautiful. To me, it's very important... We didn't have one [fountain] in Washington that worked—and soon, they'll all be working."" https://t.co/4TlNSl4shn",RapidResponse47,2026-05-19T14:10:38.000Z,2056739310364143983,https://x.com/RapidResponse47/status/2056739310364143983,"The historic cascading fountain at Meridian Hill Park in D.C. is flowing after a decade of disrepair and decay — all thanks to President Trump's relentless effort to make our nation's capital beautiful again.

REMEMBER — DECLINE IS A CHOICE! https://t.co/IHLZt0rU4z",13_2056738882691989504,video,https://github.com/vidproject/x/releases/download/media-RapidResponse47/13_2056738882691989504.mp4,34
RapidResponse47,core,2026-05-19T17:50:15.000Z,2056794578624164233,https://x.com/RapidResponse47/status/2056794578624164233,".@VP: ""We are not going to have a deal that allows the Iranians to have a nuclear weapon — so as @POTUS just told me, we're locked and loaded. We don't want to go down that pathway, but the President is willing and able to go down that pathway if we have to."" https://t.co/mbNgP3PNZc",RapidResponse47,2026-05-19T17:47:22.000Z,2056793853651247328,https://x.com/RapidResponse47/status/2056793853651247328,".@VP: ""Iran can never have a nuclear weapon... Iran would really be the first domino in what would set off a nuclear arms race all over the world. That's very, very bad for the safety of our country."" https://t.co/PlkJE2cx1G",13_2056793185829998593,video,https://github.com/vidproject/x/releases/download/media-RapidResponse47/13_2056793185829998593.mp4,19
RapidResponse47,core,2026-05-19T20:01:48.000Z,2056827682130731298,https://x.com/RapidResponse47/status/2056827682130731298,"This is about far more than water and landscaping; it’s about rekindling national pride in the city that represents the American Republic.

A rejection of mediocrity and a renewed commitment to excellence.

A signal to the world that we will not settle for inferiority.",RapidResponse47,2026-05-19T14:10:38.000Z,2056739310364143983,https://x.com/RapidResponse47/status/2056739310364143983,"The historic cascading fountain at Meridian Hill Park in D.C. is flowing after a decade of disrepair and decay — all thanks to President Trump's relentless effort to make our nation's capital beautiful again.

REMEMBER — DECLINE IS A CHOICE! https://t.co/IHLZt0rU4z",13_2056738882691989504,video,https://github.com/vidproject/x/releases/download/media-RapidResponse47/13_2056738882691989504.mp4,34
RapidResponse47,core,2026-05-19T23:33:58.000Z,2056881075616469278,https://x.com/RapidResponse47/status/2056881075616469278,".@POTUS: ""I join @FLOTUS in congratulating the House of Representatives on passing the Fostering the Future Act... this afternoon to modernize foster care, an issue close to @FLOTUS' heart—and hopefully, it will quickly pass in the Senate."" https://t.co/EQx4Ru26CP",RapidResponse47,2026-05-19T23:30:11.000Z,2056880125967204631,https://x.com/RapidResponse47/status/2056880125967204631,".@FLOTUS at the White House Congressional Picnic: ""I have breaking news: today, the House passed the Fostering the Future Act... Senators, we have momentum. Now, it's your turn to bring the Fostering the Future Act across the finish line."" https://t.co/0LY59AHHuA",13_2056879938729304066,video,https://github.com/vidproject/x/releases/download/media-RapidResponse47/13_2056879938729304066.mp4,21
RapidResponse47,core,2026-05-20T15:56:40.000Z,2057128382601548082,https://x.com/RapidResponse47/status/2057128382601548082,".@SecMullinDHS says @POTUS was bragging about the heroes of the @USCG on the plane ride over:

""For me to stand in front of you today and be able to introduce him to the 1%ers, I take that as one of the greatest honors of my life."" https://t.co/OlS5CL7bv3",RapidResponse47,2026-05-20T15:53:43.000Z,2057127639660282038,https://x.com/RapidResponse47/status/2057127639660282038,".@SecMullinDHS introduces @POTUS at the @USCGAcademy: ""You're our first line of defense to protecting the homeland, and our president, our Commander-in-Chief, he believes in Peace Through Strength, but he also understands that not everybody believes in peace, and some people only respect strength—and because of the great men and women who sit in front of me today, you give our Commander-in-Chief the options.""",13_2057127104307662848,video,https://github.com/vidproject/x/releases/download/media-RapidResponse47/13_2057127104307662848.mp4,4
RapidResponse47,core,2026-05-20T17:45:43.000Z,2057155826951873020,https://x.com/RapidResponse47/status/2057155826951873020,".@DAGToddBlanche in Miami: There’s a reason why we are here, and not in Washington, D.C., to announce this indictment. The community here understands the history of the Cuban regime better than anyone in America. https://t.co/L2TYiEVb63",RapidResponse47,2026-05-20T17:41:34.000Z,2057154778858172825,https://x.com/RapidResponse47/status/2057154778858172825,"🚨 ""Today, we are announcing an indictment charging Raúl Castro, and several others, with conspiracy to kill U.S. nationals,"" says @DAGToddBlanche in Miami.

""My message today is clear: the United States and @POTUS does not, and will not, forget its citizens."" https://t.co/gAlRAzbvUi",13_2057154481842782208,video,https://github.com/vidproject/x/releases/download/media-RapidResponse47/13_2057154481842782208.mp4,55
RapidResponse47,core,2026-05-20T18:51:48.000Z,2057172455827874240,https://x.com/RapidResponse47/status/2057172455827874240,"""What's coming next for Cuba?""

@POTUS: ""We're going to see. It's a failing nation, you see that—it's falling apart... but we're there to help. We're there to help the families, the people."" https://t.co/9BFA3JVfP1",RapidResponse47,2026-05-20T18:49:57.000Z,2057171988104257968,https://x.com/RapidResponse47/status/2057171988104257968,".@POTUS on the indictment of Raul Castro: ""The Cuban population of Miami, and certainly beyond Miami... appreciate what the Attorney General just did today... We have Cuba on our mind—very important."" https://t.co/pJ74rkrL5a",13_2057171647593910272,video,https://github.com/vidproject/x/releases/download/media-RapidResponse47/13_2057171647593910272.mp4,14
RapidResponse47,core,2026-05-20T19:00:14.000Z,2057174575918600527,https://x.com/RapidResponse47/status/2057174575918600527,".@POTUS: On Iran, I had no choice because they were going to have a nuclear weapon, but that's going to end soon, one way or the other. Oil is going to come tumbling down. We have 1600 ships in the Strait that are loaded up with oil that are going to be coming out very soon. https://t.co/L5nhCK9TNR",RapidResponse47,2026-05-20T18:55:02.000Z,2057173270206595088,https://x.com/RapidResponse47/status/2057173270206595088,".@POTUS on Iran: ""It's right on the borderline, believe me. If we don't get the right answers, it goes very quickly. We're all ready to go. We have to get the right answers — it would have to be a complete 100% good answers."" https://t.co/LGFDQW4Z3h",13_2057172992900071424,video,https://github.com/vidproject/x/releases/download/media-RapidResponse47/13_2057172992900071424.mp4,63
RapidResponse47,core,2026-05-21T16:03:07.000Z,2057492394271019249,https://x.com/RapidResponse47/status/2057492394271019249,".@kroger CEO Greg Foran thanks @POTUS for this historic new announcement: ""An orderly transition of equipment reduces both capital costs and operating costs and, at the end of the day, that’s good for consumers because we’re able to take that and put that into lowering prices."" https://t.co/oeVfvhqjqq",RapidResponse47,2026-05-21T15:53:49.000Z,2057490054289694825,https://x.com/RapidResponse47/status/2057490054289694825,".@POTUS: Today, it's my honor to be taking a very historic action to substantially lower costs for consumers, protect hundreds of thousands of jobs, and save Americans well over $2B a year by officially terminating the Biden Administration’s ridiculous regulations imposing costly requirements on refrigerators and air conditioners.",13_2057489786982531072,video,https://github.com/vidproject/x/releases/download/media-RapidResponse47/13_2057489786982531072.mp4,53
RapidResponse47,core,2026-05-21T16:05:23.000Z,2057492965069553955,https://x.com/RapidResponse47/status/2057492965069553955,".@epaleezeldin on @POTUS' announcement terminating costly Biden-era regulations on refrigerators and air conditioners: ""Once again, the Trump Administration’s answering the call, which will lower the cost of living for hardworking American families."" https://t.co/H3YXYiEwo8",RapidResponse47,2026-05-21T15:53:49.000Z,2057490054289694825,https://x.com/RapidResponse47/status/2057490054289694825,".@POTUS: Today, it's my honor to be taking a very historic action to substantially lower costs for consumers, protect hundreds of thousands of jobs, and save Americans well over $2B a year by officially terminating the Biden Administration’s ridiculous regulations imposing costly requirements on refrigerators and air conditioners.",13_2057489786982531072,video,https://github.com/vidproject/x/releases/download/media-RapidResponse47/13_2057489786982531072.mp4,53
RapidResponse47,core,2026-05-21T16:09:45.000Z,2057494061016133683,https://x.com/RapidResponse47/status/2057494061016133683,"Kevin McDaniel, owner of chain of Piggly Wiggly food stores: ""We want to thank President Trump for rolling this terrible Biden legislation back because without it, there would have been a lot of independents out of business... it's just not a refrigerant change, it was an equipment change.""",RapidResponse47,2026-05-21T15:53:49.000Z,2057490054289694825,https://x.com/RapidResponse47/status/2057490054289694825,".@POTUS: Today, it's my honor to be taking a very historic action to substantially lower costs for consumers, protect hundreds of thousands of jobs, and save Americans well over $2B a year by officially terminating the Biden Administration’s ridiculous regulations imposing costly requirements on refrigerators and air conditioners.",13_2057489786982531072,video,https://github.com/vidproject/x/releases/download/media-RapidResponse47/13_2057489786982531072.mp4,53
RapidResponse47,core,2026-05-21T16:54:44.000Z,2057505383229358541,https://x.com/RapidResponse47/status/2057505383229358541,"Assistant AG Colin McDonald: ""Today's charges are unprecedented. They include the highest loss amount ever charged in a Medicaid case in Minnesota and the largest autism fraud scheme ever charged by the Department of Justice."" https://t.co/4X3NiPoW8d",RapidResponse47,2026-05-21T16:52:09.000Z,2057504733074489516,https://x.com/RapidResponse47/status/2057504733074489516,"Assistant AG Colin McDonald: ""Today, we are announcing criminal charges against 15 defendants in Minnesota for fraud schemes that targeted over $90 million in taxpayer dollars... This is the beginning of our work in Minnesota. The fraud here in Minnesota is shocking."" https://t.co/5YAj8jz8D0",13_2057504575297388544,video,https://github.com/vidproject/x/releases/download/media-RapidResponse47/13_2057504575297388544.mp4,69
RapidResponse47,core,2026-05-21T16:58:40.000Z,2057506373500285095,https://x.com/RapidResponse47/status/2057506373500285095,"Assistant AG Colin McDonald: ""This is just the beginning... @TheJusticeDept will continue expanding our reach across the country to pursue all fraud... Since April 1, @DOJFraudDiv has announced over 450 fraud enforcement actions nationwide."" https://t.co/fy1Konk419",RapidResponse47,2026-05-21T16:52:09.000Z,2057504733074489516,https://x.com/RapidResponse47/status/2057504733074489516,"Assistant AG Colin McDonald: ""Today, we are announcing criminal charges against 15 defendants in Minnesota for fraud schemes that targeted over $90 million in taxpayer dollars... This is the beginning of our work in Minnesota. The fraud here in Minnesota is shocking."" https://t.co/5YAj8jz8D0",13_2057504575297388544,video,https://github.com/vidproject/x/releases/download/media-RapidResponse47/13_2057504575297388544.mp4,69
RapidResponse47,core,2026-05-21T17:00:34.000Z,2057506851294531897,https://x.com/RapidResponse47/status/2057506851294531897,"Assistant AG Colin McDonald: ""My message to the Minnesota community and to all of America is this: if you see something that seems too good to be true, tell us... A culture of fraud has taken root."" https://t.co/H4YeGcDuGh",RapidResponse47,2026-05-21T16:52:09.000Z,2057504733074489516,https://x.com/RapidResponse47/status/2057504733074489516,"Assistant AG Colin McDonald: ""Today, we are announcing criminal charges against 15 defendants in Minnesota for fraud schemes that targeted over $90 million in taxpayer dollars... This is the beginning of our work in Minnesota. The fraud here in Minnesota is shocking."" https://t.co/5YAj8jz8D0",13_2057504575297388544,video,https://github.com/vidproject/x/releases/download/media-RapidResponse47/13_2057504575297388544.mp4,69
RapidResponse47,core,2026-05-21T17:02:09.000Z,2057507248180441330,https://x.com/RapidResponse47/status/2057507248180441330,.@SecKennedy demonstrates the staggering impact of the fraud that is being uncovered in Minnesota https://t.co/nDcviVEMFv,RapidResponse47,2026-05-21T16:52:09.000Z,2057504733074489516,https://x.com/RapidResponse47/status/2057504733074489516,"Assistant AG Colin McDonald: ""Today, we are announcing criminal charges against 15 defendants in Minnesota for fraud schemes that targeted over $90 million in taxpayer dollars... This is the beginning of our work in Minnesota. The fraud here in Minnesota is shocking."" https://t.co/5YAj8jz8D0",13_2057504575297388544,video,https://github.com/vidproject/x/releases/download/media-RapidResponse47/13_2057504575297388544.mp4,69
RapidResponse47,core,2026-05-21T17:04:29.000Z,2057507835920208365,https://x.com/RapidResponse47/status/2057507835920208365,".@SecKennedy: ""Investigators uncovered brazen schemes that billed taxpayers for nonexistent services, fraudulent diagnoses, and fake care, while criminals enriched themselves at public expense... When criminals exploit these programs, taxpayers lose billions and vulnerable children lose their access to care.""",RapidResponse47,2026-05-21T16:52:09.000Z,2057504733074489516,https://x.com/RapidResponse47/status/2057504733074489516,"Assistant AG Colin McDonald: ""Today, we are announcing criminal charges against 15 defendants in Minnesota for fraud schemes that targeted over $90 million in taxpayer dollars... This is the beginning of our work in Minnesota. The fraud here in Minnesota is shocking."" https://t.co/5YAj8jz8D0",13_2057504575297388544,video,https://github.com/vidproject/x/releases/download/media-RapidResponse47/13_2057504575297388544.mp4,69
RapidResponse47,core,2026-05-21T17:05:47.000Z,2057508165416010029,https://x.com/RapidResponse47/status/2057508165416010029,".@AFergusonFTC: ""Today is about bringing justice to the fraudsters at an unprecedented pace... This is going to become the new norm for American fraud prosecutions."" https://t.co/duV0SNvThf",RapidResponse47,2026-05-21T16:52:09.000Z,2057504733074489516,https://x.com/RapidResponse47/status/2057504733074489516,"Assistant AG Colin McDonald: ""Today, we are announcing criminal charges against 15 defendants in Minnesota for fraud schemes that targeted over $90 million in taxpayer dollars... This is the beginning of our work in Minnesota. The fraud here in Minnesota is shocking."" https://t.co/5YAj8jz8D0",13_2057504575297388544,video,https://github.com/vidproject/x/releases/download/media-RapidResponse47/13_2057504575297388544.mp4,69
RapidResponse47,core,2026-05-21T17:17:36.000Z,2057511135683674490,https://x.com/RapidResponse47/status/2057511135683674490,".@DrOzCMS: ""We are all up here because we love these programs. Medicaid is the fundamental payer of last resort for our most needy, most vulnerable citizens, and when we're unable to keep these programs alive because of fraudsters, it hurts all of us deeply — and that's what happened here in Minnesota.""",RapidResponse47,2026-05-21T16:52:09.000Z,2057504733074489516,https://x.com/RapidResponse47/status/2057504733074489516,"Assistant AG Colin McDonald: ""Today, we are announcing criminal charges against 15 defendants in Minnesota for fraud schemes that targeted over $90 million in taxpayer dollars... This is the beginning of our work in Minnesota. The fraud here in Minnesota is shocking."" https://t.co/5YAj8jz8D0",13_2057504575297388544,video,https://github.com/vidproject/x/releases/download/media-RapidResponse47/13_2057504575297388544.mp4,69
RapidResponse47,core,2026-05-21T23:06:20.000Z,2057598900307902888,https://x.com/RapidResponse47/status/2057598900307902888,".@DrOzCMS: “These indictments and arrests were made in record time, in part because everyone was working together, which is I think what the American people would like to see if we have decided something is wrong.” https://t.co/k21taEBs7W",RapidResponse47,2026-05-21T16:52:09.000Z,2057504733074489516,https://x.com/RapidResponse47/status/2057504733074489516,"Assistant AG Colin McDonald: ""Today, we are announcing criminal charges against 15 defendants in Minnesota for fraud schemes that targeted over $90 million in taxpayer dollars... This is the beginning of our work in Minnesota. The fraud here in Minnesota is shocking."" https://t.co/5YAj8jz8D0",13_2057504575297388544,video,https://github.com/vidproject/x/releases/download/media-RapidResponse47/13_2057504575297388544.mp4,69
RapidResponse47,core,2026-05-22T15:58:15.000Z,2057853555675975743,https://x.com/RapidResponse47/status/2057853555675975743,"""No one in America is better prepared to lead the Federal Reserve than Kevin Warsh.""

@POTUS highlights the incredible experience of Kevin Warsh prior to his swearing-in as Chairman of the Federal Reserve Board of Governors. https://t.co/l7mJ7SSJQ0",RapidResponse47,2026-05-22T15:53:39.000Z,2057852396487819718,https://x.com/RapidResponse47/status/2057852396487819718,".@POTUS: ""Today, I'm thrilled to welcome you to the White House... for the swearing-in of our new Chairman of the Federal Reserve Board of Governors, Kevin Warsh.

I expect he will go down as one of the truly great chairmen of the Federal Reserve that we've ever had."" https://t.co/dVgzd0vrNX",13_2057852124155785216,video,https://github.com/vidproject/x/releases/download/media-RapidResponse47/13_2057852124155785216.mp4,24
RapidResponse47,core,2026-05-26T18:41:50.000Z,2059344274706022867,https://x.com/RapidResponse47/status/2059344274706022867,".@StephenM: Our country's systems were set up on the honor system. But we became a society — as we've seen with the Somali refugee people in Minnesota — where you have a large number not playing by the rules, and the amount fleeced from us is in the hundreds of billions. https://t.co/DwaTsPH9V5",RapidResponse47,2026-05-26T18:36:57.000Z,2059343044298543195,https://x.com/RapidResponse47/status/2059343044298543195,".@StephenM at a meeting of the @WHFraudTF: ""Within weeks of this task force being established, we've seen the largest-ever slate of indictments, recovered funds, search warrants, raids, seizures, investigations, and new legal actions to stop, disrupt, and prevent fraud."" https://t.co/4oOYAmwm7k",13_2059342467678302208,video,https://github.com/vidproject/x/releases/download/media-RapidResponse47/13_2059342467678302208.mp4,27
RapidResponse47,core,2026-05-29T19:13:43.000Z,2060439460387475769,https://x.com/RapidResponse47/status/2060439460387475769,Los Angeles resident: http://Aliens.gov shows people that ICE is doing the right thing by getting criminals out of their communities. https://t.co/EDIWaXFaeg,WhiteHouse,2026-05-28T22:32:36.000Z,2060127126611718214,https://x.com/WhiteHouse/status/2060127126611718214,"They walk among us.

http://ALIENS.GOV https://t.co/PkUHcT7igg",13_2060127004016394246,video,https://github.com/vidproject/x/releases/download/media-WhiteHouse/13_2060127004016394246.mp4,9628
RapidResponse47,core,2026-06-04T19:59:06.000Z,2062625208427503634,https://x.com/RapidResponse47/status/2062625208427503634,".@epaleezeldin: ""The Democrats were running for power, to sit at this desk, and to leverage that power to destroy these [coal] communities. Enter President Trump. He has saved clean, beautiful coal — and it's been an honor to be a part of it."" https://t.co/XLOMfizyZ8",RapidResponse47,2026-06-04T19:39:07.000Z,2062620179356651928,https://x.com/RapidResponse47/status/2062620179356651928,".@POTUS: ""Today, we're taking historic action to bring down the price of energy and the cost of living for all Americans with the power of clean, beautiful coal... As a result of the $700M investment that I'm announcing today, we will protect 14 coal plants and 42 coal mines, and build 2 new coal plants and one massive new export terminal... these actions will support over 14,000 jobs and save the American people $50B in electricity costs.""",13_2062619771426729984,video,,52
RealTomHoman,core,2023-03-25T16:03:10.000Z,1639659196143529986,https://x.com/RealTomHoman/status/1639659196143529986,"When you make promises that you can enter our country illegally, not be detained, flown to any city of their choice and given work authorization for years while your case lingers, the most vulnerable people in the world will put themselves in the hands of criminal cartels and",RealTomHoman,2023-03-25T15:28:42.000Z,1639650522134134787,https://x.com/RealTomHoman/status/1639650522134134787,https://www.foxnews.com/us/texas-authorities-say-least-2-migrants-dead-dozen-injured-suffocating-train-car,,,,0
RealTomHoman,core,2023-10-19T23:58:34.000Z,1715155509613924677,https://x.com/RealTomHoman/status/1715155509613924677,https://t.co/NNDgchUpBa,CBP,2023-10-19T14:03:46.000Z,1715005826396516453,https://x.com/CBP/status/1715005826396516453,"On Saturday, Brownsville CBP officers extracted 100lbs of methamphetamine from a vehicle, following non-intrusive and K9 inspections. ⬇️

https://x.com/CBPSouthTexas/status/1714365908636823916",,,,0
RealTomHoman,core,2023-11-15T14:47:58.000Z,1724801420204106203,https://x.com/RealTomHoman/status/1724801420204106203,"If a noncitizen receives a final order of removal through their immigration court proceedings, they will be taken into custody, or remain in custody, and are subject to removal from the U.S.  These are our immigration laws, and it would take an act of Congress to change them.",CBP,2023-11-15T12:10:17.000Z,1724761737012936970,https://x.com/CBP/status/1724761737012936970,"If a noncitizen receives a final order of removal through their immigration court proceedings, they will be taken into custody, or remain in custody, and are subject to removal from the U.S.

These are our immigration laws, and it would take an act of Congress to change them. https://t.co/Iu9HaZkVRO",7_1724760456852652032,video,https://github.com/vidproject/x/releases/download/media-CBP/7_1724760456852652032.mp4,0
RealTomHoman,core,2023-11-16T14:54:33.000Z,1725165464152617179,https://x.com/RealTomHoman/status/1725165464152617179,"U.S. Immigration laws, those sneaking in are not eligible to remain in the United States. We will win in the courts.

The biggest deportation operation in history is coming!",CBP,2023-11-16T12:45:14.000Z,1725132922414350537,https://x.com/CBP/status/1725132922414350537,"Under U.S. immigration laws, most noncitizens coming to our border are not eligible to remain in the United States. Asylum laws do not provide for relief solely for economic reasons or for general violence.

Learn ➡️ https://DHS.gov/immigrationlaws https://t.co/KNVvlKepsS",3_1725132918203310080,photo,https://github.com/vidproject/x/releases/download/media-CBP/3_1725132918203310080.jpg,0
RealTomHoman,core,2023-12-12T15:14:12.000Z,1734592495248413015,https://x.com/RealTomHoman/status/1734592495248413015,"Under Title 8, individuals and families who arrive without authorization will be subject to removal.

Biggest deportation in U.S. history, coming soon.",CBP,2023-12-12T12:30:11.000Z,1734551217861275926,https://x.com/CBP/status/1734551217861275926,"Under Title 8, individuals and families who arrive without authorization will be subject to removal and noncitizens can be returned to their country of origin. Do not put your life at risk by taking the dangerous journey only to be sent back.

Learn ➡️ https://DHS.gov/immigrationlaws https://t.co/DTqWTFV2KU",7_1734549962749280256,video,https://github.com/vidproject/x/releases/download/media-CBP/7_1734549962749280256.mp4,0
RealTomHoman,core,2023-12-13T12:17:03.000Z,1734910300279742682,https://x.com/RealTomHoman/status/1734910300279742682,"Moroccan migrant who praised Biden as he arrived at US-Mexico border now complains he is homeless in New York City because he can't find a job.
Read article here:
https://www.dailymail.co.uk/news/article-12856011/Moroccan-migrant-praised-Biden-homeless-New-York-City.html",RealTomHoman,2023-12-10T23:33:23.000Z,1733993343883870453,https://x.com/RealTomHoman/status/1733993343883870453,"His own statements show he doesn’t qualify for asylum.
He is one of thousands.",,,,0
RealWaKhan,public,2025-09-24T23:32:35.000Z,1970994803627393087,https://x.com/RealWaKhan/status/1970994803627393087,We fully endorse the message.,USDOL,2025-09-23T21:25:23.000Z,1970600405093523686,https://x.com/USDOL/status/1970600405093523686,"End H-1B abuse.

Hire Americans FIRST. https://t.co/6TpQtvxZI3",3_1970600402040041472,photo,https://github.com/vidproject/x/releases/download/media-USDOL/3_1970600402040041472.jpg,124
RealWaKhan,public,2026-05-22T15:05:13.000Z,2057840208859557998,https://x.com/RealWaKhan/status/2057840208859557998,"All of those 1.2 million ""green card backloggers""  will now have to go back to India and wait. They applied through employment based visas and high % of their sponsors were actually shell tech firms!",DHSgov,2026-05-22T13:33:55.000Z,2057817233200418837,https://x.com/DHSgov/status/2057817233200418837,"An alien who is in the U.S. temporarily and wants a Green Card must return to their home country to apply.

This policy allows our immigration system to function as the law intended instead of incentivizing loopholes.

The era of abusing our nation’s immigration system is over.",,,,3032
ReichlinMelnick,public,2026-04-22T00:42:25.000Z,2046751441935638588,https://x.com/ReichlinMelnick/status/2046751441935638588,"Chief Bovino claims, on the basis of numbers he pulled out of the thin air, that there are 100 million undocumented immigrants in the country; which would mean between 1 in 3 people in the country is undocumented.

His numbers are a fantasy. Here is the reality. https://t.co/XPqpJv6SId",GregoryKBovino,2026-04-21T23:59:39.000Z,2046740680874352965,https://x.com/GregoryKBovino/status/2046740680874352965,"Nice catch Old Patrol!  I hadn’t seen this one!!  Hernando Arce was asking for a breakdown - so let’s start at 12 million forty years ago.  No net loss of illegal aliens during that time, just massive increases each year.  Some years millions. For sake of stats, say it amounted to a million a year.  That’s 50 million right there, pre Biden.  Then the greatest influx of illegal aliens this country has ever seen from AROUND THE WORLD.  Some estimates at 20 to 30 million, however we have not a clue as 80% of border was unmonitored for 4 years!  Probably more than that.  That’s 80 million, minumum.  .  Another 20 million refugees , visa overstays and other an and we arrive at 100 million.  These numbers must coincide with common sense ( the scientific method always relies on common sense).  That common sense was the horror we saw on the ground nationwide.  Entire sections of major cities FILLED with illegal aliens.  No part of America is free from this.  100 million, easy.  We have a massive problem, Old Patrol",,,,0
ReichlinMelnick,public,2026-04-22T12:26:35.000Z,2046928652990894266,https://x.com/ReichlinMelnick/status/2046928652990894266,"To believe Chief Bovino's ridiculous claim that there were 15 million undocumented immigrants in 1975, you'd have to ALSO believe that 12+ million people deliberately chose not to get green cards and a path to citizenship during the Reagan amnesty in 1986.",GregoryKBovino,2026-04-22T06:40:31.000Z,2046841561804386414,https://x.com/GregoryKBovino/status/2046841561804386414,@ReichlinMelnick It was 15 million inn1975 Aaron.  Living in fantasyland I see,,,,0
ReichlinMelnick,public,2026-04-23T01:50:47.000Z,2047131034739753138,https://x.com/ReichlinMelnick/status/2047131034739753138,"Cite your research. Because if you genuinely think “common sense” says that between 1 in 3 and 1 in 4 people in the country are undocumented, it’s no wonder you were accused of racial profiling.

Your own agency thinks your numbers are completely made up, by the way.",GregoryKBovino,2026-04-23T01:45:19.000Z,2047129661680087371,https://x.com/GregoryKBovino/status/2047129661680087371,"@ReichlinMelnick Aaron, the 100 million is a solid figure.  No conspiracy theories, just research melded with 30 years as an immigration officer mixed in with this thing called common sense",,,,81
ReichlinMelnick,public,2026-06-11T18:35:01.000Z,2065140764066095165,https://x.com/ReichlinMelnick/status/2065140764066095165,"The United States has had birthright citizenship for 250 years, and it's done pretty damn well!

And also, as has been pointed out dozens and dozens of times before, birthright citizenship is not unique to this country and in fact is the norm in the entire Western Hemisphere. https://t.co/g8xADHPJ7C",WhiteHouse,2026-06-11T14:57:09.000Z,2065085938171043929,https://x.com/WhiteHouse/status/2065085938171043929,"""The United States States of America cannot live with the shackles of Birthright Citizenship. It is not economically, or otherwise, sustainable, and no other Country in the World, of consequence, does it!"" - President Donald J. Trump https://t.co/EO6UcsoN7J",3_2065085921217667072,photo,,286
ReichlinMelnick,public,2026-06-11T18:48:43.000Z,2065144213910495526,https://x.com/ReichlinMelnick/status/2065144213910495526,"Again, the idea that the Biden admin ""lost"" children is completely false. This all stems from a @DHSOIG report which determined that ICE attorneys had, from 2019-2023 (half Trump, half Biden), failed to start court proceedings for 291,000 children — not that they were ""lost."" https://t.co/EZz8xAyyFl",DHSgov,2026-06-11T18:44:25.000Z,2065143132342161588,https://x.com/DHSgov/status/2065143132342161588,"The Biden Administration LOST countless unaccompanied minor children.

Many of these kids were victims of sex and human trafficking, and allowed to live with unvetted sponsors.

@POTUS Trump and @SecMullinDHS are committed to rescuing these children. https://t.co/3gxhawQBKm",13_2065143059034083328,video,https://github.com/vidproject/x/releases/download/media-DHSgov-0004/13_2065143059034083328.mp4,24
RepDanBishop,public,2021-05-28T20:52:48.000Z,1398381768676347906,https://x.com/RepDanBishop/status/1398381768676347906,American law will not abide critical race theory’s state-sanctioned racism. Outstanding work by @America1stLegal and leadership by @StephenM,StephenM,2021-05-28T20:06:08.000Z,1398370022754590720,https://x.com/StephenM/status/1398370022754590720,BREAKING: @America1stLegal has just secured a Preliminary Injunction for our restaurant-owning clients victimized by Biden’s unlawful race discrimination. This is just the beginning of our battle against institutional racism. Support our legal fight today: https://secure.winred.com/america-first-legal-foundation/donate-today,,,,0
RepDanBishop,public,2025-02-22T01:40:34.000Z,1893113622680748324,https://x.com/RepDanBishop/status/1893113622680748324,It gets better every day,RapidResponse47,2025-02-22T00:35:05.000Z,1893097141448405261,https://x.com/RapidResponse47/status/1893097141448405261,🚨 President Donald J. Trump announces Air Force Lt. Gen. Dan “Razin” Caine as Chairman of the Joint Chiefs of Staff. https://t.co/XbFl9anG11,3_1893097138818519040 3_1893097138814332930,photo photo, ,216
RepDanBishop,public,2025-02-28T19:27:41.000Z,1895556496802594851,https://x.com/RepDanBishop/status/1895556496802594851,"America First.

What an incredible moment.",RapidResponse47,2025-02-28T18:03:37.000Z,1895535340582289614,https://x.com/RapidResponse47/status/1895535340582289614,This is what it looks like when you have a President and Vice President who stand up for America. 🇺🇸 https://t.co/9jKhCxkOgN,7_1895535170058321920,video,,500
RepDanBishop,public,2025-03-10T14:47:43.000Z,1899109919682424945,https://x.com/RepDanBishop/status/1899109919682424945,"The previous admin used this app to bring over 900k illegals into our country.

Time for them to go home.

There’s a new sheriff in town!",PressSec,2025-03-10T13:35:46.000Z,1899091814549762057,https://x.com/PressSec/status/1899091814549762057,🚨Trump Admin repurposes controversial CBP One app to encourage self-deportations https://www.foxnews.com/politics/leave-now-trump-admin-repurposes-controversial-cbp-one-app-encourage-self-deportations,,,,146
RepDanBishop,public,2025-03-19T18:26:33.000Z,1902426484737999213,https://x.com/RepDanBishop/status/1902426484737999213,"Promises made, promises kept",RapidResponse47,2025-03-19T18:20:43.000Z,1902425012960718932,https://x.com/RapidResponse47/status/1902425012960718932,"TRUMP EFFECT: Furniture manufacturer shuts down Canadian operations, moves production to N. Carolina
https://www.furnituretoday.com/tariffs/furniture-manufacturer-shuts-down-canadian-operations-moves-production-to-n-carolina/",,,,163
RepDanBishop,public,2025-05-11T02:19:51.000Z,1921389763405160511,https://x.com/RepDanBishop/status/1921389763405160511,"When I was in Congress, the leftists were calling what Stephen describes stochastic terrorism. Again, I don’t make the rules.",StephenM,2025-05-10T18:32:44.000Z,1921272208657141881,https://x.com/StephenM/status/1921272208657141881,"The conduct of the Democrat Party in vilifying, demonizing and attacking our brave ICE officers has created an extraordinarily perilous environment for our ICE heroes.

Democrats have become deeply and dangerously radicalized.",,,,485
RepDanGoldman,public,2026-03-24T13:31:53.000Z,2036435839740227725,https://x.com/RepDanGoldman/status/2036435839740227725,"If we should be “thanking” one party for keeping TSA unfunded causing long lines, then shouldn’t we thank the party that has voted against TSA funding 7 times?

That’s the Republican Party.

This all could be resolved if you’d agree to make ICE follow the law. But we’re even willing to carve ICE out and fund the rest, but @POTUS says no because he won’t make a deal with Democrats.",DHSgov,2026-03-23T13:15:15.000Z,2036069264747008300,https://x.com/DHSgov/status/2036069264747008300,Thank a Democrat.,,,,2009
RepDanGoldman,public,2026-05-23T16:57:15.000Z,2058230792640233841,https://x.com/RepDanGoldman/status/2058230792640233841,"For over 70 years, adjusting your status to a Green Card from within the US has been the standard pathway to achieve permanent legal status.

Now Trump wants to change that solely to inflict damage on our immigrants and mixed families by forcing people to wait often years in their home country.

This is a stupid as it is cruel. And it solely targets legal immigrants.

We won’t let this happen.",USCIS,2026-05-22T14:05:32.000Z,2057825189035999517,https://x.com/USCIS/status/2057825189035999517,"USCIS is applying long-standing law and prior court decisions to require certain aliens with temporary visas who decide they want to permanently reside in the U.S. to return to their home countries to apply for permanent visas through the @StateDept.

We're returning to the original intent of the law to ensure aliens navigate our nation’s immigration system properly.

Here’s what you should know: https://www.uscis.gov/newsroom/news-releases/us-citizenship-and-immigration-services-will-grant-adjustment-of-status-only-in-extraordinary",3_2057824435046924288,photo,https://github.com/vidproject/x/releases/download/media-USCIS/3_2057824435046924288.jpg,560
RepDanGoldman,public,2026-05-26T23:28:05.000Z,2059416313433321859,https://x.com/RepDanGoldman/status/2059416313433321859,"Fact check: False ⭐

If anyone still believes @ICEgov after they’ve been found to lie to courts of law numerous times, they should have their heads checked.

Immigration detainees with no criminal records are being held under the same, and in some cases worse, restrictive conditions as criminal defendants.

At MDC Brooklyn:
- Detainees are forced to remain in their cells for as long as 22 hours a day
- Water provided is brown and filled with sediment
- Requests for medical care are repeatedly denied, including for kidney pain and dental infections
- There are strict restrictions on phone calls that limit access to legal representation

@ICEgov - I've seen it in person. You're lying.",ICEgov,2026-05-26T13:59:36.000Z,2059273248924168681,https://x.com/ICEgov/status/2059273248924168681,"The facts are:

⭐All detainees are provided with 3 meals a day, clean water, clothing, bedding, showers, soap, and toiletries.

⭐Illegal aliens also have access to phones to communicate with their family members and lawyers.

⭐Certified dieticians evaluate meals.

⭐In fact, ICE has higher detention standards than most U.S. prisons that hold actual U.S. citizens.",,,,74
RepEliCrane,public,2025-03-27T13:30:39.000Z,1905251120416514115,https://x.com/RepEliCrane/status/1905251120416514115,"Great work.

President Trump and his team are making America safe again.",PressSec,2025-03-27T11:55:29.000Z,1905227171075137980,https://x.com/PressSec/status/1905227171075137980,"🚨Top MS-13 leader arrested in Virginia🚨

This is what happens when you have competent federal leadership working with state/local law enforcement on the ground!

Bravo ⁦@AGPamBondi⁩ ⁦@FBIDirectorKash⁩ @GovernorVA⁩ ⁦⁦@RealTomHoman⁩ https://www.foxnews.com/us/top-ms-13-leader-arrested-virginia",,,,129
RepEliCrane,public,2025-03-29T17:26:26.000Z,1906035233155080293,https://x.com/RepEliCrane/status/1906035233155080293,🇺🇸,StephenM,2025-03-29T16:44:32.000Z,1906024686674133371,https://x.com/StephenM/status/1906024686674133371,"The fundamental error in how immigration is being discussed in the courts and media is pretending that what happened to us over the last four years is a routine civil enforcement matter.

NO.

We were invaded and occupied. Entire neighborhoods were conquered.

Entire towns were subjugated.

Our treasury was in the plundered.

Our democracy was torn apart piece by piece.

A national referendum was held on whether to surrender to the invasion or repel it.

America voted for liberation.

If every foreign trespasser gets to have their own federal trial prior to removal then there is no liberation. There is no restoration. The invasion will be made complete.

Article 4 Section 4 requires the president to halt any invasion and no district court can override that mandate. For the Constitution is the supreme law of the land.

The invading armies and foreign trespassers will be expelled.

The cartels will be smashed.

Liberation will be achieved.",,,,1157
RepEliCrane,public,2025-03-30T16:02:35.000Z,1906376520035148033,https://x.com/RepEliCrane/status/1906376520035148033,"President Trump is spot on.

Congress needs to step up (for once) and use our oversight responsibilities to push back against this unprecedented assault by activist judges.

It will only get worse if we remain silent.",RapidResponse47,2025-03-30T13:54:57.000Z,1906344400667508854,https://x.com/RapidResponse47/status/1906344400667508854,https://t.co/WakvN9dhlY,3_1906344396787679232,photo,,120
RepEliCrane,public,2025-12-30T17:27:39.000Z,2006054590228144578,https://x.com/RepEliCrane/status/2006054590228144578,"Thank you, @SecVetAffairs.",RapidResponse47,2025-12-30T15:47:24.000Z,2006029362831778020,https://x.com/RapidResponse47/status/2006029362831778020,".@SecVetAffairs: A year of putting veterans first
https://thehill.com/opinion/healthcare/5664835-trump-administration-va-reforms/",,,,10
RepEliCrane,public,2025-12-30T21:17:06.000Z,2006112332523409743,https://x.com/RepEliCrane/status/2006112332523409743,"This chart says it all.

The border is secure.",PressSec,2025-12-30T13:54:15.000Z,2006000884443119770,https://x.com/PressSec/status/2006000884443119770,President Trump kept his promise to the American people and sealed the border. https://t.co/cYujmttdt7,3_2005997881904291840,photo,,192
RepEliCrane,public,2025-12-30T23:06:39.000Z,2006139900131750332,https://x.com/RepEliCrane/status/2006139900131750332,We should be killing the windmills.,RapidResponse47,2025-12-30T22:45:27.000Z,2006134568277938634,https://x.com/RapidResponse47/status/2006134568277938634,https://t.co/NJVUW9vFjo,3_2006134564943532032,photo,,155
RepEliCrane,public,2025-12-31T02:36:33.000Z,2006192725989736686,https://x.com/RepEliCrane/status/2006192725989736686,"True. Radical democrats usually do us the courtesy of admitting it.

What’s most concerning to me are the uniparty “republicans” that sit back and let it happen.",StephenM,2025-12-30T19:06:26.000Z,2006079447922008292,https://x.com/StephenM/status/2006079447922008292,"For decades, the structure of US society, by intent and design, was remade to redistribute wealth, resources, property and opportunity from Americans to non-Americans.

These looted assets were then used to finance the Democrat Party and all its subsidiary schemes and structures.",,,,797
RepEliCrane,public,2025-12-31T16:59:08.000Z,2006409802293923970,https://x.com/RepEliCrane/status/2006409802293923970,🇺🇸,RapidResponse47,2025-12-31T15:50:53.000Z,2006392624089825721,https://x.com/RapidResponse47/status/2006392624089825721,TONIGHT: The Illumination of America on the Washington Monument kicks off the celebration of America’s 250th birthday year 🇺🇸 https://t.co/uGQlE3r2e7,3_2006392610978463744 3_2006392610978455552,photo photo, ,94
RepEliCrane,public,2026-03-11T02:20:21.000Z,2031555799609168032,https://x.com/RepEliCrane/status/2031555799609168032,"Arizonans are grateful, @ICEgov.",ICEgov,2026-03-11T01:05:13.000Z,2031536891762278817,https://x.com/ICEgov/status/2031536891762278817,"AZ HUMAN SMUGGLING STASH HOUSE BUST NETS 23 ILLEGAL ALIEN ARRESTS

Two federal search warrants yielded the arrests after an ICE @HSIArizona probe with the U.S. Border Patrol.

The Phoenix-based alien smuggling cell allegedly coordinated pick up, transport and housing for illegal aliens from Mexico and other Central American countries.",3_2031536888670990336,photo,https://github.com/vidproject/x/releases/download/media-ICEgov-0002/3_2031536888670990336.png,133
RepEliCrane,public,2026-03-30T23:09:36.000Z,2038755551786553411,https://x.com/RepEliCrane/status/2038755551786553411,Deport.,RapidResponse47,2026-03-30T22:33:59.000Z,2038746588722364421,https://x.com/RapidResponse47/status/2038746588722364421,"This is Luis Calderon-Martinez, a criminal illegal from El Salvador and MS-13 gang member with convictions across three states for carjacking, hit-and-run, property damage, conspiracy to distribute meth/heroin/cocaine, DUI, and more.

@ICEgov arrested him this weekend.

This is the kind of enforcement Democrats are apparently against.",3_2038745833198465024,photo,https://github.com/vidproject/x/releases/download/media-RapidResponse47/3_2038745833198465024.jpg,84
RepEliCrane,public,2026-05-22T13:41:30.000Z,2057819140505637065,https://x.com/RepEliCrane/status/2057819140505637065,💯,RapidResponse47,2026-05-22T13:17:37.000Z,2057813132911821130,https://x.com/RapidResponse47/status/2057813132911821130,https://t.co/FBs7mhiTDL,3_2057813128667107328,photo,,133
RepEliCrane,public,2026-05-22T19:25:33.000Z,2057905724307431674,https://x.com/RepEliCrane/status/2057905724307431674,"Thank you for your service, Tulsi. We are all praying for you and your husband.",RapidResponse47,2026-05-22T17:37:37.000Z,2057878561839530409,https://x.com/RapidResponse47/status/2057878561839530409,https://t.co/hG4QvH4XpN,3_2057878558152814593,photo,,111
RepEliCrane,public,2026-06-05T16:53:24.000Z,2062940863118889138,https://x.com/RepEliCrane/status/2062940863118889138,"Good news for rural Arizonans.

Thank you, @POTUS.",WhiteHouse,2026-06-05T16:01:35.000Z,2062927826710401209,https://x.com/WhiteHouse/status/2062927826710401209,"President Trump is taking historic action to bring down the price of energy &amp; cost of living for ALL Americans with the power of clean, beautiful coal.

The investment will result in:
✅ 14 plants saved
✅ New plants built
✅ 14k + jobs
✅ $50B saved for American families https://t.co/dNq1YMZcWc",3_2062927529929785344 3_2062927529866940416 3_2062927529892048896 3_2062927529892098048,photo photo photo photo,   ,56
RepEricBurlison,public,2025-06-17T20:13:15.000Z,1935068240423575888,https://x.com/RepEricBurlison/status/1935068240423575888,"“Catch and release” was a total disaster.

Weak, pathetic, and dangerous.

NEVER AGAIN.",RapidResponse47,2025-06-17T17:30:05.000Z,1935027181819711947,https://x.com/RapidResponse47/status/1935027181819711947,🚨 Border agents didn’t release a single illegal migrant into the US last month — down from 64K under Biden https://nypost.com/2025/06/17/us-news/border-agents-didnt-release-a-single-illegal-migrant-into-the-us-last-month-border-patrol/,,,,18
RepEricBurlison,public,2025-09-23T15:36:40.000Z,1970512648929448342,https://x.com/RepEricBurlison/status/1970512648929448342,"Nobody voted for the Democrat radical agenda, so instead of listening and putting Americans first, they want to hold the government hostage until they get:

• Free healthcare for illegals
• Child genital mutilation
• Open borders

Dems are completely out of touch.",RapidResponse47,2025-09-23T13:44:46.000Z,1970484487625547886,https://x.com/RapidResponse47/status/1970484487625547886,https://t.co/f7uLA1c7tC,3_1970484453727178752,photo,,335
RepEricBurlison,public,2025-09-25T13:56:57.000Z,1971212330970313208,https://x.com/RepEricBurlison/status/1971212330970313208,"Welcome to the Show-Me State, Hobie.

Johnny Morris continues to put Southwest Missouri in a prime spot for growth. Incredible.

This is AMERICA FIRST. 🇺🇸",RapidResponse47,2025-09-25T13:43:34.000Z,1971208961715208469,https://x.com/RapidResponse47/status/1971208961715208469,"🚨 Bass Pro acquires sports brand Hobie, moves jobs from Mexico to U.S. https://fox2now.com/news/missouri/bass-pro-acquires-sports-brand-hobie-moves-jobs-from-mexico-to-u-s/",,,,13
RepEricBurlison,public,2025-09-26T17:49:40.000Z,1971633281759433063,https://x.com/RepEricBurlison/status/1971633281759433063,GO U.S.A.🇺🇸,RapidResponse47,2025-09-26T16:33:20.000Z,1971614074338414899,https://x.com/RapidResponse47/status/1971614074338414899,RYDER CUP: Scottie Scheffler gives @POTUS a fist pump — and J.J. Spaun brings out a TRUMP DANCE! 🔥 https://t.co/1gjZ7Re3Ce,13_1971613873376530432,video,,20
RepEricBurlison,public,2025-12-09T17:30:30.000Z,1998445161488212355,https://x.com/RepEricBurlison/status/1998445161488212355,"Sending the money to individuals instead of insurers would flip the power dynamic.

They’d have to earn your dollar instead of being handed your subsidy.

That’s the vision behind my MAHA proposal.",RapidResponse47,2025-12-09T15:18:22.000Z,1998411911193333989,https://x.com/RapidResponse47/status/1998411911193333989,"""Trillions of dollars goes to the insurance companies. I want that money to go to the people and let the people go out and buy their own healthcare,"" says @POTUS.

""But you know who doesn't want it? The Democrats... They're totally owned and bought by the insurance companies."" https://t.co/xcOkFOLwIE",13_1998407361342353408,video,,20
RepEricBurlison,public,2026-03-05T18:17:59.000Z,2029622467602370888,https://x.com/RepEricBurlison/status/2029622467602370888,"No more delay, no compromise.

Pass the Save America Act now. 🇺🇸",RapidResponse47,2026-03-05T14:45:22.000Z,2029568959087788190,https://x.com/RapidResponse47/status/2029568959087788190,https://t.co/EuzStJa4wr,3_2029568955153596416,photo,,172
RepEricBurlison,public,2026-03-09T14:15:37.000Z,2031011025294659948,https://x.com/RepEricBurlison/status/2031011025294659948,Day 23 of Democrats refusing to fund DHS.,DHSgov,2026-03-08T19:24:56.000Z,2030726477990461933,https://x.com/DHSgov/status/2030726477990461933,"SECURITY LINES OUT THE DOOR.

Americans are now missing their flights because of the Democrats shutdown of DHS. Their political stunt is forcing patriotic TSA officers to work without pay — leading to financial hardship, absences, and crippling staffing shortages.

Enough is enough: Democrats must fund DHS NOW.",13_2030726469186662400,video,https://github.com/vidproject/x/releases/download/media-DHSgov-0004/13_2030726469186662400.mp4,289
RepGlennIvey,public,2025-05-28T18:50:57.000Z,1927799775715270660,https://x.com/RepGlennIvey/status/1927799775715270660,"Respectfully @Sec_Noem, if you are so confident about your illegal deportation then you should present your “evidence” in court. Follow the Supreme Court’s 9-0 ruling and bring Kilmar home now. #DueProcess",DHSgov,2025-05-27T17:29:17.000Z,1927416834661220488,https://x.com/DHSgov/status/1927416834661220488,"Congressman, Kilmar Abrego Garcia is a confirmed MS-13 gang member, wife beater, human trafficker, and illegal alien from El Salvador - not your constituent.

While the mainstream media and politicians are fighting to bring a foreign terrorist and gang member back to U.S. soil, @POTUS Trump and @Sec_Noem are fighting for the victims of alien crime and putting the safety of Americans FIRST.",,,,143
RepPeteStauber,public,2025-02-25T21:15:48.000Z,1894496543001993699,https://x.com/RepPeteStauber/status/1894496543001993699,"Thanks to the Trump administration, the worst of the worst continue to be removed from our communities.

Why are these so-called “leaders” in the Twin Cities so eager to protect illegal sex offenders instead of their actual constituents???",RapidResponse47,2025-02-25T19:30:33.000Z,1894470057142419916,https://x.com/RapidResponse47/status/1894470057142419916,"In Saint Paul, ICE has arrested a Sudanese national convicted of rape of a victim under 13, a Mexican national convicted of criminal sexual conduct against a victim under 14, and a Laotian national convicted of child endangerment and criminal sexual conduct against a victim under 13.

— @AGEllison warns law enforcement of “liability if they enforce immigration detainers” and says protecting communities from violent illegal immigrant criminals is “not our job.”

— Mayor @melvincarter3 says targeting violent illegal immigrant criminals is “threaten[ing] our safe spaces” and calls it a “rapidly alarming situation.”

— City Council Vice President Hwa Jeong Kim reminds constituents that the police department “cannot and does not cooperate with ICE.”",3_1894470051199143937 3_1894470051228495873,photo photo, ,33
RepPeteStauber,public,2025-03-03T22:25:01.000Z,1896688290876821988,https://x.com/RepPeteStauber/status/1896688290876821988,"Can't wait!

I am honored that Jennifer Hegseth, along with Minnesota hockey legend Phil Verchota, will join me as guests at this historic address!",WhiteHouse,2025-03-03T14:08:44.000Z,1896563396717474273,https://x.com/WhiteHouse/status/1896563396717474273,🇺🇸TOMORROW NIGHT at 9 PM EST: President Trump delivers his first joint address to Congress. You won’t want to miss this! https://t.co/UlPkRQwqKs,3_1896562443406446592,photo,,1320
RepPeteStauber,public,2025-03-05T02:20:16.000Z,1897109878210252824,https://x.com/RepPeteStauber/status/1897109878210252824,America is back!,POTUS,2025-03-05T02:04:40.000Z,1897105955336093911,https://x.com/POTUS/status/1897105955336093911,"President Trump Addresses Joint Session of Congress, March 4, 2025 https://x.com/i/broadcasts/1rmGPydvOEVJN",,,,340
RepPeteStauber,public,2025-03-17T17:20:13.000Z,1901685013025804684,https://x.com/RepPeteStauber/status/1901685013025804684,Minnesotans are paying less for gas under President Trump!,RapidResponse47,2025-03-17T14:41:20.000Z,1901645030596428004,https://x.com/RapidResponse47/status/1901645030596428004,"MINNESOTA

Today: $2.96
One year ago: $3.21
Record: $4.76 (6/15/2022)",,,,8
RepPeteStauber,public,2025-05-19T16:52:52.000Z,1924508566292996187,https://x.com/RepPeteStauber/status/1924508566292996187,".@FBIDirectorKash is absolutely right- much of the fentanyl being trafficked into this country is coming through the northern border.

Luckily, @HouseGOP is working to pass one big, beautiful bill that includes provisions to help secure our northern border and protect border communities like #MN08.",RapidResponse47,2025-05-18T15:18:31.000Z,1924122432534614329,https://x.com/RapidResponse47/status/1924122432534614329,".@FBIDirectorKash: “In the first two, three months that we’ve been in the seat under Donald Trump’s administration, he has sealed  the border… Where is the fentanyl coming from still?… The northern border.” https://t.co/JPrQSXJvxD",13_1924122372061175808,video,,205
RepPeteStauber,public,2025-05-19T21:42:47.000Z,1924581525925847309,https://x.com/RepPeteStauber/status/1924581525925847309,👏👏👏👏👏,RapidResponse47,2025-05-19T20:34:01.000Z,1924564220487577929,https://x.com/RapidResponse47/status/1924564220487577929,"UPDATE: This criminal illegal immigrant — who Minnesota authorities let out of jail twice due to so-called ""sanctuary"" policies — is now in ICE custody. https://t.co/DUG3mKcOYL",3_1924564196768768000,photo,,30
RepPeteStauber,public,2025-06-12T18:50:19.000Z,1933235430419542307,https://x.com/RepPeteStauber/status/1933235430419542307,"Today is a great day for consumer choice - President Trump just ended California’s insane EV mandates.

Promises made, promises kept!",RapidResponse47,2025-06-12T15:50:33.000Z,1933190194519286174,https://x.com/RapidResponse47/status/1933190194519286174,"California's electric vehicle mandate would have instituted a ban on 100% on all new gas-powered cars and abolish 75% of gas-powered trucks.

Today, @POTUS is ending it. https://t.co/y3LhEOjSaZ",13_1933189352156225536,video,,25
RepPeteStauber,public,2025-06-23T22:44:06.000Z,1937280532423090683,https://x.com/RepPeteStauber/status/1937280532423090683,This is what peace through strength looks like! 🇺🇸,WhiteHouse,2025-06-23T22:26:01.000Z,1937275983603597473,https://x.com/WhiteHouse/status/1937275983603597473,"""CONGRATULATIONS TO EVERYONE! It has been fully agreed by and between Israel and Iran that there will be a Complete and Total CEASEFIRE..."" –President Donald J. Trump https://t.co/hLTBT34KnG",3_1937274537399209984,photo,,2629
RepPeteStauber,public,2025-06-24T18:10:14.000Z,1937574000982389134,https://x.com/RepPeteStauber/status/1937574000982389134,"Biden’s open border policies continue to jeopardize our national security. Among those apprehended was an individual in St. Paul – a former member of the Islamic Revolutionary Guard Corps w/known ties to Hezbollah.

I'm grateful to the Trump Administration for their continued efforts to undo Biden's mess and protect our communities.",RapidResponse47,2025-06-24T13:27:04.000Z,1937502738293633386,https://x.com/RapidResponse47/status/1937502738293633386,"ICE arrests 11 Iranian nationals in 48 hours
https://www.cbsnews.com/news/ice-arrests-11-iranian-nationals-48-hours/",,,,122
RepPeteStauber,public,2025-06-26T16:39:54.000Z,1938276043766305194,https://x.com/RepPeteStauber/status/1938276043766305194,"This week, retired Anoka County Sheriff James Stuart, now CEO of @MNSheriffs, visited Capitol Hill and spoke about how our “One Big, Beautiful Bill” will benefit law enforcement by delivering on the promise of no tax on overtime.

We will send this bill to the President’s desk to ensure these heroes receive the pay they deserve for their service!",RapidResponse47,2025-06-24T14:43:15.000Z,1937521912051122661,https://x.com/RapidResponse47/status/1937521912051122661,"Ret. Sheriff James Stuart, CEO of Minnesota Sheriffs' Association, on what No Tax on Overtime in @POTUS' Big Beautiful Bill will mean to law enforcement:

""The increase in take home pay for these deputies and officers rewards the extra hours and the extra efforts that they devote to protecting their communities.""",13_1937521631460573184,video,,6
RepPeteStauber,public,2025-08-11T17:09:11.000Z,1954953252836986971,https://x.com/RepPeteStauber/status/1954953252836986971,"When Minnesotans visit our nation’s capital, they shouldn’t fear for their safety.

Fortunately, President Trump is going to restore law and order in D.C. - just as he did at the southern border!

I’m grateful for his strong leadership and commitment to public safety!",WhiteHouse,2025-08-11T15:40:45.000Z,1954931000217079994,https://x.com/WhiteHouse/status/1954931000217079994,President Donald J. Trump invokes the D.C. Home Rule Act to place the D.C. Metropolitan Police Department under federal control and deploy the National Guard to make our nation's capital safe again.🇺🇸 https://t.co/SSX6084Dzm,3_1954930762630770688,photo,,203
RepPeteStauber,public,2025-08-25T18:56:33.000Z,1960053701365686538,https://x.com/RepPeteStauber/status/1960053701365686538,"President Trump’s tough-on-crime policies are making Washington, D.C. safer!

Democrat politicians who continue to complain about the President’s efforts to clean DC up are only proving themselves to be disconnected from reality.",RapidResponse47,2025-08-25T12:12:12.000Z,1959951945088581906,https://x.com/RapidResponse47/status/1959951945088581906,"11 days without a murder in Washington, D.C. https://t.co/eizydXBlHV",3_1959951941703704576,photo,,52
RepPeteStauber,public,2025-10-24T19:40:52.000Z,1981808129529540835,https://x.com/RepPeteStauber/status/1981808129529540835,"As Tim Walz and Jacob Frey continue to double down on their anti-ICE and anti-law enforcement agenda, I especially appreciate the Trump Administration's commitment to keeping our communities safe!",RapidResponse47,2025-10-24T19:08:24.000Z,1981799958085857783,https://x.com/RapidResponse47/status/1981799958085857783,".@Sec_Noem is in Minnesota today to highlight the worst of the worst criminal illegals the Trump Admin has taken off the streets.

In response, Minneapolis @MayorFrey reiterates his city will forever be a sanctuary for illegal alien killers, rapists, and gangbangers. Sick! https://t.co/FEgeeIhaQJ",13_1981797842185342978,video,,37
RepPeteStauber,public,2025-12-12T15:32:28.000Z,1999502619774013526,https://x.com/RepPeteStauber/status/1999502619774013526,"BREAKING: Later today, President Trump will sign my Congressional Gold Medal Act into law to award the 1980 Olympic “Miracle On Ice” U.S. Hockey team with the Congressional Gold Medal. This is an exciting day for America and the greatest game on earth!

https://x.com/whitehouse/status/1999485507957653809?s=46",WhiteHouse,2025-12-12T14:24:28.000Z,1999485507957653809,https://x.com/WhiteHouse/status/1999485507957653809,"🇺🇸 TODAY AT THE WHITE HOUSE: Trump to honor ""Miracle on Ice"" U.S. Olympic men's hockey team during Congressional Medal Act signing https://t.co/OLxUwB6hdj",3_1999485503859527683,photo,,71
RepPeteStauber,public,2025-12-13T15:38:32.000Z,1999866537373823264,https://x.com/RepPeteStauber/status/1999866537373823264,"Thank you, @GOPMajorityWhip for your kind words. We truly live in the “State of Hockey”!",RapidResponse47,2025-12-12T22:59:55.000Z,1999615225801158887,https://x.com/RapidResponse47/status/1999615225801158887,".@GOPMajorityWhip: ""This runs in the blood in Minnesota... I think it's entirely appropriate that you're doing this for these men. You're really doing it for the country...""

@POTUS: ""I'm so impressed that so many of these champions come from Minnesota, it's amazing."" https://t.co/bDF52HTYYH",13_1999614566569758724,video,,11
RepPeteStauber,public,2025-12-15T23:12:57.000Z,2000705668743921733,https://x.com/RepPeteStauber/status/2000705668743921733,"Watch the full signing of the Miracle on Ice Congressional Gold Medal Act, honoring the legendary 1980 Miracle On Ice U.S. hockey heroes! 🇺🇸 @GOPMajorityWhip @RepStefanik",RapidResponse47,2025-12-13T00:35:11.000Z,1999639199025172970,https://x.com/RapidResponse47/status/1999639199025172970,WATCH IN FULL: President Donald J. Trump welcomes members of the legendary 1980 Miracle on Ice men's hockey team to the Oval Office https://t.co/REFVdn4oun,13_1999633846401196039,video,,22
RepPeteStauber,public,2026-03-09T18:32:37.000Z,2031075702921892287,https://x.com/RepPeteStauber/status/2031075702921892287,"HOURS-long airport lines, missed flights, and chaos – all courtesy of Democrats and their refusal to fund the Department of Homeland Security.

Enough is enough. The American people deserve better than another Democrat-engineered shutdown!",DHSgov,2026-03-09T16:45:52.000Z,2031048839138803789,https://x.com/DHSgov/status/2031048839138803789,"Travel CHAOS across the country.

Major airports across the country are seeing HOURS-long security lines, delays, and missed flights.

Everyday Americans are now paying the price for the Democrats’ reckless DHS shutdown. https://t.co/4BiMdem7xP",13_2031048766091055104,video,https://github.com/vidproject/x/releases/download/media-DHSgov-0004/13_2031048766091055104.mp4,0
RepPeteStauber,public,2026-04-03T14:10:26.000Z,2040069416751104347,https://x.com/RepPeteStauber/status/2040069416751104347,"Thank you @POTUS and @VP for tackling the rampant fraud that’s occurring in Minnesota and other blue states!

Minnesotans want accountability now!",RapidResponse47,2026-04-03T12:34:56.000Z,2040045386371375504,https://x.com/RapidResponse47/status/2040045386371375504,https://t.co/PthUhwXCHW,3_2040045381526933504,photo,,251
RepPeteStauber,public,2026-04-06T19:00:53.000Z,2041229675762983107,https://x.com/RepPeteStauber/status/2041229675762983107,"No man left behind is not a slogan - it’s a way of life for our heroic service members.

I’m extremely grateful for the safe return of our pilots and I commend our brave American warriors for making sure their brothers in arms returned home.",WhiteHouse,2026-04-05T16:35:41.000Z,2040830745753628852,https://x.com/WhiteHouse/status/2040830745753628852,"A moment to be proud of. 🇺🇸

GOD BLESS AMERICA. GOD BLESS OUR TROOPS. https://t.co/nZaHsEd6J2",3_2040830461920903168,photo,,968
RepPeteStauber,public,2026-05-21T17:32:53.000Z,2057514982959431945,https://x.com/RepPeteStauber/status/2057514982959431945,"This is just the beginning!

I thank the Trump administration for their work to root out the rampant fraud in our state and hold criminals accountable!",RapidResponse47,2026-05-21T16:52:09.000Z,2057504733074489516,https://x.com/RapidResponse47/status/2057504733074489516,"Assistant AG Colin McDonald: ""Today, we are announcing criminal charges against 15 defendants in Minnesota for fraud schemes that targeted over $90 million in taxpayer dollars... This is the beginning of our work in Minnesota. The fraud here in Minnesota is shocking."" https://t.co/5YAj8jz8D0",13_2057504575297388544,video,https://github.com/vidproject/x/releases/download/media-RapidResponse47/13_2057504575297388544.mp4,69
RepPeteStauber,public,2026-05-28T18:09:15.000Z,2060060849113301229,https://x.com/RepPeteStauber/status/2060060849113301229,"Thanks to the Trump administration, fraudsters in Minnesota are finally being held accountable!

The crackdown on fraud is just getting started.",ICEgov,2026-05-28T01:05:13.000Z,2059803143190294613,https://x.com/ICEgov/status/2059803143190294613,"ICE @HSISaintPaul arrested U.S. citizens Shamso Ahmed Hassan and Hanaan Mursal Yusuf for their alleged roles in a scheme to defraud Medicaid of $21.1M by exploiting a Minnesota program.

Hassan allegedly enrolled the following two companies as service providers for the Minnesota Early Intensive Development and Behavioral Intervention Program:
• Smart Therapy Center LLC
• Star Autism Center LLC

➡️Both subjects allegedly submitted false and fraudulent claims to Medicaid from May 2020 to December 2024 using both companies.

➡️Both subjects were taken into custody at their shared home and remain in federal custody pending judicial proceedings.

🔎This is an @FBI-led investigation. ICE @HSI_HQ is proud to be a part of the investigative team enforcing @POTUS Trump’s mandate to end benefits fraud.",3_2059803140652744704,photo,https://github.com/vidproject/x/releases/download/media-ICEgov-0002/3_2059803140652744704.png,31
RichardArion1,public,2026-04-22T04:21:18.000Z,2046806527965536563,https://x.com/RichardArion1/status/2046806527965536563,"Bovino was well meaning here but 100 million is an absurd outlandish estimate

Those who are saying “100 million illegals” cannot quantify that number

55 million illegals + tens of millions of legals can give the 100 million impression. Many legal immigrants are indistinguishable from illegals.

There is only one estimate from 2013 saying 50 million and it was an estimate of 9-50 million one group of women Republicans.

Even using the highest most unlikely numbers Bovino said there would be 80 million illegals.

55 million is the most likely estimate.

But I understand him. 100 million has a powerful rhetorical effect and deporting half of 100 million would be a total victory.",GregoryKBovino,2026-04-20T06:38:45.000Z,2046116340705185907,https://x.com/GregoryKBovino/status/2046116340705185907,"It started at 10 million 30 years ago with millions a year entering since then under all administrations ( except Trump), culminating in  20 to 30 million additional under Biden alone.  Given on the ground assessments across all major regions of the US in conjunction with both scholarly estimates and empirical evidence indicating 30 to 50 million as far back as 2012, the conservative number sits at 100 million.  Could be more.",,,,144
SaraCarterDC,public,2023-11-27T21:16:26.000Z,1729247834556235993,https://x.com/SaraCarterDC/status/1729247834556235993,I’m so grateful to be a part of this amazing team! @RealTomHoman is right- we’ll get our nation back on track and create the most secure border in history… again ! Thanks to all of you we can make it happen - join us at http://www.border911.com Join us and let’s get our nation back 😊,RealTomHoman,2023-11-27T19:36:41.000Z,1729222730682437969,https://x.com/RealTomHoman/status/1729222730682437969,"Get to know the BORDER911 team!
We are a team of operators with decades of experience to include decades of FBI cross border crime experience &amp; helped create the most secure border in history and we will do it again.

TOM HOMAN https://t.co/mJ0vLysCIt",7_1729218060945444866,video,https://github.com/vidproject/x/releases/download/media-RealTomHoman/7_1729218060945444866.mp4,0
SaraCarterDC,public,2025-09-29T20:15:27.000Z,1972757132178260117,https://x.com/SaraCarterDC/status/1972757132178260117,👇👇👇👇,WhiteHouse,2025-09-29T18:51:34.000Z,1972736025597219278,https://x.com/WhiteHouse/status/1972736025597219278,http://x.com/i/article/1972735605449633792,,,,319
SaraCarterDC,public,2025-12-18T01:58:09.000Z,2001472020408631766,https://x.com/SaraCarterDC/status/2001472020408631766,DON’T MISS POTUS tonight ! 👇👇👇,PressSec,2025-12-18T01:17:44.000Z,2001461847665303575,https://x.com/PressSec/status/2001461847665303575,📺TUNE IN AT 9:00PM: President Trump will be delivering an Address to the Nation!🇺🇸,,,,29
SaraCarterDC,public,2025-12-18T02:44:17.000Z,2001483630120472856,https://x.com/SaraCarterDC/status/2001483630120472856,God bless our nation’s military!!,WhiteHouse,2025-12-18T02:15:08.000Z,2001476293632643360,https://x.com/WhiteHouse/status/2001476293632643360,"🇺🇸 @POTUS announces more than 1,450,000 military servicemembers will receive a special Warrior Dividend before Christmas Day.

""In honor of our Nation's founding in 1776, we are sending every soldier One Thousand, Seven Hundred, & 76 Dollars, & the checks are already on their way.""",,,,383
SaraCarterDC,public,2025-12-19T21:36:00.000Z,2002130821088526749,https://x.com/SaraCarterDC/status/2002130821088526749,Absolutely!!!,PressSec,2025-12-19T20:04:24.000Z,2002107771488248293,https://x.com/PressSec/status/2002107771488248293,"🚨President Trump just announced he is calling a meeting with the largest health insurance companies to negotiate lower prices for YOU, the American people!

It's going to be great.

The Dealmaker in Chief.",,,,247
SaraCarterDC,public,2025-12-21T15:55:19.000Z,2002769860380836340,https://x.com/SaraCarterDC/status/2002769860380836340,👍👇👇👇,RapidResponse47,2025-12-21T15:20:52.000Z,2002761193413370260,https://x.com/RapidResponse47/status/2002761193413370260,".@RealTomHoman: ""I just did a border review in San Diego, Texas, and Arizona... Three days on the southern border, I didn’t see a single illegal alien... three days, not a single illegal alien in my sight... Never seen anything like it in my 40-year career."" https://t.co/oTnWpNWMNR",13_2002760378061619200,video,,38
SaraCarterDC,public,2025-12-29T21:30:09.000Z,2005753227854192952,https://x.com/SaraCarterDC/status/2005753227854192952,👇👇👇,USDOL,2025-12-29T17:28:38.000Z,2005692451084726301,https://x.com/USDOL/status/2005692451084726301,We will bring an end to the Somali fraud network.,,,,725
SaraCarterDC,public,2026-03-20T17:11:49.000Z,2035041634425942349,https://x.com/SaraCarterDC/status/2035041634425942349,😘,PressSec,2026-03-20T16:23:22.000Z,2035029442423091424,https://x.com/PressSec/status/2035029442423091424,"I love this photo, and we love Japan!

🇺🇸 🇯🇵 https://t.co/no3mRx4j3H",3_2035029437587058688,photo,,910
SaraCarterDC,public,2026-03-21T20:28:05.000Z,2035453414146998704,https://x.com/SaraCarterDC/status/2035453414146998704,Incredible work by @DEAHQ and all the state and locals involved!,ICEgov,2026-03-21T03:05:12.000Z,2035190964612903357,https://x.com/ICEgov/status/2035190964612903357,"170 POUNDS OF METH FOUND IN ILLEGAL ALIEN’S CAR ON I-15 IN UTAH

Mexican illegal alien Robert Galicia-Hernandez was arrested during a traffic stop March 16 in St. George by ICE @HSIDenver special agents and charged with felony possession of synthetic drugs for allegedly attempting to smuggle the drugs into the state.

@USAttorneys is contemplating additional federal charges in this ongoing investigation.

Galicia-Hernandez overstayed his visitor visa and can expect to face deportation proceedings after facing justice for this crime.

Thanks to our partners, including the @DEAHQ, @Cityofstgeorge Police Department, Washington County Sheriff’s Office, @WCPoliceDept and @HurricaneCityUt Police Department.",3_2035190958887706624 3_2035190958766055425,photo photo,https://github.com/vidproject/x/releases/download/media-ICEgov-0002/3_2035190958887706624.jpg https://github.com/vidproject/x/releases/download/media-ICEgov-0002/3_2035190958766055425.jpg,103
SaraCarterDC,public,2026-03-31T00:05:04.000Z,2038769512565080353,https://x.com/SaraCarterDC/status/2038769512565080353,"This is wonderful !!!
A great podcast idea and opening the world of literature to children in such a unique way.  Congratulations @SLOTUS",WhiteHouse,2026-03-30T13:37:19.000Z,2038611533068996804,https://x.com/WhiteHouse/status/2038611533068996804,"Fighting for a long term solution for child literacy. 💛

@SLOTUS Usha Vance announces ""Storytime with the Second Lady"", a podcast designed to promote reading for kids. https://t.co/x8NCdnIHQj",13_2038610485248184320,video,,156
SaraTftb1,public,2026-04-30T02:44:50.000Z,2049681354665742641,https://x.com/SaraTftb1/status/2049681354665742641,Bovino just torched this jackass 🤣🤣🤣,GregoryKBovino,2026-04-30T02:36:50.000Z,2049679338841543061,https://x.com/GregoryKBovino/status/2049679338841543061,"@emmavigeland767 This is why you have 12 followers, honey.  Telling the truth isn’t one of your strongpoints.",,,,0
ScottBradyPA,public,2025-02-17T17:24:18.000Z,1891539180678737956,https://x.com/ScottBradyPA/status/1891539180678737956,It’s amazing what happens to crime rates when we decide to actually enforce the law. 🇺🇸,RealTomHoman,2025-02-17T13:42:12.000Z,1891483288398975326,https://x.com/RealTomHoman/status/1891483288398975326,"In the last 24 hours the US Border Patrol has encountered a total of 229 aliens across the entire southwest border. That is down from a high of over 11,000 a day under Biden.  I started as a Border Patrol Agent in 1984 and I don’t remember the numbers ever being that low.  President Trump promised a secure border and he is delivering. ~ Thomas D. Homan
    US Border Czar",,,,1745
ScottBradyPA,public,2026-05-27T19:05:04.000Z,2059712510219997410,https://x.com/ScottBradyPA/status/2059712510219997410,"The fraud problem in our country has been allowed to fester for way too long. In only the last two months, the @WHFraudTF has made incredible progress cutting fraudsters off. Much more to come. 💪🇺🇸",RapidResponse47,2026-05-27T16:15:37.000Z,2059669866529882603,https://x.com/RapidResponse47/status/2059669866529882603,".@POTUS: ""Under the leadership of @VP, the @WHFraudTF is waging war on waste, fraud, theft, and abuse...in 2 months we've exposed tens of billions of dollars of defrauded taxpayer money, prosecuted numerous fraudsters, and stopped billions in suspicious payments."" https://t.co/OcoqMcp8Zk",13_2059669783612674055,video,https://github.com/vidproject/x/releases/download/media-RapidResponse47/13_2059669783612674055.mp4,11
SecKennedy,public,2025-05-22T19:18:10.000Z,1925632294263365727,https://x.com/SecKennedy/status/1925632294263365727,"The “One, Big, Beautiful, Bill” passed by the House dramatically reduces waste, fraud, and abuse in Medicaid and the Affordable Care Act, protecting these programs for the most vulnerable Americans. It ensures that government healthcare programs serve their intended beneficiaries—not illegal aliens.",WhiteHouse,2025-05-22T12:42:08.000Z,1925532629861875976,https://x.com/WhiteHouse/status/1925532629861875976,"🇺🇸The One, Big, Beautiful Bill ""is arguably the most significant piece of Legislation that will ever be signed in the History of our Country!"" Great job by Speaker Mike Johnson, and the House Leadership, and thank you to every Republican who voted YES on this Historic Bill!"" https://t.co/4e22PHtlxl",3_1925532181583048704,photo,,124
SecKennedy,public,2025-06-19T15:33:47.000Z,1935722689290711407,https://x.com/SecKennedy/status/1935722689290711407,"Big food brands are listening. From cereals to spices to fast food, artificial dyes and additives are being removed for America's food supply.

Thank you, @POTUS, for empowering me to put the health of our children and families first. Together, we will Make America Healthy Again.",RapidResponse47,2025-06-19T11:43:48.000Z,1935664812148580842,https://x.com/RapidResponse47/status/1935664812148580842,MAKE AMERICA HEALTHY AGAIN! https://t.co/1FqdM2fupK,13_1935664708687646720,video,,73
SecKennedy,public,2025-06-24T00:57:55.000Z,1937314207432618426,https://x.com/SecKennedy/status/1937314207432618426,"Thank you, President Trump, for your decisive leadership in bringing this terrible war to a quick end.",RapidResponse47,2025-06-23T22:06:44.000Z,1937271127958573387,https://x.com/RapidResponse47/status/1937271127958573387,🚨 https://t.co/lzIfANo7sd,3_1937271105531576320,photo,,1419
SecKennedy,public,2025-06-26T16:21:23.000Z,1938271382330290668,https://x.com/SecKennedy/status/1938271382330290668,"Thank you @GovStitt for your bold leadership to remove sodas and candy from SNAP and restore real nutrition to our schools.

I urge governors across the country to follow Oklahoma’s lead and help Make America Healthy Again.",RapidResponse47,2025-06-26T15:43:56.000Z,1938261958668497198,https://x.com/RapidResponse47/status/1938261958668497198,".@GovStitt joins @SecKennedy to announce that Oklahoma will be working to remove junk food from SNAP, artificial dyes from food in schools and prisons, and the recommendation for fluoride in the water.

Make America Healthy Again! https://t.co/mJ5PjMhwhd",13_1938261025330970624,video,,30
SecKennedy,public,2025-09-30T17:08:00.000Z,1973072350129045664,https://x.com/SecKennedy/status/1973072350129045664,"Thank you, President Trump, for your unwavering bravery and leadership.",WhiteHouse,2025-09-30T15:50:06.000Z,1973052744727409082,https://x.com/WhiteHouse/status/1973052744727409082,"President Trump Delivers an Announcement, Sep. 30, 2025 https://x.com/i/broadcasts/1OdKrOQEBWkGX",,,,124
SecKennedy,public,2025-12-18T13:15:18.000Z,2001642428109889968,https://x.com/SecKennedy/status/2001642428109889968,"For too long, Americans have been forced to pay exorbitant prices for the same drugs sold overseas for far less. Now, because of your bravery and leadership, the global free-riding on American patients ends. Thank you, President Trump, for making the impossible possible and delivering Most Favored Nation drug pricing.",RapidResponse47,2025-12-18T02:20:36.000Z,2001477670299681212,https://x.com/RapidResponse47/status/2001477670299681212,".@POTUS: ""I'm doing what no politician of either party has ever done—standing up to the special interests to dramatically reduce the price of prescription drugs...

The first of these unprecedented price reductions will be available starting in January through a new website: http://TrumpRX.gov""",13_2001477228727578624,video,,26
SecKennedy,public,2025-12-19T21:43:39.000Z,2002132748824125897,https://x.com/SecKennedy/status/2002132748824125897,"President Trump delivered long-overdue justice by signing the National Defense Authorization Act and securing full federal recognition for the Lumbee Tribe of North Carolina, the 575th federally recognized tribe. After generations of denial, the Lumbee people now have the recognition they earned and deserve. At @HHSGov, we’re working with the Tribe and the Department of the Interior to complete the required steps and move toward delivering health services with transparency, respect, and partnership.",RapidResponse47,2025-12-18T23:43:19.000Z,2001800476778434585,https://x.com/RapidResponse47/status/2001800476778434585,"NEW: President Donald J. Trump just signed into law S. 1071, the ""National Defense Authorization Act for Fiscal Year 2026.""

Here is the President's signing statement:

Today, I have signed into law S. 1071, the ""National Defense Authorization Act for Fiscal Year 2026"" (the ""Act""). TheAct authorizes fiscal year appropriations for the Department of War (DoW), the Department of Energy national security programs, the Department of State, the Department of Homeland Security, the Intelligence Community, and other executive departments and agencies.  The Act will enable the DoW to carry out my Peace Through Strength agenda, protect the homeland from domestic and foreign threats, and strengthen the defense industrial base, while eliminating funding for wasteful and radical programs that undermine the warfighting ethos of our Nation's men and women in uniform. Importantly, the Act codifies aspects of over a dozen Executive Orders and actions taken by my Administration, including those focused on warfighter lethality, advancing homeland missile defense by fully supporting the Golden Dome for America plan, restoring America's airspace sovereignty, and providing Federal recognition of the Lumbee Tribe of North Carolina.

Over the next 3 years, the United States will host numerous major events that necessitate new authorities to combat emerging security threats.  The Act includes the critical SAFER SKIES Act, which provides State and local law enforcement with the authority to protect against unmanned aircraft when they present a threat to the public and creates a new felony offense for a second violation of national defense airspace. In addition, theAct provides key resources to ensure the continued security of the southern border from illegal immigration and transnational criminal organizations.

Although I am pleased to support the critical objectives of the Act, I note that certain provisions of the Act raise concerns.

Certain provisions of the Act, including sections 343, 1032-1035, 1048(d)(4)(B), 1266, 5143, and 8304(a), purport to dictate the position of the United States in external military and foreign affairs. My Administration will treat these provisions consistent with the President's constitutional authority as Commander in Chief of the Armed Forces and the President's constitutional authority to conduct the foreign affairs of the United States, which includes the authority to recognize foreign sovereigns.

Several provisions of the Act, including sections 364(a), 383(d), 737, 851, 1070, 1235, 1245, 1253, 1546, 1622, 1806(c), 3111, 6102(b)(3), 6303, 6502(b), 6521, 6524, 6712, 7213, 8102(b), 8315(1)(A)(iii), 8341(a), 8361(b)(3)(A), 8363(h), and 8521, purport to require the President to submit information to the Congress -- such as deliberative process and national security information -- protected by long-recognized legal privileges. My Administration will treat these provisions consistent with the President's constitutional authority to withhold information, the disclosure of which could impair foreign relations, national security, the deliberative processes of the executive branch, and the performance of the President's constitutional duties.

Additionally, section 1622 of the Act purports to require my Administration to provide the Congress with sensitive national security information on programs, operations, actions, and activities that become compromised or fail, and section 6504 of the Act purports to require the granting of security clearances to certain persons. My Administration will implement these provisions only to the extent that they are consistent with the President's constitutional authority to control the dissemination of sensitive national security information.

Several provisions of the Act, including sections 915(a) and 1046(a), purport to restrict the President's authority to control the personnel and materiel the President believes to be necessary or advisable for the successful conduct of military missions. While I share the objectives of the Congress with respect to maintaining the strength and security of the United States, my Administration will implement these provisions consistent with the President's authority as Commander in Chief.

Other provisions of the Act, including sections 1249, 1268, 1507, 1546, and 1655, purport to require that the Congress receive a certification, notification, or report before the President directs certain military or diplomatic actions, including the withdrawal of troops below a minimum number in particular theaters. I reiterate the longstanding understanding of the executive branch that such provisions encompass only actions for which such advance certification, notification, or report is feasible and consistent with the President's constitutional authorities as Commander in Chief and his authority to conduct the foreign affairs of the United States.

Section 1635 of the Act purports to restrict funding until my Administration completes actions to realign certain organizational units related to nuclear weapons platforms, delivery systems, and communication systems, and provides notice to the Congress.  Section 1638 of the Act similarly purports to restrict funding for the Office of the Secretary of the Air Force until my Administration notifies the Congress that certain authorities have been delegated within the national defense apparatus.  My Administration will treat these provisions consistent with the President's exclusive constitutional authorities as Commander in Chief and will interpret them in a manner so as not to impair the President's ability to manage the executive branch.

A number of other provisions of the Act, including sections 552, 565(b), 589D(c)(2), 652, 912(g)(3), 1253(f), 1692(c)(2), 1828(c)(4), 1833(e), 2803, 2887(e), 2888(f), 3111, 3123, 7262, 7277, 7511(a), 8202(a)(2), and 8521, purport to require the President or executive branch officials under the President's supervision to recommend certain legislative measures to the Congress. My Administration will treat these provisions consistent with Article II, Section 3 of the Constitution, which grants the President the discretion to recommend to the Congress ""such Measures as he shall judge necessary and expedient,"" if any.

Section 3111 of title XXXI of Division C of the Act purports to require the submission of budget requests to the Congress in particular forms or to advance particular objectives.  As the Constitution grants the President the discretion to recommend ""such Measures as he shall judge necessary and expedient,"" if any, my Administration will interpret this provision in a manner so as to not impair the President's ability to manage the executive branch.

​​​​​​DONALD J. TRUMP
THE WHITE HOUSE,
December 18, 2025.",,,,72
SecKennedy,public,2025-12-31T14:42:11.000Z,2006375337794670643,https://x.com/SecKennedy/status/2006375337794670643,Historic!,RapidResponse47,2025-12-29T17:56:08.000Z,2005699370768117943,https://x.com/RapidResponse47/status/2005699370768117943,".@DrOzCMS on the $50B in CMS awards to strengthen rural healthcare in all 50 states: ""This money is not there to pay bills... We want the money to be used to change the way we envision healthcare in rural America."" https://t.co/lWFYlbwUo8",13_2005699074872467458,video,,25
SecKennedy,public,2025-12-31T15:59:51.000Z,2006394883083239711,https://x.com/SecKennedy/status/2006394883083239711,"Thank you for your leadership @POTUS and @DrOzCMS in getting close to home, affordable healthcare for rural Americans.",WhiteHouse,2025-12-29T23:01:00.000Z,2005776091244339393,https://x.com/WhiteHouse/status/2005776091244339393,"🚨 HUGE WIN for Rural America!

@DrOzCMS &amp; the Trump Admin announce $50 BILLION in funding for rural health care—the LARGEST federal investment in history, boosting hospitals, workforce &amp; innovative services nationwide. 🇺🇸

Access to quality care shouldn’t depend on zip code. https://t.co/kx5Ve4Gxl8",13_2005740388397559810,video,,229
SecKennedy,public,2026-02-26T15:56:00.000Z,2027050020709556492,https://x.com/SecKennedy/status/2027050020709556492,"I commend the governors and state legislators driving meaningful reform through SNAP waivers to ensure American families have access to real, nutritious food.",RapidResponse47,2026-02-18T16:17:06.000Z,2024156227547086910,https://x.com/RapidResponse47/status/2024156227547086910,https://t.co/DnfWgR6YXs,3_2024156223008808960,photo,,67
SecKennedy,public,2026-03-30T14:43:27.000Z,2038628173148045801,https://x.com/SecKennedy/status/2038628173148045801,Download today! 🇺🇸,WhiteHouse,2026-03-27T14:53:00.000Z,2037543413512303018,https://x.com/WhiteHouse/status/2037543413512303018,"🇺🇸 🚀 LAUNCHED: THE WHITE HOUSE APP

Live streams. Real-time updates. Straight from the source, no filter.

The conversation everyone’s watching is now at your fingertips.

Download here ⬇️
📲 App Store: https://apps.apple.com/us/app/the-white-house/id6759938088

📲 Google Play Store: https://play.google.com/store/apps/details?id=gov.whitehouse.app&pli=1 https://t.co/xxaaSr1irC",13_2037540655170211840,video,,3053
SecKennedy,public,2026-03-30T21:30:00.000Z,2038730487448076614,https://x.com/SecKennedy/status/2038730487448076614,"Thank you, @VP Vance, for convening this task force to eliminate fraud.

At @HHSGov, we are taking decisive action to root out waste, enforce accountability, and protect taxpayer dollars. We will not tolerate fraud in our programs—and we will pursue it aggressively wherever we find it.",RapidResponse47,2026-03-27T14:17:46.000Z,2037534548234326303,https://x.com/RapidResponse47/status/2037534548234326303,".@VP convenes a meeting on the task force to eliminate fraud:

""A lot of the anti-fraud protections that existed in our government for a very long time were actually turned off by the Biden administration... we're going to turn back on those anti-fraud protections so that all of these Cabinet officials are looking at what's going on and focusing on it.""",13_2037533512337870848,video,,63
SecKennedy,public,2026-05-12T20:32:31.000Z,2054298698407186928,https://x.com/SecKennedy/status/2054298698407186928,"Marty, you took on entrenched interests, challenged the status quo, and never lost sight of the American people we serve. You pushed forward critical reforms and helped advance our mission to Make America Healthy Again. I’m grateful for your courage and your friendship. Wishing you the very best in your next chapter.

I also want to thank Kyle Diamantas for stepping in as Acting Commissioner — his leadership has already delivered remarkable wins on the MAHA food agenda, and I have full confidence in his continued work. We have an outstanding team at FDA, and the work continues without pause. The search for a new Commissioner is already underway, and we will move forward with urgency.",RapidResponse47,2026-05-12T19:28:59.000Z,2054282711527809403,https://x.com/RapidResponse47/status/2054282711527809403,https://t.co/bNcL0Jj4s6,3_2054282707568365569,photo,https://github.com/vidproject/x/releases/download/media-RapidResponse47/3_2054282707568365569.jpg,15
SecMullinDHS,core,2026-03-26T19:44:34.000Z,2037254402554146868,https://x.com/SecMullinDHS/status/2037254402554146868,"The ICE agent sprang into action and saved this one-year-old child’s life.

If our agent had not been there and stepped up, this could have been a tragic outcome.

Despite constant attacks from the media and sanctuary politicians, these agents show up every day to protect the Homeland and their fellow Americans. We are extremely grateful for their heroic action today. ⬇️",DHSgov,2026-03-26T17:46:51.000Z,2037224777598042472,https://x.com/DHSgov/status/2037224777598042472,"At JFK Airport, as travelers waited in hours-long lines, an infant became unresponsive and stopped breathing. The panic of the child’s family and nearby passengers were heard by an ICE agent stationed at a checkpoint.

This heroic officer immediately sprang into action—rushing toward the cries, taking the child, and performing a Heimlich maneuver that restored the infant’s breathing after nearly two minutes.

This officer’s extraordinary bravery embodies the selfless service of DHS law enforcement.",13_2037224765723668480,video,https://github.com/vidproject/x/releases/download/media-DHSgov/13_2037224765723668480.mp4,639
SecMullinDHS,core,2026-03-27T00:02:00.000Z,2037319188901974084,https://x.com/SecMullinDHS/status/2037319188901974084,"I want to thank @POTUS for his leadership in finding a way to pay our TSA officers to end this chaos at our airports. These hours long lines and thousands of Americans missing their flights was caused solely by the Democrats reckless @DHSgov shutdown.

Many of DHS’ frontline workers are still not being paid including @FEMA, @USCG, and @CISAgov.

The Democrats must stop playing political games with our national security, quit punishing our employees, and re-open DHS.",RapidResponse47,2026-03-26T22:31:34.000Z,2037296427538256274,https://x.com/RapidResponse47/status/2037296427538256274,🚨 https://t.co/46EoGvpQbD,3_2037296422027251712,photo,https://github.com/vidproject/x/releases/download/media-RapidResponse47/3_2037296422027251712.jpg,208
SecMullinDHS,core,2026-04-01T18:18:22.000Z,2039407036111147195,https://x.com/SecMullinDHS/status/2039407036111147195,"For over a month, the defund-the-police Democrats have kept @DHSgov closed in an attempt to slow down ICE’s efforts to remove murderers, rapists, pedophiles, gang members and terrorists from our country and open our borders. Time and time again the Democrats have prioritized violent illegal aliens over American citizens.

I thank @POTUS Trump for standing with our brave law enforcement who put their lives on the line every single day to make America safe again. 🇺🇸",RapidResponse47,2026-04-01T16:54:44.000Z,2039385988338700438,https://x.com/RapidResponse47/status/2039385988338700438,https://t.co/9aaYTTHNGp,3_2039385982441574400,photo,https://github.com/vidproject/x/releases/download/media-RapidResponse47/3_2039385982441574400.jpg,0
SecMullinDHS,core,2026-04-02T01:36:19.000Z,2039517251343089990,https://x.com/SecMullinDHS/status/2039517251343089990,"Thank you @POTUS for your strong actions to dismantle the Iranian regime’s ability to threaten America.

This Administration will always put the safety of the American people FIRST and Make America Safe Again. 🇺🇸",RapidResponse47,2026-04-02T01:12:34.000Z,2039511275286192436,https://x.com/RapidResponse47/status/2039511275286192436,".@POTUS: From the very first day I announced my campaign, I have vowed that I would NEVER allow Iran to have a nuclear weapon. This fanatical regime has been chanting “Death to America” for 47 years — and it should have been handled long before I arrived in office. https://t.co/unPTXE6Nsa",13_2039510847886659584,video,https://github.com/vidproject/x/releases/download/media-RapidResponse47/13_2039510847886659584.mp4,19
SecMullinDHS,core,2026-04-02T15:32:39.000Z,2039727721429774416,https://x.com/SecMullinDHS/status/2039727721429774416,"For over a month, the defund-the-police Democrats have kept @DHSgov closed in an attempt to slow down ICE’s efforts to remove murderers, rapists, pedophiles, gang members, and terrorists from our country and open our borders. Time and time again the Democrats have prioritized violent illegal aliens over American citizens.

I thank @POTUS Trump for his leadership to ensure the hardworking men and women across DHS are paid.",RapidResponse47,2026-04-02T14:34:34.000Z,2039713103789650304,https://x.com/RapidResponse47/status/2039713103789650304,https://t.co/SSrIJe8Ya0,3_2039713100316770304,photo,https://github.com/vidproject/x/releases/download/media-RapidResponse47/3_2039713100316770304.jpg,0
SecMullinDHS,core,2026-04-09T14:21:43.000Z,2042246583379464539,https://x.com/SecMullinDHS/status/2042246583379464539,"Eleven straight months of zero releases at the border. Under President Donald Trump’s leadership, we are delivering the most secure border in American history.

The world knows America’s borders are closed to lawbreakers.",RapidResponse47,2026-04-09T14:12:37.000Z,2042244296011645109,https://x.com/RapidResponse47/status/2042244296011645109,Trump’s historic border turnaround: Zero releases at the border for 11 consecutive months https://www.washingtonexaminer.com/opinion/4521893/zero-releases-at-border-for-11-consecutive-months/,,,,23
SecMullinDHS,core,2026-04-09T20:15:08.000Z,2042335524615053771,https://x.com/SecMullinDHS/status/2042335524615053771,"President Trump and I will never stop fighting for justice for the American victims and their families who have been harmed by illegal aliens who should have never been in our country.

Too often the media ignores the victims and their stories. These victims and their families are why we work around the clock to arrest and deport illegal aliens from our communities.

All of these crimes were completely preventable. ⬇️",DHSgov,2026-04-09T14:36:00.000Z,2042250179277951334,https://x.com/DHSgov/status/2042250179277951334,"This is our why.

The resources the VOICE office provides enable victims of illegal alien crime to pursue the justice they deserve.

Angel families will always have the support of @POTUS Trump, DHS, and @ICEgov. You are why we fight. https://t.co/59IDc270Xv",13_2042250124047364097,video,https://github.com/vidproject/x/releases/download/media-DHSgov/13_2042250124047364097.mp4,21
SecMullinDHS,core,2026-04-21T22:40:40.000Z,2046720803610186159,https://x.com/SecMullinDHS/status/2046720803610186159,This is our why.,DHSgov,2026-04-21T22:35:28.000Z,2046719496849678400,https://x.com/DHSgov/status/2046719496849678400,"This National Crime Victims Week, America stands with its Angel Families.

You are not alone. You are not forgotten.

Since day one of his administration, @POTUS Trump has taken swift and decisive action to Make America Safe Again — relaunching the VOICE office to help Americans who have been victimized by illegal alien crime.

Reach out to Victims of Immigration Crime Engagement by contacting 1-855-488-6423",13_2046719218633064448,video,https://github.com/vidproject/x/releases/download/media-DHSgov/13_2046719218633064448.mp4,0
SecRollins,public,2025-06-17T13:36:28.000Z,1934968388255654155,https://x.com/SecRollins/status/1934968388255654155,"WIN: Kraft Heinz leading the charge to ditch chemical dyes in food and drinks — proof industry can step up without government intervention! 👏

Healthier America starts here! #MAHA",RapidResponse47,2025-06-17T12:25:10.000Z,1934950446344376746,https://x.com/RapidResponse47/status/1934950446344376746,W https://t.co/cL1XvsBlSL,3_1934950359186669568,photo,,139
SecRollins,public,2025-06-21T23:58:51.000Z,1936574566601523591,https://x.com/SecRollins/status/1936574566601523591,"The President has made the decision that only he could. Prayers for him, prayers for America, and prayers for a world free of the nuclear terror threatened by the Iranian regime.",RapidResponse47,2025-06-21T23:47:40.000Z,1936571754572595425,https://x.com/RapidResponse47/status/1936571754572595425,https://t.co/tobKtXzrTr,3_1936571751246209024,photo,,1136
SecRollins,public,2025-06-24T00:46:53.000Z,1937311433588638125,https://x.com/SecRollins/status/1937311433588638125,Thank you to President Trump for his unwavering commitment to peace through strength. Our world is a safer place because of his leadership.🇺🇸,WhiteHouse,2025-06-23T22:26:01.000Z,1937275983603597473,https://x.com/WhiteHouse/status/1937275983603597473,"""CONGRATULATIONS TO EVERYONE! It has been fully agreed by and between Israel and Iran that there will be a Complete and Total CEASEFIRE..."" –President Donald J. Trump https://t.co/hLTBT34KnG",3_1937274537399209984,photo,,2629
SecRollins,public,2025-07-27T18:06:42.000Z,1949531911233437791,https://x.com/SecRollins/status/1949531911233437791,PROMISES MADE. PROMISES KEPT. 🇺🇸,WhiteHouse,2025-07-27T18:02:45.000Z,1949530913932460495,https://x.com/WhiteHouse/status/1949530913932460495,"DEAL MADE 🇺🇸

President Trump secures a landmark trade agreement with the European Union. https://t.co/MRKwXN5YRE",3_1949529974773321728,photo,,432
SecRollins,public,2025-07-27T18:10:14.000Z,1949532799393829212,https://x.com/SecRollins/status/1949532799393829212,This is what Farmers FIRST looks like. 👇,RapidResponse47,2025-07-27T18:05:01.000Z,1949531486421737695,https://x.com/RapidResponse47/status/1949531486421737695,".@POTUS says the American auto and agricultural industries will be big beneficiaries of the new trade deal with the European Union: ""I think they're going to make a lot of money with this — I think everybody is."" https://t.co/d8XeYZWamN",13_1949530709078495232,video,,75
SecRollins,public,2025-08-11T19:13:44.000Z,1954984599131439229,https://x.com/SecRollins/status/1954984599131439229,"Farm security is national security. Smuggling diseased products into the US is an attack on our food supply and homeland.

@USDA and @CBP are on guard to protect American agriculture from this threat.

Foreign pests, disease, and bad actors have no place here. We will hunt them down and stop them. 🇺🇸

#FarmSecurityisNationalSecurity",CBP,2025-08-11T13:01:01.000Z,1954890800413696471,https://x.com/CBP/status/1954890800413696471,"CBP agriculture specialists in Los Angeles seized 6,682 lbs of unmanifested avian, swine, and ruminant products from China, shipped by a repeat offender and falsely labeled as tilapia. These products can carry dangerous animal diseases not found in the U.S.

Great work @DFOLosAngeles!",3_1954890791786024960 3_1954890792662659072 3_1954890792339693568,photo photo photo,https://github.com/vidproject/x/releases/download/media-CBP/3_1954890791786024960.jpg https://github.com/vidproject/x/releases/download/media-CBP/3_1954890792662659072.jpg https://github.com/vidproject/x/releases/download/media-CBP/3_1954890792339693568.jpg,274
SecRollins,public,2025-09-08T19:54:28.000Z,1965141707172835377,https://x.com/SecRollins/status/1965141707172835377,"America is rooted in centuries of the Judeo-Christian heritage, and in fact could not exist without it.

President Trump is upholding one of our nation’s most powerful foundations: we are one nation under God.

As we approach 250 years of freedom, “America Prays” reminds us that our strength has always come from faith.

America is stronger with the power of prayer!! 🙏

@POTUS @WhiteHouse",WhiteHouse,2025-09-08T16:33:31.000Z,1965091135581499687,https://x.com/WhiteHouse/status/1965091135581499687,"As we prepare to celebrate 250 years of freedom, President Trump is inviting America’s great faith communities to pray for our nation &amp; for our people.

From the beginning, this has always been a country sustained &amp; strengthened by prayer.

💻 VISIT ➡️ http://WH.Gov/America250/America-prays https://t.co/M7mnlBYL9O",3_1965090702208999424,photo,,234
SecRollins,public,2025-12-23T20:01:01.000Z,2003556472328978622,https://x.com/SecRollins/status/2003556472328978622,"🚨The America First policies are delivering BIG wins for our economy!

🔥 GDP is on fire at 4.3%!

⬇️ Inflation is coming down!

📉 U.S. trade deficit has been cut in half and the ag trade deficit has dropped 26%!

President Trump closed the year with a much lower trade deficit than expected: forecasted at $50B, actual came in at just $44B.

@POTUS policies are delivering — steadily pushing us toward balanced trade. Even better: 2026 projections are now down to $37B!

✨THE BEST IS YET TO COME!!! Much more to do for our farmers and farm economy — but also much progress! 💪🇺🇸",WhiteHouse,2025-12-23T16:17:32.000Z,2003500229086314907,https://x.com/WhiteHouse/status/2003500229086314907,"THE ""EXPERTS"" WERE WRONG ONCE AGAIN!

Don't be a panican. https://t.co/mNy7a2Q7xC",3_2003499598850015232,photo,,392
SecRollins,public,2026-03-16T17:45:05.000Z,2033600452630057118,https://x.com/SecRollins/status/2033600452630057118,"Prayer army activated. No one tougher than my dearest friend @SusieWiles. FOREVER grateful for her steady leadership and resolute dedication to our President and this country. You’ve got this Susie!!! 🙏🙏🙏

Isaiah 41:10",RapidResponse47,2026-03-16T15:58:42.000Z,2033573681973133389,https://x.com/RapidResponse47/status/2033573681973133389,https://t.co/4UFtIXz9o7,3_2033573673970384896,photo,https://github.com/vidproject/x/releases/download/media-RapidResponse47/3_2033573673970384896.jpg,406
SecRollins,public,2026-03-17T00:56:52.000Z,2033709116137312319,https://x.com/SecRollins/status/2033709116137312319,".@POTUS is delivering on his promise to wage WAR on fraud with this @VP-led task force. @USDA is 100% committed to joining this effort to root out waste, fraud, and abuse in programs like SNAP. Taxpayer dollars protected, America strengthened!

Let's GO! 🇺🇸💪

#DOGE #StopFraud",RapidResponse47,2026-03-16T20:16:13.000Z,2033638488864587776,https://x.com/RapidResponse47/status/2033638488864587776,"""This is a very big thing that we’re doing... having to do with all of the fraud that’s taking place in our country.""

@POTUS prepares to sign an Executive Order establishing a @VP-led task force to root out fraud, as outlined in his State of the Union address. https://t.co/5tSg93E1Io",13_2033637794535428096,video,,47
SecRollins,public,2026-03-18T16:54:34.000Z,2034312518957469803,https://x.com/SecRollins/status/2034312518957469803,"Thank you, @POTUS: a 60-day Jones Act waiver for oil, fuels, fertilizers, & more boosts shipping flexibility and helps ease short-term supply pressures from global energy market shifts. A timely move to support America’s farmers during planting season.

We’re working hard on other solutions and all options are on the table — stay tuned. 🇺🇸🌾

#FarmersFirst #JonesActWaiver",PressSec,2026-03-18T13:54:16.000Z,2034267144477614178,https://x.com/PressSec/status/2034267144477614178,"President Trump’s decision to issue a 60-day Jones Act waiver is just another step to mitigate the short-term disruptions to the oil market as the U.S. military continues meeting the objectives of Operation Epic Fury.

This action will allow vital resources like oil, natural gas, fertilizer, and coal to flow freely to U.S. ports for sixty days, and the Administration remains committed to continuing to strengthen our critical supply chains.",,,,76
SecRollins,public,2026-03-20T13:28:49.000Z,2034985515879969229,https://x.com/SecRollins/status/2034985515879969229,THANK YOU MR. PRESIDENT! 🙏🇺🇸💪,RapidResponse47,2026-03-20T13:23:40.000Z,2034984219173175700,https://x.com/RapidResponse47/status/2034984219173175700,https://t.co/gme44mzf8r,3_2034984216547528704,photo,,27
SecRollins,public,2026-03-27T17:13:32.000Z,2037578782874157171,https://x.com/SecRollins/status/2037578782874157171,💪🇺🇸,WhiteHouse,2026-03-27T16:33:52.000Z,2037568800145408284,https://x.com/WhiteHouse/status/2037568800145408284,"Generational farmers and ranchers thank President Trump:

""For the first time in my lifetime, we have a president who is willing to listen to our issues directly."" 🇺🇸 https://t.co/OBRdTtK4YR",13_2037567799661625344,video,,140
SecRollins,public,2026-03-28T15:36:51.000Z,2037916835991966155,https://x.com/SecRollins/status/2037916835991966155,"Thank you, @POTUS, for always putting American agriculture FIRST! 🇺🇸🚜🙌",WhiteHouse,2026-03-28T14:25:28.000Z,2037898874669391948,https://x.com/WhiteHouse/status/2037898874669391948,The golden age of American agriculture is RIGHT HERE AND RIGHT NOW. 🇺🇸🚜 https://t.co/c8bJdHYTlV,13_2037896851173580800,video,,162
SecRollins,public,2026-05-11T13:46:28.000Z,2053834124759076963,https://x.com/SecRollins/status/2053834124759076963,".@USDA is proud to be part of the Trump Administration’s major push delivering REAL support for expecting and new mothers, especially in rural communities where it matters most.❤️

Today’s White House Maternal Health Event with @POTUS is happening SOON.

Stay tuned for more information!",RapidResponse47,2026-05-11T13:03:05.000Z,2053823207946285125,https://x.com/RapidResponse47/status/2053823207946285125,http://moms.gov ❤️,,,,14
SecRollins,public,2026-05-11T17:33:15.000Z,2053891195361738796,https://x.com/SecRollins/status/2053891195361738796,"Excited to see real momentum for America’s moms and rural families at today’s White House Maternal Health Event with @SecKennedy!

President Trump is delivering less red tape and real results. This effort puts rural moms first with:

✅Over $500M in new maternity infrastructure
🍎Nutrient-dense food for families
🏥$50B in Rural Health Programs
👩‍💻Launched http://moms.gov

Grateful to @POTUS, @SecKennedy, and @DrOzCMS for leading the charge for stronger families and a healthier rural America.",RapidResponse47,2026-05-11T15:45:03.000Z,2053863967722807545,https://x.com/RapidResponse47/status/2053863967722807545,".@SecKennedy: ""I just want to stress what a huge win for the MAHA movement, and for the pro-life movement http://Moms.gov is. It is one-stop shopping for IVF, for prenatal care, for postnatal care, for nutrition, for baby formula."" https://t.co/F18LSqhUFg",13_2053862734127640576,video,https://github.com/vidproject/x/releases/download/media-RapidResponse47/13_2053862734127640576.mp4,62
SecRollins,public,2026-05-12T15:31:31.000Z,2054222949419209210,https://x.com/SecRollins/status/2054222949419209210,"🥚🥚🥚
📉📉📉",RapidResponse47,2026-05-12T13:17:23.000Z,2054189194096894295,https://x.com/RapidResponse47/status/2054189194096894295,https://t.co/WPYOsC3sUb,3_2054189189336383488,photo,,64
SecRollins,public,2026-05-14T23:17:13.000Z,2055064924200562790,https://x.com/SecRollins/status/2055064924200562790,"Spot on @VP, fraud is NOT a victimless crime!

Fraudsters aren’t the victims, the victims are the single mom between jobs trying to put food on the table, or the widowed husband giving Uber rides just to make ends meet. These scammers have ruined it for the families who truly need SNAP.

💰$3 BILLION in benefits have been stolen from those in need, including through:

⚰️ 186,000 deceased Americans with active accounts

🔄 355,000+ duplicates

With @OIGUSDA and the @WHFraudTF, we’ve made nearly 1,000 arrests and received MILLIONS in restitution and fines. And a lot of people will be paying the price.

We’re restoring SNAP for the Americans who need it most. There is still much work to do and this is just the tip of the iceberg.",RapidResponse47,2026-05-14T17:03:11.000Z,2054970795403952144,https://x.com/RapidResponse47/status/2054970795403952144,"""I'm talking about the construction worker who can’t buy a cellphone, because when an illegal alien goes and steals their identity, and applies for SNAP benefits, now, all of a sudden, they’re tagged in the banking system, their credit score is ruined—not because they did a single thing wrong, but because somebody stole their identity.""

@VP on why the efforts of the @WHFraudTF are so important:",13_2054969804247748608,video,https://github.com/vidproject/x/releases/download/media-RapidResponse47/13_2054969804247748608.mp4,33
SecRollins,public,2026-05-17T23:11:17.000Z,2056150595002945677,https://x.com/SecRollins/status/2056150595002945677,"🚨Trump to China will go down as a truly HISTORIC state visit!

CONFIRMED WINS FOR U.S. FARMERS:

1. $17B in NEW purchase commitments, in addition to the 25MMT soybean commitment.

2. U.S. poultry will be back on the table in China, as they are resuming U.S. imports.

3. U.S. beef is also on the menu, as China is renewing licenses for more than 400 beef facilities, and is adding new listings. This was the #1 “ask” by our ranchers who want to sell many of the “leftover” cuts of the animal (hides, skins, tongues, tendons, tripe, etc) for additional value.

As the United States continues to diversify our overall exports this agreement provides stability in one of our largest markets.",RapidResponse47,2026-05-17T20:15:39.000Z,2056106391660568739,https://x.com/RapidResponse47/status/2056106391660568739,"Fact Sheet: President Donald J. Trump Secures Historic Deals with China, Delivering for American Workers, Farmers, and Industry https://www.whitehouse.gov/fact-sheets/2026/05/fact-sheet-president-donald-j-trump-secures-historic-deals-with-china-delivering-for-american-workers-farmers-and-industry/",,,,26
SecRollins,public,2026-06-11T22:56:03.000Z,2065206454412325152,https://x.com/SecRollins/status/2065206454412325152,"@POTUS deliver’s once again for America’s fishermen! 🎣

Today’s proclamation is just another action by the Trump Administration that slashes regulations and increases the competitiveness of American seafood.

From signing multiple executive orders and proclamations to opening the first ever USDA Office of Seafood, there is no greater champion for the seafood industry than President Trump.

We will always put America First and that includes our incredible farmers of the sea! 🇺🇸",WhiteHouse,2026-06-11T19:53:00.000Z,2065160391051649211,https://x.com/WhiteHouse/status/2065160391051649211,"MASSIVE WIN FOR AMERICA'S FISHERMEN!

President Trump signed a proclamation restoring commercial fishing access to over half a million square miles in the Pacific - revitalizing the industry, cutting regulations, lowering costs, &amp; putting American seafood producers FIRST.🇺🇸🐟 https://t.co/GQ5Ub33Vvk",3_2065160036905566208,photo,,146
SecScottBessent,public,2025-02-18T21:17:39.000Z,1891960295368581557,https://x.com/SecScottBessent/status/1891960295368581557,"Thank you, Mr. President! We are grateful for your Historic Leadership bringing Peace and Prosperity to our Country and the World.",WhiteHouse,2025-02-14T22:32:41.000Z,1890529625865933001,https://x.com/WhiteHouse/status/1890529625865933001,"""Every single day I will be fighting for you with every breath in my body. I will not rest until we have delivered the strong, safe and prosperous America that our children deserve and that you deserve. This will truly be the Golden Age of America."" –President Trump 🇺🇸 https://t.co/e6eoGdAEvX",3_1890528789001601024 3_1890528802767323136 3_1890528854839525376 3_1890529063313211392,photo photo photo photo,   ,523
SecScottBessent,public,2025-04-07T18:16:44.000Z,1909309381289869363,https://x.com/SecScottBessent/status/1909309381289869363,"Following a very constructive phone discussion with the Government of Japan, @POTUS @realDonaldTrump has tasked me and @USTradeRep to open negotiations to implement the President’s vision for the new Golden Age of Global Trade with @JPN_PMO Shigeru Ishiba and his Cabinet.",RapidResponse47,2025-04-07T13:28:16.000Z,1909236787274264755,https://x.com/RapidResponse47/status/1909236787274264755,https://t.co/Gyh4dZs6JS,3_1909236781716783104,photo,,136
SecScottBessent,public,2025-04-29T16:04:33.000Z,1917248648913502615,https://x.com/SecScottBessent/status/1917248648913502615,"Thank you, @PressSec. It was an honor to stand alongside you at the podium for the first time to discuss @POTUS’ historic first 100 days and this administration’s plan to restore American Economic Greatness.",PressSec,2025-04-29T10:10:18.000Z,1917159501435965735,https://x.com/PressSec/status/1917159501435965735,"100 DAYS of PROMISES MADE, PROMISES KEPT by President Trump!

I look forward to briefing at 8:30AM ET alongside @SecScottBessent to discuss President Trump's plan to Restore American Economic Greatness

...then President Trump is off to Michigan to RALLY!🇺🇸",,,,49
SecScottBessent,public,2025-05-14T17:21:56.000Z,1922703939897532636,https://x.com/SecScottBessent/status/1922703939897532636,The Treasury Department is moving to provide sanctions relief to stabilize and move Syria towards peace. Thank you for your leadership @POTUS.,PressSec,2025-05-14T08:21:08.000Z,1922567846317392240,https://x.com/PressSec/status/1922567846317392240,"Today, President Trump, at the invitation of Crown Prince Mohammed bin Salman, met with Syrian President Ahmad al-Sharaa. President Erdogan of Turkey joined by phone. President Erdogan praised President Trump for lifting sanctions on Syria and committed to working alongside Saudi Arabia to encourage peace and prosperity in Syria. The Crown Prince also commended President Trump for his decision to lift the sanctions, calling it courageous. President Trump thanked President Erdogan and the Crown Prince for their friendship, and told President Al-Sharaa that he has a tremendous opportunity to do something historic in his country. President Trump encouraged President Al-Sharaa to do a great job for the Syrian people, and urged him to:

1. Sign onto the Abraham Accords with Israel
2. Tell all foreign terrorists to leave Syria
3. Deport Palestinian terrorists
4. Help the United States to prevent the resurgence of ISIS
5. Assume responsibility for ISIS detention centers in Northeast Syria

President Al-Sharaa thanked President Trump, the Crown Prince, and President Erdogan for their efforts to put together the meeting, and recognized the significant opportunity presented by the Iranians leaving Syria, as well as shared U.S.-Syrian interests in countering terrorism and eliminating chemical weapons. President Al-Sharaa affirmed his commitment to the 1974 disengagement with Israel. President Al-Sharaa concluded with his hope that Syria would serve as a critical link in facilitating trade between east and west, and invited American companies to invest in Syrian oil and gas.

The Russia-Ukraine war and the war in Gaza was also discussed.",3_1922567830756622336,photo,,884
SecScottBessent,public,2025-05-20T15:58:42.000Z,1924857321651425616,https://x.com/SecScottBessent/status/1924857321651425616,"The American people spoke clearly on November 5th.

The One Big, Beautiful Bill answers that call by revitalizing manufacturing, enacting pro-growth tax reform, and implementing targeted spending reductions to ensure long-term fiscal responsibility.

It’s not just policy; it’s a promise kept to working families across this country.

Now is the time to deliver.",WhiteHouse,2025-05-20T15:25:32.000Z,1924848974059422176,https://x.com/WhiteHouse/status/1924848974059422176,"🧵 THREAD: 20 Reasons Why Congress MUST Unite Behind The One, Big, Beautiful Bill and Take Advantage of This Once-in-a-Generation Opportunity ⬇️ https://t.co/CfiaD5UYsA",3_1924846190408892416,photo,,63
SecScottBessent,public,2025-06-06T20:47:43.000Z,1931090650218316087,https://x.com/SecScottBessent/status/1931090650218316087,"It was my great honor to swear in @SECNAV, a true patriot who will serve @POTUS, our great @USNavy and the American people.",WhiteHouse,2025-06-06T20:26:20.000Z,1931085268963971323,https://x.com/WhiteHouse/status/1931085268963971323,John Phelan has officially been sworn in as the Secretary of the Navy by @SecScottBessent in the Oval Office. 🇺🇸🇺🇸 https://t.co/aTVG5APG8I,3_1931084645233238016 3_1931084645015142400,photo photo, ,17
SecScottBessent,public,2025-06-09T15:25:33.000Z,1932096739374170345,https://x.com/SecScottBessent/status/1932096739374170345,"Border security is economic security.

The violent riots in Los Angeles have made this undeniably clear.

The cost of hardware alone on these autonomous vehicles is estimated to be ~$97,000. Multiple have been set ablaze. All to the jeers of masked men waving foreign flags.

President Trump’s One Big Beautiful Bill is key to putting America First.

OBBB finishes construction of the border wall and provides funding for:

➡️10,000 new ICE personnel
➡️5,000 new customs officers
➡️3,000 new Border Patrol agents

With the One Big Beautiful Bill, President Trump can secure our border once and for all. Congress must pass this legislation without delay.",DHSgov,2025-06-09T12:55:28.000Z,1932058969322774645,https://x.com/DHSgov/status/1932058969322774645,"California politicians must call off their rioting mob.

Federal law enforcement are working to protect and safeguard American citizens from criminal illegal aliens.

Why is California’s governor siding with foreign criminals? https://t.co/MoZLCx7nih",13_1932058777156452352,video,https://github.com/vidproject/x/releases/download/media-DHSgov-0004/13_1932058777156452352.mp4,509
SecScottBessent,public,2025-06-30T16:25:21.000Z,1939721931676111302,https://x.com/SecScottBessent/status/1939721931676111302,"President Trump is the strongest fighter working families have ever had in the @WhiteHouse. The One, Big, Beautiful Bill is the centerpiece of his pro-growth economic agenda. The Senate must act now to prevent the largest tax hike in history from hitting the American people next year.",WhiteHouse,2025-06-30T13:40:02.000Z,1939680326827037172,https://x.com/WhiteHouse/status/1939680326827037172,"✅ The One Big Beautiful Bill will put more than $10,000 a year back in the pockets of typical, hardworking families. This is the most pro-growth, pro-worker, pro-family legislation ever crafted. https://t.co/1tLuk5Zldt",3_1939679754510032896,photo,,61
SecScottBessent,public,2025-06-30T21:56:40.000Z,1939805310455009288,https://x.com/SecScottBessent/status/1939805310455009288,"We have already seen real wages for hourly, non-supervisory workers rise almost 2% in the first five months of @POTUS's term.

With the passage of the One, Big, Beautiful Bill we will see these numbers continue to rise and pave the way for a Golden Era for the American middle- and working- class.",WhiteHouse,2025-06-30T18:10:00.000Z,1939748267459215709,https://x.com/WhiteHouse/status/1939748267459215709,"✅ This bill drives a Blue-Collar BOOM with tax relief for workers, support for small businesses, and investments in American manufacturing.

The One Big Beautiful Bill delivers the largest middle- and working-class tax cut in U.S. history. https://t.co/ppcbsxXY2e",3_1939742263749328896,photo,,27
SecScottBessent,public,2025-08-14T21:00:00.000Z,1956098505459503511,https://x.com/SecScottBessent/status/1956098505459503511,"Today we celebrate 90 years of Social Security, a vital program for hardworking Americans. This administration is committed to protecting it and keeping it strong for generations to come.

The One Big Beautiful Bill helps alleviate the tax burden put on Social Security by providing seniors with up to $6,000 in deductions.",WhiteHouse,2025-08-14T19:17:46.000Z,1956072774348284008,https://x.com/WhiteHouse/status/1956072774348284008,"""Today, we celebrate that 90th anniversary of one of the most significant pieces of legislation ever signed into law...I made a sacred pledge to our seniors that I would always protect Social Security...we're keeping that promise.""  - @POTUS 🇺🇸",3_1956071724719431686,photo,,56
SecScottBessent,public,2025-09-04T21:31:41.000Z,1963716622079729871,https://x.com/SecScottBessent/status/1963716622079729871,"Today marks another milestone in the U.S.-Japan alliance. Thanks to @POTUS’s leadership, the U.S.-Japan Trade Agreement is now officially implemented by Executive Order.

This agreement strengthens our economic ties, supports American workers, and reaffirms our commitment to a new Golden Age of prosperity and partnership under President Trump.",WhiteHouse,2025-09-04T20:52:21.000Z,1963706723350491350,https://x.com/WhiteHouse/status/1963706723350491350,"🇺🇸🤝🇯🇵

@POTUS  has signed an Executive Order officially implementing the U.S.-Japan Trade Agreement. https://t.co/BsmH1x2wGk",3_1963706238148993024,photo,,413
SecScottBessent,public,2025-09-24T12:04:04.000Z,1970821535507026177,https://x.com/SecScottBessent/status/1970821535507026177,"Yesterday, @POTUS and I spoke extensively with President @JMilei and his senior team in New York.  As President Trump has stated, we stand ready to do what is needed to support Argentina and the Argentine people.

Under President Milei, Argentina has taken important strides toward stabilization. He has achieved impressive fiscal consolidation and a broad liberalization of prices and restrictive regulations, laying the foundation for Argentina’s historic return to prosperity.
The @USTreasury stands ready to purchase Argentina’s USD bonds and will do so as conditions warrant. We are also prepared to deliver significant stand-by credit via the Exchange Stabilization Fund, and we have been in active discussions with President Milei’s team to do so.

The Treasury is currently in negotiations with Argentine officials for a $20 billion swap line with the Central Bank. We are working in close coordination with the Argentine government to prevent excessive volatility.

In addition, the United States stands ready to purchase secondary or primary government debt and we are working with the Argentine government to end the tax holiday for commodity producers converting foreign exchange.

Argentina has the tools to defeat speculators, including those who seek to destabilize Argentina’s markets for political objectives. I have also been in touch with numerous US companies who intend to make substantial foreign direct investments in Argentina multiple sectors in the event of a positive election outcome.

The Trump Administration is resolute in our support for allies of the United States, and President Trump has given President Milei a rare endorsement of a foreign official, showing his confidence in his government’s economic plans and the geopolitical strategic importance of the relationship between the United States and Argentina. Immediately after the election, we will start working with the Argentine government on its principal repayments.

I will be watching developments closely, and the Treasury remains fully prepared to do what is necessary.",RapidResponse47,2025-09-23T16:28:43.000Z,1970525745761132824,https://x.com/RapidResponse47/status/1970525745761132824,https://t.co/gLYUeK5dxv,3_1970525551031967748,photo,,35
SecScottBessent,public,2025-11-20T22:44:14.000Z,1991638744508645510,https://x.com/SecScottBessent/status/1991638744508645510,"Today at @WhiteHouse, @POTUS convened a solemn yet inspirational meeting with the survivors of the horrific October 7 attacks and their families. We heard their firsthand accounts of the atrocities experienced on that day and over the past two years.

Thanks to President Trump’s historic actions and bold leadership, all of the hostages have been freed, and we are closer than ever to a lasting peace in the Middle East. At @USTreasury, we are committed to safeguarding Americans and our allies from terror, wherever it presents.",WhiteHouse,2025-11-20T22:13:57.000Z,1991631126692262293,https://x.com/WhiteHouse/status/1991631126692262293,"PROMISES MADE, PROMISES KEPT.

Today, President Donald J. Trump met with freed Israeli Hostages:

""You’re not a hostage anymore…today you’re HEROES.""🎗️🇺🇸 https://t.co/xaDur9ObDk",3_1991630997306138624 3_1991630997322960896 3_1991630997310279680 3_1991630997318676480,photo photo photo photo,   ,189
SecScottBessent,public,2025-11-26T20:50:17.000Z,1993784397880058229,https://x.com/SecScottBessent/status/1993784397880058229,"The National Guard has been working around the clock to keep Washington, D.C. safe, and their presence has made a real, positive difference. Today’s senseless act of violence against innocent servicemen is utterly disgusting.

Please keep the families of these brave soldiers in your prayers.",WhiteHouse,2025-11-26T20:26:09.000Z,1993778322963353631,https://x.com/WhiteHouse/status/1993778322963353631,"“The animal that shot the two National Guardsmen, with both being critically wounded, and now in two separate hospitals, is also severely wounded, but regardless, will pay a very steep price. God bless our Great National Guard, and all of our Military and Law Enforcement. These are truly Great People. I, as President of the United States, and everyone associated with the Office of the Presidency, am with you!” - President Donald J. Trump",3_1993778319347560449,photo,,651
SecScottBessent,public,2025-12-02T20:12:58.000Z,1995949331426500782,https://x.com/SecScottBessent/status/1995949331426500782,"Thanks to President Trump and with generous support from Michael Dell, Trump Accounts are off to a strong start. With additional donations and the $1,000 contribution from this administration, every eligible newborn U.S. citizen is set up for long-term financial security, giving the next generation a meaningful stake in our economy.",WhiteHouse,2025-12-02T20:11:38.000Z,1995948997442502968,https://x.com/WhiteHouse/status/1995948997442502968,"TRUMP ACCOUNTS ARE HERE.

President Donald J. Trump just unveiled details on the game-changing savings tool for every American child and the historic commitment by Susan &amp; @MichaelDell to invest $6 BILLION!

HUGE for America’s future! 💰🇺🇸 https://t.co/zgdNTaktUq",3_1995948698233143296,photo,,195
SecScottBessent,public,2025-12-16T18:27:49.000Z,2000996300398178343,https://x.com/SecScottBessent/status/2000996300398178343,".@POTUS @realDonaldTrump is fighting relentlessly to protect our nation from terrorist drug cartels poisoning Americans with fentanyl.

Designating illicit fentanyl and its core precursor chemicals as Weapons of Mass Destruction will provide Treasury even greater flexibility to take action against financial institutions who launder money to support the manufacturing, distribution, or sale of fentanyl.",WhiteHouse,2025-12-15T21:07:36.000Z,2000674125543579721,https://x.com/WhiteHouse/status/2000674125543579721,"MAKE AMERICA SAFE AGAIN:

Today, President Donald J. Trump signed an Executive Order designating fentanyl as a weapon of mass destruction. https://t.co/xmTGeTNDZO",3_2000672790043619331,photo,,571
SecScottBessent,public,2026-02-19T00:30:00.000Z,2024280272485900764,https://x.com/SecScottBessent/status/2024280272485900764,"As @POTUS has expressed, the Reverend Jesse Jackson – a fellow South Carolinian – was a good man of heroic principles.

His civil rights legacy will stand the test of time.",RapidResponse47,2026-02-18T20:19:51.000Z,2024217319006671058,https://x.com/RapidResponse47/status/2024217319006671058,".@POTUS: ""I want to begin by expressing our sadness at the passing of a person who I knew very well... he was a good man. He was a real hero, and I just want to pay my highest respects to Reverend Jesse Jackson."" https://t.co/50Wf67BNo3",13_2024216983676350464,video,,21
SecScottBessent,public,2026-02-27T01:02:07.000Z,2027187456018158073,https://x.com/SecScottBessent/status/2027187456018158073,".@POTUS’ policies have – for the first time in three years – caused mortgage rates to fall below 6% according to Freddie Mac’s Primary Mortgage Survey.

The average rate for a 30-year fixed mortgage hit 5.98%, its lowest level since September 2022.

After hitting highs of 7.79% under the Biden administration, the Trump administration has and will continue to work to make homeownership achievable for the American people.

Since inauguration day, mortgages rates are down 1%. These lower mortgage rates amount to hundreds of dollars per month saved for many perspective homebuyers.

For too long, the American people have been locked out of homeownership. President Trump’s policies are restoring the American Dream, and unlocking homeownership for all Americans.",PressSec,2026-02-26T17:06:46.000Z,2027067828692484526,https://x.com/PressSec/status/2027067828692484526,"Mortgage Rates Fall Below 6% for the First Time Since 2022

""Mortgage rates fell below 6% this week for the first time in more than three years, welcome news for waves of house hunters heading into the busy spring home-buying season.""

https://www.wsj.com/economy/housing/mortgage-rates-fall-below-6-for-the-first-time-since-2022-f572ed7e",,,,21
SecScottBessent,public,2026-02-27T21:16:42.000Z,2027493117838901644,https://x.com/SecScottBessent/status/2027493117838901644,".@DalilahColeman’s life should never have been in jeopardy, and the illegal alien who nearly killed her should never have been granted a commercial driver’s license.

Congress now has the opportunity to take action and ensure that a tragedy like this never occurs again.

Keep our nation’s roads safe. Pass Dalilah’s Law.",WhiteHouse,2026-02-26T01:41:53.000Z,2026835076806299654,https://x.com/WhiteHouse/status/2026835076806299654,"PASS THE DALILAH LAW!

Five-year-old Dalilah Coleman nearly had her life taken from her in June 2024 by an illegal alien who SHOULD NOT have had a commercial driver's license in California.

President Trump is taking action to pass the Dalilah Law, making it IMPOSSIBLE for illegal aliens to obtain commercial driver's licenses.",13_2026834536898637826,video,https://github.com/vidproject/x/releases/download/media-WhiteHouse/13_2026834536898637826.mp4,84
SecScottBessent,public,2026-02-28T13:50:00.000Z,2027743088806928701,https://x.com/SecScottBessent/status/2027743088806928701,".@POTUS has unleashed Operation Epic Fury on the brutal Iranian regime.

He has called for all combatants to put down their weapons and receive amnesty.

The @USTreasury reaffirms our commitment to President Trump’s maximum pressure campaign tracking all illegal funds moved outside of Iran, and to retrieving these monies on behalf of the Iranian people.",WhiteHouse,2026-02-28T07:57:20.000Z,2027654336138924410,https://x.com/WhiteHouse/status/2027654336138924410,President Donald J. Trump on the United States military combat operations in Iran: https://t.co/LimJmpLkgZ,13_2027653963252981760,video,,4793
SecScottBessent,public,2026-03-02T15:57:31.000Z,2028499953283117283,https://x.com/SecScottBessent/status/2028499953283117283,"At the direction of @POTUS, the @USTreasury is terminating all use of Anthropic products, including the use of its Claude platform, within our department.

The American people deserve confidence that every tool in government serves the public interest, and under President Trump no private company will ever dictate the terms of our national security.",RapidResponse47,2026-02-27T20:48:11.000Z,2027485939363123278,https://x.com/RapidResponse47/status/2027485939363123278,https://t.co/B51SWfn81N,3_2027485934640340992,photo,,204
SecScottBessent,public,2026-03-07T22:30:41.000Z,2030410839174357462,https://x.com/SecScottBessent/status/2030410839174357462,"The United States is the biggest and most powerful economy in the world.

Under @POTUS’ leadership we are working with the world’s largest producers, consumers, and refiners to maintain stability in the world’s energy markets while we eliminate threats to our safety and security.

This is a shared purpose towards which we are all working, and we thank our international partners sharing this same goal.",WhiteHouse,2026-03-07T15:14:14.000Z,2030300999190040852,https://x.com/WhiteHouse/status/2030300999190040852,President Donald J. Trump with leaders from across Latin America at the Shield of the Americas Summit. https://t.co/f9mBTSANei,3_2030300986720268288,photo,https://github.com/vidproject/x/releases/download/media-WhiteHouse/3_2030300986720268288.jpg,1910
SecScottBessent,public,2026-05-12T15:29:57.000Z,2054222554684969260,https://x.com/SecScottBessent/status/2054222554684969260,"The Trump Administration is focused on helping families build long-term financial security for millions of children by establishing tax-advantaged investment accounts for U.S. citizens under 18. Parents and guardians can enroll by completing IRS form 4547 at http://Trumpaccounts.gov/form

@TrumpAccounts",WhiteHouse,2026-05-10T18:49:21.000Z,2053547959447376012,https://x.com/WhiteHouse/status/2053547959447376012,"THE GIFT THAT KEEPS ON GIVING.

The Trump Administration is supporting American families like never before with Trump Accounts, helping give the next generation a jumpstart toward their future.

http://TrumpAccounts.Gov 💸 https://t.co/2O58bmmbSu",3_2053547132095717377,photo,https://github.com/vidproject/x/releases/download/media-WhiteHouse/3_2053547132095717377.jpg,118
SecretaryBurgum,public,2025-12-11T18:52:11.000Z,1999190495533113734,https://x.com/SecretaryBurgum/status/1999190495533113734,We are working around the clock at @Interior to do our part to bring down the cost of living with lower prices at the pump! ⛽️,RapidResponse47,2025-12-11T18:24:56.000Z,1999183637355372781,https://x.com/RapidResponse47/status/1999183637355372781,"WATCH: @PressSec goes through some of the economic progress made in 2025 under the Trump administration, including real wages on pace to increase $1,200 per worker, and gasoline down below $3 a gallon.

""There’s much work to do, but this has already been significant progress."" https://t.co/ZSn79JphXO",13_1999183291300147200,video,,9
SecretaryBurgum,public,2025-12-11T21:09:41.000Z,1999225095634485433,https://x.com/SecretaryBurgum/status/1999225095634485433,.@POTUS and @Interior are unleashing American Energy Dominance!,WhiteHouse,2025-12-11T21:06:07.000Z,1999224198837764367,https://x.com/WhiteHouse/status/1999224198837764367,"Gas prices dropping and American energy restored. ⛽️🦅

DRILL, BABY, DRILL! https://t.co/TwMEzKl6rl",3_1999223659144044544,photo,,268
SecretaryBurgum,public,2025-12-12T17:14:53.000Z,1999528395693051985,https://x.com/SecretaryBurgum/status/1999528395693051985,"California has some of our largest oil reserves yet chooses to import over 60% of their oil from foreign countries. Their #1 importer last year? IRAQ!

This is not only driving up cost, but is a security risk for the entire country!

@CAGovernor— it's time to Drill, Baby, Drill! https://t.co/ULN6BK4njm",PressSec,2025-12-12T17:07:35.000Z,1999526559548314005,https://x.com/PressSec/status/1999526559548314005,"""Interior Secretary Doug Burgum claims California’s dependence on foreign oil is a 'national security risk,' arguing that restrictive blue state energy policies are undermining U.S. energy dominance.""

https://www.foxnews.com/politics/burgum-labels-california-national-security-threat-energy-chief-warns-blue-states-skewing-cost-averages",,,,20
SecretaryBurgum,public,2025-12-12T21:56:05.000Z,1999599162350813520,https://x.com/SecretaryBurgum/status/1999599162350813520,"Thank you to @SteveDaines, @TimSheehyMT, @RepRyanZinke &amp; @RepTroyDowning for putting the American people FIRST.

This bill, signed by @POTUS, unlocks MILLIONS of acres for federal leasing, creating more jobs, more affordable energy &amp; more revenue to fund education in the state!",RapidResponse47,2025-12-12T01:37:34.000Z,1999292509634154802,https://x.com/RapidResponse47/status/1999292509634154802,"H.J.Res. 104, sponsored by Sen. @SteveDaines, Sen. @TimSheehyMT, @RepRyanZinke, and @RepTroyDowning, overturns Biden-ara restrictions that locked up millions of acres of lands throughout Montana’s Powder River Basin — closing the door on jobs, energy production, revenue, critical minerals and driving up energy costs.

— Overturns restrictions that prohibited future coal leasing throughout the entire Powder River Basin in Montana, or roughly 30% of the entire nation’s coal reserves.
— Unlocks more than 2.75 million acres of land and 11.7 million acres of mineral estate in Montana.
— Keeps energy prices affordable and reliable by ensuring access to 37.8 billion short tons of coal, enough supply to meet U.S. coal demand for the next 73 years.
— Protects approximately $46 million in annual state revenue, which is used to fund public K-12 education in Montana.
— Generates $15 million in new federal energy revenue.
— Provides operational certainty for mining operations in Southeastern Montana.",3_1999289689891569664,photo,,14
SecretaryBurgum,public,2025-12-12T21:57:53.000Z,1999599614190662038,https://x.com/SecretaryBurgum/status/1999599614190662038,".@SenJohnHoeven, @SenKevinCramer &amp; @RepFedorchak are undoing the Biden administration's war on energy by restoring access to land for coal &amp; mineral leasing. This is all part of the American Energy Dominance Agenda: land unlocked, jobs protected, states funded, energy UNLEASHED!",RapidResponse47,2025-12-12T01:37:35.000Z,1999292514608812353,https://x.com/RapidResponse47/status/1999292514608812353,"H.J.Res. 105, sponsored by @SenJohnHoeven, @SenKevinCramer, and @RepFedorchak, reverses a Biden-era rule that would’ve significantly restricted North Dakota’s ability to access and develop its federally managed mineral resources by closing leasing on more than four million acres (nearly 99%) of federal coal acreage and 213,000 acres (44%) of federally owned fluid mineral acreage.

— Protects 12,000 jobs in North Dakota.
— Creates $34 million in revenue for North Dakota schools.
— Stops a four-million-acre land lockup.",3_1999289812419792899,photo,,5
SecretaryBurgum,public,2025-12-12T21:58:49.000Z,1999599847637155881,https://x.com/SecretaryBurgum/status/1999599847637155881,".@SenDanSullivan, @LisaMurkowski &amp; @RepNickBegich's bill restores access to land for leasing &amp; supports infrastructure projects to produce &amp; transport energy. They understand better than anyone the benefits of developing natural resources to enhance Americans' lives!",RapidResponse47,2025-12-12T01:37:36.000Z,1999292519956275248,https://x.com/RapidResponse47/status/1999292519956275248,"H.J.Res. 106, sponsored by @SenDanSullivan, Sen. @lisamurkowski, and @RepNickBegich, overturns the Biden-era Central Yukon Resource Management Plan, which shut down more than 13 million acres in one of Alaska’s most impoverished regions.

— Restores access to vital lands for energy, minerals, and infrastructure.
— Supports major projects like the Ambler Access and Alaska LNG, which will create jobs and strengthen Alaska’s economy.
— Puts Alaska back on the path toward economic independence —powered by responsible development and local decision-making.
— Strengthens national security, lowers costs for working families, and ensures Alaskans shape their future.

H.J.Res. 131, sponsored by the same, reverses the Biden Administration’s regulations on the 1002 Area of Alaska’s North Slope — which, because of its tremendous strategic value and estimated 7.7 billion barrels of oil, Congress explicitly set aside more than 40 years ago for exploration and potential development.",3_1999290846819020801,photo,,2
SecretaryBurgum,public,2025-12-12T21:59:32.000Z,1999600029854568725,https://x.com/SecretaryBurgum/status/1999600029854568725,"We are unleashing Beautiful Clean Coal with help from @SenJohnBarrasso, @SenLummis &amp; @RepHageman!

They are reversing Green New Scam bans on coal leasing, making reliable, affordable &amp; dispatchable power available for all Americans &amp; directly funding public education!",RapidResponse47,2025-12-12T01:37:37.000Z,1999292524511289730,https://x.com/RapidResponse47/status/1999292524511289730,"H.J.Res. 130, sponsored by @SenJohnBarrasso, @SenLummis, and @RepHageman, overturns restrictions that prohibited future coal leasing applications through 2038 in Wyoming’s Powder River Basin — a state that produces 40% of the nation’s coal.

— Keeps energy prices affordable and reliable by ensuring access to 48.12 billion short tons of coal, enough supply to meet U.S. coal demand for the next 116 years.
— Protects 4,122 jobs in rural Wyoming, $1.9 billion in labor output through 2048, and millions of dollars in state revenue used to fund public K-12 education.

Wyoming has been the leading coal producing state since 1986; in 2024, Wyoming produced 191 million tons of coal and shipped 171 million tons to 26 states",3_1999292003553562624,photo,,12
SecretaryBurgum,public,2025-12-13T16:13:42.000Z,1999875384192782659,https://x.com/SecretaryBurgum/status/1999875384192782659,"Here’s a video of some of our terrific Cabinet wives sharing their favorite holiday traditions. Ours is making lefse!

So grateful to be on this journey with Kathryn as we work alongside @POTUS to Make America Great Again!",WhiteHouse,2025-12-13T15:25:33.000Z,1999863266341007841,https://x.com/WhiteHouse/status/1999863266341007841,From family talent shows and cherished ornaments to Midnight Mass — Cabinet Secretary wives share the Christmas &amp; Hanukkah traditions that make the season special. 🎄❤️ https://t.co/ZJPhTkBlVe,13_1999863087256473602,video,,116
SecretaryBurgum,public,2025-12-15T16:22:25.000Z,2000602355574943993,https://x.com/SecretaryBurgum/status/2000602355574943993,"And this is just the beginning!

Drill, Baby, Drill!",WhiteHouse,2025-12-15T16:19:15.000Z,2000601560238420281,https://x.com/WhiteHouse/status/2000601560238420281,"Just two weeks later, there are now THIRTY EIGHT states with average gas prices below $3 per gallon and falling! https://t.co/BjofexcGnq",3_2000600437519495168,photo,,363
SecretaryBurgum,public,2025-12-16T19:27:03.000Z,2001011208208703852,https://x.com/SecretaryBurgum/status/2001011208208703852,".@POTUS’ American Energy Dominance Agenda is bringing gas prices to historic lows!

When we produce more energy at home, Americans pay less at the pump, transportation costs fall and the cost of living goes down for families across the country!",RapidResponse47,2025-12-16T19:19:58.000Z,2001009425163935968,https://x.com/RapidResponse47/status/2001009425163935968,".@PressSec on dropping gas prices under @POTUS:

""The national average is the lowest it's been in 5 years, and we expect that number to continue to decline."" 🔥 https://t.co/LjpdkCXRcK",13_2001009031607963655,video,,3
SecretaryBurgum,public,2025-12-18T02:20:15.000Z,2001477581460078992,https://x.com/SecretaryBurgum/status/2001477581460078992,".@POTUS’ America-First energy policies are encouraging manufacturers to build and produce in the U.S. again!

This is bringing in record capital investment, unlocking new jobs for hardworking Americans and boosting the entire economy! https://t.co/VWPwGFyXro",WhiteHouse,2025-12-18T02:11:26.000Z,2001475361692094513,https://x.com/WhiteHouse/status/2001475361692094513,"Trump Adminsitration policies are boosting take-home pay at a historic pace. Under Biden, real wages plummeted by $3,000 dollars. Under Trump, the typical factory worker has seen a real wage increase of $1,300 dollars. https://t.co/roNxQhiUqq",3_2001475286727020544,photo,,8
SecretaryBurgum,public,2025-12-18T02:22:37.000Z,2001478174119727113,https://x.com/SecretaryBurgum/status/2001478174119727113,"Drill, Baby, Drill!

@POTUS is unlocking our oil and gas resources and Americans are already seeing the results. This is just the beginning! https://t.co/IICeHpY0Dn",RapidResponse47,2025-12-18T02:18:06.000Z,2001477039535329745,https://x.com/RapidResponse47/status/2001477039535329745,https://t.co/tSED06YeaY,3_2001477030106353664,photo,,10
SecretaryBurgum,public,2025-12-19T16:08:12.000Z,2002048326892724646,https://x.com/SecretaryBurgum/status/2002048326892724646,"Mine, Baby, Mine AND Build, Baby, Build!

@POTUS is reviving our mining industry, bringing in record capital investment, safeguarding our supply chains and creating new jobs for hardworking Americans!",RapidResponse47,2025-12-19T16:01:33.000Z,2002046656200818921,https://x.com/RapidResponse47/status/2002046656200818921,"🚨 Louisiana: ElementUSA investing $850M to build a rare earth and critical minerals refining facility, creating 200 jobs with an average salary of about $90,000 a year — expected to create an additional 545 indirect jobs.

TRUMP EFFECT! 🔥 https://t.co/iufpbxKSDV",13_2002045342825488384,video,,34
SecretaryBurgum,public,2025-12-20T16:36:15.000Z,2002417774673736067,https://x.com/SecretaryBurgum/status/2002417774673736067,"The Trump effect!

Since @POTUS took office, @Interior has been increasing energy production on public lands and waters to lower gas prices for American families, and it’s WORKING! 🇺🇸⛽️",WhiteHouse,2025-12-20T15:10:00.000Z,2002396069272101217,https://x.com/WhiteHouse/status/2002396069272101217,"PROMISES MADE, PROMISES KEPT 🇺🇸

Thanks to @POTUS, gas prices are under $3 a gallon in over half of the country! https://t.co/yvSdAmTuc3",3_2002108115009818624,photo,,215
SecretaryBurgum,public,2025-12-22T18:28:02.000Z,2003170683694837935,https://x.com/SecretaryBurgum/status/2003170683694837935,A Christmas gift from @POTUS’ American Energy Dominance Agenda!,PressSec,2025-12-22T18:24:11.000Z,2003169714160435335,https://x.com/PressSec/status/2003169714160435335,"Holiday travelers to save over half billion dollars as gas prices drop to $2.79 per gallon

https://www.foxbusiness.com/politics/holiday-travelers-save-over-half-billion-dollars-gas-prices-drop-2-79-per-gallon.amp",,,,16
SecretaryBurgum,public,2025-12-30T19:38:45.000Z,2006087580530696571,https://x.com/SecretaryBurgum/status/2006087580530696571,History will show that the reason America won the AI Arms Race is because of @POTUS’ American Energy Dominance Agenda!,WhiteHouse,2025-12-30T17:49:28.000Z,2006060079741636833,https://x.com/WhiteHouse/status/2006060079741636833,"Thanks to President Trump, the United States is the world’s AI powerhouse 🇺🇸🔥 https://t.co/9XV5xE65b7",3_2006060074385408000,photo,,83
SecretaryBurgum,public,2026-04-17T14:31:29.000Z,2045148143340449857,https://x.com/SecretaryBurgum/status/2045148143340449857,"On DAY 1, @POTUS reversed Biden’s LNG export ban, prioritizing the interests of everyday Americans over radical left climate activists.

Because of his Energy Dominance Agenda, the U.S. is the top LNG exporter and Americans pay some of the lowest natural gas prices in the WORLD.",RapidResponse47,2026-04-17T14:15:18.000Z,2045144070981390738,https://x.com/RapidResponse47/status/2045144070981390738,AMERICAN ENERGY DOMINANCE: U.S. natural gas exports to grow nearly 30% by 2027 as LNG facilities ramp up https://t.co/6zIjdlWSkJ,3_2045144041726021632,photo,https://github.com/vidproject/x/releases/download/media-RapidResponse47/3_2045144041726021632.jpg,14
SecretaryBurgum,public,2026-04-24T21:13:43.000Z,2047786083904106566,https://x.com/SecretaryBurgum/status/2047786083904106566,.@Interior is proud to get this work done under @POTUS for the American people.,RapidResponse47,2026-04-24T21:10:12.000Z,2047785201552490783,https://x.com/RapidResponse47/status/2047785201552490783,https://t.co/cqFni31QNr,3_2047785195957366784,photo,,72
SecretaryBurgum,public,2026-05-08T01:25:02.000Z,2052560373606183341,https://x.com/SecretaryBurgum/status/2052560373606183341,"Amazing progress underway at the Reflecting Pool to restore safety, beauty and PRIDE in our nation’s capital.

Thanks to @POTUS, Washington, D.C. is becoming a capital worthy of the greatest country in the history of the world!",WhiteHouse,2026-05-08T01:18:34.000Z,2052558747759689763,https://x.com/WhiteHouse/status/2052558747759689763,President Donald J. Trump drives on the Reflecting Pool at the Lincoln Memorial as upgrades continue. 🇺🇸 https://t.co/v1VyY6sIjA,3_2052558670324547586,photo,https://github.com/vidproject/x/releases/download/media-WhiteHouse/3_2052558670324547586.jpg,293
SecretaryBurgum,public,2026-05-08T14:57:04.000Z,2052764729341341723,https://x.com/SecretaryBurgum/status/2052764729341341723,"Trust in Trump!

@POTUS is bringing jobs BACK to America. Today’s jobs report smashed expectations because he is putting American workers, manufacturing and industry FIRST. The Golden Age has just begun! 🇺🇸",RapidResponse47,2026-05-08T12:40:57.000Z,2052730473240002850,https://x.com/RapidResponse47/status/2052730473240002850,"""THESE ARE GOOD NUMBERS"": The U.S. economy added 115,000 jobs in April — smashing economists' expectations once again https://t.co/D6OKjb90kV",13_2052730307506298884,video,https://github.com/vidproject/x/releases/download/media-RapidResponse47/13_2052730307506298884.mp4,80
SecretaryBurgum,public,2026-05-19T20:25:44.000Z,2056833704870232465,https://x.com/SecretaryBurgum/status/2056833704870232465,"All Washington, D.C. needed was President Trump!

@Interior is honored to support @POTUS’ ongoing restoration efforts across the city. Thanks to his leadership, Americans once again have a capital to take pride in. 🇺🇸",RapidResponse47,2026-05-19T20:00:13.000Z,2056827285198528797,https://x.com/RapidResponse47/status/2056827285198528797,Decline Is a Choice: President Trump Restores Pride and Beauty to America’s Capital https://www.whitehouse.gov/releases/2026/05/decline-is-a-choice-president-trump-restores-pride-and-beauty-to-americas-capital/,,,,5
SecretaryBurgum,public,2026-05-20T22:48:15.000Z,2057231960456437872,https://x.com/SecretaryBurgum/status/2057231960456437872,"All eyes are on Washington, D.C. thanks to @POTUS!

From restoring historic fountains, revitalizing Lafayette Park and finally giving the Reflecting Pool the attention it deserves, @Interior is PROUD to help @POTUS Make D.C. Safe and Beautiful!",RapidResponse47,2026-05-20T22:17:55.000Z,2057224327632757220,https://x.com/RapidResponse47/status/2057224327632757220,https://t.co/8YIzIBxPeB,3_2057224323916513280,photo,,94
SecretaryBurgum,public,2026-05-27T17:31:17.000Z,2059688909626351830,https://x.com/SecretaryBurgum/status/2059688909626351830,"From @NatlParkService staff restoring D.C. monuments and parks to @usparkpolicepio officers enforcing the law as part of @POTUS’ D.C. Safe Task Force, @Interior is leading a department-wide effort to make Washington, D.C. a capital worthy of the greatest country in the world!",RapidResponse47,2026-05-27T17:03:17.000Z,2059681859856941090,https://x.com/RapidResponse47/status/2059681859856941090,".@POTUS: ""I'm very proud of D.C. because when we came here a little more than a year ago, it was a very dangerous place, and now, it's a very safe place... the grass is all beautiful... the fountains, most of them are in the final stages or fixed."" https://t.co/kxd0Atgq3y",13_2059681339863973898,video,,6
SecretaryBurgum,public,2026-06-04T19:38:55.000Z,2062620131792982134,https://x.com/SecretaryBurgum/status/2062620131792982134,"Water is ON!

The Reflecting Pool is about to look more beautiful than EVER. Thank you, @POTUS!",RapidResponse47,2026-06-04T19:30:53.000Z,2062618108670460313,https://x.com/RapidResponse47/status/2062618108670460313,".@POTUS on the Lincoln Memorial Reflecting Pool: ""We have it finished — and the water is pouring in as we speak."" https://t.co/KRAheL8vwE",13_2062617880659677184,video,,16
SecretaryBurgum,public,2026-06-04T21:20:37.000Z,2062645723988992433,https://x.com/SecretaryBurgum/status/2062645723988992433,"Mine, Baby, Mine!

@POTUS is reviving America’s mining industry, bringing back jobs for hardworking Americans who were abandoned by the Biden administration.

This will power the future and help lower costs nationwide!",WhiteHouse,2026-06-04T20:40:19.000Z,2062635583973851564,https://x.com/WhiteHouse/status/2062635583973851564,"The great comeback of Clean, Beautiful American coal. https://t.co/eEHzHpUdZO",3_2062634848804540416,photo,,44
SecretaryBurgum,public,2026-06-05T13:29:41.000Z,2062889598330511438,https://x.com/SecretaryBurgum/status/2062889598330511438,"Trust in Trump!

@POTUS smashes expectations yet again. He is bringing jobs BACK to America and building a stronger economic future that supports our manufacturing industry and creates higher wages for American families.",WhiteHouse,2026-06-05T13:09:40.000Z,2062884560006701316,https://x.com/WhiteHouse/status/2062884560006701316,OUTSTANDING JOBS NUMBERS! 📈🇺🇸 https://t.co/8g0MspCKtZ,3_2062884204552065024,photo,,234
SecretaryBurgum,public,2026-06-05T18:13:00.000Z,2062960898533159141,https://x.com/SecretaryBurgum/status/2062960898533159141,All credit to @POTUS!,RapidResponse47,2026-06-05T17:59:41.000Z,2062957543979090022,https://x.com/RapidResponse47/status/2062957543979090022,"""I can even see the American flags around the Washington Monument, it's so reflective... That's impressive!"" https://t.co/Z14ieP9kPg",13_2062956860748046336,video,,35
SecretaryLCD,public,2025-12-06T21:58:30.000Z,1997425442601447787,https://x.com/SecretaryLCD/status/1997425442601447787,"Today, we honor the men and women who power our economy: our miners.

Under @POTUS’ leadership, we’re taking action to invest in mine safety and working to ensure the American mining industry continues to thrive!",USDOL,2025-12-06T18:55:30.000Z,1997379390750052475,https://x.com/USDOL/status/1997379390750052475,"Our miners power our nation, keeping the lights on and ensuring we can all live comfortably.

On National Miners Day, we celebrate and honor these American heroes.

May God bless our miners! https://t.co/ippQi82Po6",3_1997379385146437632 3_1997379385138028545 3_1997379385137999872,photo photo photo,https://github.com/vidproject/x/releases/download/media-USDOL/3_1997379385146437632.jpg https://github.com/vidproject/x/releases/download/media-USDOL/3_1997379385138028545.jpg https://github.com/vidproject/x/releases/download/media-USDOL/3_1997379385137999872.jpg,4
SecretaryLCD,public,2025-12-08T22:21:56.000Z,1998156113951281370,https://x.com/SecretaryLCD/status/1998156113951281370,"This week, @USDOL honored retired Petty Officer David Russell.

This American Hero served aboard the USS Oklahoma, surviving a torpedo attack in Pearl Harbor 84 years ago.

For his incredible legacy of service and courage, we were proud to present him with the 2025 Gold Medallion Award.",USDOL,2025-12-08T22:18:30.000Z,1998155252684517431,https://x.com/USDOL/status/1998155252684517431,"HONORING AN AMERICAN HERO 🇺🇸

This week, @SecretaryLCD and @VETS_DOL honored retired Petty Officer David Russell—the last survivor of the USS Oklahoma.

May God Bless him and all our courageous Veterans. https://t.co/fiPuaRHN6g",13_1998155126347886592,video,https://github.com/vidproject/x/releases/download/media-USDOL/13_1998155126347886592.mp4,1
SecretaryLCD,public,2025-12-16T15:34:24.000Z,2000952657293590938,https://x.com/SecretaryLCD/status/2000952657293590938,"Under the Biden administration, nearly all job creation came from foreign-born workers and government jobs.

President Trump’s America First leadership is reversing these trends, with ALL new job growth coming from the private sector for native-born Americans.",RapidResponse47,2025-12-16T13:57:44.000Z,2000928333198987567,https://x.com/RapidResponse47/status/2000928333198987567,"JOBS REPORT: The strength of the Trump Economy is in the private sector... where it should be.

FACT: Since September, the private sector has gained 121,000 jobs — while the federal government has shed 168,000 jobs.

FACT: Since August, the private sector has added 225,000 jobs.

FACT: Federal employment is now at the lowest level in over a decade.

FACT: Real wages are on track to rise by 4.2% in the first full year of the Trump Administration — far outpacing inflation.

FACT: 100% of the job growth under President Trump has come in the private sector and among native-born Americans, NOT illegals.",,,,73
SecretaryLCD,public,2025-12-18T02:33:56.000Z,2001481022697775332,https://x.com/SecretaryLCD/status/2001481022697775332,".@POTUS is the greatest President of my lifetime, and he continues delivering HISTORIC wins for the American People.

Tonight’s address highlighted how much work we’ve done to fix the broken economy Joe Biden left behind and restore our nation to greatness.

We’ve got a lot of work left to do, but with President Trump at the helm, we’ll keep fighting for everyday Americans!",RapidResponse47,2025-12-18T02:08:18.000Z,2001474572483457051,https://x.com/RapidResponse47/status/2001474572483457051,https://t.co/1fY24fLAHU,3_2001474520129925120,photo,,8
SecretaryLCD,public,2025-12-18T16:28:12.000Z,2001690975052148759,https://x.com/SecretaryLCD/status/2001690975052148759,"Thanks to @POTUS’ pro-worker economic policies, inflation has fallen to the lowest level since March of 2021.

The facts are clear: President Trump is making progress to fix the affordability crisis caused by Biden and deliver relief for hardworking Americans.",RapidResponse47,2025-12-18T14:42:25.000Z,2001664354174013843,https://x.com/RapidResponse47/status/2001664354174013843,"""Lowest reading since inflation started exploding back in the spring of 2021"" https://t.co/0Citu9RblK",3_2001664290600767489,photo,,30
SecretaryLCD,public,2025-12-18T21:23:50.000Z,2001765371305418837,https://x.com/SecretaryLCD/status/2001765371305418837,"The American Worker has no greater friend and ally than President Trump.

Under his leadership, we’re delivering major wins for the hardworking men and women of our nation, and we’re ready to work even harder in 2026!",USDOL,2025-12-18T21:21:33.000Z,2001764799882105169,https://x.com/USDOL/status/2001764799882105169,"President Trump is the President of the American Worker, and he’s delivering HISTORIC wins for the hardworking men and women of our nation 🔥🇺🇸 https://t.co/5uowrFoFzB",3_2001764793766526976,photo,https://github.com/vidproject/x/releases/download/media-USDOL/3_2001764793766526976.jpg,30
SecretaryLCD,public,2025-12-21T16:58:40.000Z,2002785804050190551,https://x.com/SecretaryLCD/status/2002785804050190551,"Happy Sunday, America. I hope everyone is able to take time this week to enjoy the Christmas holiday with their families and loved ones 🎄",USDOL,2025-12-21T16:57:53.000Z,2002785608381677849,https://x.com/USDOL/status/2002785608381677849,"Happy Sunday, America.

May God continue to bless our great Nation and her People.

‘Snowfall in the Village’ —Charlotte Joan Sternberg https://t.co/V2jfPzT32X",3_2002785601322426368,photo,https://github.com/vidproject/x/releases/download/media-USDOL/3_2002785601322426368.jpg,51
SecretaryLCD,public,2025-12-23T03:26:42.000Z,2003306241301578234,https://x.com/SecretaryLCD/status/2003306241301578234,".@POTUS is restoring American Maritime Dominance—and creating thousands of new, high-skilled jobs for our nation’s Workers 🇺🇸",RapidResponse47,2025-12-22T22:20:41.000Z,2003229232491901068,https://x.com/RapidResponse47/status/2003229232491901068,"🚨 @POTUS: As Commander-in-Chief, it's my great honor to announce that I've approved a plan for the Navy to begin the construction of two brand new, very large battleships... They'll be the fastest, the biggest, and by far — 100x more powerful than any battleship ever built. https://t.co/226O1UxOeS",13_2003228618160218112,video,,99
SecretaryLCD,public,2025-12-23T16:17:32.000Z,2003500228381671598,https://x.com/SecretaryLCD/status/2003500228381671598,President Trump’s America First policies continue to deliver major economic growth and are ushering in a new Golden Age of Prosperity for our nation.,RapidResponse47,2025-12-23T14:17:24.000Z,2003469996249481310,https://x.com/RapidResponse47/status/2003469996249481310,https://t.co/RwWo06LXHC,3_2003469993006997504,photo,,39
SecretaryLCD,public,2025-12-24T16:55:01.000Z,2003872049929113615,https://x.com/SecretaryLCD/status/2003872049929113615,".@POTUS is delivering safety for our workers.

Thank you, President Trump!",PressSec,2025-12-24T13:37:40.000Z,2003822384860856800,https://x.com/PressSec/status/2003822384860856800,"U.S. murders on pace for largest one-year drop on record

https://www.axios.com/2025/12/24/us-trump-murder-data-killing-crime-national-guard",,,,135
SecretaryLCD,public,2025-12-26T23:21:04.000Z,2004693977438847232,https://x.com/SecretaryLCD/status/2004693977438847232,We are committed to holding everyone involved in this fraud ACCOUNTABLE.,USDOL,2025-12-26T18:45:55.000Z,2004624733653107001,https://x.com/USDOL/status/2004624733653107001,"AMERICAN BENEFITS ARE FOR AMERICAN WORKERS.

We will protect the integrity of our nation’s unemployment insurance system and end welfare fraud being committed by TPS Somalis in Minnesota. https://t.co/J10JeiN20a",3_2004624726358933504,photo,https://github.com/vidproject/x/releases/download/media-USDOL/3_2004624726358933504.jpg,179
SecretaryLCD,public,2025-12-27T19:37:45.000Z,2005000167431524486,https://x.com/SecretaryLCD/status/2005000167431524486,All we needed was a new President 🇺🇸,PressSec,2025-12-27T14:39:04.000Z,2004924998755238212,https://x.com/PressSec/status/2004924998755238212,https://t.co/EYS1VG5Po7,3_2004924994506080256,photo,,39
SecretaryLCD,public,2026-01-02T20:13:05.000Z,2007183386792865950,https://x.com/SecretaryLCD/status/2007183386792865950,"President Trump has done more to deliver for both Labor and Industry than any President in decades.

He’s breaking the status quo by advocating for regulations that spur private innovation while pushing for fair trade, workplace safety protections, and America First policies that protect our Workers.

Under his leadership, we’re not taking our foot off the gas.

In 2026, we will continue unleashing American innovation, restoring American Industrial dominance, and putting our Workers FIRST 🇺🇸🇺🇸🇺🇸",USDOL,2026-01-02T19:48:03.000Z,2007177086910312824,https://x.com/USDOL/status/2007177086910312824,"We will Never Surrender our fight to put AMERICANS FIRST!

We’re committed to continuing to deliver for American Workers this year by

—Creating even more jobs for AMERICAN-BORN Workers

—Continuing our crackdown on H-1B fraud

—Expanding access to apprenticeship programs

—Protecting the safety of our workers on the job

—Unleashing American Innovation and Industrial Dominance

—Ensuring American Jobs go to AMERICAN WORKERS

More winning to come, Patriots 🇺🇸",3_2007177083206725632,photo,https://github.com/vidproject/x/releases/download/media-USDOL/3_2007177083206725632.jpg,0
SecretaryLCD,public,2026-01-03T17:37:28.000Z,2007506610973720707,https://x.com/SecretaryLCD/status/2007506610973720707,"President Trump has once again proven he is the most strong and decisive American Leader in decades.

For years, tens of thousands of Americans died from the scourge of drugs from Venezuela.

That ended today thanks to our Commander in Chief, our law enforcement, and the best military the world has ever seen.

We are going to win. God Bless America.",WhiteHouse,2026-01-03T17:18:32.000Z,2007501848358596656,https://x.com/WhiteHouse/status/2007501848358596656,"""At my direction, the U.S. Armed Forces conducted an extraordinary military operation in the capital of Venezuela...This was one of the most stunning, effective, and powerful displays of American military might and competence in American history."" - PRESIDENT DONALD J. TRUMP 🇺🇸 https://t.co/QibvrRKsSv",13_2007500281487998976,video,https://github.com/vidproject/x/releases/download/media-WhiteHouse/13_2007500281487998976.mp4,902
SecretaryLCD,public,2026-01-05T18:41:50.000Z,2008247584314527998,https://x.com/SecretaryLCD/status/2008247584314527998,"Thanks to his pro-growth Energy Dominance agenda, President Trump is making life more affordable for the hardworking families of our nation.

Promises Made and Kept 🇺🇸🇺🇸🇺🇸",PressSec,2026-01-05T13:57:00.000Z,2008175902904217653,https://x.com/PressSec/status/2008175902904217653,"Forecasters say 2026 will be the cheapest year for gas since Covid

https://www.cnn.com/2026/01/05/business/2026-gas-prices-oil",,,,22
SecretaryLCD,public,2026-01-06T16:06:53.000Z,2008570979161960470,https://x.com/SecretaryLCD/status/2008570979161960470,"The facts are undeniable: while other Presidents put foreign workers first, President Trump is fighting for our People.

He is truly the President of the AMERICAN Worker.",USDOL,2026-01-06T14:45:44.000Z,2008550556667953233,https://x.com/USDOL/status/2008550556667953233,"Since the Bureau of Labor Statistics began measuring native-born job growth in 1994, only ONE President has ensured ALL net job gains have gone to American-Born workers.

That President is President Donald J. Trump. https://t.co/HEYBpb9xwZ",3_2008550551391264768,photo,https://github.com/vidproject/x/releases/download/media-USDOL/3_2008550551391264768.jpg,0
SecretaryLCD,public,2026-01-06T17:35:39.000Z,2008593319346020621,https://x.com/SecretaryLCD/status/2008593319346020621,"This strong and decisive leadership is what hardworking Americans voted for.

President Trump is putting an end to globalist trade policies and pursuing an America First trade agenda.

The effect of this will continue to be massive for our economy as more jobs and more investments pour into our Nation 🇺🇸",RapidResponse47,2026-01-06T13:15:12.000Z,2008527773803880718,https://x.com/RapidResponse47/status/2008527773803880718,https://t.co/4g5f9X9vL8,3_2008527768623943680,photo,https://github.com/vidproject/x/releases/download/media-RapidResponse47/3_2008527768623943680.jpg,43
SecretaryLCD,public,2026-01-06T23:23:43.000Z,2008680913748803928,https://x.com/SecretaryLCD/status/2008680913748803928,"Thanks to President Trump’s unapologetically America First leadership, we’re stronger and more prosperous than ever before.

With @POTUS at the helm, America is BACK!",WhiteHouse,2026-01-06T20:52:51.000Z,2008642944669012189,https://x.com/WhiteHouse/status/2008642944669012189,"AMERICA IS BACK.

""We inherited high prices. We inherited a mess... We now have the hottest economy in the history of our country. We have $18T being invested in the United States."" - PRESIDENT DONALD J. TRUMP 🇺🇸 https://t.co/S2MlK7BU2w",3_2008641529745653760,photo,https://github.com/vidproject/x/releases/download/media-WhiteHouse/3_2008641529745653760.png,171
SecretaryLCD,public,2026-01-07T16:35:16.000Z,2008940511852151043,https://x.com/SecretaryLCD/status/2008940511852151043,"This is huge for American Workers and Industry.

Thanks to President Trump’s America First agenda, we’re seeing a new resurgence in American auto sales.

Coupled with trillions in investments, it’s clear that the momentum for reshoring production to our Nation is growing — despite everything the “experts” have claimed.",RapidResponse47,2026-01-06T19:52:01.000Z,2008627635161555157,https://x.com/RapidResponse47/status/2008627635161555157,"Remember when the so-called ""experts"" said President Trump's tariffs would tank auto sales? https://t.co/to5AOSfIe0",3_2008627526872989696 3_2008627526910750720,photo photo,https://github.com/vidproject/x/releases/download/media-RapidResponse47/3_2008627526872989696.jpg https://github.com/vidproject/x/releases/download/media-RapidResponse47/3_2008627526910750720.jpg,54
SecretaryLCD,public,2026-01-08T02:47:49.000Z,2009094664838901965,https://x.com/SecretaryLCD/status/2009094664838901965,"This is a huge win for the American People.

President Trump is committed to reviving the American Dream by ensuring Americans can get a good-paying job and afford to buy a home.",WhiteHouse,2026-01-07T18:05:30.000Z,2008963216630796516,https://x.com/WhiteHouse/status/2008963216630796516,"BREAKING: President Trump announces steps to ban large institutional investors from buying single-family homes.

""People live in homes, not corporations."" - President Donald J. Trump 🇺🇸 https://t.co/MvG2mGodR2",3_2008962885666451456,photo,https://github.com/vidproject/x/releases/download/media-WhiteHouse/3_2008962885666451456.jpg,6624
SecretaryLCD,public,2026-01-08T18:47:43.000Z,2009336229100453903,https://x.com/SecretaryLCD/status/2009336229100453903,"Exports are hitting record highs and the trade deficit has reached its lowest level in years.

President Trump’s America First trade agenda is delivering a new era of economic prosperity and industrial dominance for our workers.",RapidResponse47,2026-01-08T14:05:51.000Z,2009265296649937089,https://x.com/RapidResponse47/status/2009265296649937089,NEW: US Trade Gap Shrinks to Smallest Since 2009 https://t.co/ZnzQV9shqN,3_2009265234695815168,photo,https://github.com/vidproject/x/releases/download/media-RapidResponse47/3_2009265234695815168.jpg,0
SecretaryLCD,public,2026-01-08T21:13:03.000Z,2009372802218942785,https://x.com/SecretaryLCD/status/2009372802218942785,"Restoring American Maritime dominance starts with having a strong and skilled workforce.

That’s why we’re investing tens of millions of dollars into revitalizing our nation’s shipbuilding workforce and industry. https://t.co/awTI0iWR64",USDOL,2026-01-08T21:11:25.000Z,2009372392523530409,https://x.com/USDOL/status/2009372392523530409,"RESTORING AMERICAN MARITIME DOMINANCE 🔥

Under @POTUS’ leadership, we’re investing nearly $14 MILLION into revitalizing our nation’s maritime workforce and shipbuilding industry. https://t.co/H1JRXq44UO",3_2009372025215700992,photo,https://github.com/vidproject/x/releases/download/media-USDOL/3_2009372025215700992.jpg,54
SecretaryLCD,public,2026-01-09T14:22:22.000Z,2009631838747128213,https://x.com/SecretaryLCD/status/2009631838747128213,".@POTUS is the President of the American Worker, and the jobs numbers from the past year prove it.

No modern President has done more to prioritize private sector growth while ensuring jobs go to AMERICAN-BORN Workers.

Thank you, President Trump 🇺🇸🇺🇸",USDOL,2026-01-09T14:20:25.000Z,2009631348563026176,https://x.com/USDOL/status/2009631348563026176,"Under President Trump, we’re recovering from the economic disaster left by Joe Biden and AMERICANS are coming FIRST.

Last year, ALL net job growth went to American-Born Workers in the Private Sector.

More progress to be made this year, but we’re getting our nation back on track 🇺🇸",3_2009631345341857795,photo,https://github.com/vidproject/x/releases/download/media-USDOL/3_2009631345341857795.jpg,0
SecretaryLCD,public,2026-01-13T22:28:39.000Z,2011203767757390049,https://x.com/SecretaryLCD/status/2011203767757390049,"After four years of economic disaster under Joe Biden, President Trump is delivering much-needed relief for hardworking Americans.

December’s CPI report confirms that inflation remains low and wages are rising for our workers.

The best is yet to come 🇺🇸",WhiteHouse,2026-01-13T16:00:09.000Z,2011106000930292122,https://x.com/WhiteHouse/status/2011106000930292122,"President Trump's key policies, tariffs, tax cuts, immigration enforcement, and deregulation, are producing MAJOR results:

📉Low inflation
💸Real wages rising
🇺🇸Productivity surging

A strong foundation—with more work to do. 🇺🇸 https://t.co/NtJ1wpZ8Me",3_2011105867832168448,photo,https://github.com/vidproject/x/releases/download/media-WhiteHouse/3_2011105867832168448.jpg,0
SecretaryLCD,public,2026-01-29T22:22:09.000Z,2017000338163892702,https://x.com/SecretaryLCD/status/2017000338163892702,"Under President Trump’s bold leadership, @USDOL is shining a bright light into pharmacy benefit managers’ business practices – delivering unprecedented transparency to an otherwise opaque industry.

When middlemen are forced to operate in the sunlight, American workers and their families win.

Hidden fees and distorted incentives have no place in American health care.",USDOL,2026-01-29T22:15:10.000Z,2016998582482542716,https://x.com/USDOL/status/2016998582482542716,"🚨 Under @POTUS' leadership, we're taking action to make life more affordable for hardworking Americans!

Our latest proposed rule is the most significant federal reform of prescription drug middlemen proposed in decades.

Learn more: https://www.dol.gov/newsroom/releases/ebsa/ebsa20260129 https://t.co/eDYTFavp0Z",3_2016998561259335680,photo,https://github.com/vidproject/x/releases/download/media-USDOL/3_2016998561259335680.jpg,0
SecretaryLCD,public,2026-04-08T16:12:16.000Z,2041912017498353906,https://x.com/SecretaryLCD/status/2041912017498353906,"We just announced new tools that will give American businesses the critical resources needed to guard against foreign labor abuse and deceptive trade practices.

I will never stop fighting to put American workers and their families FIRST.",USDOL,2026-04-08T16:09:50.000Z,2041911405918421206,https://x.com/USDOL/status/2041911405918421206,"Under @POTUS’ leadership, we’re taking action to make sure American Workers are always put First 🇺🇸

Our new resources promote fair competition and ensure American Workers aren’t disadvantaged by foreign competitors.

Learn more: https://www.dol.gov/newsroom/releases/ilab/ilab20260408 https://t.co/bCqk8OLiMM",3_2041911401808003072,photo,https://github.com/vidproject/x/releases/download/media-USDOL/3_2041911401808003072.jpg,0
SenEricSchmitt,public,2025-01-29T19:55:36.000Z,1884691885991641494,https://x.com/SenEricSchmitt/status/1884691885991641494,"Border security is national security.

The Laken Riley Act will save lives.

Thank you @POTUS for signing this into law. #PromisesMadePromisesKept
https://x.com/RapidResponse47/status/1884686604314308838",RapidResponse47,2025-01-29T19:34:36.000Z,1884686604314308838,https://x.com/RapidResponse47/status/1884686604314308838,"Laken Riley was killed by an illegal alien gang member released into the country under the last administration.

""This horrific atrocity should never have been allowed to happen — and as president, I'm fighting every single day to ensure that such a tragedy NEVER happens again."" https://t.co/zrfi1MNzpN",7_1884685953672888320,video,,13
SenEricSchmitt,public,2025-02-12T17:13:42.000Z,1889724575681810514,https://x.com/SenEricSchmitt/status/1889724575681810514,The Senate just confirmed another of President Trump's highly qualified nominees. @TulsiGabbard will bring much needed reform to our intelligence agencies. Proud to vote yes.,WhiteHouse,2025-02-12T17:00:35.000Z,1889721271912374504,https://x.com/WhiteHouse/status/1889721271912374504,"🇺🇸 Tulsi Gabbard’s confirmation as Director of National Intelligence highlights President Trump’s commitment to safeguarding America’s security and ensuring intelligence operations remain focused on protecting our nation and the American people.

America is BACK! @TulsiGabbard https://t.co/03UyPlExFe",3_1889721265851613185,photo,,222
SenEricSchmitt,public,2025-02-13T21:00:37.000Z,1890144067289575530,https://x.com/SenEricSchmitt/status/1890144067289575530,Let's Make America Healthy Again!,WhiteHouse,2025-02-13T20:10:07.000Z,1890131359165038986,https://x.com/WhiteHouse/status/1890131359165038986,🇺🇸@RobertKennedyJr Sworn In as @HHSGov Secretary to MAKE AMERICA HEALTHY AGAIN https://t.co/GQrsLVA3Ut,7_1890131120064233472,video,,166
SenEricSchmitt,public,2025-06-17T20:43:09.000Z,1935075766561087600,https://x.com/SenEricSchmitt/status/1935075766561087600,All we needed was a new president.,CBP,2025-06-17T17:56:09.000Z,1935033738087268657,https://x.com/CBP/status/1935033738087268657,"Thanks to the tireless efforts and diligent work of the men and women of CBP and the leadership of @POTUS and @Sec_Noem, USBP released 0 (not a single one) illegal aliens into our country in May, down from more than 62,000 in May of last year.

This administration has seen the fastest improvement in American border security of all time.

Read more here: https://go.dhs.gov/wrR",,,,89
SenEricSchmitt,public,2025-12-11T21:22:19.000Z,1999228273839210874,https://x.com/SenEricSchmitt/status/1999228273839210874,"For decades, permanent Washington allowed foreign countries to flood our markets with cheap goods while shutting their own markets to American producers.

President Trump is using tariffs to level the playing field, bring back American jobs, and cut the deficit.",RapidResponse47,2025-12-11T18:32:29.000Z,1999185536011968968,https://x.com/RapidResponse47/status/1999185536011968968,Trump Tariffs Work: Trade Deficit Plummets to Five-Year Low https://www.whitehouse.gov/articles/2025/12/trump-tariffs-work-trade-deficit-plummets-to-five-year-low/,,,,12
SenEricSchmitt,public,2025-12-15T21:54:58.000Z,2000686043608015335,https://x.com/SenEricSchmitt/status/2000686043608015335,"Fentanyl is poisoning tens of thousands of Americans every year, tearing families &amp; communities apart.

Finally, we have a President doing something about it.

This historic EO unleashes the full power of the federal government to go after cartels and stop the flow of fentanyl.",RapidResponse47,2025-12-15T20:44:10.000Z,2000668228670935074,https://x.com/RapidResponse47/status/2000668228670935074,Fact Sheet: President Donald J. Trump Designates Fentanyl as a Weapon of Mass Destruction https://www.whitehouse.gov/fact-sheets/2025/12/fact-sheet-president-donald-j-trump-designates-fentanyl-as-a-weapon-of-mass-destruction/,,,,31
SenEricSchmitt,public,2025-12-18T03:16:23.000Z,2001491708849139795,https://x.com/SenEricSchmitt/status/2001491708849139795,President Trump is ushering in the Golden Age of America🇺🇸,RapidResponse47,2025-12-18T02:25:09.000Z,2001478813063024686,https://x.com/RapidResponse47/status/2001478813063024686,".@POTUS: ""Tonight, after 11 months, our border is secure, inflation is stopped, wages are up, prices are down, our nation is strong, America is respected, and our country is back...

We're poised for an economic boom the likes of which the world has never seen."" https://t.co/4VWkFR4159",13_2001478694229970944,video,,42
SenEricSchmitt,public,2025-12-18T20:33:18.000Z,2001752654058246607,https://x.com/SenEricSchmitt/status/2001752654058246607,"In just 11 months President Trump made our country safer, more prosperous, and more affordable.

And we're just getting started!

Thank you, President Trump🇺🇸",WhiteHouse,2025-12-18T19:53:11.000Z,2001742560327336021,https://x.com/WhiteHouse/status/2001742560327336021,"🧵 THREAD: A year of major WINS across the administration! 🇺🇸

Check out the Cabinet’s biggest accomplishments — Promises Made, Promises Kept. 🔥 https://t.co/bwz63i0A6W",3_2001738097231380480,photo,,64
SenEricSchmitt,public,2025-12-30T00:48:58.000Z,2005803262990340401,https://x.com/SenEricSchmitt/status/2005803262990340401,"Another huge win for Missouri!

This historic investment in rural healthcare, made possible by the Working Families Tax Cuts Act, will help ensure families in every corner of the Show Me State receive the care they need.",WhiteHouse,2025-12-29T23:01:00.000Z,2005776091244339393,https://x.com/WhiteHouse/status/2005776091244339393,"🚨 HUGE WIN for Rural America!

@DrOzCMS &amp; the Trump Admin announce $50 BILLION in funding for rural health care—the LARGEST federal investment in history, boosting hospitals, workforce &amp; innovative services nationwide. 🇺🇸

Access to quality care shouldn’t depend on zip code. https://t.co/kx5Ve4Gxl8",13_2005740388397559810,video,,229
SenEricSchmitt,public,2026-03-12T15:30:03.000Z,2032116918912458962,https://x.com/SenEricSchmitt/status/2032116918912458962,"At a time when crossing into the United States is easier than ever, turning citizenship into a prize for the entire world robs Americans of their inheritance—the birthright that belongs to them and their children. https://t.co/Zwm79HrrpR",StephenM,2026-03-12T02:33:58.000Z,2031921611415208357,https://x.com/StephenM/status/2031921611415208357,Offering “birthright citizenship” to the world when the world is just one plane trip from the United States steals the actual birthright of every American.,,,,529
SenEricSchmitt,public,2026-03-17T19:53:51.000Z,2033995247500361828,https://x.com/SenEricSchmitt/status/2033995247500361828,"We must pass the SAVE America Act.

Save American Voters.

Save American Sports.

Save American Children.

No more delays—let’s get it done.",PressSec,2026-03-17T12:39:22.000Z,2033885905308577974,https://x.com/PressSec/status/2033885905308577974,PASS the Save America Act! https://t.co/AwwnFsHrAW,3_2033885898765426688,photo,,375
SenEricSchmitt,public,2026-04-13T18:03:59.000Z,2043752069740282164,https://x.com/SenEricSchmitt/status/2043752069740282164,"ICE has asked Missouri to detain the illegal alien who raped and kidnapped a Missourian.

Missouri law prohibits ""sanctuary"" cities, so our law enforcement will cooperate with ICE and honor the detainer.

Unlike Democrats, Missouri puts Americans First. https://t.co/j3fGuSmEiM",DHSgov,2026-04-13T15:12:08.000Z,2043708822120804727,https://x.com/DHSgov/status/2043708822120804727,"🚨We are requesting Missouri officials to NOT RELEASE a criminal illegal alien who RAPED and KIDNAPPED a woman on EASTER.

Cristian Lopez-Gomez entered our nation in 2024 and was RELEASED into our communities by the Biden administration.

Thankfully, Missouri cooperates with ICE law enforcement, so this rapist will NOT be released back into our communities. When state and local law enforcement work with ICE, we  can safely remove criminals like Lopez-Gomez from our country and put the safety of American citizens FIRST.",3_2043708795994374144,photo,https://github.com/vidproject/x/releases/download/media-DHSgov/3_2043708795994374144.jpg,63
SenLummis,public,2025-03-17T14:41:37.000Z,1901645100511334666,https://x.com/SenLummis/status/1901645100511334666,GREAT news for American families👏🏼 Let’s keep it going!,RapidResponse47,2025-03-17T12:27:16.000Z,1901611289262109174,https://x.com/RapidResponse47/status/1901611289262109174,".@POTUS: Eggs are way down from their peak. Gas prices are coming down. Oil is down to $65/barrel — it was $82/barrel when I took office — and when energy comes down, prices for everything else come down.

""We're setting a good table."" https://t.co/NbX8mqIpUT",7_1901609966563164160,video,,157
SenLummis,public,2025-03-18T14:12:00.000Z,1902000034931183814,https://x.com/SenLummis/status/1902000034931183814,Gas prices are going the right direction under @POTUS. We must never return to the anti-energy policies of the Biden administration.,RapidResponse47,2025-03-17T14:42:41.000Z,1901645367709479004,https://x.com/RapidResponse47/status/1901645367709479004,"WYOMING

Today: $3.01
One year ago: $3.11
Record: $4.90 (7/1/2022)",,,,3
SenLummis,public,2025-03-20T22:40:42.000Z,1902852829691191784,https://x.com/SenLummis/status/1902852829691191784,"Education decisions belong in local hands.

What works in a classroom in New York City may not work in a classroom in Big Piney, WY. I'm glad the Trump administration is working to let Wyoming have more control over how we spend our federal education dollars.",WhiteHouse,2025-03-20T22:14:44.000Z,1902846295003500774,https://x.com/WhiteHouse/status/1902846295003500774,http://x.com/i/article/1902844987328565250,,,,62
SenLummis,public,2025-03-24T16:40:07.000Z,1904211638611329438,https://x.com/SenLummis/status/1904211638611329438,"👏🏼👏🏼👏🏼
We’re making the U.S. government more efficient while saving taxpayers millions. It’s a win-win.",RapidResponse47,2025-03-24T16:23:07.000Z,1904207359477469580,https://x.com/RapidResponse47/status/1904207359477469580,.@SecretaryBurgum announces $830 million in savings at @Interior by cutting contracts for useless surveys https://t.co/DORXKoUT4H,7_1904206839861923843,video,,99
SenLummis,public,2025-03-25T22:03:55.000Z,1904655510244073726,https://x.com/SenLummis/status/1904655510244073726,President Trump is restoring trust in American elections🇺🇸,WhiteHouse,2025-03-25T21:40:00.000Z,1904649494693560757,https://x.com/WhiteHouse/status/1904649494693560757,"FREE, FAIR, and HONEST Elections.

“This will go a long way towards ending it [election fraud]. There are other steps we will be taking…We’ve got to straighten out our elections.” - @POTUS

🇺🇸 Proof of citizenship
🇺🇸 Prevent foreign interference
🇺🇸 Prosecute election crimes https://t.co/nlftxgHCi5",3_1904648916773089280,photo,,237
SenLummis,public,2025-06-10T22:18:21.000Z,1932563007856619754,https://x.com/SenLummis/status/1932563007856619754,America is so back!🇺🇸,RapidResponse47,2025-06-10T21:22:18.000Z,1932548903531860038,https://x.com/RapidResponse47/status/1932548903531860038,"A TRUMP DANCE FOR THE TROOPS! 🕺🇺🇸

GOD BLESS OUR HEROES! https://t.co/MOAuNpIOue",13_1932548830840434688,video,,189
SenLummis,public,2025-06-11T02:07:38.000Z,1932620712990171414,https://x.com/SenLummis/status/1932620712990171414,Make no mistake: these radical left wing rioters won’t deter @POTUS from deporting these criminal illegal aliens.,RapidResponse47,2025-06-11T01:14:07.000Z,1932607241573601787,https://x.com/RapidResponse47/status/1932607241573601787,"NEVER FORGET: The Radical Left lunatics in Los Angeles are rioting to defend criminal illegal immigrant sex offenders, thieves, gangbangers, child abusers, drug traffickers, domestic abusers, and other violent criminals.

The Trump Administration is getting them off our streets. https://t.co/mkmgKaGYtu",13_1932606492005289985,video,,25
SenLummis,public,2025-06-12T18:34:41.000Z,1933231497026105385,https://x.com/SenLummis/status/1933231497026105385,".@POTUS delivered for WY by ending the Biden admin’s unrealistic &amp; flawed California EV mandate. It's not the govt's job to tell Americans what vehicle to buy, &amp; failed CA politicians like Gavin Newsom shouldn't dictate policy for the US. This policy belongs back in the garbage.",RapidResponse47,2025-06-12T16:25:51.000Z,1933199074653589530,https://x.com/RapidResponse47/status/1933199074653589530,".@POTUS officially signs into law three resolutions passed by Congress — ENDING California's electric vehicle mandate and emission standards once-and-for-all.

Promises made, promises kept. https://t.co/o2G2wZ1nVo",13_1933198559240736768,video,,102
SenLummis,public,2025-06-29T13:17:16.000Z,1939312210183930213,https://x.com/SenLummis/status/1939312210183930213,"Thank you, President Trump!

Honored to work with you to deliver real results for the hardworking people of America. 🇺🇸",WhiteHouse,2025-06-29T04:37:49.000Z,1939181487582044408,https://x.com/WhiteHouse/status/1939181487582044408,"""Tonight we saw a GREAT VICTORY in the Senate with the “GREAT, BIG, BEAUTIFUL BILL,” but, it wouldn’t have happened without the Fantastic Work of Senator Rick Scott, Senator Mike Lee, Senator Ron Johnson, and Senator Cynthia Lummis. They, along with all of the other Republican Patriots who voted for the Bill, are people who truly love our Country! As President of the USA, I am proud of them all, and look forward to working with them to GROW OUR ECONOMY, REDUCE WASTEFUL SPENDING, SECURE OUR BORDER, FIGHT FOR OUR MILITARY/VETS, ENSURE THAT OUR MEDICAID SYSTEM HELPS THOSE WHO TRULY NEED IT, PROTECT OUR SECOND AMENDMENT, AND SO MUCH MORE. GOD BLESS AMERICA &, MAKE AMERICA GREAT AGAIN!!!"" –President Donald J. Trump",3_1939181428077453312,photo,,231
SenLummis,public,2025-08-25T19:50:06.000Z,1960067180143542694,https://x.com/SenLummis/status/1960067180143542694,"I fully support @POTUS cracking down on flag burning &amp; destruction. In Wyoming, we honor the American flag, we don’t desecrate it.

I urge Democrats &amp; left-wing protesters to stop this grotesque &amp; offensive American flag burning &amp; come together in treating the flag with dignity.",RapidResponse47,2025-08-25T18:25:03.000Z,1960045777180631116,https://x.com/RapidResponse47/status/1960045777180631116,"""My Administration will act to restore respect and sanctity to the American Flag and prosecute those who incite violence or otherwise violate our laws while desecrating this symbol of our country, to the fullest extent permissible."" https://www.whitehouse.gov/presidential-actions/2025/08/prosecuting-burning-of-the-american-flag/",,,,26
SenLummis,public,2025-08-25T20:15:57.000Z,1960073686288863248,https://x.com/SenLummis/status/1960073686288863248,"August 26, 2021 was a harrowing reminder of the consequences of Biden’s failed leadership.

Thank you, @POTUS, for honoring Wyoming’s Rylee McCollum, and the other 12 service members who lost their lives in the Afghanistan withdrawal.",RapidResponse47,2025-08-25T20:06:03.000Z,1960071193542725831,https://x.com/RapidResponse47/status/1960071193542725831,.@POTUS signs the proclamation commemorating the 4th anniversary of the attack at Abbey Gate https://t.co/AaLpBgYspz,13_1960070869578903552,video,,10
SenLummis,public,2025-09-08T17:33:52.000Z,1965106326360801508,https://x.com/SenLummis/status/1965106326360801508,God bless America.,WhiteHouse,2025-09-08T17:09:43.000Z,1965100246087967026,https://x.com/WhiteHouse/status/1965100246087967026,ONE NATION UNDER GOD 🇺🇸 https://t.co/XKQSoq97kE,3_1965100121311305728,photo,,610
SenLummis,public,2025-09-10T16:47:27.000Z,1965819421735432540,https://x.com/SenLummis/status/1965819421735432540,"Make no mistake: This was a direct consequence of Democrats’ weak crime policies that freed this monster after 14 prior arrests.

Iryna Zarutska came to this country for safety &amp; a better life. This should never have been allowed to occur. My deepest sympathies go to her family.",PressSec,2025-09-10T12:46:13.000Z,1965758712616030445,https://x.com/PressSec/status/1965758712616030445,https://t.co/bUCWgTAfAh,3_1965758705611210752,photo,,209
SenLummis,public,2025-11-20T14:31:52.000Z,1991514837508309080,https://x.com/SenLummis/status/1991514837508309080,"Okay, now this is just the cutest!❤️

Love that First Lady Trump and Second Lady Vance are out in the country spending time with military families and their children.",RapidResponse47,2025-11-19T19:31:39.000Z,1991227891506368970,https://x.com/RapidResponse47/status/1991227891506368970,"""Hi Mrs. Vance!""

""Hi! I'm getting pulled away!""

Looks like @SLOTUS already made a new friend! 🤣🥹 https://t.co/Cj6R4h0qYv",13_1991227474965942272,video,,44
SenLummis,public,2025-11-25T01:25:13.000Z,1993128811421106609,https://x.com/SenLummis/status/1993128811421106609,"The Muslim Brotherhood has a repeated history of inflicting terror and violence against America. I’m glad to see @POTUS defend the U.S. and our interests around the world.

This is America First.",WhiteHouse,2025-11-24T22:07:26.000Z,1993079037611397563,https://x.com/WhiteHouse/status/1993079037611397563,"🚨 America will NOT tolerate those who fund &amp; fuel radical terrorism.

Today, President Trump took decisive action to secure America from terrorist threats by initiating the process to designate certain Muslim Brotherhood entities as Foreign Terrorist Organizations. https://t.co/Ec4qGbPLkm",3_1993078204882423808,photo,,769
SenLummis,public,2025-11-28T01:14:22.000Z,1994213242076332466,https://x.com/SenLummis/status/1994213242076332466,"Such a tragic young loss.

Sending love and prayers to the family and friends of Army Specialist Sarah Beckstrom.",RapidResponse47,2025-11-28T00:45:44.000Z,1994206037998538849,https://x.com/RapidResponse47/status/1994206037998538849,"U.S. Army Specialist Sarah Beckstrom

2005–2025

A True American Hero 🇺🇸 https://t.co/fJCIhSNvob",3_1994206034752135168,photo,,1139
SenLummis,public,2025-12-01T16:47:15.000Z,1995535174625337841,https://x.com/SenLummis/status/1995535174625337841,Keep praying for Staff Sgt. Andrew Wolfe.🙏🏼,RapidResponse47,2025-11-30T23:10:53.000Z,1995269330838171864,https://x.com/RapidResponse47/status/1995269330838171864,".@POTUS on Staff Sgt. Andrew Wolfe: ""Andrew is fighting for his life. His parents are unbelievably great people, highly religious people, and they're praying — and they want everybody to pray for Andrew."" https://t.co/NSD8odg0x7",13_1995269214156767232,video,,66
SenLummis,public,2025-12-02T15:29:45.000Z,1995878059359305914,https://x.com/SenLummis/status/1995878059359305914,.@POTUS is always working for the American people!,PressSec,2025-12-02T12:49:59.000Z,1995837851909472378,https://x.com/PressSec/status/1995837851909472378,"Exclusive: Trump working up to 12-hour days, Oval Office logs show — refuting NY Times report on ‘fatigue’ limiting events  https://nypost.com/2025/12/02/us-news/trump-working-up-to-12-hour-days-oval-office-logs-show-refuting-ny-times-report-on-fatigue-limiting-events/",,,,220
SenLummis,public,2025-12-03T18:15:11.000Z,1996282080108724662,https://x.com/SenLummis/status/1996282080108724662,"Promises made, promises kept.

🇺🇸",WhiteHouse,2025-12-03T17:44:15.000Z,1996274295488577743,https://x.com/WhiteHouse/status/1996274295488577743,MASS DEPORTATIONS ARE GOING TO CONTINUE! https://t.co/4oKT4PhUyv,3_1996274054907523072,photo,,646
SenLummis,public,2025-12-18T02:54:38.000Z,2001486232296251393,https://x.com/SenLummis/status/2001486232296251393,President Trump is working around the clock to the fix the mess that Joe Biden and Democrats created - it’s great to have a leader who cares about keeping his promises and helping working families. 👇,WhiteHouse,2025-12-18T02:08:21.000Z,2001474587649888417,https://x.com/WhiteHouse/status/2001474587649888417,LOOK AT THE FACTS. ⬇️ https://t.co/dJEFhyVuLq,3_2001474554967756800,photo,,172
SenLummis,public,2025-12-25T00:37:27.000Z,2003988425880621089,https://x.com/SenLummis/status/2003988425880621089,"Clean, beautiful coal is always a welcome present in Wyoming. Merry Christmas!",RapidResponse47,2025-12-24T21:58:14.000Z,2003948355806785987,https://x.com/RapidResponse47/status/2003948355806785987,".@POTUS: ""What would you like Santa to bring?""

KID: ""Not coal!""

@POTUS: ""You mean 'clean, beautiful coal.'""

🤣🤣🤣 https://t.co/K15IqUMxzA",13_2003948006110842881,video,,294
SenLummis,public,2026-03-13T14:42:23.000Z,2032467313669120385,https://x.com/SenLummis/status/2032467313669120385,"Senate Democrats voted against funding DHS for a fourth time; meanwhile, TSA agents are missing yet another paycheck.

This is not normal. For the good of the American people, we must fund DHS.",DHSgov,2026-03-13T13:39:06.000Z,2032451385183142023,https://x.com/DHSgov/status/2032451385183142023,"Americans are feeling the pain from the RECKLESS Democrat shutdown of DHS.

In airports across the country, TSA officers are again being forced by the Democrats to work without pay—for the THIRD time in nearly six months. https://t.co/SxWrL3au1m",13_2032451303419322369,video,https://github.com/vidproject/x/releases/download/media-DHSgov-0004/13_2032451303419322369.mp4,138
SenLummis,public,2026-03-19T13:39:52.000Z,2034625905461444842,https://x.com/SenLummis/status/2034625905461444842,"Missed paychecks. Travel disruptions. Long airport wait times.

Hardworking Americans are paying the price for Senate Democrats’ political games. Stop the insanity and fund DHS.",DHSgov,2026-03-18T18:51:42.000Z,2034341993040462118,https://x.com/DHSgov/status/2034341993040462118,"Right now, our heroic TSA officers are not being paid, and many cannot pay their rent, buy food, or afford to put gas in their cars. Some are even staying in airports overnight because they can’t afford their commute.

Democrats must end this madness, reopen DHS, and pay these heroic agents.",13_2034341920386719744,video,https://github.com/vidproject/x/releases/download/media-DHSgov-0004/13_2034341920386719744.mp4,93
SenLummis,public,2026-03-23T18:05:37.000Z,2036142335503823151,https://x.com/SenLummis/status/2036142335503823151,"Senate Republicans have voted 14 times to fund @DHSgov.

Stuck at an airport? Thank a Democrat.",RapidResponse47,2026-03-22T23:28:01.000Z,2035861084955922497,https://x.com/RapidResponse47/status/2035861084955922497,"Nationwide disruption, brought to you by Democrats — who have repeatedly declined to fund @DHSgov https://t.co/1Llm3xlx91",3_2035860898896871424,photo,,29
SenLummis,public,2026-04-17T14:24:37.000Z,2045146416478138511,https://x.com/SenLummis/status/2045146416478138511,American energy is a key aspect of our national security. Both Republicans and Democrats need to recognize that and prioritize American energy dominance.,RapidResponse47,2026-04-17T14:15:18.000Z,2045144070981390738,https://x.com/RapidResponse47/status/2045144070981390738,AMERICAN ENERGY DOMINANCE: U.S. natural gas exports to grow nearly 30% by 2027 as LNG facilities ramp up https://t.co/6zIjdlWSkJ,3_2045144041726021632,photo,https://github.com/vidproject/x/releases/download/media-RapidResponse47/3_2045144041726021632.jpg,14
SenLummis,public,2026-05-13T15:23:47.000Z,2054583392428040542,https://x.com/SenLummis/status/2054583392428040542,"For years, Washington piled on ridiculous regulations that hurt working Americans without meaningfully protecting the environment.

The Trump administration has ended that failed and costly approach.",RapidResponse47,2026-05-13T15:00:01.000Z,2054577410675245368,https://x.com/RapidResponse47/status/2054577410675245368,".@epaleezeldin: ""We have rejected the false choice between protecting the environment and growing the economy... The Trump EPA wants to get it right when it comes to our rule-making process, so hardworking Americans can do their job without the threat of regulatory whiplash and federal overreach.""",13_2054576430759944192,video,https://github.com/vidproject/x/releases/download/media-RapidResponse47/13_2054576430759944192.mp4,6
SenLummis,public,2026-05-24T00:06:59.000Z,2058338938385842608,https://x.com/SenLummis/status/2058338938385842608,Great to have a President who is totally focused on putting America first and securing peace and lasting security in the Middle East! President Trump has never stopped working to create a deal that ensures Iran is never again a threat to the United States.,RapidResponse47,2026-05-23T20:39:11.000Z,2058286641890906256,https://x.com/RapidResponse47/status/2058286641890906256,https://t.co/sZxVOxA4BN,3_2058286637851815936,photo,,410
SenLummis,public,2026-06-04T19:51:23.000Z,2062623267857318395,https://x.com/SenLummis/status/2062623267857318395,"President Trump is fully committed to America's energy workers — and Wyoming stands with him.

The West Gateway terminal opens global markets for Wyoming coal. Americans can't afford to be left in the dark. They won't be thanks to @POTUS.",RapidResponse47,2026-06-04T19:39:07.000Z,2062620179356651928,https://x.com/RapidResponse47/status/2062620179356651928,".@POTUS: ""Today, we're taking historic action to bring down the price of energy and the cost of living for all Americans with the power of clean, beautiful coal... As a result of the $700M investment that I'm announcing today, we will protect 14 coal plants and 42 coal mines, and build 2 new coal plants and one massive new export terminal... these actions will support over 14,000 jobs and save the American people $50B in electricity costs.""",13_2062619771426729984,video,,52
SenLummis,public,2026-06-04T20:16:47.000Z,2062629658537939028,https://x.com/SenLummis/status/2062629658537939028,"The Obama and Biden administrations went to maddening lengths to destroy coal communities.

We must never return to that destructive, backward thinking",RapidResponse47,2026-06-04T19:59:06.000Z,2062625208427503634,https://x.com/RapidResponse47/status/2062625208427503634,".@epaleezeldin: ""The Democrats were running for power, to sit at this desk, and to leverage that power to destroy these [coal] communities. Enter President Trump. He has saved clean, beautiful coal — and it's been an honor to be a part of it."" https://t.co/XLOMfizyZ8",13_2062624719371665408,video,,2
Sonderling47,core,2026-01-14T01:52:14.000Z,2011255002774597867,https://x.com/Sonderling47/status/2011255002774597867,"President Trump’s America First economic agenda is delivering major wins for our economy and our workers.

Thanks to @POTUS, our nation is back on track! 🇺🇸",WhiteHouse,2026-01-13T16:00:09.000Z,2011106000930292122,https://x.com/WhiteHouse/status/2011106000930292122,"President Trump's key policies, tariffs, tax cuts, immigration enforcement, and deregulation, are producing MAJOR results:

📉Low inflation
💸Real wages rising
🇺🇸Productivity surging

A strong foundation—with more work to do. 🇺🇸 https://t.co/NtJ1wpZ8Me",3_2011105867832168448,photo,https://github.com/vidproject/x/releases/download/media-WhiteHouse/3_2011105867832168448.jpg,0
Sonderling47,core,2026-04-30T21:17:21.000Z,2049961328358437029,https://x.com/Sonderling47/status/2049961328358437029,"President Trump believes every American worker deserves access to a simple, low-cost retirement-savings option.

For too long, tens of millions of American workers have faced unnecessary barriers to saving for retirement.

@POTUS’ new Executive Order aims to help those workers increase their wealth and save for the future.",WhiteHouse,2026-04-30T19:49:19.000Z,2049939173973307740,https://x.com/WhiteHouse/status/2049939173973307740,"PROMISES MADE, PROMISES KEPT.

President Trump signs an executive order that grants Americans access to retirement accounts that federal employees use, opening the door for great retirement account plans for ALL Americans. 🇺🇸 https://t.co/MTBEly9Arb",13_2049938527731748864,video,https://github.com/vidproject/x/releases/download/media-WhiteHouse/13_2049938527731748864.mp4,91
Sonderling47,core,2026-05-10T14:43:41.000Z,2053486135679107392,https://x.com/Sonderling47/status/2053486135679107392,"Happy Mother’s Day to all the incredible moms across our country, and especially to my wife, Fara, who is the heart of our family.

Your love, sacrifice, and strength shape the next generation and help keep our families and our nation strong.",WhiteHouse,2026-05-10T14:27:54.000Z,2053482165673869779,https://x.com/WhiteHouse/status/2053482165673869779,"🤍 Happy Mother’s Day from the Trump Administration!

To every mom shaping America’s future — thank you.

Today we’re sharing heartfelt stories from @SLOTUS, Cabinet Secretaries &amp; their families — plus how President Trump is supporting families more than ever. WATCH ⬇️ https://t.co/tLB1c4bEay",13_2053477657908502532,video,https://github.com/vidproject/x/releases/download/media-WhiteHouse/13_2053477657908502532.mp4,110
Sonderling47,core,2026-05-12T14:19:54.000Z,2054204927505801332,https://x.com/Sonderling47/status/2054204927505801332,"We are proud to thank and honor our hardworking law enforcement officers this National Police Week.

At @USDOL, we will never stop fighting to protect those who protect our communities and our families. 🇺🇸",USDOL,2026-05-12T14:17:53.000Z,2054204419906863362,https://x.com/USDOL/status/2054204419906863362,"This National Police Week, we honor the brave men and women of law enforcement who put their lives on the line to keep our communities safe.

At @USDOL, we remain committed to protecting all American Workers—especially those who selflessly serve and sacrifice to protect our country every day. 🇺🇸",3_2054204415834206208,photo,https://github.com/vidproject/x/releases/download/media-USDOL/3_2054204415834206208.jpg,0
Sonderling47,core,2026-05-27T17:32:18.000Z,2059689163096477929,https://x.com/Sonderling47/status/2059689163096477929,"I’m proud to be in this fight with @POTUS and @VP on the @WHFraudTF.

@USDOL and the Trump Administration are laser-focused on serving the American people, cracking down on fraud, and returning money that’s rightfully theirs. 🇺🇸",RapidResponse47,2026-05-27T16:15:37.000Z,2059669866529882603,https://x.com/RapidResponse47/status/2059669866529882603,".@POTUS: ""Under the leadership of @VP, the @WHFraudTF is waging war on waste, fraud, theft, and abuse...in 2 months we've exposed tens of billions of dollars of defrauded taxpayer money, prosecuted numerous fraudsters, and stopped billions in suspicious payments."" https://t.co/OcoqMcp8Zk",13_2059669783612674055,video,https://github.com/vidproject/x/releases/download/media-RapidResponse47/13_2059669783612674055.mp4,11
SpeakSamuel,public,2025-09-30T22:52:03.000Z,1973158932358254614,https://x.com/SpeakSamuel/status/1973158932358254614,I will keep highlighting this. The Trump Administration is making it easier to obtain low skilled work visas and harder to obtain high skilled work visas. The opposite of what many people thought.,USCIS,2025-09-30T21:07:19.000Z,1973132573170868464,https://x.com/USCIS/status/1973132573170868464,"America needs vetted and legal farm workers to support our local agricultural businesses, and we’re working closely with @USDOL to modernize and streamline the H-2A process.

Beginning Oct. 2, petitioners seeking unnamed beneficiaries will be able to electronically submit the newly developed Form I-129H2A after DOL issues a notice of acceptance on the H-2A temporary labor certification and before it is approved. USCIS does not approve any petitions until after DOL has approved the corresponding TLC. This change will allow USCIS to immediately begin the concurrent processing of electronically filed petitions with unnamed beneficiaries, allowing petitioners the flexibility to file a petition with USCIS sooner than previously permitted.

When workers choose lawful pathways to working in the United States, it is beneficial for American businesses, the public, and alien workers.

Learn more: https://www.uscis.gov/newsroom/news-releases/dhs-streamlines-the-filing-process-for-certain-agricultural-workers",3_1973132480870825984,photo,https://github.com/vidproject/x/releases/download/media-USCIS/3_1973132480870825984.jpg,13
SpeakSamuel,public,2025-09-30T23:24:39.000Z,1973167134113947740,https://x.com/SpeakSamuel/status/1973167134113947740,"The Trump Admin on high skilled immigration: ""You need to pay a $100,000 fee to enter and we're vetting you extra if you're seeking an advanced degree. We're vetting you through something we're calling Operation Firewall.""

Trump Admin on low skilled immigration: ""America needs legal farm workers. When foreign workers choose lawful pathways to employment, it benefits the public.""",USCIS,2025-09-30T21:07:19.000Z,1973132573170868464,https://x.com/USCIS/status/1973132573170868464,"America needs vetted and legal farm workers to support our local agricultural businesses, and we’re working closely with @USDOL to modernize and streamline the H-2A process.

Beginning Oct. 2, petitioners seeking unnamed beneficiaries will be able to electronically submit the newly developed Form I-129H2A after DOL issues a notice of acceptance on the H-2A temporary labor certification and before it is approved. USCIS does not approve any petitions until after DOL has approved the corresponding TLC. This change will allow USCIS to immediately begin the concurrent processing of electronically filed petitions with unnamed beneficiaries, allowing petitioners the flexibility to file a petition with USCIS sooner than previously permitted.

When workers choose lawful pathways to working in the United States, it is beneficial for American businesses, the public, and alien workers.

Learn more: https://www.uscis.gov/newsroom/news-releases/dhs-streamlines-the-filing-process-for-certain-agricultural-workers",3_1973132480870825984,photo,https://github.com/vidproject/x/releases/download/media-USCIS/3_1973132480870825984.jpg,13
SpeakSamuel,public,2025-12-23T19:30:59.000Z,2003548913794711977,https://x.com/SpeakSamuel/status/2003548913794711977,"This rule doesn't select the highest paid H-1Bs. It boosts senior people in low paid fields. It prioritizes an older IT worker at Infosys making more than other IT workers but still underpaid relative to age.

It harms the young surgeon making $300k but still earning less compared to more experienced surgeons.",USCIS,2025-12-23T15:17:36.000Z,2003485146968969429,https://x.com/USCIS/status/2003485146968969429,".@DHSgov is publishing a final new rule for the H-1B work visa program to better protect American workers and wages. For too long, the H-1B program has failed to meet Congress’ intent.

Learn more: https://www.uscis.gov/newsroom/news-releases/dhs-changes-process-for-awarding-h-1b-work-visas-to-better-protect-american-workers https://t.co/3pIIvOyrPz",3_2003485076596588544,photo,https://github.com/vidproject/x/releases/download/media-USCIS/3_2003485076596588544.jpg,45
SpeakSamuel,public,2026-05-18T21:08:20.000Z,2056482039377936522,https://x.com/SpeakSamuel/status/2056482039377936522,"So, does that mean Bovino opposes school choice, the second amendment, and tax cuts?",GregoryKBovino,2026-05-18T19:45:44.000Z,2056461253389033687,https://x.com/GregoryKBovino/status/2056461253389033687,"If the Cato Institute comes out swinging for open borders, more free trade that hollows out our industries, or against any real border enforcement , take the opposite position immediately.

That’s not ideology, that’s pattern recognition.

Cato’s brand of libertarianism works great in theory and on a spreadsheet.  In the real world, it consistently pushes policies that dissolve national cohesion and hand the country over to whoever shows up.

Want to keep an actual country with a culture, an economy, and a future?

Simple rule: Cato’s for it, we do the opposite. Works every time",,,,19
StephenM,core,2025-02-17T22:29:32.000Z,1891615997288677728,https://x.com/StephenM/status/1891615997288677728,More fake and fabricated “news” from @AP,PressSec,2025-02-17T22:21:14.000Z,1891613906621100044,https://x.com/PressSec/status/1891613906621100044,"More fake news from the @AP

1. DOGE doesn’t even have a Facebook page

2. No air traffic controllers nor any professionals who perform safety critical functions were terminated",,,,0
StephenM,core,2025-09-22T23:17:00.000Z,1970266106704339419,https://x.com/StephenM/status/1970266106704339419,We will dismantle Antifa.,RapidResponse47,2025-09-22T22:13:32.000Z,1970250137193644374,https://x.com/RapidResponse47/status/1970250137193644374,"🚨 NEW: President Donald J. Trump just signed an order officially designating Antifa as a domestic terrorist organization.

Here is the text of the order:

Section 1. Antifa as a Terrorist Threat.  Antifa is amilitarist, anarchist enterprise that explicitly calls for the overthrow of the United States Government, law enforcement authorities, and our system of law.  It uses illegal means to organize and execute a campaign of violence and terrorism nationwide to accomplish these goals.  This campaign involves coordinated efforts to obstruct enforcement of Federal laws through armed standoffs with law enforcement, organized riots, violent assaults on Immigration and Customs Enforcement and other law enforcement officers, and routine doxing of and other threats against political figures and activists. Antifa recruits, trains, and radicalizes young Americans to engage in this violence and suppression of political activity, then employs elaborate means and mechanisms to shield the identities of its operatives, conceal its funding sources and operations in an effort to frustrate law enforcement, and recruit additional members.  Individuals associated with and acting on behalf of Antifa further coordinate with other organizations and entities for the purpose of spreading, fomenting, and advancing political violence and suppressing lawful political speech.  This organized effort designed to achieve policy objectives by coercion and intimidation is domestic terrorism.

​Sec. 2. Designation as a Domestic Terrorist Organization.  Because of the aforementioned pattern of political violence designed to suppress lawful political activity and obstruct the rule of law, I hereby designate Antifa as a ""domestic terrorist organization.""  All relevant executive departments and agencies shall utilize all applicable authorities to investigate, disrupt, and dismantle any and all illegal operations --especially those involving terrorist actions -- conducted by Antifa or any person claiming to act on behalf of Antifa, or for which Antifa or any person claiming to act on behalf of Antifa provided material support, including necessary investigatory and prosecutorial actions against those who fund such operations.

Sec. 3. General Provisions.  (a)  This order shall be implemented consistent with applicable law.  This order is not intended to, and does not, create any right or benefit, substantive or procedural, enforceable at law or in equity by any party against the United States, its departments, agencies, or entities, its officers, employees, or agents, or any other person.

(b)  This order shall be published in the Federal Register.

DONALD J. TRUMP

THE WHITE HOUSE,
September 22, 2025.",,,,945
StephenM,core,2025-09-30T01:05:31.000Z,1972830129840853171,https://x.com/StephenM/status/1972830129840853171,"Calling all patriots. USCIS is now hiring “HOMELAND DEFENDERS.” Your job will be to interview applicants for green cards, work visas and citizenship for approval or denial. Great pay, flexible hours, stay local. Sign up to be a Homeland Defender today!",DHSgov,2025-09-29T22:03:03.000Z,1972784211133342015,https://x.com/DHSgov/status/1972784211133342015,"“Those who do not want to be partakers of the American spirit ought not to settle in America.” - Calvin Coolidge

BECOME A HOMELAND DEFENDER TODAY: http://WWW.USCIS.GOV/JOIN https://t.co/gE4ykf9dYv",3_1972784204392869888,photo,https://github.com/vidproject/x/releases/download/media-DHSgov/3_1972784204392869888.jpg,431
StephenM,core,2026-02-25T03:32:40.000Z,2026500565492957396,https://x.com/StephenM/status/2026500565492957396,POTUS laid out clearly and deliberately: show Americans if you agree with this statement by standing. And 0 democrats stood for the foundational principle of all government that leaders must serve citizens before invaders. Never has there been a more stunning moment in Congress.,RapidResponse47,2026-02-25T03:23:25.000Z,2026498240296706252,https://x.com/RapidResponse47/status/2026498240296706252,".@POTUS: ""If you agree with this statement then stand up and show your support: the first duty of the American government is to protect American citizens not illegal aliens.""

*DEMOCRATS REMAIN SEATED*

SICK! https://t.co/u76p44tUad",13_2026498050244354048,video,,481
StephenM,core,2026-02-25T06:03:41.000Z,2026538572736549251,https://x.com/StephenM/status/2026538572736549251,The entire Democrat Party disqualified itself from government service in this one exchange. Nothing like it in US history.,RapidResponse47,2026-02-25T03:23:25.000Z,2026498240296706252,https://x.com/RapidResponse47/status/2026498240296706252,".@POTUS: ""If you agree with this statement then stand up and show your support: the first duty of the American government is to protect American citizens not illegal aliens.""

*DEMOCRATS REMAIN SEATED*

SICK! https://t.co/u76p44tUad",13_2026498050244354048,video,,481
StephenM,core,2026-02-27T16:48:28.000Z,2027425611862450322,https://x.com/StephenM/status/2027425611862450322,Think about how truly psychotic it is for Democrats to release criminals like this.,ICEgov,2026-02-27T14:05:16.000Z,2027384543498457512,https://x.com/ICEgov/status/2027384543498457512,"ILLEGAL ALIEN CHARGED WITH RAPE WHILE TRAINING AS A CORRECTIONS OFFICER SET FREE BY PRISON

Ibrahim George Kallon, an illegal alien from Sierra Leone whose visitor visa expired in 2024, was arrested while training to be a Delaware County Prison corrections officer and charged by Glenolden Police for:

—Rape
—Involuntary deviate sexual intercourse
—Sexual assault
—Aggravated indecent assault
—False imprisonment
—Indecent assault

Delaware County Prison sent him back into the community despite an ICE immigration detainer, so ICE @EROPhiladelphia officers had to arrest him at-large Feb. 11.

If the county won’t protect its own residents, we’ll do it for them.",3_2027384541497704449,photo,https://github.com/vidproject/x/releases/download/media-ICEgov/3_2027384541497704449.png,0
StephenM,core,2026-03-16T19:26:39.000Z,2033626015574962284,https://x.com/StephenM/status/2033626015574962284,Susie is a fighter and a leader of unshakable strength and sheer determination. I have no doubt she will crush this cancer with that same indomitable spirit. She is loved dearly by the entire White House team and we have her back in this fight each and every day. God bless Susie.,RapidResponse47,2026-03-16T15:58:42.000Z,2033573681973133389,https://x.com/RapidResponse47/status/2033573681973133389,https://t.co/4UFtIXz9o7,3_2033573673970384896,photo,https://github.com/vidproject/x/releases/download/media-RapidResponse47/3_2033573673970384896.jpg,406
StephenM,core,2026-04-10T01:09:53.000Z,2042409702860931411,https://x.com/StephenM/status/2042409702860931411,The Democrat Party mass imported monsters who are mass murdering Americans. And the Democrat Party and its corrupt judges are fighting relentlessly to keep them here.,RapidResponse47,2026-04-09T23:54:53.000Z,2042390824495751326,https://x.com/RapidResponse47/status/2042390824495751326,https://t.co/xKS6qVhHEg,13_2042390714059780097,video,https://github.com/vidproject/x/releases/download/media-RapidResponse47/13_2042390714059780097.mp4,265
StephenM,core,2026-05-06T01:49:15.000Z,2051841690797785607,https://x.com/StephenM/status/2051841690797785607,The system has been rigged against Americans for a very long time. Time to unrig it.,StephenM,2026-05-04T21:22:52.000Z,2051412267879580092,https://x.com/StephenM/status/2051412267879580092,"The combination of illegal alien apportionment, flawed censuses, and unconstitutionally racially-gerrymandered districts created an artificial 40 plus house seats for Democrats.",,,,341
TSA,government,2025-02-05T20:08:09.000Z,1887231761433641348,https://x.com/TSA/status/1887231761433641348,"Whether it's our Federal Air Marshals at the Fusion Watch Center, explosives detection canines at the stadium, or our officers keeping things safe at @flyNewOrleans, TSA is collaborating with @DHSgov + state and local partners to secure #SBLIX. Learn more: https://www.dhs.gov/news/2025/02/03/dhs-agencies-support-super-bowl-lix-security",DHSgov,2025-02-04T18:29:05.000Z,1886844443518456085,https://x.com/DHSgov/status/1886844443518456085,"🏈 Let the countdown to the @SuperBowl begin. The DHS workforce has been preparing for the big game-day for 18 months, working side-by-side with @NFL, @CityofNOLA and our federal, state, and local partners to ensure a safe and secure event. https://t.co/bzBSoVEwYQ",3_1886844422362435584,photo,https://github.com/vidproject/x/releases/download/media-DHSgov-0002/3_1886844422362435584.jpg,11
TSA,government,2026-03-08T19:27:25.000Z,2030727104019698150,https://x.com/TSA/status/2030727104019698150,"Enough is enough.

The Democrat shutdown of DHS must end!",DHSgov,2026-03-08T19:24:56.000Z,2030726477990461933,https://x.com/DHSgov/status/2030726477990461933,"SECURITY LINES OUT THE DOOR.

Americans are now missing their flights because of the Democrats shutdown of DHS. Their political stunt is forcing patriotic TSA officers to work without pay — leading to financial hardship, absences, and crippling staffing shortages.

Enough is enough: Democrats must fund DHS NOW.",13_2030726469186662400,video,https://github.com/vidproject/x/releases/download/media-DHSgov-0004/13_2030726469186662400.mp4,289
TSA,government,2026-03-09T16:15:05.000Z,2031041090980053252,https://x.com/TSA/status/2031041090980053252,"This chaos is a direct result of Democrats and their refusal to fund DHS.

Stop holding our national security and everyday Americans hostage!",DHSgov,2026-03-09T15:37:35.000Z,2031031653036953913,https://x.com/DHSgov/status/2031031653036953913,"Thanks to the Democrats' reckless DHS shutdown, some security lines at New Orleans’ Louis Armstrong airport are starting in the PARKING GARAGE.

The Democrats political games are forcing our hardworking TSA officers to work without pay for the third time in nearly six months and making spring break travel a NIGHTMARE.",13_2031031553514422273,video,https://github.com/vidproject/x/releases/download/media-DHSgov-0004/13_2031031553514422273.mp4,0
TSA,government,2026-03-12T14:05:12.000Z,2032095568659452312,https://x.com/TSA/status/2032095568659452312,"Democrats are playing political games with the livelihood of TSA frontline workers, the travel plans of the American public, and our national security.

Enough is enough.",DHSgov,2026-03-12T13:53:33.000Z,2032092637256122694,https://x.com/DHSgov/status/2032092637256122694,"The Democrats’ DHS shutdown has forced TSA employees to work without pay three times in nearly six months, and now agents are leaving the force—with more than 300 agents quitting since the start of the shutdown.

It’s time for Democrats to end these political games, pay our TSA officers, and reopen DHS.",13_2032092562807197696,video,https://github.com/vidproject/x/releases/download/media-DHSgov-0004/13_2032092562807197696.mp4,116
TSA,government,2026-04-21T13:11:24.000Z,2046577541146653110,https://x.com/TSA/status/2046577541146653110,"Strong partnerships make stronger security. Great to join with our DHS partners at @FPSDHS for this multiagency K9 training.

✔️Collaboration
✔️Shared expertise
✔️Mission-first mindset",FPSDHS,2026-04-08T20:55:33.000Z,2041983308129612130,https://x.com/FPSDHS/status/2041983308129612130,"Three @DHSgov @FPSDHS Explosive Detection Canine Teams participated @TSA’s multiagency K-9 training event @USArmy’s Fort Hamilton, New York. 🐾 K9 teams are an integral part of the FPS mission and must be prepared for real-world scenarios in the field. Outstanding teamwork! https://t.co/NEZ0QHazwM",3_2041983173630861312,photo,https://github.com/vidproject/x/releases/download/media-FPSDHS/3_2041983173630861312.jpg,1
TSA,government,2026-05-04T15:22:03.000Z,2051321465044078660,https://x.com/TSA/status/2051321465044078660,"Lawrence Santucci is an American hero, and an inspiration to all of us at TSA.

We are honored to have this patriot helping to secure our skies and protect our nation’s travelers.",DHSgov,2026-05-04T14:48:26.000Z,2051313003341979706,https://x.com/DHSgov/status/2051313003341979706,"AN INSPIRATION.

At 90 years old, Army veteran Lawrence Santucci is the oldest @TSA officer in the country.

His commitment to serving others and keeping our nation safe is truly incredible.

Thank you to him and all of our heroic TSA officers. https://t.co/gVNPNXDUcs",13_2051312899956596736,video,https://github.com/vidproject/x/releases/download/media-DHSgov/13_2051312899956596736.mp4,8
TSA,government,2026-05-05T16:01:48.000Z,2051693857125900706,https://x.com/TSA/status/2051693857125900706,"TSA employees worked tirelessly to ensure that flights to Venezuela could resume securely and on schedule. We’re proud to have been a part of this historic moment.

Thank you, President Trump!",WhiteHouse,2026-05-05T13:24:35.000Z,2051654289874202666,https://x.com/WhiteHouse/status/2051654289874202666,"Thanks to President Trump, direct flights from the U.S. to Venezuela are BACK!  🇺🇸🇻🇪 https://t.co/kSTlCI830C",13_2051652997206167556,video,https://github.com/vidproject/x/releases/download/media-WhiteHouse/13_2051652997206167556.mp4,124
TheMagaHulk,public,2026-05-04T03:21:17.000Z,2051140077120581644,https://x.com/TheMagaHulk/status/2051140077120581644,"Never doubt President Trump.

Choosing Homan over Bovino was the genius choice.

Deportation arrests don't have to be on the nightly news.

And Homan does the work behind the scenes.

Bovino made TikToks and his border patrol guys couldn't secure a scene in Minnesota. https://t.co/rQbrMYbgEI",GregoryKBovino,2026-05-04T01:54:35.000Z,2051118260809294075,https://x.com/GregoryKBovino/status/2051118260809294075,"I’m proud to endorse @AnthonySabatini Sabatini for Congress in Florida’s 11th District.
Imagine America five years from now if we keep treating our country like nothing more than an economic zone — a giant open-air Walmart with no borders, no identity, and no loyalty to the people who built it. Picture overwhelmed schools where your kids get less attention, hospitals turning away citizens because beds are filled with emergency cases that never end, wages stuck or falling while housing prices explode, and neighborhoods that feel less safe every single year. That’s not a country anymore. That’s a business that’s liquidating its own citizens.

Sabatini gets it: the fight against illegal immigration isn’t about politics — it’s about whether America remains a real country with sovereignty, culture, and a future for our kids, or just a giant hotel with no checkout time. He’s willing to say what most won’t: secure borders are the foundation of everything else that matters.

That’s why he has my full support. The choice is clear — a sovereign America, or something much worse. Sabatini is fighting for the first one.""
— Greg Bovino",,,,62
TheYBovinoQueen,public,2026-05-17T22:04:45.000Z,2056133847452909824,https://x.com/TheYBovinoQueen/status/2056133847452909824,Commander @GregoryKBovino truly deserves special recognition for the incredible job he’s doing educating and awakening people. We are incredibly grateful and blessed to have this great patriot doing God’s work for all of us! 👇,GregoryKBovino,2026-05-17T15:44:55.000Z,2056038260514886047,https://x.com/GregoryKBovino/status/2056038260514886047,"Understanding Immigration - Using Gumballs https://youtu.be/KqWrBiLyfhg?si=Z0miEjsxmWEuD5lL via @YouTube

Your heart aches seeing that talented kid from Congo or families trapped in poverty overseas. You want to help. That instinct is good, but the gumballs don’t lie.

One gumball = 1 million people.

America takes about a million immigrants a year.

The world’s poor?

Thousands of gumballs, and their numbers keep exploding.

We’ve tried the big experiment: massive immigration while straining our schools, hospitals, wages, housing, and trust.

The result? A weaker, more divided America less able to help anyone with the root problems back home untouched.

True compassion isn’t importing a handful while the jar overflows. It’s fixing what doesn’t work over there (stable families, good governance, real opportunity) without wrecking what does work here.

We can be generous without being suicidal.

The math deserves better policy than feelings.

What do you think?",,,,15
TraciThompson70,public,2026-05-15T02:27:12.000Z,2055112733431906631,https://x.com/TraciThompson70/status/2055112733431906631,"I hate to post this, as I like Bovino on immigration, but he’s decided to take the Tucker Carlson and Megyn Kelly route.",GregoryKBovino,2026-05-15T01:21:33.000Z,2055096213658120461,https://x.com/GregoryKBovino/status/2055096213658120461,"@aj_inapi Perhaps Israel and mass deportations are intertwined.  Before ranting as nauseum, perhaps you should listen for content",,,,0
USBPChief,core,2025-11-08T22:53:11.000Z,1987292343100145792,https://x.com/USBPChief/status/1987292343100145792,"Attacks on law enforcement agents during official operations will not be tolerated. Those responsible will be identified, investigated, and prosecuted. There will be consequences.",DHSgov,2025-11-08T19:27:21.000Z,1987240542833680566,https://x.com/DHSgov/status/1987240542833680566,"Today, U.S. Border Patrol was conducting immigration enforcement operations near 26th Street and Kedzie Avenue in Chicago, Illinois, when an unknown male driving a black Jeep fired shots at agents and fled the scene. An unknown number of agitators also threw a paint can and bricks at Border Patrol’s vehicles. Chicago Police Department was called for assistance and cleared the scene.  The shooter and vehicle remain at large, and this is a dynamic situation.

This incident is not isolated and reflects a growing and dangerous trend of violence and obstruction. Over the past two months, we’ve seen an increase in assaults and obstruction targeting federal law enforcement during operations. These confrontations highlight the dangers our agents face daily and the escalating aggression toward law enforcement. The violence must end.",,,,353
USBPChiefELC,core,2025-10-24T23:16:25.000Z,1981862372844413068,https://x.com/USBPChiefELC/status/1981862372844413068,"Proud of the Mean Green Machine as you faced an extremely dangerous situation in Cicero, Illinois and won. Well done, more to come!!!! #dhs #cantstopwontstop",DHSgov,2025-10-24T22:22:52.000Z,1981848897539784895,https://x.com/DHSgov/status/1981848897539784895,"Cicero or Sicario: A Day of Crashes.

October 22nd was one of the most violent days faced by DHS law enforcement since the beginning of Operation Midway Blitz.

To the rioters: you will not stop us or slow us down. https://t.co/jrtmYabUb5",3_1981847813559377920,photo,https://github.com/vidproject/x/releases/download/media-DHSgov/3_1981847813559377920.jpg,143
USCG,core,2023-03-21T16:54:34.000Z,1638222580598358016,https://x.com/USCG/status/1638222580598358016,Congratulations to all the #CoastGuard winners for this year's @DHSgov Secretary's Awards! 🏅 The #USCG had more than 100+ winners in 2023. The complete list can be found here: https://www.dhs.gov/2023-secretarys-awards,DHSgov,2023-03-21T16:31:03.000Z,1638216660262723590,https://x.com/DHSgov/status/1638216660262723590,"Today, @SecMayorkas announced the 1,341 winners of the DHS Secretary’s Awards, which honor employees from 36 states and territories, plus seven countries, for their extraordinary achievements and commitment to the DHS mission. #LegacyofService #DHSat20

 https://www.dhs.gov/news/2023/03/21/secretary-mayorkas-recognizes-over-1300-dhs-employees-annual-secretarys-awards https://t.co/752cqtLtAH",3_1638215638647701507,photo,https://github.com/vidproject/x/releases/download/media-DHSgov-0004/3_1638215638647701507.jpg,4
USCIS,core,2025-03-05T02:40:36.000Z,1897114997567979663,https://x.com/USCIS/status/1897114997567979663,"“Coming Soon 👀: USCIS will be making sure that ONLY women can get a visa to come to the U.S. to participate in a women’s sporting event by checking that their birth certificate reflects the right gender. More info to follow!”
@paytonmcnabb_ @Riley_Gaines_",WhiteHouse,2025-03-05T02:35:47.000Z,1897113786009706587,https://x.com/WhiteHouse/status/1897113786009706587,"Payton McNabb joins President Trump at the Joint Session of Congress after suffering a severe injury by a male competitor in women’s sports. She’s bravely fighting for fairness and safety for female athletes.

President Trump is clear: NO MEN IN WOMEN'S SPORTS. https://t.co/xx0Rcx1TXX",7_1897112894078083072,video,,138
USCIS,core,2025-03-18T20:17:23.000Z,1902091985047187595,https://x.com/USCIS/status/1902091985047187595,"The CBP Home app allows illegally present aliens to self-report their ""Intent to Depart."" Need more info? View the quick reference guide: https://go.dhs.gov/wq8 Or contact at: CBPHome@cbp.dhs.gov",CBP,2025-03-18T20:01:27.000Z,1902087978169565448,https://x.com/CBP/status/1902087978169565448,"Last week we introduced the CBP Home app offering a new critical feature, Intent to Depart. This update complies with @POTUS's Executive Order 14159, Protecting the American People Against Invasion.

More Info. watch: ➡️ https://www.youtube.com/shorts/HCwkDimNUXo https://t.co/dTEPr1y9No",3_1902087971286794240,photo,https://github.com/vidproject/x/releases/download/media-CBP-0002/3_1902087971286794240.jpg,5
USCIS,core,2025-03-26T16:33:58.000Z,1904934864626819137,https://x.com/USCIS/status/1904934864626819137,"USCIS provided critical support to @ICEgov, leading to the first arrest under the Alien Enemies Act. Jimenez-Bracho, a known Tren de Aragua gang member wanted for human trafficking, is now off our streets. We proudly stand together for law and order and making America safe again!",ICEgov,2025-03-21T19:46:40.000Z,1903171421318107611,https://x.com/ICEgov/status/1903171421318107611,https://t.co/jX2qn1nFu7,3_1903171419464466432,photo,https://github.com/vidproject/x/releases/download/media-ICEgov-0002/3_1903171419464466432.jpg,16
USCIS,core,2025-04-23T17:55:24.000Z,1915102218576945153,https://x.com/USCIS/status/1915102218576945153,"If you want to work in the U.S., you must follow the law. We are proud to support this operation with our @DHSgov partners that led to the indictment of 18 criminal aliens in Tampa who tried to cheat their way into a job. Under @Sec_Noem we are protecting America and our jobs!",ICEgov,2025-04-16T01:30:00.000Z,1912317518888268002,https://x.com/ICEgov/status/1912317518888268002,"TAMPA, Fla. – Following an immigration-related identity theft investigation, 18 illegal aliens face multiple charges that include:
• Aggravated identity theft.
• Misuse of Social Security numbers.
• False statements regarding citizenship with the intent to unlawfully engage in employment.

📰Learn more about those charged in our newsroom.",3_1912155976825729024,photo,https://github.com/vidproject/x/releases/download/media-ICEgov/3_1912155976825729024.jpg,8
USCIS,core,2025-06-13T19:48:27.000Z,1933612451800764813,https://x.com/USCIS/status/1933612451800764813,"We partnered with law enforcement in Miami to arrest this alien from Haiti who voted illegally. Voting is a sacred right reserved for U.S. citizens--period. He's also a convicted narcotics trafficker with a firearms possession record. Together with @ICEgov, @fdlepio, @StateDeptDSS we are making America safe again!",ICEgov,2025-06-13T14:02:00.000Z,1933525263469383776,https://x.com/ICEgov/status/1933525263469383776,"MIAMI -- Previously convicted Haitian permanent resident arrested for voter fraud by ICE special agents working with @StateDeptDSS, @USCIS and @fdlepio  partners.

Subscribe to updates on this and other ongoing investigations in our newsroom.",,,,17
USCIS,core,2025-07-03T18:24:10.000Z,1940838997858886024,https://x.com/USCIS/status/1940838997858886024,"USCIS referred Chavez to @ICEgov as an egregious public safety threat. Together, we’re working hard to kick cartel members and criminals out of your neighborhoods and out of our nation.",DHSgov,2025-07-03T18:06:54.000Z,1940834653222375456,https://x.com/DHSgov/status/1940834653222375456,"On July 2, ICE arrested Mexican boxer and criminal illegal alien Julio Cesar Chavez Jr.

He is now being processed for expedited removal from the United States. This Sinaloa Cartel affiliate has an active arrest warrant in Mexico for his involvement in organized crime and trafficking firearms, ammunitions and explosives.

Under President Trump, NO ONE is above the law—including world-famous athletes. Our message to any cartel affiliates in the U.S. is clear: We will find you and you will face consequences. The days of unchecked cartel violence are over.

https://www.dhs.gov/news/2025/07/03/dhs-announces-ice-arrest-mexican-boxer-sinaloa-cartel-affiliate-active-criminal",3_1940834648193384448,photo,https://github.com/vidproject/x/releases/download/media-DHSgov/3_1940834648193384448.jpg,2089
USCIS,core,2025-07-07T17:01:19.000Z,1942267698412445896,https://x.com/USCIS/status/1942267698412445896,We are proud of our @DHSgov family for their extraordinary efforts to save so many lives in the catastrophic Texas flooding.,DHSgov,2025-07-07T12:19:40.000Z,1942196817019433103,https://x.com/DHSgov/status/1942196817019433103,"AMERICAN HERO 🇺🇸

As catastrophic floods swept through Central Texas, Rescue Swimmer Scott Ruskan and his Coast Guard aircrew answered the call of duty without hesitation—saving 165 lives during his first rescue mission.

The extraordinary bravery and selfless service of Ruskan and his fellow first responders embody the very spirit of the United States Coast Guard and the best of what it means to be an American.

Thank you to the first responders.",3_1942196811290030080,photo,https://github.com/vidproject/x/releases/download/media-DHSgov/3_1942196811290030080.jpg,265
USCIS,core,2025-07-10T19:00:01.000Z,1943384733389590662,https://x.com/USCIS/status/1943384733389590662,USCIS pieced together key information that helped @ICEgov capture a dangerous high-ranking MS-13 criminal alien and his associate in Omaha.,ICEgov,2025-07-09T22:50:43.000Z,1943080402513441200,https://x.com/ICEgov/status/1943080402513441200,"Meet Rene Saul Escobar Ochoa. He’s an MS-13 terrorist and Salvadoran FUGITIVE wanted for:
👉Ordering gang members to commit multiple murders
👉Extortion
👉Imprisonment
👉Drug trafficking

We found him alongside an MS-13 kingpin wanted for FIVE MURDERS and other serious crimes.

These two were living in Nebraska within the Omaha community.

“Our ICE officers and agents are protecting your neighborhoods, even when you don’t know the threat is there, so either support them or get out of the way.”

—Acting ICE Director Todd M. Lyons

📰Learn more about this case and more in our newsroom.",13_1943079976405704705,video,https://github.com/vidproject/x/releases/download/media-ICEgov/13_1943079976405704705.mp4,46
USCIS,core,2025-07-14T18:49:04.000Z,1944831530188099798,https://x.com/USCIS/status/1944831530188099798,Our officers are expertly trained to catch these sham marriages. Buying a spouse doesn’t make you a citizen.,WhiteHouse,2025-07-14T16:41:06.000Z,1944799325927747749,https://x.com/WhiteHouse/status/1944799325927747749,"Jiejun tried to finesse a wedding for a free pass — BUT ICE SAID NAH AND SWIPED RIGHT.

No dress. No vows. No citizenship. JUST DEPORTED.

IT'S A MATCH ❤️🥰 https://t.co/GEkGrZL0vp",3_1944799174186180608,photo,https://github.com/vidproject/x/releases/download/media-WhiteHouse/3_1944799174186180608.jpg,331
USCIS,core,2025-07-23T20:26:27.000Z,1948117528724566368,https://x.com/USCIS/status/1948117528724566368,We welcome our new director back to USCIS! Director Joseph B. Edlow previously served as our deputy director for policy and as chief counsel. Follow @USCISJoe on X for the latest info on how Director Edlow is leading USCIS and making America safe again!,USCISJoe,2025-07-23T20:18:23.000Z,1948115498052280478,https://x.com/USCISJoe/status/1948115498052280478,"I am honored to return to @USCIS as the agency's director. Under @POTUS and @Sec_Noem's leadership, I am committed to making America safe again, overhauling the nation's lawful immigration system, and ensuring only the best people join us as citizens of this great nation. https://t.co/CButI4SYhf",3_1948114884899557377 3_1948114287613849601,photo photo,https://github.com/vidproject/x/releases/download/media-USCISJoe/3_1948114884899557377.jpg https://github.com/vidproject/x/releases/download/media-USCISJoe/3_1948114287613849601.jpg,3
USCIS,core,2025-10-23T17:50:12.000Z,1981417891095281803,https://x.com/USCIS/status/1981417891095281803,"HOLD THE LINE.

http://uscis.gov/join https://t.co/EBYJDJuZJD",DHSgov,2025-10-21T19:49:41.000Z,1980723182962094300,https://x.com/DHSgov/status/1980723182962094300,"Defend your hearth and home.

http://JOIN.ICE.GOV https://t.co/bAeAa0RkkV",3_1980723179753525248,photo,https://github.com/vidproject/x/releases/download/media-DHSgov/3_1980723179753525248.jpg,2120
USCIS,core,2025-10-29T13:26:46.000Z,1983525921362514243,https://x.com/USCIS/status/1983525921362514243,"One Heart. One home.

Join us: http://uscis.gov/join",DHSgov,2025-10-03T00:51:29.000Z,1973913763784139208,https://x.com/DHSgov/status/1973913763784139208,"We share one heart, one home, and one glorious destiny. https://t.co/55xaDCCySv",13_1973913526159679488,video,https://github.com/vidproject/x/releases/download/media-DHSgov/13_1973913526159679488.mp4,221
USCIS,core,2025-10-29T19:11:48.000Z,1983612752943091871,https://x.com/USCIS/status/1983612752943091871,https://t.co/u59WeqqQT3,DHSgov,2025-10-29T18:40:40.000Z,1983604918239031569,https://x.com/DHSgov/status/1983604918239031569,"“The board is set, the pieces are moving. We come to it at last, the great battle of our time.” https://t.co/G6BXEwkOQS",3_1983604911276269568,photo,https://github.com/vidproject/x/releases/download/media-DHSgov/3_1983604911276269568.jpg,1980
USCIS,core,2025-11-28T16:11:35.000Z,1994439033733218717,https://x.com/USCIS/status/1994439033733218717,"If your TPS status has changed, self-deport NOW before you are detained.

Visit https://www.dhs.gov/cbphome to learn more about self-deportation options.",ICEgov,2025-11-28T15:30:02.000Z,1994428579178774895,https://x.com/ICEgov/status/1994428579178774895,"When someone’s temporary protected status is lifted, they become illegal aliens who aren’t allowed to live or work in the U.S. https://t.co/gQvWleVdfO",7_1994427402093576193,video,https://github.com/vidproject/x/releases/download/media-ICEgov/7_1994427402093576193.mp4,233
USCIS,core,2026-01-13T16:05:58.000Z,2011107465405063596,https://x.com/USCIS/status/2011107465405063596,🇺🇸,WhiteHouse,2026-01-13T14:57:19.000Z,2011090186629750919,https://x.com/WhiteHouse/status/2011090186629750919,"BREAKING: President Trump ENDS TPS for thousands of Somalis amid massive fraud scandals in Minnesota.

“We are putting Americans first.” - @Sec_Noem https://t.co/ZzoUmL3PkQ",3_2011089507848749057,photo,https://github.com/vidproject/x/releases/download/media-WhiteHouse/3_2011089507848749057.jpg,227
USCIS,core,2026-03-25T20:24:07.000Z,2036901968845721664,https://x.com/USCIS/status/2036901968845721664,"The Biden administration let thousands of unvetted Afghan nationals into our country.

Under @POTUS,  we're cleaning up the mess and removing terrorists, sexual predators, pedophiles, domestic abusers, and kidnappers who should have never been allowed entry in the first place.

USCIS is proud to have partnered with @ICEgov in the investigation that led to the arrest of this Afghan pedophile: https://www.dhs.gov/news/2026/03/16/dhs-law-enforcement-arrests-afghan-national-previously-convicted-indecent-exposure",DHSgov,2026-03-16T22:20:24.000Z,2033669741458464953,https://x.com/DHSgov/status/2033669741458464953,"UNVETTED AFGHAN PEDOPHILE ARRESTED.

Basir Ahmad Safi, an Afghan national, was arrested by DHS on March 11. Safi has a disgusting criminal history, including indecent exposure to a minor, soliciting a child by computer, child abuse, and lascivious exhibition.

Safi was allowed into our homeland in 2021 as a part of President Biden’s ""Operation Allies Welcome” and was arrested only two years later for his sex offenses.

He should have NEVER been allowed into America and given the opportunity to prey on innocent children. DHS will continue to identify and remove the public safety threats, like Safi, within our nation.",3_2033669737155076096,photo,https://github.com/vidproject/x/releases/download/media-DHSgov/3_2033669737155076096.jpg,39
USCIS,core,2026-03-27T19:39:11.000Z,2037615436293193910,https://x.com/USCIS/status/2037615436293193910,"Promises Made, Promises Kept

Under @POTUS’ leadership, USCIS has worked tirelessly to protect the American people, end the abuse and exploitation of immigration programs, declare war on immigration fraud, close loopholes in the immigration system, and uphold the integrity of the citizenship process.

These efforts underscore President Trump’s commitment to putting national security and the interests of Americans first.
https://www.uscis.gov/newsroom/news-releases/making-america-safe-again-us-citizenship-and-immigration-services-end-of-year-review-demonstrates",WhiteHouse,2026-03-26T21:18:16.000Z,2037277984533389431,https://x.com/WhiteHouse/status/2037277984533389431,"PROMISES MADE, PROMISES KEPT. Immigration fell in EVERY metro city area in 2025. 🇺🇸 https://t.co/UN8jNXzw6m",3_2037277848835416069,photo,https://github.com/vidproject/x/releases/download/media-WhiteHouse/3_2037277848835416069.jpg,331
USCIS,core,2026-04-16T17:03:43.000Z,2044824067585269898,https://x.com/USCIS/status/2044824067585269898,"We are committed to applying immigration law faithfully, accurately, and in the best interest of the nation.",USCISJoe,2026-04-16T17:01:39.000Z,2044823546816307670,https://x.com/USCISJoe/status/2044823546816307670,"""Ultimately, my charge at @USCIS is to make sure that we are not cutting corners.""

""At the end of the day, screening and vetting will be the primary focus of what we’re doing."" https://t.co/W8r6XTez0f",13_2044822006894596096,video,https://github.com/vidproject/x/releases/download/media-USCISJoe/13_2044822006894596096.mp4,13
USCIS,core,2026-04-18T02:58:04.000Z,2045336030908223788,https://x.com/USCIS/status/2045336030908223788,The Trump administration is committed to seeking out anyone who commits fraud within our legal immigration system and ensuring they face real consequences.,USCISJoe,2026-04-18T02:55:46.000Z,2045335451368665161,https://x.com/USCISJoe/status/2045335451368665161,"Thanks to @DanNewsManBall for having me on to highlight the advanced measures @USCIS is taking under @SecMullinDHS’ and @POTUS' leadership to combat immigration fraud.

Unlike under the previous administration, fraud is not something we’re going to ignore. https://t.co/RwBBr5FWBH",13_2045331884385976320,video,https://github.com/vidproject/x/releases/download/media-USCISJoe/13_2045331884385976320.mp4,10
USCIS,core,2026-04-19T13:40:46.000Z,2045860159566512517,https://x.com/USCIS/status/2045860159566512517,"Under @POTUS, @SecMullinDHS and @USCISJoe are working to combat fraud like never before.

If you commit immigration fraud, you WILL face the consequences.",USCISJoe,2026-04-19T13:37:03.000Z,2045859222290665758,https://x.com/USCISJoe/status/2045859222290665758,"At USCIS, we’ve declared full-scale war on immigration fraud. We’re going back and revetting cases for people who were granted green cards and other benefits during the Biden administration—when vetting was lax.

There's rigorous vetting now, and we're reopening these old cases. https://t.co/ioZoquGLtr",13_2045857534519443456,video,https://github.com/vidproject/x/releases/download/media-USCISJoe/13_2045857534519443456.mp4,53
USCIS,core,2026-04-20T22:19:56.000Z,2046353199997542438,https://x.com/USCIS/status/2046353199997542438,"Under the leadership of @POTUS, @SecMullinDHS, and @USCISJoe, we are re-vetting cases for people who were granted immigration benefits during the Biden administration—when there was no vetting.

There’s vetting now, so be prepared to face the consequences: https://www.breitbart.com/politics/2026/04/20/uscis-director-joe-edlow-biden-migrants-green-cards-asylum/",USCISJoe,2026-04-20T22:08:12.000Z,2046350246645502190,https://x.com/USCISJoe/status/2046350246645502190,"Fraud permeates our entire immigration system.

Our new @USCIS special agents will ensure there are consequences for this type of fraud.

No one is entitled to immigration benefits &amp; naturalization. Immigration to the U.S. is an honor &amp; we will  make sure it’s done correctly. https://t.co/45JNDtQsMu",13_2046349772093845504,video,https://github.com/vidproject/x/releases/download/media-USCISJoe/13_2046349772093845504.mp4,21
USCISJoe,core,2026-03-24T20:38:10.000Z,2036543116769956155,https://x.com/USCISJoe/status/2036543116769956155,"Welcome @SecMullinDHS! Your commitment to public service and strong leadership will be invaluable as we work together to uphold the integrity of our immigration system and strengthen our nation’s security.

Looking forward to what we’ll accomplish together.",DHSgov,2026-03-24T20:13:28.000Z,2036536897724379432,https://x.com/DHSgov/status/2036536897724379432,"Welcome @SecMullinDHS!

Under the leadership of @POTUS Trump and Secretary Mullin, DHS is committed to protecting our homeland. We are securing our borders, removing dangerous criminal illegal aliens, preventing cybersecurity and terror attacks, and helping Americans in the face of natural disasters.

MAKE AMERICA SAFE AGAIN.",,,,32
USCISJoe,core,2026-04-11T22:40:52.000Z,2043096976044986758,https://x.com/USCISJoe/status/2043096976044986758,The facts speak for themselves. Proud to work with our partners at @DHSgov to keep Americans safe.,CBPCommissioner,2026-04-11T01:27:26.000Z,2042776503667097972,https://x.com/CBPCommissioner/status/2042776503667097972,"A lot of noise out there, but the facts don’t change: a unified, government-wide effort ended catch and release. For over 11 months, USBP has not released a single illegal alien arrested at entry. BP stations are nearly empty. The results speak for themselves.",,,,0
USDOL,core,2025-03-14T13:22:09.000Z,1900537940645658769,https://x.com/USDOL/status/1900537940645658769,"Welcome to our new Deputy Secretary, @SonderlingDOL!",Sonderling47,2025-03-14T13:16:29.000Z,1900536511470219500,https://x.com/Sonderling47/status/1900536511470219500,"This week, I was honored to be confirmed by the Senate as the Deputy Secretary of @USDOL under @POTUS.

I'm ready to work alongside @SecretaryLCD to put American Workers First and give everyone a fair shot at the American Dream. 🇺🇸 https://t.co/bR3GNJ3Po8",7_1900534983015489536,video,https://github.com/vidproject/x/releases/download/media-Sonderling47/7_1900534983015489536.mp4,13
USDOL,core,2025-04-17T15:08:33.000Z,1912885901333520726,https://x.com/USDOL/status/1912885901333520726,"The Golden Age of American Manufacturing is here, and we’re committed to ensuring American Workers have the skills they need to thrive in this crucial sector.

Learn more: https://apprenticeship.gov",WhiteHouse,2025-04-16T16:39:36.000Z,1912546429827997717,https://x.com/WhiteHouse/status/1912546429827997717,"🇺🇸A prosperous Wednesday at the White House—President Trump delivering results for America.

Abbott announced major U.S. manufacturing expansion, and Honda is moving production of its popular Civic from Japan to the U.S. https://t.co/YJWCeBu9Ir",3_1912543533254209536,photo,https://github.com/vidproject/x/releases/download/media-WhiteHouse/3_1912543533254209536.jpg,64
USDOL,core,2025-04-18T15:10:24.000Z,1913248755224109194,https://x.com/USDOL/status/1913248755224109194,.@POTUS’ policies 🤝 Creating American Jobs,RapidResponse47,2025-04-18T14:48:06.000Z,1913243142192590917,https://x.com/RapidResponse47/status/1913243142192590917,"WSJ: “Ellwood Group, a maker of forged steel, nickel, and aluminum products, saw sales jump 35% from the fourth quarter to the first, driven in part by tariffs.”

“Large construction projects that use finished steel are diversifying away from Asian suppliers to U.S. companies.” https://t.co/CgW0vsbgcl",3_1913243136274333696,photo,https://github.com/vidproject/x/releases/download/media-RapidResponse47/3_1913243136274333696.jpg,40
USDOL,core,2025-04-24T19:50:22.000Z,1915493538432983047,https://x.com/USDOL/status/1915493538432983047,".@POTUS has made it clear: apprenticeships are critical to modernize our workforce and prepare American Workers for the high-paying skilled trade jobs of the future.

Get started in an apprenticeship today: http://apprenticeship.gov",WhiteHouse,2025-04-24T00:11:50.000Z,1915196950300811426,https://x.com/WhiteHouse/status/1915196950300811426,"🚨NEW: President Trump signs an Executive Order to modernize workforce programs! 🇺🇸 Preparing Americans for high-paying skilled trade jobs and refocusing youth on career preparation.

America FIRST. https://t.co/dErztt7y1j",3_1915196330357542912,photo,https://github.com/vidproject/x/releases/download/media-WhiteHouse/3_1915196330357542912.jpg,91
USDOL,core,2025-05-02T15:26:57.000Z,1918326349070029006,https://x.com/USDOL/status/1918326349070029006,https://t.co/FMyyR2FFcU,WhiteHouse,2025-05-02T15:00:30.000Z,1918319695901475291,https://x.com/WhiteHouse/status/1918319695901475291,http://x.com/i/article/1918318916570427392,,,,66
USDOL,core,2025-05-08T17:48:42.000Z,1920536350744301696,https://x.com/USDOL/status/1920536350744301696,"After decades of politicians putting American Workers last, @POTUS is delivering UNPRECEDENTED wins 🔥 https://t.co/Ybm3NHztE5",WhiteHouse,2025-05-08T17:38:37.000Z,1920533811051241845,https://x.com/WhiteHouse/status/1920533811051241845,http://x.com/i/article/1920532650340548609,,,,30
USDOL,core,2025-06-06T14:17:19.000Z,1930992402581365052,https://x.com/USDOL/status/1930992402581365052,Bad day to be a Panican 😤,PressSec,2025-06-06T13:30:13.000Z,1930980549906063803,https://x.com/PressSec/status/1930980549906063803,"President Trump’s America First Economic Agenda has created a BOOMING economy — jobs are up, unemployment is down, wages are increasing, and inflation is dead. More than 139,000 good jobs were added to the private sector in May, all accounted for by American-born workers. Americans should continue to Trust in President Trump, who continues to beat expectations.",3_1930980463956332544,photo,,117
USDOL,core,2025-07-11T13:26:19.000Z,1943663142069821598,https://x.com/USDOL/status/1943663142069821598,https://t.co/hIrg4wI82k,WhiteHouse,2025-07-10T20:11:42.000Z,1943402774416269414,https://x.com/WhiteHouse/status/1943402774416269414,http://x.com/i/article/1943402513279197184,,,,74
USDOL,core,2025-07-11T17:27:30.000Z,1943723837431972161,https://x.com/USDOL/status/1943723837431972161,Facts.,DHSgov,2025-07-11T15:39:47.000Z,1943696729171169650,https://x.com/DHSgov/status/1943696729171169650,Unaccompanied migrant children shouldn’t be forced into labor at California marijuana facilities. https://t.co/nKhEP0SXE9,3_1943696720065384448,photo,https://github.com/vidproject/x/releases/download/media-DHSgov-0004/3_1943696720065384448.jpg,329
USDOL,core,2025-07-22T13:06:02.000Z,1947644306963239014,https://x.com/USDOL/status/1947644306963239014,Fact check=TRUE ✅☺️ https://t.co/IRk5vvWpAD,USDOL,2025-07-07T14:50:00.000Z,1942234652896592077,https://x.com/USDOL/status/1942234652896592077,"Under @POTUS, native-born workers have accounted for ALL job gains since January.

American Workers First! 🔥🇺🇸 https://t.co/gbAQQJ3F4j",3_1942234645728256000,photo,,640
USDOL,core,2025-07-25T17:24:38.000Z,1948796548394996218,https://x.com/USDOL/status/1948796548394996218,aura.,RapidResponse47,2025-07-25T17:17:03.000Z,1948794639806267887,https://x.com/RapidResponse47/status/1948794639806267887,🇺🇸 https://t.co/XmAEFpqcoj,3_1948794606100852737,photo,https://github.com/vidproject/x/releases/download/media-RapidResponse47/3_1948794606100852737.jpg,18
USDOL,core,2025-08-21T18:56:10.000Z,1958604054289895740,https://x.com/USDOL/status/1958604054289895740,SPITTING STRAIGHT FACTS 🔥,RapidResponse47,2025-08-21T18:45:31.000Z,1958601374591328580,https://x.com/RapidResponse47/status/1958601374591328580,".@VP: ""If you want to get a four-year degree — great. But if you want to be a plumber or an electrician or a pipe fitter, your government ought to fight for you too.""

Thanks to the One Big, Beautiful Bill, Americans can use Pell grants for trade schools! https://t.co/It4xSSONhb",13_1958600795600908288,video,https://github.com/vidproject/x/releases/download/media-RapidResponse47/13_1958600795600908288.mp4,152
USDOL,core,2025-09-29T14:51:40.000Z,1972675652517065161,https://x.com/USDOL/status/1972675652517065161,".@POTUS has made it clear: the era of offshoring is OVER.

American Workers First.

American Industry First.",RapidResponse47,2025-09-29T13:38:11.000Z,1972657156944982157,https://x.com/RapidResponse47/status/1972657156944982157,"""Blood, sweat, and tears went into the furniture that we made...I was so happy to get a job here.""

""...The best furniture you could buy...then they moved out. It left this town high and dry.""

@POTUS is taking a stand to restore North Carolina's furniture industry to greatness. https://t.co/bMVi9grg11",13_1972655078885474304,video,https://github.com/vidproject/x/releases/download/media-RapidResponse47/13_1972655078885474304.mp4,61
USDOL,core,2025-10-17T22:29:06.000Z,1979313750823047537,https://x.com/USDOL/status/1979313750823047537,"EVERYONE needs to know about how @POTUS is delivering HISTORIC WINS for American Workers.

That’s why we’re taking the America First message to Bluesky!

Give us a follow, Patriots ➡️ https://bsky.app/profile/dol.gov",WhiteHouse,2025-10-17T21:26:01.000Z,1979297874031555036,https://x.com/WhiteHouse/status/1979297874031555036,"We realized everyone over at Bluesky probably wasn't seeing our content.

So we decided to fix that.

Here are some of our greatest hits all in one place. Enjoy ❤️🇺🇸 https://t.co/v6SdrMIWtW",13_1979290012203003904,video,https://github.com/vidproject/x/releases/download/media-WhiteHouse/13_1979290012203003904.mp4,2638
USDOL,core,2025-11-19T18:10:51.000Z,1991207559055708445,https://x.com/USDOL/status/1991207559055708445,THE PRESIDENT OF THE AMERICAN WORKER 🔥🇺🇸,RapidResponse47,2025-11-19T17:41:40.000Z,1991200214691049507,https://x.com/RapidResponse47/status/1991200214691049507,"""1.9 million more American-born workers are employed today than when I took office,"" says @POTUS.

""Under Biden, 1 out of every 4 new jobs went to increase the size of the federal government... Under my administration, 100% of all new jobs created came out of the private sector."" https://t.co/28MbVJB3NZ",13_1991199891029114880,video,https://github.com/vidproject/x/releases/download/media-RapidResponse47/13_1991199891029114880.mp4,68
USDOL,core,2025-11-19T23:18:05.000Z,1991284876742418620,https://x.com/USDOL/status/1991284876742418620,"The era of reindustrialization is here.

AMERICAN WORKERS FIRST.

AMERICAN INDUSTRY FIRST.",WhiteHouse,2025-11-19T20:30:00.000Z,1991242576653906102,https://x.com/WhiteHouse/status/1991242576653906102,Foreign investment into U.S. industry means MORE opportunities for American workers. https://t.co/vBFyYJAMKU,3_1991218413935411200,photo,https://github.com/vidproject/x/releases/download/media-WhiteHouse/3_1991218413935411200.jpg,0
USDOL,core,2025-11-24T21:38:05.000Z,1993071648719958369,https://x.com/USDOL/status/1993071648719958369,"The Biden Administration left us with an economic DISASTER.

For four years, they allowed foreign labor to flood our job market, left American Workers behind, and pursued policies that made everything more expensive.

Under @POTUS’ leadership, we’re making progress in our economic recovery—and we won’t give up the fight.",WhiteHouse,2025-11-24T20:12:56.000Z,1993050219601420341,https://x.com/WhiteHouse/status/1993050219601420341,"President Trump inherited Biden’s inflation and high prices. While progress is underway and inflation is falling, he will keep fighting to bring costs down for EVERY American. https://t.co/v5RXOC4GCJ",3_1993049978692878336,photo,https://github.com/vidproject/x/releases/download/media-WhiteHouse/3_1993049978692878336.jpg,0
USDOL,core,2025-12-10T16:36:21.000Z,1998793923255517652,https://x.com/USDOL/status/1998793923255517652,AMERICANS FIRST!,WhiteHouse,2025-12-10T01:12:01.000Z,1998561306266505501,https://x.com/WhiteHouse/status/1998561306266505501,"""Before I entered office, 100% of all net new jobs were going to migrant workers... and illegal aliens—but since I took office, 100% of all net job creation has gone to AMERICAN CITIZENS."" - PRESIDENT DONALD J. TRUMP 🇺🇸🇺🇸",,,,0
USDOL,core,2025-12-16T15:33:54.000Z,2000952531493818657,https://x.com/USDOL/status/2000952531493818657,"PROMISES MADE, PROMISES KEPT 🇺🇸",WhiteHouse,2025-12-16T14:57:23.000Z,2000943343979913471,https://x.com/WhiteHouse/status/2000943343979913471,"🚀 STRONG growth in private-sector jobs
📉 Government jobs DOWN – shrinking federal bureaucracy
🇺🇸 100% of new jobs going to native-born Americans
💵 Wages outpacing inflation

THE BEST IS YET TO COME! https://t.co/JxhZBB89bp",3_2000943264887701507,photo,https://github.com/vidproject/x/releases/download/media-WhiteHouse/3_2000943264887701507.jpg,0
USDOL,core,2025-12-16T17:24:56.000Z,2000980473929986471,https://x.com/USDOL/status/2000980473929986471,based,RapidResponse47,2025-12-16T16:27:54.000Z,2000966123274068007,https://x.com/RapidResponse47/status/2000966123274068007,"Federal employment is now at the lowest level since 2014 — down by 271,000 jobs since President Trump took office.

Promises made, promises kept. https://t.co/vKNy0MHGoP",3_2000966064264318980,photo,https://github.com/vidproject/x/releases/download/media-RapidResponse47/3_2000966064264318980.jpg,0
USDOL,core,2025-12-16T22:24:24.000Z,2001055837398122914,https://x.com/USDOL/status/2001055837398122914,Facts,DHSgov,2025-12-16T21:47:09.000Z,2001046466073112972,https://x.com/DHSgov/status/2001046466073112972,Deportations Deliver Jobs,,,,0
USDOL,core,2025-12-18T02:43:41.000Z,2001483475749335296,https://x.com/USDOL/status/2001483475749335296,"Under President Trump, American Jobs are going to AMERICAN WORKERS 🇺🇸",WhiteHouse,2025-12-18T02:23:40.000Z,2001478440092934409,https://x.com/WhiteHouse/status/2001478440092934409,100% of all net job creation has gone to AMERICAN-born Citizens. 🇺🇸🇺🇸,,,,69
USDOL,core,2025-12-20T03:58:36.000Z,2002227108274205055,https://x.com/USDOL/status/2002227108274205055,President Donald J. Trump is THE PRESIDENT OF THE AMERICAN WORKER 😤🔥,RapidResponse47,2025-12-20T02:54:48.000Z,2002211050922422480,https://x.com/RapidResponse47/status/2002211050922422480,".@POTUS: ""Wages are rising much faster than inflation for the first time in many years...and we're delivering lower prices and bigger paychecks...while tens of thousands of new jobs under Biden were government jobs...we've reduced the federal workforce by 270,000 jobs."" https://t.co/gBUmoe5HmU",13_2002210788740599808,video,https://github.com/vidproject/x/releases/download/media-RapidResponse47/13_2002210788740599808.mp4,0
USDOL,core,2025-12-23T22:18:27.000Z,2003591058450682063,https://x.com/USDOL/status/2003591058450682063,"We won’t stop fighting until we Recapture the American Dream for the AMERICAN People.

Wishing you all a Merry Christmas 🎄 https://t.co/9P9uImaGsm",USDOL,2025-12-22T19:38:18.000Z,2003188363764072792,https://x.com/USDOL/status/2003188363764072792,The American Dream belongs to the AMERICAN PEOPLE.,,,,0
USDOL,core,2025-12-31T19:16:21.000Z,2006444333881270671,https://x.com/USDOL/status/2006444333881270671,"For decades, globalists stacked the deck against Americans.

They pursued policies that put foreign workers first, sold our jobs out to countries like China, and allowed nearly unrestricted migration into our nation.

President Trump is bringing this globalist disaster to an end.

This year, he’s already taken action to end to H-1B abuse, restore industry and jobs to our nation, and ensure AMERICANS come first in our job market.

There’s still a long way to go and a lot of adversity ahead, but we will not stop fighting for you.

AMERICANS FIRST!",USDOL,2025-12-31T00:34:43.000Z,2006162064012726492,https://x.com/USDOL/status/2006162064012726492,"We must never again allow the globalists to control our government.

America First is our only mission. https://t.co/CSlbQzK333",3_2006162058945896448,photo,https://github.com/vidproject/x/releases/download/media-USDOL/3_2006162058945896448.jpg,0
USDOL,core,2026-01-02T18:51:48.000Z,2007162929444204934,https://x.com/USDOL/status/2007162929444204934,AMERICANS FIRST 🇺🇸🇺🇸🇺🇸,WhiteHouse,2026-01-02T18:16:58.000Z,2007154163805987302,https://x.com/WhiteHouse/status/2007154163805987302,Don't believe the fake news lies. The Trump administration is driving positive change for AMERICAN workers. https://t.co/dmRVR8mHMG,3_2007154111943258112,photo,https://github.com/vidproject/x/releases/download/media-WhiteHouse/3_2007154111943258112.jpg,178
USDOL,core,2026-03-26T20:31:01.000Z,2037266089978020295,https://x.com/USDOL/status/2037266089978020295,"🚨 A BIG win for American Workers!

@POTUS is delivering on his promise to bring manufacturing jobs back to America 🇺🇸",RapidResponse47,2026-03-26T18:12:16.000Z,2037231174708334636,https://x.com/RapidResponse47/status/2037231174708334636,"TRUMP EFFECT: Apple is moving even more of its supply chain to the U.S. — bringing on four new partners to manufacture even more of its iPhone components right here in America.

President Trump's MADE IN AMERICA agenda in action. https://t.co/mFDU77CpBu",13_2037228268483731461,video,https://github.com/vidproject/x/releases/download/media-RapidResponse47/13_2037228268483731461.mp4,21
USDOL,core,2026-04-03T15:25:27.000Z,2040088295682544087,https://x.com/USDOL/status/2040088295682544087,PROMISES MADE. PROMISES KEPT. 🇺🇸,RapidResponse47,2026-04-03T15:14:47.000Z,2040085613605462363,https://x.com/RapidResponse47/status/2040085613605462363,"Under President Trump, the federal workforce has been reduced to its smallest level since 1966 — the lowest share of the total labor force in over a century. https://t.co/cCJzjcitin",3_2040085559901917184,photo,https://github.com/vidproject/x/releases/download/media-RapidResponse47/3_2040085559901917184.jpg,0
USDOL,core,2026-04-05T15:32:31.000Z,2040814848943006090,https://x.com/USDOL/status/2040814848943006090,Wishing everyone a Happy Easter from @USDOL!,WhiteHouse,2026-04-05T12:42:17.000Z,2040772008351285540,https://x.com/WhiteHouse/status/2040772008351285540,"This Easter Sunday, Christians across our nation and around the world celebrate the Resurrection of Jesus Christ—His triumph over sin and death brings redemption, hope, and eternal life.

He is risen. Happy Easter! https://t.co/RtZumk5BCS",3_2040772002089181184,photo,https://github.com/vidproject/x/releases/download/media-WhiteHouse/3_2040772002089181184.jpg,330
USDOL,core,2026-04-21T19:57:51.000Z,2046679827495764227,https://x.com/USDOL/status/2046679827495764227,"Investments in apprenticeships are an investment in America’s future. 🇺🇸

Under @POTUS’ leadership, we’re creating pathways to success where Americans can earn while they learn and build lasting careers.",Sonderling47,2026-04-21T19:08:26.000Z,2046667393569554550,https://x.com/Sonderling47/status/2046667393569554550,"ICYMI: At @USDOL, we’re committed to reaching and surpassing @POTUS’ goal of 1 million active apprentices nationwide.

That’s why we’re investing $85M in grant funding to expand, modernize, and strengthen Registered Apprenticeships across states and territories—opening doors to good-paying, in demand jobs. 🇺🇸

https://www.dol.gov/newsroom/releases/eta/eta20260413",3_2046667389278756864,photo,https://github.com/vidproject/x/releases/download/media-Sonderling47/3_2046667389278756864.jpg,0
USDOL,core,2026-04-22T13:46:41.000Z,2046948808911712387,https://x.com/USDOL/status/2046948808911712387,".@USDOL’s latest proposal seeks to save employers time and money by providing clear, uniform standards for determining joint employment.

The 60-day comment period is now open through June 22, 2026.

Learn more: https://www.dol.gov/newsroom/releases/whd/whd20260422",Sonderling47,2026-04-22T13:03:45.000Z,2046938005613445272,https://x.com/Sonderling47/status/2046938005613445272,"Under @POTUS’ leadership, @USDOL is taking action to simplify compliance for American employers while strengthening protections to put American Workers First.

Our latest proposed rule lays out a clear joint employment standard that aims to give businesses confidence to invest in partnerships, help workers understand their rights, and make enforcement more efficient.

https://www.dol.gov/newsroom/releases/whd/whd20260422",3_2046938000379068416,photo,https://github.com/vidproject/x/releases/download/media-Sonderling47/3_2046938000379068416.jpg,0
USDOL,core,2026-04-22T18:01:22.000Z,2047012902498979856,https://x.com/USDOL/status/2047012902498979856,"American Workers aren’t tired of winning! Thanks, @POTUS 🇺🇸",WhiteHouse,2026-04-22T00:44:10.000Z,2046751884438917254,https://x.com/WhiteHouse/status/2046751884438917254,"AMERICAN MANUFACTURING IS BACK.

The first positive manufacturing job growth in three years, a total shift from the Biden-era decline.

President Trump's historic re-shoring effort is bringing MORE production and MORE jobs back to the U.S. 🇺🇸 https://t.co/rNWe3tSWBf",3_2046751555525681152,photo,https://github.com/vidproject/x/releases/download/media-WhiteHouse/3_2046751555525681152.jpg,127
USDOL,core,2026-04-30T14:31:07.000Z,2049859094417191356,https://x.com/USDOL/status/2049859094417191356,ALL WE NEEDED WAS A NEW PRESIDENT 🇺🇸,RapidResponse47,2026-04-30T13:11:12.000Z,2049838985178931618,https://x.com/RapidResponse47/status/2049838985178931618,"""TRULY INCREDIBLE"": Brand new data shows initial jobless claims last week fell to the lowest since 1969. https://t.co/BxHpoQVnaC",13_2049838128559484928,video,https://github.com/vidproject/x/releases/download/media-RapidResponse47/13_2049838128559484928.mp4,134
USDOL,core,2026-05-01T21:31:34.000Z,2050327293164200200,https://x.com/USDOL/status/2050327293164200200,"AMERICA IS WORKING AGAIN!

More jobs.
Fewer claims.
Real momentum.

@POTUS &amp; @USDOL are delivering for Workers, Seniors, &amp; Taxpayers 🇺🇸",RapidResponse47,2026-05-01T21:08:43.000Z,2050321543494803751,https://x.com/RapidResponse47/status/2050321543494803751,"""We added 186,000 private sector jobs in March, jobless claims just hit the lowest level since 1969,"" says @POTUS in The Villages.

""Very importantly for our great seniors... you have no estate tax, you have no death tax. We made interest on new car loans tax deductible."" https://t.co/YGYJPeu9Yj",13_2050321055453982720,video,https://github.com/vidproject/x/releases/download/media-RapidResponse47/13_2050321055453982720.mp4,0
USDOL,core,2026-05-06T20:16:58.000Z,2052120457986355550,https://x.com/USDOL/status/2052120457986355550,"Thanks to @POTUS, Americans are BUILDING AGAIN, and manufacturing jobs are roaring back!

NEC Director Kevin Hassett: “Anybody who works in a factory is going to see a huge increase in demand.” 🇺🇸",RapidResponse47,2026-05-06T13:04:15.000Z,2052011563314188489,https://x.com/RapidResponse47/status/2052011563314188489,"NEC Director Kevin Hassett: ""There’s a race unlike anything we’ve ever seen to create jobs in America right now... 54,000 jobs have been created for construction workers for building factories. 54,000!"" https://t.co/aRoU5rx0JC",13_2052010448627609602,video,https://github.com/vidproject/x/releases/download/media-RapidResponse47/13_2052010448627609602.mp4,0
USDOL,core,2026-05-08T15:05:17.000Z,2052766796424319048,https://x.com/USDOL/status/2052766796424319048,AMERICAN INDUSTRY IS BACK! 🇺🇸,Sonderling47,2026-05-08T15:00:32.000Z,2052765600946987422,https://x.com/Sonderling47/status/2052765600946987422,"Under President Trump’s leadership, we’re seeing investment return to critical industries like pharmaceuticals, automotive manufacturing, and shipbuilding.

At @USDOL, we’re focused on making sure America has the skilled workforce needed to power this new era of growth. 💪 https://t.co/qLtoJRwxa7",13_2052765510140346369,video,https://github.com/vidproject/x/releases/download/media-Sonderling47/13_2052765510140346369.mp4,0
USDOL,core,2026-05-13T15:54:18.000Z,2054591069917003899,https://x.com/USDOL/status/2054591069917003899,"As members of @VP's Task Force to Eliminate Fraud, Acting Secretary @Sonderling47 &amp; @DOLOIG are teaming up to restore integrity to our nation's unemployment insurance system, prevent fraud before it happens, and hold criminals accountable.",Sonderling47,2026-05-13T15:49:26.000Z,2054589847805780243,https://x.com/Sonderling47/status/2054589847805780243,"Unemployment insurance systems have faced serious financial and performance failures for too long.

@USDOL is partnering with @DOLOIG to investigate potential fraud and misuse, restore accountability, and protect workers and taxpayers.

https://www.dol.gov/newsroom/releases/osec/osec20260513 https://t.co/A1MdXwM6cT",3_2054589843171061760,photo,https://github.com/vidproject/x/releases/download/media-Sonderling47/3_2054589843171061760.jpg,2
USDOL,core,2026-05-13T17:09:26.000Z,2054609979886215509,https://x.com/USDOL/status/2054609979886215509,".@USDOL and @POTUS are ensuring American moms and families are supported in the workforce!

VISIT http://MOMS.GOV FOR MORE INFO 🇺🇸",RapidResponse47,2026-05-13T14:29:38.000Z,2054569763448222083,https://x.com/RapidResponse47/status/2054569763448222083,"""@POTUS announced a new fertility benefit option for employers to offer to their workers.""

""On Mother's Day, the Trump Administration also launched a new website: http://Moms.gov"" https://t.co/FXdcwrNqMF",13_2054569005159985152,video,https://github.com/vidproject/x/releases/download/media-RapidResponse47/13_2054569005159985152.mp4,0
USDOL,core,2026-05-27T19:29:24.000Z,2059718631508832300,https://x.com/USDOL/status/2059718631508832300,"Under @POTUS, American Workers are seeing more opportunity and gaining the skills and training they need to thrive in a strong job market.

@USDOL remains committed to preparing the American people for success!",RapidResponse47,2026-05-27T18:05:57.000Z,2059697630087651408,https://x.com/RapidResponse47/status/2059697630087651408,"Powering America’s Future: President Trump’s Policies Fuel Demand for Skilled American Workers
https://www.whitehouse.gov/releases/2026/05/powering-americas-future-president-trumps-policies-fuel-historic-demand-for-skilled-american-workers/",,,,5
USDOL,core,2026-05-29T21:41:06.000Z,2060476550546383108,https://x.com/USDOL/status/2060476550546383108,".@POTUS isn't just talking about the American Dream — He's building it for the next generation.

Trump Accounts are a HISTORIC INVESTMENT in America's future, giving children the opportunity to start building wealth from Day 1.

Download the Trump Accounts App &amp; Sign Up Now ⤵️",WhiteHouse,2026-05-28T13:35:27.000Z,2059991947222147447,https://x.com/WhiteHouse/status/2059991947222147447,"IT’S HERE! 🇺🇸💰 The Trump Accounts App has officially launched.

Now every family has a simple, direct way to get involved and build their child’s future.

Download it TODAY on any App Store and make sure your kids are ready for the massive July 4th official launch. 📱 https://t.co/Dk6r9jxGsJ",13_2059991516353814528,video,https://github.com/vidproject/x/releases/download/media-WhiteHouse/13_2059991516353814528.mp4,266
USLaborIG,public,2026-03-07T21:42:06.000Z,2030398609930277071,https://x.com/USLaborIG/status/2030398609930277071,Heroes. 🇺🇸,WhiteHouse,2026-03-07T21:28:36.000Z,2030395214469435416,https://x.com/WhiteHouse/status/2030395214469435416,"President Trump, the First Lady, @VP Vance, and the Second Lady attend the dignified transfer of six fallen American heroes who gave their lives for our nation.

America mourns their loss & honors their sacrifice. May God bless them & their families. 🇺🇸

In Honor of:
Major Jeffrey R. O’Brien
Capt. Cody A. Khork
Sgt. 1st Class Nicole M. Amor
Chief Warrant Officer 3 Robert M. Marzan
Sgt. 1st Class Noah L. Tietjens
Sgt. Declan J. Coady.",13_2030393888905535488,video,,720
USLaborIG,public,2026-03-16T18:10:35.000Z,2033606870150078522,https://x.com/USLaborIG/status/2033606870150078522,"Slapping “Made in America” on something made somewhere else is fraud — plain and simple.

It cheats consumers and undercuts the American workers and businesses doing it the right way.

Good to see @POTUS restoring accountability.",USDOL,2026-03-16T17:57:11.000Z,2033603501171884294,https://x.com/USDOL/status/2033603501171884294,"When a product says “Made in America,” it should mean it. 🇺🇸

@POTUS is cracking down on false claims to defend the integrity of American manufacturing, protect consumers, and ensure the businesses and workers who proudly build in the United States get the recognition they deserve.",3_2033603494960062464,photo,https://github.com/vidproject/x/releases/download/media-USDOL/3_2033603494960062464.jpg,18
USLaborIG,public,2026-03-16T21:22:35.000Z,2033655191791407411,https://x.com/USLaborIG/status/2033655191791407411,"Fraud has cost the American people hundreds of billions.

@POTUS will not tolerate it.

A @VP-led task force to root it out is exactly the kind of aggressive action we need — and @DOLOIG will be in the foxhole exposing fraudsters, protecting workers, and defending taxpayer dollars. 🇺🇸",RapidResponse47,2026-03-16T20:16:13.000Z,2033638488864587776,https://x.com/RapidResponse47/status/2033638488864587776,"""This is a very big thing that we’re doing... having to do with all of the fraud that’s taking place in our country.""

@POTUS prepares to sign an Executive Order establishing a @VP-led task force to root out fraud, as outlined in his State of the Union address. https://t.co/5tSg93E1Io",13_2033637794535428096,video,,47
USLaborIG,public,2026-03-24T00:47:54.000Z,2036243575273357585,https://x.com/USLaborIG/status/2036243575273357585,Congrats @SenMullin!,RapidResponse47,2026-03-24T00:33:05.000Z,2036239847212335251,https://x.com/RapidResponse47/status/2036239847212335251,✅ CONFIRMED: Markwayne Mullin as the ninth Secretary of Homeland Security https://t.co/kOHdj3bqUQ,3_2036239836114460674,photo,https://github.com/vidproject/x/releases/download/media-RapidResponse47/3_2036239836114460674.jpg,49
USLaborIG,public,2026-05-16T14:52:38.000Z,2055662716052803867,https://x.com/USLaborIG/status/2055662716052803867,".@AFergusonFTC is right.

Fraudsters moved faster than govt systems.

Now, @WHFraudTF is using AI-driven tools to detect suspicious activity/stop fraudulent payments.

That’s why @Sonderling47 &amp; I are exploring AI solutions @USDOL/@DOLOIG to protect taxpayer dollars.",RapidResponse47,2026-05-16T14:30:31.000Z,2055657150718922778,https://x.com/RapidResponse47/status/2055657150718922778,".@AFergusonFTC explains how the @WHFraudTF is using AI-driven technological solutions to stop fraudulent payments from leaving federal agencies:

""So much of this money that goes out the door leaves the country... it's got to stay in the agency, and AI is supercharging this."" https://t.co/KQJKfTxZUk",13_2055656278333001729,video,https://github.com/vidproject/x/releases/download/media-RapidResponse47/13_2055656278333001729.mp4,26
USLaborIG,public,2026-05-21T16:05:14.000Z,2057492925223760101,https://x.com/USLaborIG/status/2057492925223760101,"Every dollar recovered from fraud is money back in Americans’ pockets.

Alongside @VP’s @WHFraudTF, @DOLOIG is hunting fraudsters, recovering taxpayer dollars, and restoring accountability.

Under @POTUS, the era of unchecked fraud is OVER.",Sonderling47,2026-05-21T14:56:28.000Z,2057475619831648628,https://x.com/Sonderling47/status/2057475619831648628,"Every dollar recovered from fraud, waste, and abuse is money back in Americans’ pockets.

Through the @VP’s @WHFraudTF alongside @USLaborIG, we’re cracking down on fraudsters with common-sense reforms to ensure unemployment benefits go to those who truly need them.

Under @POTUS, the era of unchecked fraud and waste is OVER. 🇺🇸",13_2057475100102840320,video,,14
USLaborIG,public,2026-05-24T00:58:04.000Z,2058351792849613133,https://x.com/USLaborIG/status/2058351792849613133,".@POTUS is right and that’s exactly why the mission @DOLOIG is so important.

America’s workers are unmatched. They deserve systems rooted in accountability, integrity, and protection from fraudsters.

@Sonderling47 and I will continue fighting to protect the American worker.",USDOL,2026-05-24T00:11:35.000Z,2058340096189858005,https://x.com/USDOL/status/2058340096189858005,"America’s workers are UNMATCHED 🇺🇸

At The U.S. Department of Labor, we’re working every day to support the strongest, smartest, and most talented workforce ANYWHERE on Earth! #AmericaFirst https://t.co/7AxUlLJvV1",3_2058340075423842304,photo,,7
USLaborIG,public,2026-05-27T16:09:53.000Z,2059668424314306819,https://x.com/USLaborIG/status/2059668424314306819,"For years, fraudsters treated the American taxpayer like an ATM.

Under @POTUS, those days are DEAD.

@DOLOIG is in the foxhole with @VP, @Sonderling47 and @WHFraudTF to freeze funds, hunt down criminals, recover stolen taxpayer dollars and restore accountability to government.",Sonderling47,2026-05-26T19:18:43.000Z,2059353554721313148,https://x.com/Sonderling47/status/2059353554721313148,"Under @POTUS’ leadership, the days of unchecked fraud and waste are over.

@USDOL is proud to support @VP and @WHFraudTF in recovering stolen funds, protecting taxpayer dollars, and holding bad actors accountable. https://t.co/GJVhRoFM3B",13_2059353419039801344,video,,2
USLaborIG,public,2026-06-03T01:34:21.000Z,2061984804728426544,https://x.com/USLaborIG/status/2061984804728426544,"Congratulations, @pulte!

We are in good hands.",WhiteHouse,2026-06-03T00:37:04.000Z,2061970387349426334,https://x.com/WhiteHouse/status/2061970387349426334,"""I am appointing the Director of the Federal Housing Finance Agency, and Chairman of Fannie Mae/Freddie Mac, William J. Pulte, to serve as Acting Director of National Intelligence."" -  President Donald J. Trump

Congratulations to Director Pulte! 🇺🇸 https://t.co/pEwKMAELDv",3_2061970158206251008,photo,,142
USLaborIG,public,2026-06-05T14:09:30.000Z,2062899619344900291,https://x.com/USLaborIG/status/2062899619344900291,"This is why we protect every taxpayer dollar.

More jobs. More opportunity. Less fraud.",USDOL,2026-06-05T14:04:50.000Z,2062898442196689022,https://x.com/USDOL/status/2062898442196689022,"🚨 HEADLINE AFTER HEADLINE:

""Beat expectations.""

""Shattered expectations.""

""Much more than expected.""

📈 172,000 jobs added in May. The American worker keeps winning under the TRUMP ECONOMY! https://t.co/jkWWsxs7Mk",3_2062898437121589248,photo,,16
WhiteHouse,core,2025-04-30T20:26:06.000Z,1917676858331599158,https://x.com/WhiteHouse/status/1917676858331599158,"Third New Media briefing this week with @PressSec—no spin, no filter, just the truth, straight to the American people.

THIS IS WHAT REAL TRANSPARENCY LOOKS LIKE. 👏🏻 https://t.co/vVsG5LF4yP",WhiteHouse,2025-04-30T18:34:25.000Z,1917648754569511109,https://x.com/WhiteHouse/status/1917648754569511109,"Press Secretary Karoline Leavitt Briefs Members of the New Media, Apr. 30, 2025 https://x.com/i/broadcasts/1PlJQMkbryzJE",,,,0
WhiteHouse,core,2025-05-30T17:47:16.000Z,1928508524457300224,https://x.com/WhiteHouse/status/1928508524457300224,D.O.G.E. Is Victorious — And It's Only Getting Started. @elonmusk 🇺🇸🦅,WhiteHouse,2025-05-30T17:45:44.000Z,1928508135490150790,https://x.com/WhiteHouse/status/1928508135490150790,http://x.com/i/article/1928503457641803776,,,,0
WhiteHouse,core,2025-05-30T18:23:31.000Z,1928517647588638987,https://x.com/WhiteHouse/status/1928517647588638987,"🇺🇸@DOGE has saved American taxpayers $170 billion, equivalent to roughly $1,056 per taxpayer! 🇺🇸 @elonmusk https://t.co/zR23XzUiO7",WhiteHouse,2025-05-30T17:45:44.000Z,1928508135490150790,https://x.com/WhiteHouse/status/1928508135490150790,http://x.com/i/article/1928503457641803776,,,,0
WhiteHouse,core,2025-07-31T20:11:49.000Z,1951012946123071559,https://x.com/WhiteHouse/status/1951012946123071559,"🇺🇸 @SecKennedy: ""If we want MAHA to really work... we've got to give them individualized power over their own health records.""",WhiteHouse,2025-07-31T19:43:23.000Z,1951005790854054288,https://x.com/WhiteHouse/status/1951005790854054288,"Make Health Tech Great Again!

""Thanks to President Trump, patients will finally have access to their medical records."" 🇺🇸🇺🇸 https://t.co/kfpXhWXYLy",13_1951002369207975937,video,,0
WhiteHouse,core,2025-07-31T20:13:44.000Z,1951013431152374210,https://x.com/WhiteHouse/status/1951013431152374210,"🇺🇸 @DrOzCMS: ""We are using technology like all other sectors of the economy have used it to actually improve the quality of the experience for the American people!""",WhiteHouse,2025-07-31T19:43:23.000Z,1951005790854054288,https://x.com/WhiteHouse/status/1951005790854054288,"Make Health Tech Great Again!

""Thanks to President Trump, patients will finally have access to their medical records."" 🇺🇸🇺🇸 https://t.co/kfpXhWXYLy",13_1951002369207975937,video,,0
WhiteHouse,core,2026-02-28T12:04:10.000Z,2027716453563093485,https://x.com/WhiteHouse/status/2027716453563093485,"May God Bless the Brave Men and Women of America’s Armed Forces.

May God Bless the United States of America.",WhiteHouse,2026-02-28T07:57:20.000Z,2027654336138924410,https://x.com/WhiteHouse/status/2027654336138924410,President Donald J. Trump on the United States military combat operations in Iran: https://t.co/LimJmpLkgZ,13_2027653963252981760,video,,4793
WhiteHouse,core,2026-03-21T17:52:23.000Z,2035414232317956567,https://x.com/WhiteHouse/status/2035414232317956567,https://t.co/qBUqhGBeun,WhiteHouse,2026-03-21T17:51:59.000Z,2035414130429976895,https://x.com/WhiteHouse/status/2035414130429976895,"NO MORE WAITING, NO MORE GAMES! https://t.co/BUkH2zHmR9",3_2035414035449962497,photo,,625
WhiteHouse,core,2026-03-27T00:09:12.000Z,2037320997968163162,https://x.com/WhiteHouse/status/2037320997968163162,"🚨 While Democrats continue to stand on the side of criminal illegal aliens, President Trump is signing an order instructing @SecMullinDHS to immediately pay our TSA Agents and to quickly stop the Democrat Chaos at the Airports. https://t.co/MHg2wEUI8d",WhiteHouse,2026-03-27T00:02:29.000Z,2037319310591266835,https://x.com/WhiteHouse/status/2037319310591266835,"All thanks to the radical left Democrats, who refuse to fund @DHSgov because they’d rather stand with illegals than keep actual Americans safe. https://t.co/xNh9kl2ae2",13_2037317654264856576,video,https://github.com/vidproject/x/releases/download/media-WhiteHouse/13_2037317654264856576.mp4,70
WhiteHouse,core,2026-03-27T19:58:11.000Z,2037620218248270043,https://x.com/WhiteHouse/status/2037620218248270043,https://t.co/vm4U5hH9tu,WhiteHouse,2026-03-27T19:57:28.000Z,2037620036303557033,https://x.com/WhiteHouse/status/2037620036303557033,MAKE AMERICAN FARMING GREAT AGAIN 🇺🇸 https://t.co/Ntv6eNkML9,13_2037619981572055040,video,,3825
WhiteHouse,core,2026-04-01T16:24:49.000Z,2039378462427730258,https://x.com/WhiteHouse/status/2039378462427730258,https://t.co/6KbylUsyHo,WhiteHouse,2026-04-01T16:13:43.000Z,2039375665791750329,https://x.com/WhiteHouse/status/2039375665791750329,"HISTORIC: President Donald J. Trump attends U.S. Supreme Court oral arguments on birthright citizenship, the first sitting president ever to do so. https://t.co/EKdtcekbBb",3_2039375505820930048,photo,,449
WhiteHouse,core,2026-04-02T21:47:03.000Z,2039821942761361872,https://x.com/WhiteHouse/status/2039821942761361872,https://t.co/fAc9lzXujJ,WhiteHouse,2026-04-02T21:07:48.000Z,2039812063304843283,https://x.com/WhiteHouse/status/2039812063304843283,"As we mark the one-year anniversary of Liberation Day, President Trump’s America First trade policies are delivering real results, putting more money in the pockets of American workers. 🇺🇸 https://t.co/VHjGqfuZ76",3_2039811762506158080,photo,,0
WhiteHouse,core,2026-04-06T19:48:49.000Z,2041241736282812653,https://x.com/WhiteHouse/status/2041241736282812653,No autopen here! https://t.co/j7S1QjSyvb,RapidResponse47,2026-04-06T15:44:07.000Z,2041180157713535043,https://x.com/RapidResponse47/status/2041180157713535043,".@POTUS: ""I could sign autographs for you guys, and then tonight, you could sell them for $25,000 on eBay.""

""Biden would use the autopen... he was incapable of signing his name, so they'd follow him around with this big machine. You know what it was called? AN AUTOPEN!"" 🤣 https://t.co/iH0g2E5T5B",13_2041179364931313664,video,,320
WhiteHouse,core,2026-04-07T02:52:16.000Z,2041348304907198664,https://x.com/WhiteHouse/status/2041348304907198664,WATCH IN FULL 🇺🇸 https://t.co/V2e1pY4wlv,WhiteHouse,2026-04-07T02:43:02.000Z,2041345979337654539,https://x.com/WhiteHouse/status/2041345979337654539,"🚀 LIVE FROM SPACE: President Donald J. Trump Calls Artemis II Astronauts After Breaking the Farthest Distance Record in Human Spaceflight 🇺🇸 HISTORIC!

""Your mission paves the way for America's return to the lunar surface very soon."" https://t.co/1TzmIEQG0l",13_2041345660327272448,video,,277
WhiteHouse,core,2026-04-10T00:37:09.000Z,2042401462873919671,https://x.com/WhiteHouse/status/2042401462873919671,"""...This one killing should be enough for these Radical Judges to STOP impeding my Administration’s Immigration Policies, and allow us to END THIS SCAM ONCE AND FOR ALL...""",RapidResponse47,2026-04-09T23:54:53.000Z,2042390824495751326,https://x.com/RapidResponse47/status/2042390824495751326,https://t.co/xKS6qVhHEg,13_2042390714059780097,video,https://github.com/vidproject/x/releases/download/media-RapidResponse47/13_2042390714059780097.mp4,265
WhiteHouse,core,2026-04-11T01:07:06.000Z,2042771389057241539,https://x.com/WhiteHouse/status/2042771389057241539,NEXT STEP: MARS! https://t.co/X4TJDFp67A,WhiteHouse,2026-04-11T00:28:30.000Z,2042761676290736224,https://x.com/WhiteHouse/status/2042761676290736224,"A historic mission, returned HOME. 🇺🇸🇺🇸 https://t.co/eQRDDDxgOb",13_2042761419288952833,video,,225
WhiteHouse,core,2026-04-16T15:59:11.000Z,2044807827617718349,https://x.com/WhiteHouse/status/2044807827617718349,"""I will be inviting the Prime Minister of Israel, Bibi Netanyahu, and the President of Lebanon, Joseph Aoun, to the White House... Both sides want to see PEACE, and I believe that will happen, quickly!"" - President Donald J. Trump 🇺🇸 https://t.co/KFipIMmFOD",WhiteHouse,2026-04-16T15:49:29.000Z,2044805387879059787,https://x.com/WhiteHouse/status/2044805387879059787,"President Donald J. Trump announces a 10-day ceasefire between Lebanon and Israel.

""It has been my Honor to solve 9 Wars across the World, and this will be my 10th, so let's, GET IT DONE!"" https://t.co/YujXwyUReM",3_2044804972152291328,photo,,755
WhiteHouse,core,2026-04-18T13:48:40.000Z,2045499757552890335,https://x.com/WhiteHouse/status/2045499757552890335,"Accelerating Medical Treatments for Serious Mental Illness🇺🇸

@JoeRogan: ""For 56 years we've lived under those terrible conditions. We're free of that now. Thanks to all these people... and thanks to President Trump."" https://t.co/aQmZl3z4PG",WhiteHouse,2026-04-18T13:42:45.000Z,2045498267346096183,https://x.com/WhiteHouse/status/2045498267346096183,"LIVE FROM THE OVAL: President Trump Announces Historic Reforms to Accelerate Access to Medical Research &amp; Treatments Based on Psychedelic Drugs

""Since 9/11, we've lost over 21 times more veteran lives to suicide than on the battlefield... today, we're bringing them new hope."" https://t.co/Vmh369cwqW",13_2045497472437387264,video,,367
WhiteHouse,core,2026-04-22T16:20:38.000Z,2046987551802548688,https://x.com/WhiteHouse/status/2046987551802548688,"MAGA, all summer long 😎 https://t.co/DhiMJmI0WG",WhiteHouse,2026-04-22T16:18:49.000Z,2046987093990052350,https://x.com/WhiteHouse/status/2046987093990052350,"Anheuser-Busch, the number one beer manufacturer in the world, is pouring MILLIONS in investments into the United States! 🇺🇸🍺 https://t.co/i5xkc4KzTc",3_2046985401588408321,photo,,113
WhiteHouse,core,2026-04-22T17:09:48.000Z,2046999924651217013,https://x.com/WhiteHouse/status/2046999924651217013,“Very good news! I have just been informed that eight women protestors who were going to be executed tonight in Iran will no longer be killed…” - President Donald J. Trump 🇺🇸 https://t.co/oU1AlAOPpk,WhiteHouse,2026-04-21T13:43:25.000Z,2046585601198108690,https://x.com/WhiteHouse/status/2046585601198108690,"""To the Iranian leaders, who will soon be in negotiations with my representatives: I would greatly appreciate the release of these women. I am sure that they will respect the fact that you did so. Please do them no harm! Would be a great start to our negotiations!!!"" - President Donald J. Trump 🇺🇸",3_2046584830842867712,photo,,1299
WhiteHouse,core,2026-04-23T15:48:46.000Z,2047341923271147963,https://x.com/WhiteHouse/status/2047341923271147963,We’re waiting… https://t.co/iRSZvCbHwT,WhiteHouse,2026-04-23T15:46:22.000Z,2047341315570975126,https://x.com/WhiteHouse/status/2047341315570975126,https://t.co/R23uR9RR9y,3_2047341293546713088,photo,,301
WhiteHouse,core,2026-04-23T22:04:48.000Z,2047436553207599538,https://x.com/WhiteHouse/status/2047436553207599538,President Donald J. Trump provides an update on the ceasefire meeting between Israel and Lebanon. https://t.co/73V41K2Wwl,WhiteHouse,2026-04-23T21:36:34.000Z,2047429447578529944,https://x.com/WhiteHouse/status/2047429447578529944,"🚨 ""The Meeting went very well! The United States is going to work with Lebanon in order to help it protect itself from Hezbollah. The Ceasefire between Israel and Lebanon will be extended by THREE WEEKS."" - President Donald J. Trump 🇺🇸 https://t.co/OUyewZJKmT",3_2047429320486834176,photo,,0
WhiteHouse,core,2026-04-24T22:20:11.000Z,2047802813418254677,https://x.com/WhiteHouse/status/2047802813418254677,SOON. https://t.co/kDt1rKarjM,WhiteHouse,2026-04-23T19:59:48.000Z,2047405095747510358,https://x.com/WhiteHouse/status/2047405095747510358,President Donald J. Trump is making D.C. beautiful again! 🇺🇸 https://t.co/wHBtPowefr,13_2047403183144894464,video,,224
WhiteHouse,core,2026-04-26T01:39:40.000Z,2048215401327202602,https://x.com/WhiteHouse/status/2048215401327202602,President Donald J. Trump will hold a press conference from the White House Press Briefing Room. https://t.co/3jkUCLXw2E,WhiteHouse,2026-04-26T01:24:41.000Z,2048211630580720101,https://x.com/WhiteHouse/status/2048211630580720101,Update from President Donald J. Trump https://t.co/JbNmA6DYdn,3_2048211527203991552,photo,,493
WhiteHouse,core,2026-04-28T16:53:44.000Z,2049170209169195026,https://x.com/WhiteHouse/status/2049170209169195026,https://t.co/lvGM0iS5sw,WhiteHouse,2026-04-28T16:49:20.000Z,2049169102845964539,https://x.com/WhiteHouse/status/2049169102845964539,🐝🐝🐝 https://t.co/bIusJjbnyc,3_2049168557318041600,photo,,1391
WhiteHouse,core,2026-04-28T21:37:01.000Z,2049241501150880043,https://x.com/WhiteHouse/status/2049241501150880043,BEE BEST. https://t.co/gzTESWNZJr,WhiteHouse,2026-04-28T16:49:20.000Z,2049169102845964539,https://x.com/WhiteHouse/status/2049169102845964539,🐝🐝🐝 https://t.co/bIusJjbnyc,3_2049168557318041600,photo,,1391
WhiteHouse,core,2026-04-28T22:07:54.000Z,2049249271946391799,https://x.com/WhiteHouse/status/2049249271946391799,🇺🇸 https://t.co/QY4tGjmJLu,WhiteHouse,2026-04-28T21:56:16.000Z,2049246343856529765,https://x.com/WhiteHouse/status/2049246343856529765,"Patriot passport unlocked. 🦅

Limited edition. Stamped for America 250. 🇺🇸 https://t.co/86uxPS1FEk",3_2049246027891556353,photo,,1410
WhiteHouse,core,2026-04-30T16:40:46.000Z,2049891721127809121,https://x.com/WhiteHouse/status/2049891721127809121,"Off to Venezuela ✈️

American Airlines is resuming direct flights from the U.S. to Venezuela for the first time in seven years. This wouldn't be possible without President Trump's brave leadership in Operation Absolute Resolve. 🇺🇸🇻🇪 https://t.co/Yrw263nTYl",WhiteHouse,2026-04-30T16:10:55.000Z,2049884212803604766,https://x.com/WhiteHouse/status/2049884212803604766,"✈️ FIRST DIRECT COMMERCIAL FLIGHT FROM THE U.S. ➡️ VENEZUELA IN 7 YEARS.

Thank you, President Trump! 🇺🇸🇻🇪 https://t.co/meAZqTv1Ra",13_2049883576326389760,video,,61
WhiteHouse,core,2026-05-05T16:51:24.000Z,2051706338779050005,https://x.com/WhiteHouse/status/2051706338779050005,President Trump joins Presidential Fitness Challenge activities on the South Lawn 💪,WhiteHouse,2026-05-05T14:59:56.000Z,2051678287236145467,https://x.com/WhiteHouse/status/2051678287236145467,"President Trump Signs a Proclamation, May 5, 2026 https://x.com/i/broadcasts/1nxeLyXAWebJX",,,,73
WhiteHouse,core,2026-05-05T20:09:00.000Z,2051756064874336448,https://x.com/WhiteHouse/status/2051756064874336448,Trump Dance Training on the South Lawn https://t.co/P0OS11hBiR,WhiteHouse,2026-05-05T18:07:28.000Z,2051725481926341003,https://x.com/WhiteHouse/status/2051725481926341003,SPOTTED: PRESIDENT TRUMP TEACHING THE TRUMP DANCE ON THE SOUTH LAWN 🇺🇸 https://t.co/oDrjneBbd7,13_2051725401693597696,video,https://github.com/vidproject/x/releases/download/media-WhiteHouse/13_2051725401693597696.mp4,525
WhiteHouse,core,2026-05-05T20:29:36.000Z,2051761247779979301,https://x.com/WhiteHouse/status/2051761247779979301,👀👀 https://t.co/zChlueAYec,DHSgov,2026-05-05T20:04:07.000Z,2051754837683896415,https://x.com/DHSgov/status/2051754837683896415,National Immigration and Customs Enforcement. 🇺🇸 https://t.co/KhjDINIRLo,3_2051754832768172034,photo,https://github.com/vidproject/x/releases/download/media-DHSgov/3_2051754832768172034.jpg,1341
WhiteHouse,core,2026-05-08T01:36:09.000Z,2052563170749714701,https://x.com/WhiteHouse/status/2052563170749714701,"President Trump thanks the hardworking men restoring the Reflecting Pool and making Washington, D.C. beautiful again! 🇺🇸 https://t.co/r8BvOUww6E",WhiteHouse,2026-05-08T01:18:34.000Z,2052558747759689763,https://x.com/WhiteHouse/status/2052558747759689763,President Donald J. Trump drives on the Reflecting Pool at the Lincoln Memorial as upgrades continue. 🇺🇸 https://t.co/v1VyY6sIjA,3_2052558670324547586,photo,https://github.com/vidproject/x/releases/download/media-WhiteHouse/3_2052558670324547586.jpg,293
WhiteHouse,core,2026-05-08T15:29:54.000Z,2052772990585131125,https://x.com/WhiteHouse/status/2052772990585131125,"""These files, hidden behind classifications, have long fueled justified speculation — and it’s time the American people see it for themselves."" - @SecWar

NASA-UAP-VM6 | APOLLO 17, 1972 https://t.co/ZXsl2FfIE9",WhiteHouse,2026-05-08T13:41:47.000Z,2052745783858929909,https://x.com/WhiteHouse/status/2052745783858929909,"PRESIDENTIAL UNSEALING FOR UAP ENCOUNTERS.

Per President Trump's directive, the @DeptofWar has declassified & released unresolved UAP records. This is an unprecedented level of transparency, no other admin has gone this far.

Files now live on http://WAR.GOV/UFO — additional files will be released by the Dept. of War on a rolling basis.📂",3_2052744883081748485,photo,https://github.com/vidproject/x/releases/download/media-WhiteHouse/3_2052744883081748485.jpg,963
WhiteHouse,core,2026-05-08T16:06:02.000Z,2052782085199233292,https://x.com/WhiteHouse/status/2052782085199233292,"NASA-UAP-VM1 | APOLLO 12, 1969 https://t.co/9kEnqwbKt8",WhiteHouse,2026-05-08T13:41:47.000Z,2052745783858929909,https://x.com/WhiteHouse/status/2052745783858929909,"PRESIDENTIAL UNSEALING FOR UAP ENCOUNTERS.

Per President Trump's directive, the @DeptofWar has declassified & released unresolved UAP records. This is an unprecedented level of transparency, no other admin has gone this far.

Files now live on http://WAR.GOV/UFO — additional files will be released by the Dept. of War on a rolling basis.📂",3_2052744883081748485,photo,https://github.com/vidproject/x/releases/download/media-WhiteHouse/3_2052744883081748485.jpg,963
WhiteHouse,core,2026-05-08T16:32:27.000Z,2052788732143509840,https://x.com/WhiteHouse/status/2052788732143509840,"WATCH.

DOW-UAP-PR26, UNRESOLVED UAP REPORT | OCTOBER 2023 https://t.co/Xc8AnvOtCD",WhiteHouse,2026-05-08T13:41:47.000Z,2052745783858929909,https://x.com/WhiteHouse/status/2052745783858929909,"PRESIDENTIAL UNSEALING FOR UAP ENCOUNTERS.

Per President Trump's directive, the @DeptofWar has declassified & released unresolved UAP records. This is an unprecedented level of transparency, no other admin has gone this far.

Files now live on http://WAR.GOV/UFO — additional files will be released by the Dept. of War on a rolling basis.📂",3_2052744883081748485,photo,https://github.com/vidproject/x/releases/download/media-WhiteHouse/3_2052744883081748485.jpg,963
WhiteHouse,core,2026-05-08T18:36:02.000Z,2052819832437965210,https://x.com/WhiteHouse/status/2052819832437965210,"An FBI 302 interview conducted with a senior US intelligence official regarding his first-hand account of a UAP encounter at a US military facility.

Read the full report: https://www.war.gov/UFO/#USPER-Statement-about-UAP-Sighting https://t.co/fCycAq5dN7",WhiteHouse,2026-05-08T13:41:47.000Z,2052745783858929909,https://x.com/WhiteHouse/status/2052745783858929909,"PRESIDENTIAL UNSEALING FOR UAP ENCOUNTERS.

Per President Trump's directive, the @DeptofWar has declassified & released unresolved UAP records. This is an unprecedented level of transparency, no other admin has gone this far.

Files now live on http://WAR.GOV/UFO — additional files will be released by the Dept. of War on a rolling basis.📂",3_2052744883081748485,photo,https://github.com/vidproject/x/releases/download/media-WhiteHouse/3_2052744883081748485.jpg,963
WhiteHouse,core,2026-05-16T14:07:37.000Z,2055651387602522202,https://x.com/WhiteHouse/status/2055651387602522202,“No games!!! Watch what’s next on your favorite subject!” - President Donald J. Trump,WhiteHouse,2026-05-16T03:35:01.000Z,2055492189115789463,https://x.com/WhiteHouse/status/2055492189115789463,"“Tonight, at my direction, brave American forces and the Armed Forces of Nigeria flawlessly executed a meticulously planned and very complex mission to eliminate the most active terrorist in the world from the battlefield. Abu-Bilal al-Minuki, second in command of ISIS…” - President Trump",3_2055492183663190017,photo,https://github.com/vidproject/x/releases/download/media-WhiteHouse/3_2055492183663190017.jpg,3005
WhiteHouse,core,2026-05-18T21:19:57.000Z,2056484964393259112,https://x.com/WhiteHouse/status/2056484964393259112,"Find your medication, with ease. 📲

http://TrumpRx.Gov https://t.co/Oayi69fCgt",WhiteHouse,2026-05-18T21:17:22.000Z,2056484313814745231,https://x.com/WhiteHouse/status/2056484313814745231,"President Trump Participates in a Healthcare Affordability Event, May 18, 2026 https://x.com/i/broadcasts/1dxYljEmWblJX",,,,32
WhiteHouse,core,2026-05-19T19:42:45.000Z,2056822888645214561,https://x.com/WhiteHouse/status/2056822888645214561,"Reminder: Decline is a choice.

President Trump is choosing action, beauty, strength, and pride.",WhiteHouse,2026-05-19T13:36:13.000Z,2056730650212745584,https://x.com/WhiteHouse/status/2056730650212745584,"Making our nation’s capital beautiful again!

THANK YOU, PRESIDENT TRUMP 🇺🇸 https://t.co/weSXpfOccU",3_2056729654560428034,photo,https://github.com/vidproject/x/releases/download/media-WhiteHouse/3_2056729654560428034.jpg,122
WhiteHouse,core,2026-05-20T19:35:36.000Z,2057183478442050023,https://x.com/WhiteHouse/status/2057183478442050023,"KIND REMINDER: If you’re here illegally, please self-deport via the CBP Home App &amp; get a free trip home. 🤗",CBP,2026-05-20T16:30:03.000Z,2057136781452009644,https://x.com/CBP/status/2057136781452009644,"If you're here illegally, you have until the end of this song to go. Download the CBP Home App and self-deport today. https://t.co/bIuXwEgdxQ",7_2057135594724048896,video,https://github.com/vidproject/x/releases/download/media-CBP/7_2057135594724048896.mp4,21
WhiteHouse,core,2026-05-21T16:11:20.000Z,2057494462238998739,https://x.com/WhiteHouse/status/2057494462238998739,"The Trump administration is lowering costs for hardworking Americans.

Today’s actions will save Americans a total of $2.4 BILLION. LET'S GO!!",WhiteHouse,2026-05-21T15:47:49.000Z,2057488542696104086,https://x.com/WhiteHouse/status/2057488542696104086,President Trump Participates in an Announcement with the Administrator of the EPA https://x.com/i/broadcasts/1MJgNgRlmkbGL,,,,36
WhiteHouse,core,2026-05-21T20:45:11.000Z,2057563376285315494,https://x.com/WhiteHouse/status/2057563376285315494,American Pasta. 🇺🇸🍝 https://t.co/HDgrshSfqo,RapidResponse47,2026-05-21T17:54:36.000Z,2057520447982375331,https://x.com/RapidResponse47/status/2057520447982375331,"📍Avon, New York: Pasta-maker @Barilla announces a major expansion, which will add 90 new American jobs upon completion. 🔥 https://t.co/7971h1uSzF",13_2057519843117502464,video,https://github.com/vidproject/x/releases/download/media-RapidResponse47/13_2057519843117502464.mp4,213
WhiteHouse,core,2026-05-22T13:46:08.000Z,2057820306475987396,https://x.com/WhiteHouse/status/2057820306475987396,"DOW-UAP-PR050 | ""4 UAP FORMATION IRAN 26 AUG 2022 OVER WATER [CALLSIGN]"" https://t.co/gon6sAdkQ0",WhiteHouse,2026-05-22T13:16:52.000Z,2057812941630505362,https://x.com/WhiteHouse/status/2057812941630505362,"SECOND RELEASE OF UNIDENTIFIED ANOMALOUS PHENOMENA FILES 🛸⬇️

http://WAR.GOV/UFO https://t.co/L959jf0G37",3_2057812767323590657,photo,https://github.com/vidproject/x/releases/download/media-WhiteHouse/3_2057812767323590657.jpg,975
WhiteHouse,core,2026-05-22T14:47:46.000Z,2057835818396373424,https://x.com/WhiteHouse/status/2057835818396373424,"DOW-UAP-PR086 | ""UAP FROM DEC 2019 (EAST COAST)"" https://t.co/PaxcDiy3QE",WhiteHouse,2026-05-22T13:16:52.000Z,2057812941630505362,https://x.com/WhiteHouse/status/2057812941630505362,"SECOND RELEASE OF UNIDENTIFIED ANOMALOUS PHENOMENA FILES 🛸⬇️

http://WAR.GOV/UFO https://t.co/L959jf0G37",3_2057812767323590657,photo,https://github.com/vidproject/x/releases/download/media-WhiteHouse/3_2057812767323590657.jpg,975
WhiteHouse,core,2026-05-25T16:56:34.000Z,2058955395641602278,https://x.com/WhiteHouse/status/2058955395641602278,"Around the world we unite in solemn observance.

God bless our fallen heroes. 🇺🇸",WhiteHouse,2026-05-25T16:11:23.000Z,2058944023910387852,https://x.com/WhiteHouse/status/2058944023910387852,President Trump Participates in a Wreath Laying Ceremony and Delivers Remarks https://x.com/i/broadcasts/1RKZzzzNWOQKB,,,,68
WhiteHouse,core,2026-05-28T16:41:17.000Z,2060038710956044434,https://x.com/WhiteHouse/status/2060038710956044434,"📲 https://apps.apple.com/us/app/trump-accounts-official-app/id6767364919

📲 https://play.google.com/store/apps/details?id=gov.trumpaccounts.goldeneagle&hl=en_US",WhiteHouse,2026-05-28T13:35:27.000Z,2059991947222147447,https://x.com/WhiteHouse/status/2059991947222147447,"IT’S HERE! 🇺🇸💰 The Trump Accounts App has officially launched.

Now every family has a simple, direct way to get involved and build their child’s future.

Download it TODAY on any App Store and make sure your kids are ready for the massive July 4th official launch. 📱 https://t.co/Dk6r9jxGsJ",13_2059991516353814528,video,https://github.com/vidproject/x/releases/download/media-WhiteHouse/13_2059991516353814528.mp4,266
WillSherwood,public,2026-05-18T15:02:31.000Z,2056389978062487908,https://x.com/WillSherwood/status/2056389978062487908,"Immigration is the root issue. Everything else flows from it.

Bovino is right — check the NumbersUSA grades.

No A? They’re probably a RINO.

No decision = decision.

Simple. Effective. Use it.",GregoryKBovino,2026-05-17T16:20:26.000Z,2056047199130374320,https://x.com/GregoryKBovino/status/2056047199130374320,"I have the easiest solution for helping you identify RINOs in the upcoming elections.

All issues are downstream of immigration.

Once you truly see that, voting becomes ridiculously simple.

Check their NumbersUSA immigration scorecard here: https://www.numbersusa.com/grades/

If your candidate doesn’t get an A, they’re probably part of the problem. And remember, in any topic where they say “no decision or no action”, that is to be taken as an endorsement of the issue.

No decision is a decision.

Simple test.

Clear signal.",,,,127
WomanDefiner,public,2025-09-30T16:14:02.000Z,1973058766888120752,https://x.com/WomanDefiner/status/1973058766888120752,They stood up for the ICE officer and I trust them to continue to do so. If you're a young guy looking to get his life started you should seriously consider this.,StephenM,2025-09-30T01:05:31.000Z,1972830129840853171,https://x.com/StephenM/status/1972830129840853171,"Calling all patriots. USCIS is now hiring “HOMELAND DEFENDERS.” Your job will be to interview applicants for green cards, work visas and citizenship for approval or denial. Great pay, flexible hours, stay local. Sign up to be a Homeland Defender today!",,,,686
WomanDefiner,public,2026-05-15T12:28:33.000Z,2055264068689076451,https://x.com/WomanDefiner/status/2055264068689076451,"I hope Greg runs for office because he may have been the only guy in Government who understood what needed to be done to get mass deportations.

Targeted deportations like Greg says is a waste of money. The Government should be casting wide dragnets and scooping up as many people as possible, not nabbing 1 here or there.",GregoryKBovino,2026-05-15T12:02:07.000Z,2055257416418390056,https://x.com/GregoryKBovino/status/2055257416418390056,"Targeted enforcement under Tom Homan sounds smart on TV.
It’s actually one of the dumbest uses of manpower I’ve ever heard of.

Just laid it out on @MegynKellyShow

Here’s a real-world system failure straight from CBP officers who lived it and then relayed to me as having happened today:

They’re running surveillance on a Colombian crew tied to a wave of residential burglaries in Los Angeles. Four officers, full day on the house.

They watch the suspect’s three kids walk out. Then two other women roll up with four more kids and go inside. While they’re sitting there doing “precision” work, eight other illegals just stroll right past their position like it’s a parade.

End of shift?

One guy in custody.

The other 17? Still here!

Four trained officers.
Hours of surveillance.
One arrest.

That’s what “targeted enforcement” actually looks like on the ground.

It’s not strategy — it’s a jobs program for bureaucrats who want to look busy while the border starts to deteriorate and American families keep getting robbed.

You want results? You create fear. Mass operations. Roving patrols. Zero mixed signals.

Anything less is just expensive theater that tells every illegal in the country: “Relax, they’re only coming for the ‘bad ones’… eventually.”

The system is broken by design.

We’re not fixing it with teaspoons.",,,,74
YoAdrienne1968,public,2025-12-30T22:17:03.000Z,2006127417698476213,https://x.com/YoAdrienne1968/status/2006127417698476213,Their social media team is outstanding 🙌🏻💪🏻❤️🇺🇸,WhiteHouse,2025-12-30T21:37:00.000Z,2006117341197721834,https://x.com/WhiteHouse/status/2006117341197721834,And we are JUST GETTING STARTED. 🔥 https://t.co/pTjvBwdsqb,13_2005977005611741184,video,,3056
YoAdrienne1968,public,2026-05-15T14:11:52.000Z,2055290067657093621,https://x.com/YoAdrienne1968/status/2055290067657093621,Sour grapes Bovino just destroyed his remaining scraps of credibility by showing up on bitter hag Megyn Kelly’s Show 🙄,GregoryKBovino,2026-05-15T12:02:07.000Z,2055257416418390056,https://x.com/GregoryKBovino/status/2055257416418390056,"Targeted enforcement under Tom Homan sounds smart on TV.
It’s actually one of the dumbest uses of manpower I’ve ever heard of.

Just laid it out on @MegynKellyShow

Here’s a real-world system failure straight from CBP officers who lived it and then relayed to me as having happened today:

They’re running surveillance on a Colombian crew tied to a wave of residential burglaries in Los Angeles. Four officers, full day on the house.

They watch the suspect’s three kids walk out. Then two other women roll up with four more kids and go inside. While they’re sitting there doing “precision” work, eight other illegals just stroll right past their position like it’s a parade.

End of shift?

One guy in custody.

The other 17? Still here!

Four trained officers.
Hours of surveillance.
One arrest.

That’s what “targeted enforcement” actually looks like on the ground.

It’s not strategy — it’s a jobs program for bureaucrats who want to look busy while the border starts to deteriorate and American families keep getting robbed.

You want results? You create fear. Mass operations. Roving patrols. Zero mixed signals.

Anything less is just expensive theater that tells every illegal in the country: “Relax, they’re only coming for the ‘bad ones’… eventually.”

The system is broken by design.

We’re not fixing it with teaspoons.",,,,74
YoAdrienne1968,public,2026-05-17T00:26:29.000Z,2055807128024002829,https://x.com/YoAdrienne1968/status/2055807128024002829,"I will admit when I am wrong, and I was wrong about Bovino.  Good guy 💪🏻❤️🇺🇸",GregoryKBovino,2026-05-16T20:12:38.000Z,2055743248241721395,https://x.com/GregoryKBovino/status/2055743248241721395,"Trained to protect your ass, not kiss it.

That’s not a bumper sticker., folks. That’s the job description Border Patrol has lived for 102 years.

While the politicians were out there kissing every ass that would get them a camera angle, we at the Green Team watched the needless atrocities up close.  American families destroyed, kids hooked on cartel fentanyl, communities turned into war zones, all of which were completely preventable.

My views aren’t “extreme.”

They’re the only ones, by God, forged in reality instead of feelings.

Secure the border.

Enforce the laws. Demand assimilation. Demand mass deportations.

Not because I hate anyone, but because protecting your ass (and your kids’ and your neighbors’) is literally the kindest, smartest thing we can do.

Fake compassion gets people killed.

Tough love keeps them alive.

You already know which one actually works.

Who’s tired of the ass-kissing?

Drop a 🔥 if you’re ready for real protection.",3_2055743244999503872,photo,https://github.com/vidproject/x/releases/download/media-GregoryKBovino/3_2055743244999503872.jpg,246
_jokeocracy,public,2025-06-25T15:10:20.000Z,1937891113215598634,https://x.com/_jokeocracy/status/1937891113215598634,"border guard: ""do you commit crimes?""

this guy, an absolute retard: ""yes, yes i do""",CBP,2025-06-24T23:17:30.000Z,1937651325354795444,https://x.com/CBP/status/1937651325354795444,"Fact Check: FALSE

Mads Mikkelsen was not denied entry for any memes or political reasons, it was for his admitted drug use. https://t.co/is9eGqILUq",3_1937651322414596096,photo,https://github.com/vidproject/x/releases/download/media-CBP-0002/3_1937651322414596096.jpg,1755
_jokeocracy,public,2026-05-22T22:54:12.000Z,2057958233138950584,https://x.com/_jokeocracy/status/2057958233138950584,this policy is infuriating to people with star wars names and to the people who hire people with star wars names. that's how you know it's a good policy,DHSgov,2026-05-22T13:33:55.000Z,2057817233200418837,https://x.com/DHSgov/status/2057817233200418837,"An alien who is in the U.S. temporarily and wants a Green Card must return to their home country to apply.

This policy allows our immigration system to function as the law intended instead of incentivizing loopholes.

The era of abusing our nation’s immigration system is over.",,,,3032
atutruckers,public,2026-05-21T17:08:01.000Z,2057508724336459988,https://x.com/atutruckers/status/2057508724336459988,“Wake Up Your Family is Next” - Greg Bovino,GregoryKBovino,2026-05-21T17:03:08.000Z,2057507497636962772,https://x.com/GregoryKBovino/status/2057507497636962772,"The American mind has been expertly hypnotized.

We imported millions from countries where “driving” means chaotic survival rules, no lanes, no signals, horns as brakes. Then we acted shocked when they bring those habits here—CDL in hand, fresh off the illegal entry.

Now four Indian illegals with commercial licenses just racked up multiple deadly wrecks killing Americans. And the pattern repeats.

Targeted enforcement? Good luck. Most won’t have rap sheets. They’re not “criminals” by the narrow definition we use.

They’re just drivers operating at Third World competence levels on American roads.

We conditioned ourselves to call this “diversity” and “vibrancy” while the body count climbs.

Normalizing lower standards doesn’t raise anyone up. It drags safety, competence, and lives down.

Wake up. Your family’s next on the highway.",,,,58
atutruckers,public,2026-06-11T17:35:22.000Z,2065125752337551388,https://x.com/atutruckers/status/2065125752337551388,"Illegal alien truck driver, working in the US on a B1 Visitor Visa, was charged with human smuggling and cabotage violations

Great work @USBPChief and team",USBPChief,2026-06-10T22:00:44.000Z,2064830145412612145,https://x.com/USBPChief/status/2064830145412612145,"Hidden Among Carrots: Nogales Smuggling Bust

USBP agents from the Tucson Sector, in partnership with HSI, intercepted a tractor trailer near Nogales, AZ, rescuing 11 illegal aliens concealed among pallets of carrots. The driver, a Mexican citizen here on a visitor visa, faces charges for human smuggling and cabotage violations.

Human smugglers continue to treat lives as cargo. Agents remain committed to disrupting these operations.

@usbpchieftca
@hsiarizona",3_2064830140962455552,photo,,8
dlopdolp,public,2026-05-17T19:17:22.000Z,2056091725500727554,https://x.com/dlopdolp/status/2056091725500727554,Bovino for President 2028,GregoryKBovino,2026-05-16T20:12:38.000Z,2055743248241721395,https://x.com/GregoryKBovino/status/2055743248241721395,"Trained to protect your ass, not kiss it.

That’s not a bumper sticker., folks. That’s the job description Border Patrol has lived for 102 years.

While the politicians were out there kissing every ass that would get them a camera angle, we at the Green Team watched the needless atrocities up close.  American families destroyed, kids hooked on cartel fentanyl, communities turned into war zones, all of which were completely preventable.

My views aren’t “extreme.”

They’re the only ones, by God, forged in reality instead of feelings.

Secure the border.

Enforce the laws. Demand assimilation. Demand mass deportations.

Not because I hate anyone, but because protecting your ass (and your kids’ and your neighbors’) is literally the kindest, smartest thing we can do.

Fake compassion gets people killed.

Tough love keeps them alive.

You already know which one actually works.

Who’s tired of the ass-kissing?

Drop a 🔥 if you’re ready for real protection.",3_2055743244999503872,photo,https://github.com/vidproject/x/releases/download/media-GregoryKBovino/3_2055743244999503872.jpg,246
greg_price11,public,2025-03-18T22:36:53.000Z,1902127091673366766,https://x.com/greg_price11/status/1902127091673366766,It’s completely insane that the Biden admin decided they would rather leave these two people in space for 9 months than be forced to ask Elon Musk to go up and get them.,RapidResponse47,2025-03-18T22:01:05.000Z,1902118083155644736,https://x.com/RapidResponse47/status/1902118083155644736,"🚨 The @NASA astronauts stranded in space for more than nine months have splashed down in the Gulf of America.

PROMISES MADE, PROMISES KEPT! https://t.co/YoRRvdWHwu",7_1902118022783156224,video,,495
greg_price11,public,2025-03-24T15:01:51.000Z,1904186906696380635,https://x.com/greg_price11/status/1904186906696380635,I've watched this video about 100 times. You simply don't get moments like this when Democrats are in power. Just imagine how lame our country would currently be with Kamala as President.,RapidResponse47,2025-03-23T02:23:39.000Z,1903633710462775472,https://x.com/RapidResponse47/status/1903633710462775472,Wyatt Hendrickson — a second lieutenant in the @usairforce — salutes President Donald J. Trump after winning an @NCAAWrestling national championship 🇺🇸 https://t.co/KK4ngwH7mW,7_1903633269817823232,video,,926
greg_price11,public,2025-04-16T21:35:47.000Z,1912620963688067258,https://x.com/greg_price11/status/1912620963688067258,Watch it in full. Listen to this poor woman describe what an illegal alien did to her daughter and then ask yourself why Democrats are willing to go as far as flying to El Salvador in order to keep as many of them as possible in our country.,RapidResponse47,2025-04-16T21:14:04.000Z,1912615499978219752,https://x.com/RapidResponse47/status/1912615499978219752,MUST WATCH: Angel Mom Patty Morin shares the emotional story of her beautiful daughter Rachel from the White House: https://t.co/K4ruduUm7V,13_1912615185707143168,video,,121
greg_price11,public,2025-04-30T13:56:19.000Z,1917578764495773757,https://x.com/greg_price11/status/1917578764495773757,The Biden admin was releasing illegal alien gang members into the country while attempting to jail ranching families over minor land disputes.,RapidResponse47,2025-04-30T13:49:06.000Z,1917576950601900343,https://x.com/RapidResponse47/status/1917576950601900343,"The Biden administration criminally charged 5th generation South Dakota cattle ranchers Charles and Heather Maude over a dispute over 25 acres of land.

Today, those charges are officially dropped. 👏 https://t.co/dsYaDi5van",13_1917575358091546624,video,,54
greg_price11,public,2025-05-02T02:55:20.000Z,1918137199297515774,https://x.com/greg_price11/status/1918137199297515774,I absolutely 100% positively voted for this,RapidResponse47,2025-05-02T02:43:37.000Z,1918134250236461197,https://x.com/RapidResponse47/status/1918134250236461197,"🚨 BREAKING: @POTUS just signed an executive order ENDING the taxpayer subsidization of NPR and PBS — which receive millions from taxpayers to spread radical, woke propaganda disguised as “news.”

Here is the text of the order:

By the authority vested in me as President by the Constitution and the laws of the United States of America, it is hereby ordered:

Section 1.  Purpose. National Public Radio (NPR) and the Public Broadcasting Service (PBS) receive taxpayer funds through the Corporation for Public Broadcasting (CPB). Unlike in 1967, when the CPB was established, today the media landscape is filled with abundant, diverse, and innovative news options. Government funding of news media in this environment is not only outdated and unnecessary but corrosive to the appearance of journalistic independence.

At the very least, Americans have the right to expect that if their tax dollars fund public broadcasting at all, they fund only fair, accurate, unbiased, and nonpartisan news coverage. No media outlet has a constitutional right to taxpayer subsidies, and the Government is entitled to determine which categories of activities to subsidize. The CPB's governing statute reflects principles of impartiality:  the CPB may not ""contribute to or otherwise support any political party.""  47 U.S.C. 396(f)(3); see also id. 396(e)(2).

The CPB fails to abide by these principles to the extent it subsidizes NPR and PBS.  Which viewpoints NPR and PBS promote does not matter. What does matter is that neither entity presents a fair, accurate, or unbiased portrayal of current events to taxpaying citizens.
I therefore instruct the CPB Board of Directors (CPB Board) and all executive departments and agencies (agencies) to cease Federal funding for NPR and PBS.

Sec. 2.  Instructions to the Corporation for Public Broadcasting. (a)  The CPB Board shall cease direct funding to NPR and PBS, consistent with my Administration's policy to ensure that Federal funding does not support biased and partisan news coverage.  The CPB Board shall cancel existing direct funding to the maximum extent allowed by law and shall decline to provide future funding.

(b)  The CPB Board shall cease indirect funding to NPR and PBS, including by ensuring that licensees and permittees of public radio and television stations, as well as any other recipients of CPB funds, do not use Federal funds for NPR and PBS.  To effectuate this directive, the CPB Board shall, before June 30, 2025, revise the 2025 Television Community Service Grants General Provisions and Eligibility Criteria and the 2025 Radio Community Service Grants General Provisions and Eligibility Criteria to prohibit direct or indirect funding of NPR and PBS.  To the extent permitted by the 2024 Television Community Service Grants General Provisions and Eligibility Criteria, the 2024 Radio Community Service Grants General Provisions and Eligibility Criteria, and applicable law, the CPB Board shall also prohibit parties subject to these provisions from funding NPR or PBS after the date of this order.  In addition, the CPB Board shall take all other necessary steps to minimize or eliminate its indirect funding of NPR and PBS.

Sec. 3.  Instructions to Other Agencies. (a)  The heads of all agencies shall identify and terminate, to the maximum extent consistent with applicable law, any direct or indirect funding of NPR and PBS.

(b)  After taking the actions specified in subsection (a) of this section, the heads of all agencies shall identify any remaining grants, contracts, or other funding instruments entered into with NPR or PBS and shall determine whether NPR and PBS are in compliance with the terms of those instruments.  In the event of a finding of noncompliance, the head of the relevant agency shall take appropriate steps under the terms of the instrument.

(c)  The Secretary of Health and Human Services shall determine whether ""the Public Broadcasting Service and National Public Radio (or any successor organization)"" are complying with the statutory mandate that ""no person shall be subjected to discrimination in employment . . . on the grounds of race, color, religion, national origin, or sex.""  47 U.S.C. 397(15), 398(b). In the event of a finding of noncompliance, the Secretary of Health and Human Services shall take appropriate corrective action.

Sec. 4.  Severability. If any provision of this order, or the application of any provision to any agency, person, or circumstance, is held to be invalid, the remainder of this order and the application of its provisions to any other agencies, persons, or circumstances shall not be affected thereby.

Sec. 5.  General Provisions. (a) Nothing in this order shall be construed to impair or otherwise affect:

(i)  the authority granted by law to an executive department or agency, or the head thereof; or

(ii)  the functions of the Director of the Office of Management and Budget relating to budgetary, administrative, or legislative proposals.

(b)  This order shall be implemented consistent with applicable law and subject to the availability of appropriations.

(c) This order is not intended to, and does not, create any right or benefit, substantive or procedural, enforceable at law or in equity by any party against the United States, its departments, agencies, or entities, its officers, employees, or agents, or any other person.

DONALD J. TRUMP

THE WHITE HOUSE,
May 1, 2025.",,,,976
greg_price11,public,2026-05-18T19:34:19.000Z,2056458379690758454,https://x.com/greg_price11/status/2056458379690758454,"Thomas Massie, in fact, explicitly cited the funding for border security and deportations as a reason he was voting against the Big Beautiful Bill. https://t.co/MKIX5f1aBU",StephenM,2026-05-18T18:36:26.000Z,2056443813825015953,https://x.com/StephenM/status/2056443813825015953,"ICE and BP would have a budget of ZERO right if Massie had succeeded in killing the reconciliation bill as he tried desperately to do.

Zero.",,,,240
interstatejuche,public,2025-09-27T22:53:22.000Z,1972072099796984242,https://x.com/interstatejuche/status/1972072099796984242,The window for democrats to take the path of peace is closing fast,StephenM,2025-09-27T22:48:54.000Z,1972070976138760640,https://x.com/StephenM/status/1972070976138760640,"According to a sitting US Senator, if a federal ICE facility and its officers are subjected to unceasing violent antifa terrorism the correct response is for the federal government to unconditionally surrender, withdraw, and suspend enforcement—or face even more antifa violence.",,,,377
interstatejuche,public,2026-05-04T15:49:46.000Z,2051328438414221504,https://x.com/interstatejuche/status/2051328438414221504,The hardliner trap: hardliners are far more interested in their identity as hardliners than being serious about solving problems,GregoryKBovino,2026-05-04T03:39:10.000Z,2051144576019447902,https://x.com/GregoryKBovino/status/2051144576019447902,"@TheMagaHulk Show us the numbers then, pardner.  Show us this genius mass deportation effort that’s apparently going on behind the scenes.  This ought to be interesting",,,,26
t_xu,public,2026-04-13T17:07:01.000Z,2043737735178137627,https://x.com/t_xu/status/2043737735178137627,"Dashers have delivered billions of orders but this was our first to 1600 Pennsylvania Avenue!

Sharon, a Dasher and grandma from Arkansas, knocked on the Oval Office door to thank @POTUS for delivering No Tax on Tips, a policy that helps millions of hardworking Americans keep more of what they earn.

This is the kind of change that can happen when tens of thousands of Dashers like Sharon make their voices heard.",WhiteHouse,2026-04-13T16:52:01.000Z,2043733960195264520,https://x.com/WhiteHouse/status/2043733960195264520,HAPPENING NOW... 👀🍟💰 https://t.co/oKFBan7AGF,13_2043733014975561729,video,https://github.com/vidproject/x/releases/download/media-WhiteHouse/13_2043733014975561729.mp4,271
theo,public,2026-05-22T19:48:01.000Z,2057911377151582437,https://x.com/theo/status/2057911377151582437,"This sucks.

America should welcome greatness. Builders, innovators, and creators should have a fast path to citizenship.

I can’t fathom why we would make life harder for founders starting billion dollar companies that want to anchor themselves in the US.",DHSgov,2026-05-22T13:33:55.000Z,2057817233200418837,https://x.com/DHSgov/status/2057817233200418837,"An alien who is in the U.S. temporarily and wants a Green Card must return to their home country to apply.

This policy allows our immigration system to function as the law intended instead of incentivizing loopholes.

The era of abusing our nation’s immigration system is over.",,,,3032
thesidetrack,public,2025-09-24T16:41:20.000Z,1970891310820425980,https://x.com/thesidetrack/status/1970891310820425980,The tweets have to be retained by the National Archives and Records Administration. I think about that a lot,PressSec,2025-09-23T19:34:50.000Z,1970572584962895888,https://x.com/PressSec/status/1970572584962895888,"If someone at the UN intentionally stopped the escalator as the President and First Lady were stepping on, they need to be fired and investigated immediately.

The Times reported this on Sunday.👇 https://t.co/NitsWbGYG0",3_1970572578533027840,photo,,2964
thesidetrack,public,2025-09-27T18:38:50.000Z,1972008043899769184,https://x.com/thesidetrack/status/1972008043899769184,"You all see what is happening, right? https://t.co/xsAsiAJBIa",RapidResponse47,2025-09-27T02:23:56.000Z,1971762700410876398,https://x.com/RapidResponse47/status/1971762700410876398,".@StephenM: Comey, Clapper, Brennan, Obama, Monaco, all conspired together to try to sabotage the democratic institutions of this country. I cannot find words harsh enough to condemn the conduct of these conspirators — these insurrectionists. https://t.co/wb1Ck9qXeI",13_1971761765152133120,video,,875
thesidetrack,public,2025-12-31T05:36:06.000Z,2006237910329352598,https://x.com/thesidetrack/status/2006237910329352598,Extortion. A complete perversion of the office,RapidResponse47,2025-12-30T23:59:50.000Z,2006153283996381333,https://x.com/RapidResponse47/status/2006153283996381333,"President Donald J. Trump vetoed H.R. 131, the ""Finish the Arkansas Valley Conduit Act,"" and H.R. 504, the ""Miccosukee Reserved Area Amendments Act.""

He transmitted the attached messages to Congress. https://t.co/rQUM2gHLgn",3_2006137712642785280 3_2006137850769575936,photo photo, ,130
thesidetrack,public,2026-04-23T17:28:13.000Z,2047366949995446530,https://x.com/thesidetrack/status/2047366949995446530,"Greg Bovino doing the ""just go look around at Costco"" thing all the racist Utah accounts do. Quite something",GregoryKBovino,2026-04-23T01:45:19.000Z,2047129661680087371,https://x.com/GregoryKBovino/status/2047129661680087371,"@ReichlinMelnick Aaron, the 100 million is a solid figure.  No conspiracy theories, just research melded with 30 years as an immigration officer mixed in with this thing called common sense",,,,81
