date,phrase,DHS,ICE,CBP,White House,all_accounts
2016-01-01,criminal-alien,0,0,0,0,0
2016-01-01,illegal-alien,0,0,0,0,0
2016-01-01,angel-mother,0,0,0,0,0
2016-01-01,angel-family,0,0,0,0,0
2016-01-02,criminal-alien,0,0,0,0,0
2016-01-02,illegal-alien,0,0,0,0,0
2016-01-02,angel-mother,0,0,0,0,0
2016-01-02,angel-family,0,0,0,0,0
2016-01-03,criminal-alien,0,0,0,0,0
2016-01-03,illegal-alien,0,0,0,0,0
2016-01-03,angel-mother,0,0,0,0,0
2016-01-03,angel-family,0,0,0,0,0
2016-01-04,criminal-alien,0,0,0,0,0
2016-01-04,illegal-alien,0,0,0,0,0
2016-01-04,angel-mother,0,0,0,0,0
2016-01-04,angel-family,0,0,0,0,0
2016-01-05,criminal-alien,0,0,0,0,0
2016-01-05,illegal-alien,0,0,0,0,0
2016-01-05,angel-mother,0,0,0,0,0
2016-01-05,angel-family,0,0,0,0,0
2016-01-06,criminal-alien,0,0,0,0,0
2016-01-06,illegal-alien,0,0,0,0,0
2016-01-06,angel-mother,0,0,0,0,0
2016-01-06,angel-family,0,0,0,0,0
2016-01-07,criminal-alien,0,0,0,0,0
2016-01-07,illegal-alien,0,0,0,0,0
2016-01-07,angel-mother,0,0,0,0,0
2016-01-07,angel-family,0,0,0,0,0
2016-01-08,criminal-alien,0,0,0,0,0
2016-01-08,illegal-alien,0,0,0,0,0
2016-01-08,angel-mother,0,0,0,0,0
2016-01-08,angel-family,0,0,0,0,0
2016-01-09,criminal-alien,0,0,0,0,0
2016-01-09,illegal-alien,0,0,0,0,0
2016-01-09,angel-mother,0,0,0,0,0
2016-01-09,angel-family,0,0,0,0,0
2016-01-10,criminal-alien,0,0,0,0,0
2016-01-10,illegal-alien,0,0,0,0,0
2016-01-10,angel-mother,0,0,0,0,0
2016-01-10,angel-family,0,0,0,0,0
2016-01-11,criminal-alien,0,0,0,0,0
2016-01-11,illegal-alien,0,0,0,0,0
2016-01-11,angel-mother,0,0,0,0,0
2016-01-11,angel-family,0,0,0,0,0
2016-01-12,criminal-alien,0,0,0,0,0
2016-01-12,illegal-alien,0,0,0,0,0
2016-01-12,angel-mother,0,0,0,0,0
2016-01-12,angel-family,0,0,0,0,0
2016-01-13,criminal-alien,0,0,0,0,0
2016-01-13,illegal-alien,0,0,0,0,0
2016-01-13,angel-mother,0,0,0,0,0
2016-01-13,angel-family,0,0,0,0,0
2016-01-14,criminal-alien,0,0,0,0,0
2016-01-14,illegal-alien,0,0,0,0,0
2016-01-14,angel-mother,0,0,0,0,0
2016-01-14,angel-family,0,0,0,0,0
2016-01-15,criminal-alien,0,0,0,0,0
2016-01-15,illegal-alien,0,0,0,0,0
2016-01-15,angel-mother,0,0,0,0,0
2016-01-15,angel-family,0,0,0,0,0
2016-01-16,criminal-alien,0,0,0,0,0
2016-01-16,illegal-alien,0,0,0,0,0
2016-01-16,angel-mother,0,0,0,0,0
2016-01-16,angel-family,0,0,0,0,0
2016-01-17,criminal-alien,0,0,0,0,0
2016-01-17,illegal-alien,0,0,0,0,0
2016-01-17,angel-mother,0,0,0,0,0
2016-01-17,angel-family,0,0,0,0,0
2016-01-18,criminal-alien,0,0,0,0,0
2016-01-18,illegal-alien,0,0,0,0,0
2016-01-18,angel-mother,0,0,0,0,0
2016-01-18,angel-family,0,0,0,0,0
2016-01-19,criminal-alien,0,0,0,0,0
2016-01-19,illegal-alien,0,0,0,0,0
2016-01-19,angel-mother,0,0,0,0,0
2016-01-19,angel-family,0,0,0,0,0
2016-01-20,criminal-alien,0,0,0,0,0
2016-01-20,illegal-alien,0,0,0,0,0
2016-01-20,angel-mother,0,0,0,0,0
2016-01-20,angel-family,0,0,0,0,0
2016-01-21,criminal-alien,0,0,0,0,0
2016-01-21,illegal-alien,0,0,0,0,0
2016-01-21,angel-mother,0,0,0,0,0
2016-01-21,angel-family,0,0,0,0,0
2016-01-22,criminal-alien,0,0,0,0,0
2016-01-22,illegal-alien,0,0,0,0,0
2016-01-22,angel-mother,0,0,0,0,0
2016-01-22,angel-family,0,0,0,0,0
2016-01-23,criminal-alien,0,0,0,0,0
2016-01-23,illegal-alien,0,0,0,0,0
2016-01-23,angel-mother,0,0,0,0,0
2016-01-23,angel-family,0,0,0,0,0
2016-01-24,criminal-alien,0,0,0,0,0
2016-01-24,illegal-alien,0,0,0,0,0
2016-01-24,angel-mother,0,0,0,0,0
2016-01-24,angel-family,0,0,0,0,0
2016-01-25,criminal-alien,0,0,0,0,0
2016-01-25,illegal-alien,0,0,0,0,0
2016-01-25,angel-mother,0,0,0,0,0
2016-01-25,angel-family,0,0,0,0,0
2016-01-26,criminal-alien,0,0,0,0,0
2016-01-26,illegal-alien,0,0,0,0,0
2016-01-26,angel-mother,0,0,0,0,0
2016-01-26,angel-family,0,0,0,0,0
2016-01-27,criminal-alien,0,0,0,0,0
2016-01-27,illegal-alien,0,0,0,0,0
2016-01-27,angel-mother,0,0,0,0,0
2016-01-27,angel-family,0,0,0,0,0
2016-01-28,criminal-alien,0,0,0,0,0
2016-01-28,illegal-alien,0,0,0,0,0
2016-01-28,angel-mother,0,0,0,0,0
2016-01-28,angel-family,0,0,0,0,0
2016-01-29,criminal-alien,0,0,0,0,0
2016-01-29,illegal-alien,0,0,0,0,0
2016-01-29,angel-mother,0,0,0,0,0
2016-01-29,angel-family,0,0,0,0,0
2016-01-30,criminal-alien,0,0,0,0,0
2016-01-30,illegal-alien,0,0,0,0,0
2016-01-30,angel-mother,0,0,0,0,0
2016-01-30,angel-family,0,0,0,0,0
2016-01-31,criminal-alien,0,0,0,0,0
2016-01-31,illegal-alien,0,0,0,0,0
2016-01-31,angel-mother,0,0,0,0,0
2016-01-31,angel-family,0,0,0,0,0
2016-02-01,criminal-alien,0,0,0,0,0
2016-02-01,illegal-alien,0,0,0,0,0
2016-02-01,angel-mother,0,0,0,0,0
2016-02-01,angel-family,0,0,0,0,0
2016-02-02,criminal-alien,0,0,0,0,0
2016-02-02,illegal-alien,0,0,0,0,0
2016-02-02,angel-mother,0,0,0,0,0
2016-02-02,angel-family,0,0,0,0,0
2016-02-03,criminal-alien,0,0,0,0,0
2016-02-03,illegal-alien,0,0,0,0,0
2016-02-03,angel-mother,0,0,0,0,0
2016-02-03,angel-family,0,0,0,0,0
2016-02-04,criminal-alien,0,0,0,0,0
2016-02-04,illegal-alien,0,0,0,0,0
2016-02-04,angel-mother,0,0,0,0,0
2016-02-04,angel-family,0,0,0,0,0
2016-02-05,criminal-alien,0,0,0,0,0
2016-02-05,illegal-alien,0,0,0,0,0
2016-02-05,angel-mother,0,0,0,0,0
2016-02-05,angel-family,0,0,0,0,0
2016-02-06,criminal-alien,0,0,0,0,0
2016-02-06,illegal-alien,0,0,0,0,0
2016-02-06,angel-mother,0,0,0,0,0
2016-02-06,angel-family,0,0,0,0,0
2016-02-07,criminal-alien,0,0,0,0,0
2016-02-07,illegal-alien,0,0,0,0,0
2016-02-07,angel-mother,0,0,0,0,0
2016-02-07,angel-family,0,0,0,0,0
2016-02-08,criminal-alien,0,0,0,0,0
2016-02-08,illegal-alien,0,0,0,0,0
2016-02-08,angel-mother,0,0,0,0,0
2016-02-08,angel-family,0,0,0,0,0
2016-02-09,criminal-alien,0,0,0,0,0
2016-02-09,illegal-alien,0,0,0,0,0
2016-02-09,angel-mother,0,0,0,0,0
2016-02-09,angel-family,0,0,0,0,0
2016-02-10,criminal-alien,0,0,0,0,0
2016-02-10,illegal-alien,0,0,0,0,0
2016-02-10,angel-mother,0,0,0,0,0
2016-02-10,angel-family,0,0,0,0,0
2016-02-11,criminal-alien,0,0,0,0,0
2016-02-11,illegal-alien,0,0,0,0,0
2016-02-11,angel-mother,0,0,0,0,0
2016-02-11,angel-family,0,0,0,0,0
2016-02-12,criminal-alien,0,0,0,0,0
2016-02-12,illegal-alien,0,0,0,0,0
2016-02-12,angel-mother,0,0,0,0,0
2016-02-12,angel-family,0,0,0,0,0
2016-02-13,criminal-alien,0,0,0,0,0
2016-02-13,illegal-alien,0,0,0,0,0
2016-02-13,angel-mother,0,0,0,0,0
2016-02-13,angel-family,0,0,0,0,0
2016-02-14,criminal-alien,0,0,0,0,0
2016-02-14,illegal-alien,0,0,0,0,0
2016-02-14,angel-mother,0,0,0,0,0
2016-02-14,angel-family,0,0,0,0,0
2016-02-15,criminal-alien,0,0,0,0,0
2016-02-15,illegal-alien,0,0,0,0,0
2016-02-15,angel-mother,0,0,0,0,0
2016-02-15,angel-family,0,0,0,0,0
2016-02-16,criminal-alien,0,0,0,0,0
2016-02-16,illegal-alien,0,0,0,0,0
2016-02-16,angel-mother,0,0,0,0,0
2016-02-16,angel-family,0,0,0,0,0
2016-02-17,criminal-alien,0,0,0,0,0
2016-02-17,illegal-alien,0,0,0,0,0
2016-02-17,angel-mother,0,0,0,0,0
2016-02-17,angel-family,0,0,0,0,0
2016-02-18,criminal-alien,0,0,0,0,0
2016-02-18,illegal-alien,0,0,0,0,0
2016-02-18,angel-mother,0,0,0,0,0
2016-02-18,angel-family,0,0,0,0,0
2016-02-19,criminal-alien,0,0,0,0,0
2016-02-19,illegal-alien,0,0,0,0,0
2016-02-19,angel-mother,0,0,0,0,0
2016-02-19,angel-family,0,0,0,0,0
2016-02-20,criminal-alien,0,0,0,0,0
2016-02-20,illegal-alien,0,0,0,0,0
2016-02-20,angel-mother,0,0,0,0,0
2016-02-20,angel-family,0,0,0,0,0
2016-02-21,criminal-alien,0,0,0,0,0
2016-02-21,illegal-alien,0,0,0,0,0
2016-02-21,angel-mother,0,0,0,0,0
2016-02-21,angel-family,0,0,0,0,0
2016-02-22,criminal-alien,0,0,0,0,0
2016-02-22,illegal-alien,0,0,0,0,0
2016-02-22,angel-mother,0,0,0,0,0
2016-02-22,angel-family,0,0,0,0,0
2016-02-23,criminal-alien,0,0,0,0,0
2016-02-23,illegal-alien,0,0,0,0,0
2016-02-23,angel-mother,0,0,0,0,0
2016-02-23,angel-family,0,0,0,0,0
2016-02-24,criminal-alien,0,0,0,0,0
2016-02-24,illegal-alien,0,0,0,0,0
2016-02-24,angel-mother,0,0,0,0,0
2016-02-24,angel-family,0,0,0,0,0
2016-02-25,criminal-alien,0,0,0,0,0
2016-02-25,illegal-alien,0,0,0,0,0
2016-02-25,angel-mother,0,0,0,0,0
2016-02-25,angel-family,0,0,0,0,0
2016-02-26,criminal-alien,0,0,0,0,0
2016-02-26,illegal-alien,0,0,0,0,0
2016-02-26,angel-mother,0,0,0,0,0
2016-02-26,angel-family,0,0,0,0,0
2016-02-27,criminal-alien,0,0,0,0,0
2016-02-27,illegal-alien,0,0,0,0,0
2016-02-27,angel-mother,0,0,0,0,0
2016-02-27,angel-family,0,0,0,0,0
2016-02-28,criminal-alien,0,0,0,0,0
2016-02-28,illegal-alien,0,0,0,0,0
2016-02-28,angel-mother,0,0,0,0,0
2016-02-28,angel-family,0,0,0,0,0
2016-02-29,criminal-alien,0,0,0,0,0
2016-02-29,illegal-alien,0,0,0,0,0
2016-02-29,angel-mother,0,0,0,0,0
2016-02-29,angel-family,0,0,0,0,0
2016-03-01,criminal-alien,0,0,0,0,0
2016-03-01,illegal-alien,0,0,0,0,0
2016-03-01,angel-mother,0,0,0,0,0
2016-03-01,angel-family,0,0,0,0,0
2016-03-02,criminal-alien,0,0,0,0,0
2016-03-02,illegal-alien,0,0,0,0,0
2016-03-02,angel-mother,0,0,0,0,0
2016-03-02,angel-family,0,0,0,0,0
2016-03-03,criminal-alien,0,0,0,0,0
2016-03-03,illegal-alien,0,0,0,0,0
2016-03-03,angel-mother,0,0,0,0,0
2016-03-03,angel-family,0,0,0,0,0
2016-03-04,criminal-alien,0,0,0,0,0
2016-03-04,illegal-alien,0,0,0,0,0
2016-03-04,angel-mother,0,0,0,0,0
2016-03-04,angel-family,0,0,0,0,0
2016-03-05,criminal-alien,0,0,0,0,0
2016-03-05,illegal-alien,0,0,0,0,0
2016-03-05,angel-mother,0,0,0,0,0
2016-03-05,angel-family,0,0,0,0,0
2016-03-06,criminal-alien,0,0,0,0,0
2016-03-06,illegal-alien,0,0,0,0,0
2016-03-06,angel-mother,0,0,0,0,0
2016-03-06,angel-family,0,0,0,0,0
2016-03-07,criminal-alien,0,0,0,0,0
2016-03-07,illegal-alien,0,0,0,0,0
2016-03-07,angel-mother,0,0,0,0,0
2016-03-07,angel-family,0,0,0,0,0
2016-03-08,criminal-alien,0,0,0,0,0
2016-03-08,illegal-alien,0,0,0,0,0
2016-03-08,angel-mother,0,0,0,0,0
2016-03-08,angel-family,0,0,0,0,0
2016-03-09,criminal-alien,0,0,0,0,0
2016-03-09,illegal-alien,0,0,0,0,0
2016-03-09,angel-mother,0,0,0,0,0
2016-03-09,angel-family,0,0,0,0,0
2016-03-10,criminal-alien,0,0,0,0,0
2016-03-10,illegal-alien,0,0,0,0,0
2016-03-10,angel-mother,0,0,0,0,0
2016-03-10,angel-family,0,0,0,0,0
2016-03-11,criminal-alien,0,1,0,0,1
2016-03-11,illegal-alien,0,0,0,0,0
2016-03-11,angel-mother,0,0,0,0,0
2016-03-11,angel-family,0,0,0,0,0
2016-03-12,criminal-alien,0,0,0,0,0
2016-03-12,illegal-alien,0,0,0,0,0
2016-03-12,angel-mother,0,0,0,0,0
2016-03-12,angel-family,0,0,0,0,0
2016-03-13,criminal-alien,0,0,0,0,0
2016-03-13,illegal-alien,0,0,0,0,0
2016-03-13,angel-mother,0,0,0,0,0
2016-03-13,angel-family,0,0,0,0,0
2016-03-14,criminal-alien,0,1,0,0,1
2016-03-14,illegal-alien,0,0,0,0,0
2016-03-14,angel-mother,0,0,0,0,0
2016-03-14,angel-family,0,0,0,0,0
2016-03-15,criminal-alien,0,0,0,0,0
2016-03-15,illegal-alien,0,0,0,0,0
2016-03-15,angel-mother,0,0,0,0,0
2016-03-15,angel-family,0,0,0,0,0
2016-03-16,criminal-alien,0,0,0,0,0
2016-03-16,illegal-alien,0,0,0,0,0
2016-03-16,angel-mother,0,0,0,0,0
2016-03-16,angel-family,0,0,0,0,0
2016-03-17,criminal-alien,0,1,0,0,1
2016-03-17,illegal-alien,0,0,0,0,0
2016-03-17,angel-mother,0,0,0,0,0
2016-03-17,angel-family,0,0,0,0,0
2016-03-18,criminal-alien,0,0,0,0,0
2016-03-18,illegal-alien,0,0,0,0,0
2016-03-18,angel-mother,0,0,0,0,0
2016-03-18,angel-family,0,0,0,0,0
2016-03-19,criminal-alien,0,0,0,0,0
2016-03-19,illegal-alien,0,0,0,0,0
2016-03-19,angel-mother,0,0,0,0,0
2016-03-19,angel-family,0,0,0,0,0
2016-03-20,criminal-alien,0,0,0,0,0
2016-03-20,illegal-alien,0,0,0,0,0
2016-03-20,angel-mother,0,0,0,0,0
2016-03-20,angel-family,0,0,0,0,0
2016-03-21,criminal-alien,0,0,0,0,0
2016-03-21,illegal-alien,0,0,0,0,0
2016-03-21,angel-mother,0,0,0,0,0
2016-03-21,angel-family,0,0,0,0,0
2016-03-22,criminal-alien,0,0,0,0,0
2016-03-22,illegal-alien,0,0,0,0,0
2016-03-22,angel-mother,0,0,0,0,0
2016-03-22,angel-family,0,0,0,0,0
2016-03-23,criminal-alien,0,0,0,0,0
2016-03-23,illegal-alien,0,0,0,0,0
2016-03-23,angel-mother,0,0,0,0,0
2016-03-23,angel-family,0,0,0,0,0
2016-03-24,criminal-alien,0,0,0,0,0
2016-03-24,illegal-alien,0,0,0,0,0
2016-03-24,angel-mother,0,0,0,0,0
2016-03-24,angel-family,0,0,0,0,0
2016-03-25,criminal-alien,0,0,0,0,0
2016-03-25,illegal-alien,0,0,0,0,0
2016-03-25,angel-mother,0,0,0,0,0
2016-03-25,angel-family,0,0,0,0,0
2016-03-26,criminal-alien,0,0,0,0,0
2016-03-26,illegal-alien,0,0,0,0,0
2016-03-26,angel-mother,0,0,0,0,0
2016-03-26,angel-family,0,0,0,0,0
2016-03-27,criminal-alien,0,0,0,0,0
2016-03-27,illegal-alien,0,0,0,0,0
2016-03-27,angel-mother,0,0,0,0,0
2016-03-27,angel-family,0,0,0,0,0
2016-03-28,criminal-alien,0,0,0,0,0
2016-03-28,illegal-alien,0,0,0,0,0
2016-03-28,angel-mother,0,0,0,0,0
2016-03-28,angel-family,0,0,0,0,0
2016-03-29,criminal-alien,0,0,0,0,0
2016-03-29,illegal-alien,0,0,0,0,0
2016-03-29,angel-mother,0,0,0,0,0
2016-03-29,angel-family,0,0,0,0,0
2016-03-30,criminal-alien,0,0,0,0,0
2016-03-30,illegal-alien,0,0,0,0,0
2016-03-30,angel-mother,0,0,0,0,0
2016-03-30,angel-family,0,0,0,0,0
2016-03-31,criminal-alien,0,0,0,0,0
2016-03-31,illegal-alien,0,0,0,0,0
2016-03-31,angel-mother,0,0,0,0,0
2016-03-31,angel-family,0,0,0,0,0
2016-04-01,criminal-alien,0,0,0,0,0
2016-04-01,illegal-alien,0,0,0,0,0
2016-04-01,angel-mother,0,0,0,0,0
2016-04-01,angel-family,0,0,0,0,0
2016-04-02,criminal-alien,0,0,0,0,0
2016-04-02,illegal-alien,0,0,0,0,0
2016-04-02,angel-mother,0,0,0,0,0
2016-04-02,angel-family,0,0,0,0,0
2016-04-03,criminal-alien,0,0,0,0,0
2016-04-03,illegal-alien,0,0,0,0,0
2016-04-03,angel-mother,0,0,0,0,0
2016-04-03,angel-family,0,0,0,0,0
2016-04-04,criminal-alien,0,0,0,0,0
2016-04-04,illegal-alien,0,0,0,0,0
2016-04-04,angel-mother,0,0,0,0,0
2016-04-04,angel-family,0,0,0,0,0
2016-04-05,criminal-alien,0,0,0,0,0
2016-04-05,illegal-alien,0,0,0,0,0
2016-04-05,angel-mother,0,0,0,0,0
2016-04-05,angel-family,0,0,0,0,0
2016-04-06,criminal-alien,0,0,0,0,0
2016-04-06,illegal-alien,0,0,0,0,0
2016-04-06,angel-mother,0,0,0,0,0
2016-04-06,angel-family,0,0,0,0,0
2016-04-07,criminal-alien,0,0,0,0,0
2016-04-07,illegal-alien,0,0,0,0,0
2016-04-07,angel-mother,0,0,0,0,0
2016-04-07,angel-family,0,0,0,0,0
2016-04-08,criminal-alien,0,0,0,0,0
2016-04-08,illegal-alien,0,0,0,0,0
2016-04-08,angel-mother,0,0,0,0,0
2016-04-08,angel-family,0,0,0,0,0
2016-04-09,criminal-alien,0,0,0,0,0
2016-04-09,illegal-alien,0,0,0,0,0
2016-04-09,angel-mother,0,0,0,0,0
2016-04-09,angel-family,0,0,0,0,0
2016-04-10,criminal-alien,0,0,0,0,0
2016-04-10,illegal-alien,0,0,0,0,0
2016-04-10,angel-mother,0,0,0,0,0
2016-04-10,angel-family,0,0,0,0,0
2016-04-11,criminal-alien,0,0,0,0,0
2016-04-11,illegal-alien,0,0,0,0,0
2016-04-11,angel-mother,0,0,0,0,0
2016-04-11,angel-family,0,0,0,0,0
2016-04-12,criminal-alien,0,0,0,0,0
2016-04-12,illegal-alien,0,0,0,0,0
2016-04-12,angel-mother,0,0,0,0,0
2016-04-12,angel-family,0,0,0,0,0
2016-04-13,criminal-alien,0,0,0,0,0
2016-04-13,illegal-alien,0,0,0,0,0
2016-04-13,angel-mother,0,0,0,0,0
2016-04-13,angel-family,0,0,0,0,0
2016-04-14,criminal-alien,0,0,0,0,0
2016-04-14,illegal-alien,0,0,0,0,0
2016-04-14,angel-mother,0,0,0,0,0
2016-04-14,angel-family,0,0,0,0,0
2016-04-15,criminal-alien,0,0,0,0,0
2016-04-15,illegal-alien,0,0,0,0,0
2016-04-15,angel-mother,0,0,0,0,0
2016-04-15,angel-family,0,0,0,0,0
2016-04-16,criminal-alien,0,0,0,0,0
2016-04-16,illegal-alien,0,0,0,0,0
2016-04-16,angel-mother,0,0,0,0,0
2016-04-16,angel-family,0,0,0,0,0
2016-04-17,criminal-alien,0,0,0,0,0
2016-04-17,illegal-alien,0,0,0,0,0
2016-04-17,angel-mother,0,0,0,0,0
2016-04-17,angel-family,0,0,0,0,0
2016-04-18,criminal-alien,0,0,0,0,0
2016-04-18,illegal-alien,0,0,0,0,0
2016-04-18,angel-mother,0,0,0,0,0
2016-04-18,angel-family,0,0,0,0,0
2016-04-19,criminal-alien,0,0,0,0,0
2016-04-19,illegal-alien,0,0,0,0,0
2016-04-19,angel-mother,0,0,0,0,0
2016-04-19,angel-family,0,0,0,0,0
2016-04-20,criminal-alien,0,0,0,0,0
2016-04-20,illegal-alien,0,0,0,0,0
2016-04-20,angel-mother,0,0,0,0,0
2016-04-20,angel-family,0,0,0,0,0
2016-04-21,criminal-alien,0,0,0,0,0
2016-04-21,illegal-alien,0,0,0,0,0
2016-04-21,angel-mother,0,0,0,0,0
2016-04-21,angel-family,0,0,0,0,0
2016-04-22,criminal-alien,0,0,0,0,0
2016-04-22,illegal-alien,0,0,0,0,0
2016-04-22,angel-mother,0,0,0,0,0
2016-04-22,angel-family,0,0,0,0,0
2016-04-23,criminal-alien,0,0,0,0,0
2016-04-23,illegal-alien,0,0,0,0,0
2016-04-23,angel-mother,0,0,0,0,0
2016-04-23,angel-family,0,0,0,0,0
2016-04-24,criminal-alien,0,0,0,0,0
2016-04-24,illegal-alien,0,0,0,0,0
2016-04-24,angel-mother,0,0,0,0,0
2016-04-24,angel-family,0,0,0,0,0
2016-04-25,criminal-alien,0,0,0,0,0
2016-04-25,illegal-alien,0,0,0,0,0
2016-04-25,angel-mother,0,0,0,0,0
2016-04-25,angel-family,0,0,0,0,0
2016-04-26,criminal-alien,0,0,0,0,0
2016-04-26,illegal-alien,0,0,0,0,0
2016-04-26,angel-mother,0,0,0,0,0
2016-04-26,angel-family,0,0,0,0,0
2016-04-27,criminal-alien,0,0,0,0,0
2016-04-27,illegal-alien,0,0,0,0,0
2016-04-27,angel-mother,0,0,0,0,0
2016-04-27,angel-family,0,0,0,0,0
2016-04-28,criminal-alien,0,0,0,0,0
2016-04-28,illegal-alien,0,0,0,0,0
2016-04-28,angel-mother,0,0,0,0,0
2016-04-28,angel-family,0,0,0,0,0
2016-04-29,criminal-alien,0,0,0,0,0
2016-04-29,illegal-alien,0,0,0,0,0
2016-04-29,angel-mother,0,0,0,0,0
2016-04-29,angel-family,0,0,0,0,0
2016-04-30,criminal-alien,0,0,0,0,0
2016-04-30,illegal-alien,0,0,0,0,0
2016-04-30,angel-mother,0,0,0,0,0
2016-04-30,angel-family,0,0,0,0,0
2016-05-01,criminal-alien,0,0,0,0,0
2016-05-01,illegal-alien,0,0,0,0,0
2016-05-01,angel-mother,0,0,0,0,0
2016-05-01,angel-family,0,0,0,0,0
2016-05-02,criminal-alien,0,0,0,0,0
2016-05-02,illegal-alien,0,0,0,0,0
2016-05-02,angel-mother,0,0,0,0,0
2016-05-02,angel-family,0,0,0,0,0
2016-05-03,criminal-alien,0,0,0,0,0
2016-05-03,illegal-alien,0,0,0,0,0
2016-05-03,angel-mother,0,0,0,0,0
2016-05-03,angel-family,0,0,0,0,0
2016-05-04,criminal-alien,0,0,0,0,0
2016-05-04,illegal-alien,0,0,0,0,0
2016-05-04,angel-mother,0,0,0,0,0
2016-05-04,angel-family,0,0,0,0,0
2016-05-05,criminal-alien,0,0,0,0,0
2016-05-05,illegal-alien,0,0,0,0,0
2016-05-05,angel-mother,0,0,0,0,0
2016-05-05,angel-family,0,0,0,0,0
2016-05-06,criminal-alien,0,0,0,0,0
2016-05-06,illegal-alien,0,0,0,0,0
2016-05-06,angel-mother,0,0,0,0,0
2016-05-06,angel-family,0,0,0,0,0
2016-05-07,criminal-alien,0,0,0,0,0
2016-05-07,illegal-alien,0,0,0,0,0
2016-05-07,angel-mother,0,0,0,0,0
2016-05-07,angel-family,0,0,0,0,0
2016-05-08,criminal-alien,0,0,0,0,0
2016-05-08,illegal-alien,0,0,0,0,0
2016-05-08,angel-mother,0,0,0,0,0
2016-05-08,angel-family,0,0,0,0,0
2016-05-09,criminal-alien,0,1,0,0,1
2016-05-09,illegal-alien,0,0,0,0,0
2016-05-09,angel-mother,0,0,0,0,0
2016-05-09,angel-family,0,0,0,0,0
2016-05-10,criminal-alien,0,0,0,0,0
2016-05-10,illegal-alien,0,0,0,0,0
2016-05-10,angel-mother,0,0,0,0,0
2016-05-10,angel-family,0,0,0,0,0
2016-05-11,criminal-alien,0,0,0,0,0
2016-05-11,illegal-alien,0,0,0,0,0
2016-05-11,angel-mother,0,0,0,0,0
2016-05-11,angel-family,0,0,0,0,0
2016-05-12,criminal-alien,0,0,0,0,0
2016-05-12,illegal-alien,0,0,0,0,0
2016-05-12,angel-mother,0,0,0,0,0
2016-05-12,angel-family,0,0,0,0,0
2016-05-13,criminal-alien,0,0,0,0,0
2016-05-13,illegal-alien,0,0,0,0,0
2016-05-13,angel-mother,0,0,0,0,0
2016-05-13,angel-family,0,0,0,0,0
2016-05-14,criminal-alien,0,0,0,0,0
2016-05-14,illegal-alien,0,0,0,0,0
2016-05-14,angel-mother,0,0,0,0,0
2016-05-14,angel-family,0,0,0,0,0
2016-05-15,criminal-alien,0,0,0,0,0
2016-05-15,illegal-alien,0,0,0,0,0
2016-05-15,angel-mother,0,0,0,0,0
2016-05-15,angel-family,0,0,0,0,0
2016-05-16,criminal-alien,0,0,0,0,0
2016-05-16,illegal-alien,0,0,0,0,0
2016-05-16,angel-mother,0,0,0,0,0
2016-05-16,angel-family,0,0,0,0,0
2016-05-17,criminal-alien,0,0,0,0,0
2016-05-17,illegal-alien,0,0,0,0,0
2016-05-17,angel-mother,0,0,0,0,0
2016-05-17,angel-family,0,0,0,0,0
2016-05-18,criminal-alien,0,0,0,0,0
2016-05-18,illegal-alien,0,0,0,0,0
2016-05-18,angel-mother,0,0,0,0,0
2016-05-18,angel-family,0,0,0,0,0
2016-05-19,criminal-alien,0,0,0,0,0
2016-05-19,illegal-alien,0,0,0,0,0
2016-05-19,angel-mother,0,0,0,0,0
2016-05-19,angel-family,0,0,0,0,0
2016-05-20,criminal-alien,0,0,0,0,0
2016-05-20,illegal-alien,0,0,0,0,0
2016-05-20,angel-mother,0,0,0,0,0
2016-05-20,angel-family,0,0,0,0,0
2016-05-21,criminal-alien,0,0,0,0,0
2016-05-21,illegal-alien,0,0,0,0,0
2016-05-21,angel-mother,0,0,0,0,0
2016-05-21,angel-family,0,0,0,0,0
2016-05-22,criminal-alien,0,0,0,0,0
2016-05-22,illegal-alien,0,0,0,0,0
2016-05-22,angel-mother,0,0,0,0,0
2016-05-22,angel-family,0,0,0,0,0
2016-05-23,criminal-alien,0,0,0,0,0
2016-05-23,illegal-alien,0,0,0,0,0
2016-05-23,angel-mother,0,0,0,0,0
2016-05-23,angel-family,0,0,0,0,0
2016-05-24,criminal-alien,0,0,0,0,0
2016-05-24,illegal-alien,0,0,0,0,0
2016-05-24,angel-mother,0,0,0,0,0
2016-05-24,angel-family,0,0,0,0,0
2016-05-25,criminal-alien,0,0,0,0,0
2016-05-25,illegal-alien,0,0,0,0,0
2016-05-25,angel-mother,0,0,0,0,0
2016-05-25,angel-family,0,0,0,0,0
2016-05-26,criminal-alien,0,0,0,0,0
2016-05-26,illegal-alien,0,0,0,0,0
2016-05-26,angel-mother,0,0,0,0,0
2016-05-26,angel-family,0,0,0,0,0
2016-05-27,criminal-alien,0,0,0,0,0
2016-05-27,illegal-alien,0,0,0,0,0
2016-05-27,angel-mother,0,0,0,0,0
2016-05-27,angel-family,0,0,0,0,0
2016-05-28,criminal-alien,0,0,0,0,0
2016-05-28,illegal-alien,0,0,0,0,0
2016-05-28,angel-mother,0,0,0,0,0
2016-05-28,angel-family,0,0,0,0,0
2016-05-29,criminal-alien,0,0,0,0,0
2016-05-29,illegal-alien,0,0,0,0,0
2016-05-29,angel-mother,0,0,0,0,0
2016-05-29,angel-family,0,0,0,0,0
2016-05-30,criminal-alien,0,0,0,0,0
2016-05-30,illegal-alien,0,0,0,0,0
2016-05-30,angel-mother,0,0,0,0,0
2016-05-30,angel-family,0,0,0,0,0
2016-05-31,criminal-alien,0,0,0,0,0
2016-05-31,illegal-alien,0,0,0,0,0
2016-05-31,angel-mother,0,0,0,0,0
2016-05-31,angel-family,0,0,0,0,0
2016-06-01,criminal-alien,0,0,0,0,0
2016-06-01,illegal-alien,0,0,0,0,0
2016-06-01,angel-mother,0,0,0,0,0
2016-06-01,angel-family,0,0,0,0,0
2016-06-02,criminal-alien,0,0,0,0,0
2016-06-02,illegal-alien,0,0,0,0,0
2016-06-02,angel-mother,0,0,0,0,0
2016-06-02,angel-family,0,0,0,0,0
2016-06-03,criminal-alien,0,0,0,0,0
2016-06-03,illegal-alien,0,0,0,0,0
2016-06-03,angel-mother,0,0,0,0,0
2016-06-03,angel-family,0,0,0,0,0
2016-06-04,criminal-alien,0,0,0,0,0
2016-06-04,illegal-alien,0,0,0,0,0
2016-06-04,angel-mother,0,0,0,0,0
2016-06-04,angel-family,0,0,0,0,0
2016-06-05,criminal-alien,0,0,0,0,0
2016-06-05,illegal-alien,0,0,0,0,0
2016-06-05,angel-mother,0,0,0,0,0
2016-06-05,angel-family,0,0,0,0,0
2016-06-06,criminal-alien,0,0,0,0,0
2016-06-06,illegal-alien,0,0,0,0,0
2016-06-06,angel-mother,0,0,0,0,0
2016-06-06,angel-family,0,0,0,0,0
2016-06-07,criminal-alien,0,0,0,0,0
2016-06-07,illegal-alien,0,0,0,0,0
2016-06-07,angel-mother,0,0,0,0,0
2016-06-07,angel-family,0,0,0,0,0
2016-06-08,criminal-alien,0,0,0,0,0
2016-06-08,illegal-alien,0,0,0,0,0
2016-06-08,angel-mother,0,0,0,0,0
2016-06-08,angel-family,0,0,0,0,0
2016-06-09,criminal-alien,0,0,0,0,0
2016-06-09,illegal-alien,0,0,0,0,0
2016-06-09,angel-mother,0,0,0,0,0
2016-06-09,angel-family,0,0,0,0,0
2016-06-10,criminal-alien,0,0,0,0,0
2016-06-10,illegal-alien,0,0,0,0,0
2016-06-10,angel-mother,0,0,0,0,0
2016-06-10,angel-family,0,0,0,0,0
2016-06-11,criminal-alien,0,0,0,0,0
2016-06-11,illegal-alien,0,0,0,0,0
2016-06-11,angel-mother,0,0,0,0,0
2016-06-11,angel-family,0,0,0,0,0
2016-06-12,criminal-alien,0,0,0,0,0
2016-06-12,illegal-alien,0,0,0,0,0
2016-06-12,angel-mother,0,0,0,0,0
2016-06-12,angel-family,0,0,0,0,0
2016-06-13,criminal-alien,0,0,0,0,0
2016-06-13,illegal-alien,0,0,0,0,0
2016-06-13,angel-mother,0,0,0,0,0
2016-06-13,angel-family,0,0,0,0,0
2016-06-14,criminal-alien,0,0,0,0,0
2016-06-14,illegal-alien,0,0,0,0,0
2016-06-14,angel-mother,0,0,0,0,0
2016-06-14,angel-family,0,0,0,0,0
2016-06-15,criminal-alien,0,0,0,0,0
2016-06-15,illegal-alien,0,0,0,0,0
2016-06-15,angel-mother,0,0,0,0,0
2016-06-15,angel-family,0,0,0,0,0
2016-06-16,criminal-alien,0,0,0,0,0
2016-06-16,illegal-alien,0,0,0,0,0
2016-06-16,angel-mother,0,0,0,0,0
2016-06-16,angel-family,0,0,0,0,0
2016-06-17,criminal-alien,0,0,0,0,0
2016-06-17,illegal-alien,0,0,0,0,0
2016-06-17,angel-mother,0,0,0,0,0
2016-06-17,angel-family,0,0,0,0,0
2016-06-18,criminal-alien,0,0,0,0,0
2016-06-18,illegal-alien,0,0,0,0,0
2016-06-18,angel-mother,0,0,0,0,0
2016-06-18,angel-family,0,0,0,0,0
2016-06-19,criminal-alien,0,0,0,0,0
2016-06-19,illegal-alien,0,0,0,0,0
2016-06-19,angel-mother,0,0,0,0,0
2016-06-19,angel-family,0,0,0,0,0
2016-06-20,criminal-alien,0,1,0,0,1
2016-06-20,illegal-alien,0,0,0,0,0
2016-06-20,angel-mother,0,0,0,0,0
2016-06-20,angel-family,0,0,0,0,0
2016-06-21,criminal-alien,0,0,0,0,0
2016-06-21,illegal-alien,0,0,0,0,0
2016-06-21,angel-mother,0,0,0,0,0
2016-06-21,angel-family,0,0,0,0,0
2016-06-22,criminal-alien,0,0,0,0,0
2016-06-22,illegal-alien,0,0,0,0,0
2016-06-22,angel-mother,0,0,0,0,0
2016-06-22,angel-family,0,0,0,0,0
2016-06-23,criminal-alien,0,0,0,0,0
2016-06-23,illegal-alien,0,0,0,0,0
2016-06-23,angel-mother,0,0,0,0,0
2016-06-23,angel-family,0,0,0,0,0
2016-06-24,criminal-alien,0,0,0,0,0
2016-06-24,illegal-alien,0,0,0,0,0
2016-06-24,angel-mother,0,0,0,0,0
2016-06-24,angel-family,0,0,0,0,0
2016-06-25,criminal-alien,0,0,0,0,0
2016-06-25,illegal-alien,0,0,0,0,0
2016-06-25,angel-mother,0,0,0,0,0
2016-06-25,angel-family,0,0,0,0,0
2016-06-26,criminal-alien,0,0,0,0,0
2016-06-26,illegal-alien,0,0,0,0,0
2016-06-26,angel-mother,0,0,0,0,0
2016-06-26,angel-family,0,0,0,0,0
2016-06-27,criminal-alien,0,0,0,0,0
2016-06-27,illegal-alien,0,0,0,0,0
2016-06-27,angel-mother,0,0,0,0,0
2016-06-27,angel-family,0,0,0,0,0
2016-06-28,criminal-alien,0,0,0,0,0
2016-06-28,illegal-alien,0,0,0,0,0
2016-06-28,angel-mother,0,0,0,0,0
2016-06-28,angel-family,0,0,0,0,0
2016-06-29,criminal-alien,0,0,0,0,0
2016-06-29,illegal-alien,0,0,0,0,0
2016-06-29,angel-mother,0,0,0,0,0
2016-06-29,angel-family,0,0,0,0,0
2016-06-30,criminal-alien,0,0,0,0,0
2016-06-30,illegal-alien,0,0,0,0,0
2016-06-30,angel-mother,0,0,0,0,0
2016-06-30,angel-family,0,0,0,0,0
2016-07-01,criminal-alien,0,0,0,0,0
2016-07-01,illegal-alien,0,0,0,0,0
2016-07-01,angel-mother,0,0,0,0,0
2016-07-01,angel-family,0,0,0,0,0
2016-07-02,criminal-alien,0,0,0,0,0
2016-07-02,illegal-alien,0,0,0,0,0
2016-07-02,angel-mother,0,0,0,0,0
2016-07-02,angel-family,0,0,0,0,0
2016-07-03,criminal-alien,0,0,0,0,0
2016-07-03,illegal-alien,0,0,0,0,0
2016-07-03,angel-mother,0,0,0,0,0
2016-07-03,angel-family,0,0,0,0,0
2016-07-04,criminal-alien,0,0,0,0,0
2016-07-04,illegal-alien,0,0,0,0,0
2016-07-04,angel-mother,0,0,0,0,0
2016-07-04,angel-family,0,0,0,0,0
2016-07-05,criminal-alien,0,0,0,0,0
2016-07-05,illegal-alien,0,0,0,0,0
2016-07-05,angel-mother,0,0,0,0,0
2016-07-05,angel-family,0,0,0,0,0
2016-07-06,criminal-alien,0,0,0,0,0
2016-07-06,illegal-alien,0,0,0,0,0
2016-07-06,angel-mother,0,0,0,0,0
2016-07-06,angel-family,0,0,0,0,0
2016-07-07,criminal-alien,0,0,0,0,0
2016-07-07,illegal-alien,0,0,0,0,0
2016-07-07,angel-mother,0,0,0,0,0
2016-07-07,angel-family,0,0,0,0,0
2016-07-08,criminal-alien,0,0,0,0,0
2016-07-08,illegal-alien,0,0,0,0,0
2016-07-08,angel-mother,0,0,0,0,0
2016-07-08,angel-family,0,0,0,0,0
2016-07-09,criminal-alien,0,0,0,0,0
2016-07-09,illegal-alien,0,0,0,0,0
2016-07-09,angel-mother,0,0,0,0,0
2016-07-09,angel-family,0,0,0,0,0
2016-07-10,criminal-alien,0,0,0,0,0
2016-07-10,illegal-alien,0,0,0,0,0
2016-07-10,angel-mother,0,0,0,0,0
2016-07-10,angel-family,0,0,0,0,0
2016-07-11,criminal-alien,0,0,0,0,0
2016-07-11,illegal-alien,0,0,0,0,0
2016-07-11,angel-mother,0,0,0,0,0
2016-07-11,angel-family,0,0,0,0,0
2016-07-12,criminal-alien,0,0,0,0,0
2016-07-12,illegal-alien,0,0,0,0,0
2016-07-12,angel-mother,0,0,0,0,0
2016-07-12,angel-family,0,0,0,0,0
2016-07-13,criminal-alien,0,0,0,0,0
2016-07-13,illegal-alien,0,0,0,0,0
2016-07-13,angel-mother,0,0,0,0,0
2016-07-13,angel-family,0,0,0,0,0
2016-07-14,criminal-alien,0,0,0,0,0
2016-07-14,illegal-alien,0,0,0,0,0
2016-07-14,angel-mother,0,0,0,0,0
2016-07-14,angel-family,0,0,0,0,0
2016-07-15,criminal-alien,0,0,0,0,0
2016-07-15,illegal-alien,0,0,0,0,0
2016-07-15,angel-mother,0,0,0,0,0
2016-07-15,angel-family,0,0,0,0,0
2016-07-16,criminal-alien,0,0,0,0,0
2016-07-16,illegal-alien,0,0,0,0,0
2016-07-16,angel-mother,0,0,0,0,0
2016-07-16,angel-family,0,0,0,0,0
2016-07-17,criminal-alien,0,0,0,0,0
2016-07-17,illegal-alien,0,0,0,0,0
2016-07-17,angel-mother,0,0,0,0,0
2016-07-17,angel-family,0,0,0,0,0
2016-07-18,criminal-alien,0,0,0,0,0
2016-07-18,illegal-alien,0,0,0,0,0
2016-07-18,angel-mother,0,0,0,0,0
2016-07-18,angel-family,0,0,0,0,0
2016-07-19,criminal-alien,0,0,0,0,0
2016-07-19,illegal-alien,0,0,0,0,0
2016-07-19,angel-mother,0,0,0,0,0
2016-07-19,angel-family,0,0,0,0,0
2016-07-20,criminal-alien,0,0,0,0,0
2016-07-20,illegal-alien,0,0,0,0,0
2016-07-20,angel-mother,0,0,0,0,0
2016-07-20,angel-family,0,0,0,0,0
2016-07-21,criminal-alien,0,0,0,0,0
2016-07-21,illegal-alien,0,0,0,0,0
2016-07-21,angel-mother,0,0,0,0,0
2016-07-21,angel-family,0,0,0,0,0
2016-07-22,criminal-alien,0,0,0,0,0
2016-07-22,illegal-alien,0,0,0,0,0
2016-07-22,angel-mother,0,0,0,0,0
2016-07-22,angel-family,0,0,0,0,0
2016-07-23,criminal-alien,0,0,0,0,0
2016-07-23,illegal-alien,0,0,0,0,0
2016-07-23,angel-mother,0,0,0,0,0
2016-07-23,angel-family,0,0,0,0,0
2016-07-24,criminal-alien,0,0,0,0,0
2016-07-24,illegal-alien,0,0,0,0,0
2016-07-24,angel-mother,0,0,0,0,0
2016-07-24,angel-family,0,0,0,0,0
2016-07-25,criminal-alien,0,0,0,0,0
2016-07-25,illegal-alien,0,0,0,0,0
2016-07-25,angel-mother,0,0,0,0,0
2016-07-25,angel-family,0,0,0,0,0
2016-07-26,criminal-alien,0,0,0,0,0
2016-07-26,illegal-alien,0,0,0,0,0
2016-07-26,angel-mother,0,0,0,0,0
2016-07-26,angel-family,0,0,0,0,0
2016-07-27,criminal-alien,0,0,0,0,0
2016-07-27,illegal-alien,0,0,0,0,0
2016-07-27,angel-mother,0,0,0,0,0
2016-07-27,angel-family,0,0,0,0,0
2016-07-28,criminal-alien,0,0,0,0,0
2016-07-28,illegal-alien,0,0,0,0,0
2016-07-28,angel-mother,0,0,0,0,0
2016-07-28,angel-family,0,0,0,0,0
2016-07-29,criminal-alien,0,0,0,0,0
2016-07-29,illegal-alien,0,0,0,0,0
2016-07-29,angel-mother,0,0,0,0,0
2016-07-29,angel-family,0,0,0,0,0
2016-07-30,criminal-alien,0,0,0,0,0
2016-07-30,illegal-alien,0,0,0,0,0
2016-07-30,angel-mother,0,0,0,0,0
2016-07-30,angel-family,0,0,0,0,0
2016-07-31,criminal-alien,0,0,0,0,0
2016-07-31,illegal-alien,0,0,0,0,0
2016-07-31,angel-mother,0,0,0,0,0
2016-07-31,angel-family,0,0,0,0,0
2016-08-01,criminal-alien,0,0,0,0,0
2016-08-01,illegal-alien,0,0,0,0,0
2016-08-01,angel-mother,0,0,0,0,0
2016-08-01,angel-family,0,0,0,0,0
2016-08-02,criminal-alien,0,0,0,0,0
2016-08-02,illegal-alien,0,0,0,0,0
2016-08-02,angel-mother,0,0,0,0,0
2016-08-02,angel-family,0,0,0,0,0
2016-08-03,criminal-alien,0,0,0,0,0
2016-08-03,illegal-alien,0,0,0,0,0
2016-08-03,angel-mother,0,0,0,0,0
2016-08-03,angel-family,0,0,0,0,0
2016-08-04,criminal-alien,0,0,0,0,0
2016-08-04,illegal-alien,0,0,0,0,0
2016-08-04,angel-mother,0,0,0,0,0
2016-08-04,angel-family,0,0,0,0,0
2016-08-05,criminal-alien,0,0,0,0,0
2016-08-05,illegal-alien,0,0,0,0,0
2016-08-05,angel-mother,0,0,0,0,0
2016-08-05,angel-family,0,0,0,0,0
2016-08-06,criminal-alien,0,0,0,0,0
2016-08-06,illegal-alien,0,0,0,0,0
2016-08-06,angel-mother,0,0,0,0,0
2016-08-06,angel-family,0,0,0,0,0
2016-08-07,criminal-alien,0,0,0,0,0
2016-08-07,illegal-alien,0,0,0,0,0
2016-08-07,angel-mother,0,0,0,0,0
2016-08-07,angel-family,0,0,0,0,0
2016-08-08,criminal-alien,0,0,0,0,0
2016-08-08,illegal-alien,0,0,0,0,0
2016-08-08,angel-mother,0,0,0,0,0
2016-08-08,angel-family,0,0,0,0,0
2016-08-09,criminal-alien,0,0,0,0,0
2016-08-09,illegal-alien,0,0,0,0,0
2016-08-09,angel-mother,0,0,0,0,0
2016-08-09,angel-family,0,0,0,0,0
2016-08-10,criminal-alien,0,0,0,0,0
2016-08-10,illegal-alien,0,0,0,0,0
2016-08-10,angel-mother,0,0,0,0,0
2016-08-10,angel-family,0,0,0,0,0
2016-08-11,criminal-alien,0,0,0,0,0
2016-08-11,illegal-alien,0,0,0,0,0
2016-08-11,angel-mother,0,0,0,0,0
2016-08-11,angel-family,0,0,0,0,0
2016-08-12,criminal-alien,0,1,0,0,1
2016-08-12,illegal-alien,0,1,0,0,1
2016-08-12,angel-mother,0,0,0,0,0
2016-08-12,angel-family,0,0,0,0,0
2016-08-13,criminal-alien,0,0,0,0,0
2016-08-13,illegal-alien,0,0,0,0,0
2016-08-13,angel-mother,0,0,0,0,0
2016-08-13,angel-family,0,0,0,0,0
2016-08-14,criminal-alien,0,0,0,0,0
2016-08-14,illegal-alien,0,0,0,0,0
2016-08-14,angel-mother,0,0,0,0,0
2016-08-14,angel-family,0,0,0,0,0
2016-08-15,criminal-alien,0,0,0,0,0
2016-08-15,illegal-alien,0,0,0,0,0
2016-08-15,angel-mother,0,0,0,0,0
2016-08-15,angel-family,0,0,0,0,0
2016-08-16,criminal-alien,0,0,0,0,0
2016-08-16,illegal-alien,0,0,0,0,0
2016-08-16,angel-mother,0,0,0,0,0
2016-08-16,angel-family,0,0,0,0,0
2016-08-17,criminal-alien,0,0,0,0,0
2016-08-17,illegal-alien,0,0,0,0,0
2016-08-17,angel-mother,0,0,0,0,0
2016-08-17,angel-family,0,0,0,0,0
2016-08-18,criminal-alien,0,0,0,0,0
2016-08-18,illegal-alien,0,0,0,0,0
2016-08-18,angel-mother,0,0,0,0,0
2016-08-18,angel-family,0,0,0,0,0
2016-08-19,criminal-alien,0,0,0,0,0
2016-08-19,illegal-alien,0,0,0,0,0
2016-08-19,angel-mother,0,0,0,0,0
2016-08-19,angel-family,0,0,0,0,0
2016-08-20,criminal-alien,0,0,0,0,0
2016-08-20,illegal-alien,0,0,0,0,0
2016-08-20,angel-mother,0,0,0,0,0
2016-08-20,angel-family,0,0,0,0,0
2016-08-21,criminal-alien,0,0,0,0,0
2016-08-21,illegal-alien,0,0,0,0,0
2016-08-21,angel-mother,0,0,0,0,0
2016-08-21,angel-family,0,0,0,0,0
2016-08-22,criminal-alien,0,0,0,0,0
2016-08-22,illegal-alien,0,0,0,0,0
2016-08-22,angel-mother,0,0,0,0,0
2016-08-22,angel-family,0,0,0,0,0
2016-08-23,criminal-alien,0,0,0,0,0
2016-08-23,illegal-alien,0,0,0,0,0
2016-08-23,angel-mother,0,0,0,0,0
2016-08-23,angel-family,0,0,0,0,0
2016-08-24,criminal-alien,0,0,0,0,0
2016-08-24,illegal-alien,0,0,0,0,0
2016-08-24,angel-mother,0,0,0,0,0
2016-08-24,angel-family,0,0,0,0,0
2016-08-25,criminal-alien,0,0,0,0,0
2016-08-25,illegal-alien,0,0,0,0,0
2016-08-25,angel-mother,0,0,0,0,0
2016-08-25,angel-family,0,0,0,0,0
2016-08-26,criminal-alien,0,0,0,0,0
2016-08-26,illegal-alien,0,0,0,0,0
2016-08-26,angel-mother,0,0,0,0,0
2016-08-26,angel-family,0,0,0,0,0
2016-08-27,criminal-alien,0,0,0,0,0
2016-08-27,illegal-alien,0,0,0,0,0
2016-08-27,angel-mother,0,0,0,0,0
2016-08-27,angel-family,0,0,0,0,0
2016-08-28,criminal-alien,0,0,0,0,0
2016-08-28,illegal-alien,0,0,0,0,0
2016-08-28,angel-mother,0,0,0,0,0
2016-08-28,angel-family,0,0,0,0,0
2016-08-29,criminal-alien,0,0,0,0,0
2016-08-29,illegal-alien,0,0,0,0,0
2016-08-29,angel-mother,0,0,0,0,0
2016-08-29,angel-family,0,0,0,0,0
2016-08-30,criminal-alien,0,0,0,0,0
2016-08-30,illegal-alien,0,0,0,0,0
2016-08-30,angel-mother,0,0,0,0,0
2016-08-30,angel-family,0,0,0,0,0
2016-08-31,criminal-alien,0,0,0,0,0
2016-08-31,illegal-alien,0,0,0,0,0
2016-08-31,angel-mother,0,0,0,0,0
2016-08-31,angel-family,0,0,0,0,0
2016-09-01,criminal-alien,0,0,0,0,0
2016-09-01,illegal-alien,0,0,0,0,0
2016-09-01,angel-mother,0,0,0,0,0
2016-09-01,angel-family,0,0,0,0,0
2016-09-02,criminal-alien,0,0,0,0,0
2016-09-02,illegal-alien,0,0,0,0,0
2016-09-02,angel-mother,0,0,0,0,0
2016-09-02,angel-family,0,0,0,0,0
2016-09-03,criminal-alien,0,0,0,0,0
2016-09-03,illegal-alien,0,0,0,0,0
2016-09-03,angel-mother,0,0,0,0,0
2016-09-03,angel-family,0,0,0,0,0
2016-09-04,criminal-alien,0,0,0,0,0
2016-09-04,illegal-alien,0,0,0,0,0
2016-09-04,angel-mother,0,0,0,0,0
2016-09-04,angel-family,0,0,0,0,0
2016-09-05,criminal-alien,0,0,0,0,0
2016-09-05,illegal-alien,0,0,0,0,0
2016-09-05,angel-mother,0,0,0,0,0
2016-09-05,angel-family,0,0,0,0,0
2016-09-06,criminal-alien,0,0,0,0,0
2016-09-06,illegal-alien,0,0,0,0,0
2016-09-06,angel-mother,0,0,0,0,0
2016-09-06,angel-family,0,0,0,0,0
2016-09-07,criminal-alien,0,0,0,0,0
2016-09-07,illegal-alien,0,0,0,0,0
2016-09-07,angel-mother,0,0,0,0,0
2016-09-07,angel-family,0,0,0,0,0
2016-09-08,criminal-alien,0,0,0,0,0
2016-09-08,illegal-alien,0,0,0,0,0
2016-09-08,angel-mother,0,0,0,0,0
2016-09-08,angel-family,0,0,0,0,0
2016-09-09,criminal-alien,0,0,0,0,0
2016-09-09,illegal-alien,0,0,0,0,0
2016-09-09,angel-mother,0,0,0,0,0
2016-09-09,angel-family,0,0,0,0,0
2016-09-10,criminal-alien,0,0,0,0,0
2016-09-10,illegal-alien,0,0,0,0,0
2016-09-10,angel-mother,0,0,0,0,0
2016-09-10,angel-family,0,0,0,0,0
2016-09-11,criminal-alien,0,0,0,0,0
2016-09-11,illegal-alien,0,0,0,0,0
2016-09-11,angel-mother,0,0,0,0,0
2016-09-11,angel-family,0,0,0,0,0
2016-09-12,criminal-alien,0,0,0,0,0
2016-09-12,illegal-alien,0,0,0,0,0
2016-09-12,angel-mother,0,0,0,0,0
2016-09-12,angel-family,0,0,0,0,0
2016-09-13,criminal-alien,0,0,0,0,0
2016-09-13,illegal-alien,0,0,0,0,0
2016-09-13,angel-mother,0,0,0,0,0
2016-09-13,angel-family,0,0,0,0,0
2016-09-14,criminal-alien,0,0,0,0,0
2016-09-14,illegal-alien,0,0,0,0,0
2016-09-14,angel-mother,0,0,0,0,0
2016-09-14,angel-family,0,0,0,0,0
2016-09-15,criminal-alien,0,0,0,0,0
2016-09-15,illegal-alien,0,0,0,0,0
2016-09-15,angel-mother,0,0,0,0,0
2016-09-15,angel-family,0,0,0,0,0
2016-09-16,criminal-alien,0,0,0,0,0
2016-09-16,illegal-alien,0,0,0,0,0
2016-09-16,angel-mother,0,0,0,0,0
2016-09-16,angel-family,0,0,0,0,0
2016-09-17,criminal-alien,0,0,0,0,0
2016-09-17,illegal-alien,0,0,0,0,0
2016-09-17,angel-mother,0,0,0,0,0
2016-09-17,angel-family,0,0,0,0,0
2016-09-18,criminal-alien,0,0,0,0,0
2016-09-18,illegal-alien,0,0,0,0,0
2016-09-18,angel-mother,0,0,0,0,0
2016-09-18,angel-family,0,0,0,0,0
2016-09-19,criminal-alien,0,0,0,0,0
2016-09-19,illegal-alien,0,0,0,0,0
2016-09-19,angel-mother,0,0,0,0,0
2016-09-19,angel-family,0,0,0,0,0
2016-09-20,criminal-alien,0,0,0,0,0
2016-09-20,illegal-alien,0,0,0,0,0
2016-09-20,angel-mother,0,0,0,0,0
2016-09-20,angel-family,0,0,0,0,0
2016-09-21,criminal-alien,0,0,0,0,0
2016-09-21,illegal-alien,0,0,0,0,0
2016-09-21,angel-mother,0,0,0,0,0
2016-09-21,angel-family,0,0,0,0,0
2016-09-22,criminal-alien,0,0,0,0,0
2016-09-22,illegal-alien,0,0,0,0,0
2016-09-22,angel-mother,0,0,0,0,0
2016-09-22,angel-family,0,0,0,0,0
2016-09-23,criminal-alien,0,1,0,0,1
2016-09-23,illegal-alien,0,0,0,0,0
2016-09-23,angel-mother,0,0,0,0,0
2016-09-23,angel-family,0,0,0,0,0
2016-09-24,criminal-alien,0,0,0,0,0
2016-09-24,illegal-alien,0,0,0,0,0
2016-09-24,angel-mother,0,0,0,0,0
2016-09-24,angel-family,0,0,0,0,0
2016-09-25,criminal-alien,0,0,0,0,0
2016-09-25,illegal-alien,0,0,0,0,0
2016-09-25,angel-mother,0,0,0,0,0
2016-09-25,angel-family,0,0,0,0,0
2016-09-26,criminal-alien,0,0,0,0,0
2016-09-26,illegal-alien,0,0,0,0,0
2016-09-26,angel-mother,0,0,0,0,0
2016-09-26,angel-family,0,0,0,0,0
2016-09-27,criminal-alien,0,0,0,0,0
2016-09-27,illegal-alien,0,0,0,0,0
2016-09-27,angel-mother,0,0,0,0,0
2016-09-27,angel-family,0,0,0,0,0
2016-09-28,criminal-alien,0,0,0,0,0
2016-09-28,illegal-alien,0,0,0,0,0
2016-09-28,angel-mother,0,0,0,0,0
2016-09-28,angel-family,0,0,0,0,0
2016-09-29,criminal-alien,0,0,0,0,0
2016-09-29,illegal-alien,0,0,0,0,0
2016-09-29,angel-mother,0,0,0,0,0
2016-09-29,angel-family,0,0,0,0,0
2016-09-30,criminal-alien,0,0,0,0,0
2016-09-30,illegal-alien,0,0,0,0,0
2016-09-30,angel-mother,0,0,0,0,0
2016-09-30,angel-family,0,0,0,0,0
2016-10-01,criminal-alien,0,0,0,0,0
2016-10-01,illegal-alien,0,0,0,0,0
2016-10-01,angel-mother,0,0,0,0,0
2016-10-01,angel-family,0,0,0,0,0
2016-10-02,criminal-alien,0,0,0,0,0
2016-10-02,illegal-alien,0,0,0,0,0
2016-10-02,angel-mother,0,0,0,0,0
2016-10-02,angel-family,0,0,0,0,0
2016-10-03,criminal-alien,0,0,0,0,0
2016-10-03,illegal-alien,0,0,0,0,0
2016-10-03,angel-mother,0,0,0,0,0
2016-10-03,angel-family,0,0,0,0,0
2016-10-04,criminal-alien,0,0,0,0,0
2016-10-04,illegal-alien,0,0,0,0,0
2016-10-04,angel-mother,0,0,0,0,0
2016-10-04,angel-family,0,0,0,0,0
2016-10-05,criminal-alien,0,0,0,0,0
2016-10-05,illegal-alien,0,0,0,0,0
2016-10-05,angel-mother,0,0,0,0,0
2016-10-05,angel-family,0,0,0,0,0
2016-10-06,criminal-alien,0,0,0,0,0
2016-10-06,illegal-alien,0,0,0,0,0
2016-10-06,angel-mother,0,0,0,0,0
2016-10-06,angel-family,0,0,0,0,0
2016-10-07,criminal-alien,0,0,0,0,0
2016-10-07,illegal-alien,0,0,0,0,0
2016-10-07,angel-mother,0,0,0,0,0
2016-10-07,angel-family,0,0,0,0,0
2016-10-08,criminal-alien,0,0,0,0,0
2016-10-08,illegal-alien,0,0,0,0,0
2016-10-08,angel-mother,0,0,0,0,0
2016-10-08,angel-family,0,0,0,0,0
2016-10-09,criminal-alien,0,0,0,0,0
2016-10-09,illegal-alien,0,0,0,0,0
2016-10-09,angel-mother,0,0,0,0,0
2016-10-09,angel-family,0,0,0,0,0
2016-10-10,criminal-alien,0,0,0,0,0
2016-10-10,illegal-alien,0,0,0,0,0
2016-10-10,angel-mother,0,0,0,0,0
2016-10-10,angel-family,0,0,0,0,0
2016-10-11,criminal-alien,0,0,0,0,0
2016-10-11,illegal-alien,0,0,0,0,0
2016-10-11,angel-mother,0,0,0,0,0
2016-10-11,angel-family,0,0,0,0,0
2016-10-12,criminal-alien,0,0,0,0,0
2016-10-12,illegal-alien,0,0,0,0,0
2016-10-12,angel-mother,0,0,0,0,0
2016-10-12,angel-family,0,0,0,0,0
2016-10-13,criminal-alien,0,0,0,0,0
2016-10-13,illegal-alien,0,0,0,0,0
2016-10-13,angel-mother,0,0,0,0,0
2016-10-13,angel-family,0,0,0,0,0
2016-10-14,criminal-alien,0,0,0,0,0
2016-10-14,illegal-alien,0,0,0,0,0
2016-10-14,angel-mother,0,0,0,0,0
2016-10-14,angel-family,0,0,0,0,0
2016-10-15,criminal-alien,0,0,0,0,0
2016-10-15,illegal-alien,0,0,0,0,0
2016-10-15,angel-mother,0,0,0,0,0
2016-10-15,angel-family,0,0,0,0,0
2016-10-16,criminal-alien,0,0,0,0,0
2016-10-16,illegal-alien,0,0,0,0,0
2016-10-16,angel-mother,0,0,0,0,0
2016-10-16,angel-family,0,0,0,0,0
2016-10-17,criminal-alien,0,0,0,0,0
2016-10-17,illegal-alien,0,0,0,0,0
2016-10-17,angel-mother,0,0,0,0,0
2016-10-17,angel-family,0,0,0,0,0
2016-10-18,criminal-alien,0,0,0,0,0
2016-10-18,illegal-alien,0,0,0,0,0
2016-10-18,angel-mother,0,0,0,0,0
2016-10-18,angel-family,0,0,0,0,0
2016-10-19,criminal-alien,0,0,0,0,0
2016-10-19,illegal-alien,0,0,0,0,0
2016-10-19,angel-mother,0,0,0,0,0
2016-10-19,angel-family,0,0,0,0,0
2016-10-20,criminal-alien,0,0,0,0,0
2016-10-20,illegal-alien,0,0,0,0,0
2016-10-20,angel-mother,0,0,0,0,0
2016-10-20,angel-family,0,0,0,0,0
2016-10-21,criminal-alien,0,0,0,0,0
2016-10-21,illegal-alien,0,0,0,0,0
2016-10-21,angel-mother,0,0,0,0,0
2016-10-21,angel-family,0,0,0,0,0
2016-10-22,criminal-alien,0,0,0,0,0
2016-10-22,illegal-alien,0,0,0,0,0
2016-10-22,angel-mother,0,0,0,0,0
2016-10-22,angel-family,0,0,0,0,0
2016-10-23,criminal-alien,0,0,0,0,0
2016-10-23,illegal-alien,0,0,0,0,0
2016-10-23,angel-mother,0,0,0,0,0
2016-10-23,angel-family,0,0,0,0,0
2016-10-24,criminal-alien,0,0,0,0,0
2016-10-24,illegal-alien,0,0,0,0,0
2016-10-24,angel-mother,0,0,0,0,0
2016-10-24,angel-family,0,0,0,0,0
2016-10-25,criminal-alien,0,0,0,0,0
2016-10-25,illegal-alien,0,0,0,0,0
2016-10-25,angel-mother,0,0,0,0,0
2016-10-25,angel-family,0,0,0,0,0
2016-10-26,criminal-alien,0,0,0,0,0
2016-10-26,illegal-alien,0,0,0,0,0
2016-10-26,angel-mother,0,0,0,0,0
2016-10-26,angel-family,0,0,0,0,0
2016-10-27,criminal-alien,0,0,0,0,0
2016-10-27,illegal-alien,0,0,0,0,0
2016-10-27,angel-mother,0,0,0,0,0
2016-10-27,angel-family,0,0,0,0,0
2016-10-28,criminal-alien,0,1,0,0,1
2016-10-28,illegal-alien,0,1,0,0,1
2016-10-28,angel-mother,0,0,0,0,0
2016-10-28,angel-family,0,0,0,0,0
2016-10-29,criminal-alien,0,0,0,0,0
2016-10-29,illegal-alien,0,0,0,0,0
2016-10-29,angel-mother,0,0,0,0,0
2016-10-29,angel-family,0,0,0,0,0
2016-10-30,criminal-alien,0,0,0,0,0
2016-10-30,illegal-alien,0,0,0,0,0
2016-10-30,angel-mother,0,0,0,0,0
2016-10-30,angel-family,0,0,0,0,0
2016-10-31,criminal-alien,0,0,0,0,0
2016-10-31,illegal-alien,0,0,0,0,0
2016-10-31,angel-mother,0,0,0,0,0
2016-10-31,angel-family,0,0,0,0,0
2016-11-01,criminal-alien,0,0,0,0,0
2016-11-01,illegal-alien,0,0,0,0,0
2016-11-01,angel-mother,0,0,0,0,0
2016-11-01,angel-family,0,0,0,0,0
2016-11-02,criminal-alien,0,0,0,0,0
2016-11-02,illegal-alien,0,0,0,0,0
2016-11-02,angel-mother,0,0,0,0,0
2016-11-02,angel-family,0,0,0,0,0
2016-11-03,criminal-alien,0,0,0,0,0
2016-11-03,illegal-alien,0,0,0,0,0
2016-11-03,angel-mother,0,0,0,0,0
2016-11-03,angel-family,0,0,0,0,0
2016-11-04,criminal-alien,0,0,0,0,0
2016-11-04,illegal-alien,0,0,0,0,0
2016-11-04,angel-mother,0,0,0,0,0
2016-11-04,angel-family,0,0,0,0,0
2016-11-05,criminal-alien,0,0,0,0,0
2016-11-05,illegal-alien,0,0,0,0,0
2016-11-05,angel-mother,0,0,0,0,0
2016-11-05,angel-family,0,0,0,0,0
2016-11-06,criminal-alien,0,0,0,0,0
2016-11-06,illegal-alien,0,0,0,0,0
2016-11-06,angel-mother,0,0,0,0,0
2016-11-06,angel-family,0,0,0,0,0
2016-11-07,criminal-alien,0,0,0,0,0
2016-11-07,illegal-alien,0,0,0,0,0
2016-11-07,angel-mother,0,0,0,0,0
2016-11-07,angel-family,0,0,0,0,0
2016-11-08,criminal-alien,0,0,0,0,0
2016-11-08,illegal-alien,0,0,0,0,0
2016-11-08,angel-mother,0,0,0,0,0
2016-11-08,angel-family,0,0,0,0,0
2016-11-09,criminal-alien,0,0,0,0,0
2016-11-09,illegal-alien,0,0,0,0,0
2016-11-09,angel-mother,0,0,0,0,0
2016-11-09,angel-family,0,0,0,0,0
2016-11-10,criminal-alien,0,0,0,0,0
2016-11-10,illegal-alien,0,0,0,0,0
2016-11-10,angel-mother,0,0,0,0,0
2016-11-10,angel-family,0,0,0,0,0
2016-11-11,criminal-alien,0,0,0,0,0
2016-11-11,illegal-alien,0,0,0,0,0
2016-11-11,angel-mother,0,0,0,0,0
2016-11-11,angel-family,0,0,0,0,0
2016-11-12,criminal-alien,0,0,0,0,0
2016-11-12,illegal-alien,0,0,0,0,0
2016-11-12,angel-mother,0,0,0,0,0
2016-11-12,angel-family,0,0,0,0,0
2016-11-13,criminal-alien,0,0,0,0,0
2016-11-13,illegal-alien,0,0,0,0,0
2016-11-13,angel-mother,0,0,0,0,0
2016-11-13,angel-family,0,0,0,0,0
2016-11-14,criminal-alien,0,0,0,0,0
2016-11-14,illegal-alien,0,0,0,0,0
2016-11-14,angel-mother,0,0,0,0,0
2016-11-14,angel-family,0,0,0,0,0
2016-11-15,criminal-alien,0,0,0,0,0
2016-11-15,illegal-alien,0,0,0,0,0
2016-11-15,angel-mother,0,0,0,0,0
2016-11-15,angel-family,0,0,0,0,0
2016-11-16,criminal-alien,0,0,0,0,0
2016-11-16,illegal-alien,0,0,0,0,0
2016-11-16,angel-mother,0,0,0,0,0
2016-11-16,angel-family,0,0,0,0,0
2016-11-17,criminal-alien,0,0,0,0,0
2016-11-17,illegal-alien,0,0,0,0,0
2016-11-17,angel-mother,0,0,0,0,0
2016-11-17,angel-family,0,0,0,0,0
2016-11-18,criminal-alien,0,0,0,0,0
2016-11-18,illegal-alien,0,0,0,0,0
2016-11-18,angel-mother,0,0,0,0,0
2016-11-18,angel-family,0,0,0,0,0
2016-11-19,criminal-alien,0,0,0,0,0
2016-11-19,illegal-alien,0,0,0,0,0
2016-11-19,angel-mother,0,0,0,0,0
2016-11-19,angel-family,0,0,0,0,0
2016-11-20,criminal-alien,0,0,0,0,0
2016-11-20,illegal-alien,0,0,0,0,0
2016-11-20,angel-mother,0,0,0,0,0
2016-11-20,angel-family,0,0,0,0,0
2016-11-21,criminal-alien,0,0,0,0,0
2016-11-21,illegal-alien,0,0,0,0,0
2016-11-21,angel-mother,0,0,0,0,0
2016-11-21,angel-family,0,0,0,0,0
2016-11-22,criminal-alien,0,0,0,0,0
2016-11-22,illegal-alien,0,0,0,0,0
2016-11-22,angel-mother,0,0,0,0,0
2016-11-22,angel-family,0,0,0,0,0
2016-11-23,criminal-alien,0,0,0,0,0
2016-11-23,illegal-alien,0,0,0,0,0
2016-11-23,angel-mother,0,0,0,0,0
2016-11-23,angel-family,0,0,0,0,0
2016-11-24,criminal-alien,0,0,0,0,0
2016-11-24,illegal-alien,0,0,0,0,0
2016-11-24,angel-mother,0,0,0,0,0
2016-11-24,angel-family,0,0,0,0,0
2016-11-25,criminal-alien,0,0,0,0,0
2016-11-25,illegal-alien,0,0,0,0,0
2016-11-25,angel-mother,0,0,0,0,0
2016-11-25,angel-family,0,0,0,0,0
2016-11-26,criminal-alien,0,0,0,0,0
2016-11-26,illegal-alien,0,0,0,0,0
2016-11-26,angel-mother,0,0,0,0,0
2016-11-26,angel-family,0,0,0,0,0
2016-11-27,criminal-alien,0,0,0,0,0
2016-11-27,illegal-alien,0,0,0,0,0
2016-11-27,angel-mother,0,0,0,0,0
2016-11-27,angel-family,0,0,0,0,0
2016-11-28,criminal-alien,0,0,0,0,0
2016-11-28,illegal-alien,0,0,0,0,0
2016-11-28,angel-mother,0,0,0,0,0
2016-11-28,angel-family,0,0,0,0,0
2016-11-29,criminal-alien,0,0,0,0,0
2016-11-29,illegal-alien,0,0,0,0,0
2016-11-29,angel-mother,0,0,0,0,0
2016-11-29,angel-family,0,0,0,0,0
2016-11-30,criminal-alien,0,0,0,0,0
2016-11-30,illegal-alien,0,0,0,0,0
2016-11-30,angel-mother,0,0,0,0,0
2016-11-30,angel-family,0,0,0,0,0
2016-12-01,criminal-alien,0,0,0,0,0
2016-12-01,illegal-alien,0,0,0,0,0
2016-12-01,angel-mother,0,0,0,0,0
2016-12-01,angel-family,0,0,0,0,0
2016-12-02,criminal-alien,0,0,0,0,0
2016-12-02,illegal-alien,0,0,0,0,0
2016-12-02,angel-mother,0,0,0,0,0
2016-12-02,angel-family,0,0,0,0,0
2016-12-03,criminal-alien,0,0,0,0,0
2016-12-03,illegal-alien,0,0,0,0,0
2016-12-03,angel-mother,0,0,0,0,0
2016-12-03,angel-family,0,0,0,0,0
2016-12-04,criminal-alien,0,0,0,0,0
2016-12-04,illegal-alien,0,0,0,0,0
2016-12-04,angel-mother,0,0,0,0,0
2016-12-04,angel-family,0,0,0,0,0
2016-12-05,criminal-alien,0,0,0,0,0
2016-12-05,illegal-alien,0,0,0,0,0
2016-12-05,angel-mother,0,0,0,0,0
2016-12-05,angel-family,0,0,0,0,0
2016-12-06,criminal-alien,0,0,0,0,0
2016-12-06,illegal-alien,0,0,0,0,0
2016-12-06,angel-mother,0,0,0,0,0
2016-12-06,angel-family,0,0,0,0,0
2016-12-07,criminal-alien,0,0,0,0,0
2016-12-07,illegal-alien,0,0,0,0,0
2016-12-07,angel-mother,0,0,0,0,0
2016-12-07,angel-family,0,0,0,0,0
2016-12-08,criminal-alien,0,0,0,0,0
2016-12-08,illegal-alien,0,0,0,0,0
2016-12-08,angel-mother,0,0,0,0,0
2016-12-08,angel-family,0,0,0,0,0
2016-12-09,criminal-alien,0,0,0,0,0
2016-12-09,illegal-alien,0,0,0,0,0
2016-12-09,angel-mother,0,0,0,0,0
2016-12-09,angel-family,0,0,0,0,0
2016-12-10,criminal-alien,0,0,0,0,0
2016-12-10,illegal-alien,0,0,0,0,0
2016-12-10,angel-mother,0,0,0,0,0
2016-12-10,angel-family,0,0,0,0,0
2016-12-11,criminal-alien,0,0,0,0,0
2016-12-11,illegal-alien,0,0,0,0,0
2016-12-11,angel-mother,0,0,0,0,0
2016-12-11,angel-family,0,0,0,0,0
2016-12-12,criminal-alien,0,0,0,0,0
2016-12-12,illegal-alien,0,0,0,0,0
2016-12-12,angel-mother,0,0,0,0,0
2016-12-12,angel-family,0,0,0,0,0
2016-12-13,criminal-alien,0,0,0,0,0
2016-12-13,illegal-alien,0,0,0,0,0
2016-12-13,angel-mother,0,0,0,0,0
2016-12-13,angel-family,0,0,0,0,0
2016-12-14,criminal-alien,0,0,0,0,0
2016-12-14,illegal-alien,0,0,0,0,0
2016-12-14,angel-mother,0,0,0,0,0
2016-12-14,angel-family,0,0,0,0,0
2016-12-15,criminal-alien,0,0,0,0,0
2016-12-15,illegal-alien,0,0,0,0,0
2016-12-15,angel-mother,0,0,0,0,0
2016-12-15,angel-family,0,0,0,0,0
2016-12-16,criminal-alien,0,0,0,0,0
2016-12-16,illegal-alien,0,0,0,0,0
2016-12-16,angel-mother,0,0,0,0,0
2016-12-16,angel-family,0,0,0,0,0
2016-12-17,criminal-alien,0,0,0,0,0
2016-12-17,illegal-alien,0,0,0,0,0
2016-12-17,angel-mother,0,0,0,0,0
2016-12-17,angel-family,0,0,0,0,0
2016-12-18,criminal-alien,0,0,0,0,0
2016-12-18,illegal-alien,0,0,0,0,0
2016-12-18,angel-mother,0,0,0,0,0
2016-12-18,angel-family,0,0,0,0,0
2016-12-19,criminal-alien,0,0,0,0,0
2016-12-19,illegal-alien,0,0,0,0,0
2016-12-19,angel-mother,0,0,0,0,0
2016-12-19,angel-family,0,0,0,0,0
2016-12-20,criminal-alien,0,0,0,0,0
2016-12-20,illegal-alien,0,0,0,0,0
2016-12-20,angel-mother,0,0,0,0,0
2016-12-20,angel-family,0,0,0,0,0
2016-12-21,criminal-alien,0,0,0,0,0
2016-12-21,illegal-alien,0,0,0,0,0
2016-12-21,angel-mother,0,0,0,0,0
2016-12-21,angel-family,0,0,0,0,0
2016-12-22,criminal-alien,0,0,0,0,0
2016-12-22,illegal-alien,0,0,0,0,0
2016-12-22,angel-mother,0,0,0,0,0
2016-12-22,angel-family,0,0,0,0,0
2016-12-23,criminal-alien,0,0,0,0,0
2016-12-23,illegal-alien,0,0,0,0,0
2016-12-23,angel-mother,0,0,0,0,0
2016-12-23,angel-family,0,0,0,0,0
2016-12-24,criminal-alien,0,0,0,0,0
2016-12-24,illegal-alien,0,0,0,0,0
2016-12-24,angel-mother,0,0,0,0,0
2016-12-24,angel-family,0,0,0,0,0
2016-12-25,criminal-alien,0,0,0,0,0
2016-12-25,illegal-alien,0,0,0,0,0
2016-12-25,angel-mother,0,0,0,0,0
2016-12-25,angel-family,0,0,0,0,0
2016-12-26,criminal-alien,0,0,0,0,0
2016-12-26,illegal-alien,0,0,0,0,0
2016-12-26,angel-mother,0,0,0,0,0
2016-12-26,angel-family,0,0,0,0,0
2016-12-27,criminal-alien,0,0,0,0,0
2016-12-27,illegal-alien,0,0,0,0,0
2016-12-27,angel-mother,0,0,0,0,0
2016-12-27,angel-family,0,0,0,0,0
2016-12-28,criminal-alien,0,0,0,0,0
2016-12-28,illegal-alien,0,1,0,0,1
2016-12-28,angel-mother,0,0,0,0,0
2016-12-28,angel-family,0,0,0,0,0
2016-12-29,criminal-alien,0,0,0,0,0
2016-12-29,illegal-alien,0,0,0,0,0
2016-12-29,angel-mother,0,0,0,0,0
2016-12-29,angel-family,0,0,0,0,0
2016-12-30,criminal-alien,0,0,0,0,0
2016-12-30,illegal-alien,0,0,0,0,0
2016-12-30,angel-mother,0,0,0,0,0
2016-12-30,angel-family,0,0,0,0,0
2016-12-31,criminal-alien,0,0,0,0,0
2016-12-31,illegal-alien,0,0,0,0,0
2016-12-31,angel-mother,0,0,0,0,0
2016-12-31,angel-family,0,0,0,0,0
2017-01-01,criminal-alien,0,0,0,0,0
2017-01-01,illegal-alien,0,0,0,0,0
2017-01-01,angel-mother,0,0,0,0,0
2017-01-01,angel-family,0,0,0,0,0
2017-01-02,criminal-alien,0,0,0,0,0
2017-01-02,illegal-alien,0,0,0,0,0
2017-01-02,angel-mother,0,0,0,0,0
2017-01-02,angel-family,0,0,0,0,0
2017-01-03,criminal-alien,0,0,0,0,0
2017-01-03,illegal-alien,0,0,0,0,0
2017-01-03,angel-mother,0,0,0,0,0
2017-01-03,angel-family,0,0,0,0,0
2017-01-04,criminal-alien,0,0,0,0,0
2017-01-04,illegal-alien,0,0,0,0,0
2017-01-04,angel-mother,0,0,0,0,0
2017-01-04,angel-family,0,0,0,0,0
2017-01-05,criminal-alien,0,0,0,0,0
2017-01-05,illegal-alien,0,0,0,0,0
2017-01-05,angel-mother,0,0,0,0,0
2017-01-05,angel-family,0,0,0,0,0
2017-01-06,criminal-alien,0,0,0,0,0
2017-01-06,illegal-alien,0,0,0,0,0
2017-01-06,angel-mother,0,0,0,0,0
2017-01-06,angel-family,0,0,0,0,0
2017-01-07,criminal-alien,0,0,0,0,0
2017-01-07,illegal-alien,0,0,0,0,0
2017-01-07,angel-mother,0,0,0,0,0
2017-01-07,angel-family,0,0,0,0,0
2017-01-08,criminal-alien,0,0,0,0,0
2017-01-08,illegal-alien,0,0,0,0,0
2017-01-08,angel-mother,0,0,0,0,0
2017-01-08,angel-family,0,0,0,0,0
2017-01-09,criminal-alien,0,0,0,0,0
2017-01-09,illegal-alien,0,0,0,0,0
2017-01-09,angel-mother,0,0,0,0,0
2017-01-09,angel-family,0,0,0,0,0
2017-01-10,criminal-alien,0,0,0,0,0
2017-01-10,illegal-alien,0,0,0,0,0
2017-01-10,angel-mother,0,0,0,0,0
2017-01-10,angel-family,0,0,0,0,0
2017-01-11,criminal-alien,0,0,0,0,0
2017-01-11,illegal-alien,0,0,0,0,0
2017-01-11,angel-mother,0,0,0,0,0
2017-01-11,angel-family,0,0,0,0,0
2017-01-12,criminal-alien,0,0,0,0,0
2017-01-12,illegal-alien,0,0,0,0,0
2017-01-12,angel-mother,0,0,0,0,0
2017-01-12,angel-family,0,0,0,0,0
2017-01-13,criminal-alien,0,0,0,0,0
2017-01-13,illegal-alien,0,0,0,0,0
2017-01-13,angel-mother,0,0,0,0,0
2017-01-13,angel-family,0,0,0,0,0
2017-01-14,criminal-alien,0,0,0,0,0
2017-01-14,illegal-alien,0,0,0,0,0
2017-01-14,angel-mother,0,0,0,0,0
2017-01-14,angel-family,0,0,0,0,0
2017-01-15,criminal-alien,0,0,0,0,0
2017-01-15,illegal-alien,0,0,0,0,0
2017-01-15,angel-mother,0,0,0,0,0
2017-01-15,angel-family,0,0,0,0,0
2017-01-16,criminal-alien,0,0,0,0,0
2017-01-16,illegal-alien,0,0,0,0,0
2017-01-16,angel-mother,0,0,0,0,0
2017-01-16,angel-family,0,0,0,0,0
2017-01-17,criminal-alien,0,0,0,0,0
2017-01-17,illegal-alien,0,0,0,0,0
2017-01-17,angel-mother,0,0,0,0,0
2017-01-17,angel-family,0,0,0,0,0
2017-01-18,criminal-alien,0,1,0,0,1
2017-01-18,illegal-alien,0,0,0,0,0
2017-01-18,angel-mother,0,0,0,0,0
2017-01-18,angel-family,0,0,0,0,0
2017-01-19,criminal-alien,0,0,0,0,0
2017-01-19,illegal-alien,0,0,0,0,0
2017-01-19,angel-mother,0,0,0,0,0
2017-01-19,angel-family,0,0,0,0,0
2017-01-20,criminal-alien,0,0,0,0,0
2017-01-20,illegal-alien,0,0,0,0,0
2017-01-20,angel-mother,0,0,0,0,0
2017-01-20,angel-family,0,0,0,0,0
2017-01-21,criminal-alien,0,0,0,0,0
2017-01-21,illegal-alien,0,0,0,0,0
2017-01-21,angel-mother,0,0,0,0,0
2017-01-21,angel-family,0,0,0,0,0
2017-01-22,criminal-alien,0,0,0,0,0
2017-01-22,illegal-alien,0,0,0,0,0
2017-01-22,angel-mother,0,0,0,0,0
2017-01-22,angel-family,0,0,0,0,0
2017-01-23,criminal-alien,0,0,0,0,0
2017-01-23,illegal-alien,0,0,0,0,0
2017-01-23,angel-mother,0,0,0,0,0
2017-01-23,angel-family,0,0,0,0,0
2017-01-24,criminal-alien,0,0,0,0,0
2017-01-24,illegal-alien,0,0,0,0,0
2017-01-24,angel-mother,0,0,0,0,0
2017-01-24,angel-family,0,0,0,0,0
2017-01-25,criminal-alien,0,0,0,0,0
2017-01-25,illegal-alien,0,0,0,0,0
2017-01-25,angel-mother,0,0,0,0,0
2017-01-25,angel-family,0,0,0,0,0
2017-01-26,criminal-alien,0,0,0,0,0
2017-01-26,illegal-alien,0,0,0,0,0
2017-01-26,angel-mother,0,0,0,0,0
2017-01-26,angel-family,0,0,0,0,0
2017-01-27,criminal-alien,0,0,0,0,0
2017-01-27,illegal-alien,0,0,0,0,0
2017-01-27,angel-mother,0,0,0,0,0
2017-01-27,angel-family,0,0,0,0,0
2017-01-28,criminal-alien,0,0,0,0,0
2017-01-28,illegal-alien,0,0,0,0,0
2017-01-28,angel-mother,0,0,0,0,0
2017-01-28,angel-family,0,0,0,0,0
2017-01-29,criminal-alien,0,0,0,0,0
2017-01-29,illegal-alien,0,0,0,0,0
2017-01-29,angel-mother,0,0,0,0,0
2017-01-29,angel-family,0,0,0,0,0
2017-01-30,criminal-alien,0,0,0,0,0
2017-01-30,illegal-alien,0,0,0,0,0
2017-01-30,angel-mother,0,0,0,0,0
2017-01-30,angel-family,0,0,0,0,0
2017-01-31,criminal-alien,0,0,0,0,0
2017-01-31,illegal-alien,0,0,0,0,0
2017-01-31,angel-mother,0,0,0,0,0
2017-01-31,angel-family,0,0,0,0,0
2017-02-01,criminal-alien,0,0,0,0,0
2017-02-01,illegal-alien,0,0,0,0,0
2017-02-01,angel-mother,0,0,0,0,0
2017-02-01,angel-family,0,0,0,0,0
2017-02-02,criminal-alien,0,0,0,0,0
2017-02-02,illegal-alien,0,0,0,0,0
2017-02-02,angel-mother,0,0,0,0,0
2017-02-02,angel-family,0,0,0,0,0
2017-02-03,criminal-alien,0,0,0,0,0
2017-02-03,illegal-alien,0,0,0,0,0
2017-02-03,angel-mother,0,0,0,0,0
2017-02-03,angel-family,0,0,0,0,0
2017-02-04,criminal-alien,0,0,0,0,0
2017-02-04,illegal-alien,0,0,0,0,0
2017-02-04,angel-mother,0,0,0,0,0
2017-02-04,angel-family,0,0,0,0,0
2017-02-05,criminal-alien,0,0,0,0,0
2017-02-05,illegal-alien,0,0,0,0,0
2017-02-05,angel-mother,0,0,0,0,0
2017-02-05,angel-family,0,0,0,0,0
2017-02-06,criminal-alien,0,0,0,0,0
2017-02-06,illegal-alien,0,0,0,0,0
2017-02-06,angel-mother,0,0,0,0,0
2017-02-06,angel-family,0,0,0,0,0
2017-02-07,criminal-alien,0,0,0,0,0
2017-02-07,illegal-alien,0,0,0,0,0
2017-02-07,angel-mother,0,0,0,0,0
2017-02-07,angel-family,0,0,0,0,0
2017-02-08,criminal-alien,0,0,0,0,0
2017-02-08,illegal-alien,0,0,0,0,0
2017-02-08,angel-mother,0,0,0,0,0
2017-02-08,angel-family,0,0,0,0,0
2017-02-09,criminal-alien,0,0,0,0,0
2017-02-09,illegal-alien,0,1,0,0,1
2017-02-09,angel-mother,0,0,0,0,0
2017-02-09,angel-family,0,0,0,0,0
2017-02-10,criminal-alien,0,0,0,0,0
2017-02-10,illegal-alien,0,0,0,0,0
2017-02-10,angel-mother,0,0,0,0,0
2017-02-10,angel-family,0,0,0,0,0
2017-02-11,criminal-alien,0,0,0,0,0
2017-02-11,illegal-alien,0,0,0,0,0
2017-02-11,angel-mother,0,0,0,0,0
2017-02-11,angel-family,0,0,0,0,0
2017-02-12,criminal-alien,0,0,0,0,0
2017-02-12,illegal-alien,0,0,0,0,0
2017-02-12,angel-mother,0,0,0,0,0
2017-02-12,angel-family,0,0,0,0,0
2017-02-13,criminal-alien,0,6,0,0,6
2017-02-13,illegal-alien,0,0,0,0,0
2017-02-13,angel-mother,0,0,0,0,0
2017-02-13,angel-family,0,0,0,0,0
2017-02-14,criminal-alien,0,0,0,0,0
2017-02-14,illegal-alien,0,0,0,0,0
2017-02-14,angel-mother,0,0,0,0,0
2017-02-14,angel-family,0,0,0,0,0
2017-02-15,criminal-alien,0,0,0,0,0
2017-02-15,illegal-alien,0,0,0,0,0
2017-02-15,angel-mother,0,0,0,0,0
2017-02-15,angel-family,0,0,0,0,0
2017-02-16,criminal-alien,0,1,0,0,1
2017-02-16,illegal-alien,0,0,0,0,0
2017-02-16,angel-mother,0,0,0,0,0
2017-02-16,angel-family,0,0,0,0,0
2017-02-17,criminal-alien,0,0,0,0,0
2017-02-17,illegal-alien,0,0,0,0,0
2017-02-17,angel-mother,0,0,0,0,0
2017-02-17,angel-family,0,0,0,0,0
2017-02-18,criminal-alien,0,0,0,0,0
2017-02-18,illegal-alien,0,0,0,0,0
2017-02-18,angel-mother,0,0,0,0,0
2017-02-18,angel-family,0,0,0,0,0
2017-02-19,criminal-alien,0,0,0,0,0
2017-02-19,illegal-alien,0,0,0,0,0
2017-02-19,angel-mother,0,0,0,0,0
2017-02-19,angel-family,0,0,0,0,0
2017-02-20,criminal-alien,0,0,0,0,0
2017-02-20,illegal-alien,0,0,0,0,0
2017-02-20,angel-mother,0,0,0,0,0
2017-02-20,angel-family,0,0,0,0,0
2017-02-21,criminal-alien,0,0,0,0,0
2017-02-21,illegal-alien,0,0,1,0,1
2017-02-21,angel-mother,0,0,0,0,0
2017-02-21,angel-family,0,0,0,0,0
2017-02-22,criminal-alien,0,2,0,0,2
2017-02-22,illegal-alien,0,0,1,0,1
2017-02-22,angel-mother,0,0,0,0,0
2017-02-22,angel-family,0,0,0,0,0
2017-02-23,criminal-alien,0,0,0,0,0
2017-02-23,illegal-alien,0,0,0,0,0
2017-02-23,angel-mother,0,0,0,0,0
2017-02-23,angel-family,0,0,0,0,0
2017-02-24,criminal-alien,0,0,0,0,0
2017-02-24,illegal-alien,0,0,0,0,0
2017-02-24,angel-mother,0,0,0,0,0
2017-02-24,angel-family,0,0,0,0,0
2017-02-25,criminal-alien,0,0,0,0,0
2017-02-25,illegal-alien,0,0,0,0,0
2017-02-25,angel-mother,0,0,0,0,0
2017-02-25,angel-family,0,0,0,0,0
2017-02-26,criminal-alien,0,0,0,0,0
2017-02-26,illegal-alien,0,0,0,0,0
2017-02-26,angel-mother,0,0,0,0,0
2017-02-26,angel-family,0,0,0,0,0
2017-02-27,criminal-alien,0,1,0,0,1
2017-02-27,illegal-alien,0,0,0,0,0
2017-02-27,angel-mother,0,0,0,0,0
2017-02-27,angel-family,0,0,0,0,0
2017-02-28,criminal-alien,0,0,0,0,0
2017-02-28,illegal-alien,0,0,0,0,0
2017-02-28,angel-mother,0,0,0,0,0
2017-02-28,angel-family,0,0,0,0,0
2017-03-01,criminal-alien,0,0,0,0,0
2017-03-01,illegal-alien,0,0,0,0,0
2017-03-01,angel-mother,0,0,0,0,0
2017-03-01,angel-family,0,0,0,0,0
2017-03-02,criminal-alien,0,0,0,0,0
2017-03-02,illegal-alien,0,0,0,0,0
2017-03-02,angel-mother,0,0,0,0,0
2017-03-02,angel-family,0,0,0,0,0
2017-03-03,criminal-alien,0,0,0,0,0
2017-03-03,illegal-alien,0,0,0,0,0
2017-03-03,angel-mother,0,0,0,0,0
2017-03-03,angel-family,0,0,0,0,0
2017-03-04,criminal-alien,0,0,0,0,0
2017-03-04,illegal-alien,0,0,0,0,0
2017-03-04,angel-mother,0,0,0,0,0
2017-03-04,angel-family,0,0,0,0,0
2017-03-05,criminal-alien,0,0,0,0,0
2017-03-05,illegal-alien,0,0,0,0,0
2017-03-05,angel-mother,0,0,0,0,0
2017-03-05,angel-family,0,0,0,0,0
2017-03-06,criminal-alien,0,0,0,0,0
2017-03-06,illegal-alien,0,0,0,0,0
2017-03-06,angel-mother,0,0,0,0,0
2017-03-06,angel-family,0,0,0,0,0
2017-03-07,criminal-alien,0,0,0,0,0
2017-03-07,illegal-alien,0,0,0,0,0
2017-03-07,angel-mother,0,0,0,0,0
2017-03-07,angel-family,0,0,0,0,0
2017-03-08,criminal-alien,0,0,0,0,0
2017-03-08,illegal-alien,0,0,0,0,0
2017-03-08,angel-mother,0,0,0,0,0
2017-03-08,angel-family,0,0,0,0,0
2017-03-09,criminal-alien,0,0,0,0,0
2017-03-09,illegal-alien,0,0,0,0,0
2017-03-09,angel-mother,0,0,0,0,0
2017-03-09,angel-family,0,0,0,0,0
2017-03-10,criminal-alien,0,0,0,0,0
2017-03-10,illegal-alien,0,0,0,0,0
2017-03-10,angel-mother,0,0,0,0,0
2017-03-10,angel-family,0,0,0,0,0
2017-03-11,criminal-alien,0,0,0,0,0
2017-03-11,illegal-alien,0,0,0,0,0
2017-03-11,angel-mother,0,0,0,0,0
2017-03-11,angel-family,0,0,0,0,0
2017-03-12,criminal-alien,0,0,0,0,0
2017-03-12,illegal-alien,0,0,0,0,0
2017-03-12,angel-mother,0,0,0,0,0
2017-03-12,angel-family,0,0,0,0,0
2017-03-13,criminal-alien,0,0,0,0,0
2017-03-13,illegal-alien,0,0,0,0,0
2017-03-13,angel-mother,0,0,0,0,0
2017-03-13,angel-family,0,0,0,0,0
2017-03-14,criminal-alien,0,1,0,0,1
2017-03-14,illegal-alien,0,0,0,0,0
2017-03-14,angel-mother,0,0,0,0,0
2017-03-14,angel-family,0,0,0,0,0
2017-03-15,criminal-alien,0,1,0,0,1
2017-03-15,illegal-alien,0,0,0,0,0
2017-03-15,angel-mother,0,0,0,0,0
2017-03-15,angel-family,0,0,0,0,0
2017-03-16,criminal-alien,0,0,0,0,0
2017-03-16,illegal-alien,0,0,0,0,0
2017-03-16,angel-mother,0,0,0,0,0
2017-03-16,angel-family,0,0,0,0,0
2017-03-17,criminal-alien,0,0,0,0,0
2017-03-17,illegal-alien,0,0,0,0,0
2017-03-17,angel-mother,0,0,0,0,0
2017-03-17,angel-family,0,0,0,0,0
2017-03-18,criminal-alien,0,0,0,0,0
2017-03-18,illegal-alien,0,0,0,0,0
2017-03-18,angel-mother,0,0,0,0,0
2017-03-18,angel-family,0,0,0,0,0
2017-03-19,criminal-alien,0,0,0,0,0
2017-03-19,illegal-alien,0,0,0,0,0
2017-03-19,angel-mother,0,0,0,0,0
2017-03-19,angel-family,0,0,0,0,0
2017-03-20,criminal-alien,0,0,0,0,0
2017-03-20,illegal-alien,0,0,0,0,0
2017-03-20,angel-mother,0,0,0,0,0
2017-03-20,angel-family,0,0,0,0,0
2017-03-21,criminal-alien,0,0,0,0,0
2017-03-21,illegal-alien,0,0,0,0,0
2017-03-21,angel-mother,0,0,0,0,0
2017-03-21,angel-family,0,0,0,0,0
2017-03-22,criminal-alien,0,0,0,0,0
2017-03-22,illegal-alien,0,0,0,0,0
2017-03-22,angel-mother,0,0,0,0,0
2017-03-22,angel-family,0,0,0,0,0
2017-03-23,criminal-alien,0,0,0,0,0
2017-03-23,illegal-alien,0,0,0,0,0
2017-03-23,angel-mother,0,0,0,0,0
2017-03-23,angel-family,0,0,0,0,0
2017-03-24,criminal-alien,0,0,0,0,0
2017-03-24,illegal-alien,0,0,0,0,0
2017-03-24,angel-mother,0,0,0,0,0
2017-03-24,angel-family,0,0,0,0,0
2017-03-25,criminal-alien,0,0,0,0,0
2017-03-25,illegal-alien,0,0,0,0,0
2017-03-25,angel-mother,0,0,0,0,0
2017-03-25,angel-family,0,0,0,0,0
2017-03-26,criminal-alien,0,0,0,0,0
2017-03-26,illegal-alien,0,0,0,0,0
2017-03-26,angel-mother,0,0,0,0,0
2017-03-26,angel-family,0,0,0,0,0
2017-03-27,criminal-alien,0,0,1,0,1
2017-03-27,illegal-alien,0,0,0,0,0
2017-03-27,angel-mother,0,0,0,0,0
2017-03-27,angel-family,0,0,0,0,0
2017-03-28,criminal-alien,0,0,0,0,0
2017-03-28,illegal-alien,0,0,0,0,0
2017-03-28,angel-mother,0,0,0,0,0
2017-03-28,angel-family,0,0,0,0,0
2017-03-29,criminal-alien,0,0,0,0,0
2017-03-29,illegal-alien,0,0,0,0,0
2017-03-29,angel-mother,0,0,0,0,0
2017-03-29,angel-family,0,0,0,0,0
2017-03-30,criminal-alien,0,0,0,0,0
2017-03-30,illegal-alien,0,0,0,0,0
2017-03-30,angel-mother,0,0,0,0,0
2017-03-30,angel-family,0,0,0,0,0
2017-03-31,criminal-alien,0,0,0,0,0
2017-03-31,illegal-alien,0,0,0,0,0
2017-03-31,angel-mother,0,0,0,0,0
2017-03-31,angel-family,0,0,0,0,0
2017-04-01,criminal-alien,0,0,0,0,0
2017-04-01,illegal-alien,0,0,0,0,0
2017-04-01,angel-mother,0,0,0,0,0
2017-04-01,angel-family,0,0,0,0,0
2017-04-02,criminal-alien,0,0,0,0,0
2017-04-02,illegal-alien,0,0,0,0,0
2017-04-02,angel-mother,0,0,0,0,0
2017-04-02,angel-family,0,0,0,0,0
2017-04-03,criminal-alien,0,1,0,0,1
2017-04-03,illegal-alien,0,0,0,0,0
2017-04-03,angel-mother,0,0,0,0,0
2017-04-03,angel-family,0,0,0,0,0
2017-04-04,criminal-alien,0,0,0,0,0
2017-04-04,illegal-alien,0,0,0,0,0
2017-04-04,angel-mother,0,0,0,0,0
2017-04-04,angel-family,0,0,0,0,0
2017-04-05,criminal-alien,0,2,0,0,2
2017-04-05,illegal-alien,0,0,0,0,0
2017-04-05,angel-mother,0,0,0,0,0
2017-04-05,angel-family,0,0,0,0,0
2017-04-06,criminal-alien,0,0,0,0,0
2017-04-06,illegal-alien,0,1,0,0,1
2017-04-06,angel-mother,0,0,0,0,0
2017-04-06,angel-family,0,0,0,0,0
2017-04-07,criminal-alien,0,1,0,0,1
2017-04-07,illegal-alien,0,0,0,0,0
2017-04-07,angel-mother,0,0,0,0,0
2017-04-07,angel-family,0,0,0,0,0
2017-04-08,criminal-alien,0,0,0,0,0
2017-04-08,illegal-alien,0,0,0,0,0
2017-04-08,angel-mother,0,0,0,0,0
2017-04-08,angel-family,0,0,0,0,0
2017-04-09,criminal-alien,0,0,0,0,0
2017-04-09,illegal-alien,0,0,0,0,0
2017-04-09,angel-mother,0,0,0,0,0
2017-04-09,angel-family,0,0,0,0,0
2017-04-10,criminal-alien,0,0,0,0,0
2017-04-10,illegal-alien,0,0,0,0,0
2017-04-10,angel-mother,0,0,0,0,0
2017-04-10,angel-family,0,0,0,0,0
2017-04-11,criminal-alien,0,0,0,0,0
2017-04-11,illegal-alien,0,0,0,0,0
2017-04-11,angel-mother,0,0,0,0,0
2017-04-11,angel-family,0,0,0,0,0
2017-04-12,criminal-alien,0,0,0,0,0
2017-04-12,illegal-alien,0,0,0,0,0
2017-04-12,angel-mother,0,0,0,0,0
2017-04-12,angel-family,0,0,0,0,0
2017-04-13,criminal-alien,0,0,0,0,0
2017-04-13,illegal-alien,0,0,0,0,0
2017-04-13,angel-mother,0,0,0,0,0
2017-04-13,angel-family,0,0,0,0,0
2017-04-14,criminal-alien,0,0,0,0,0
2017-04-14,illegal-alien,0,0,0,0,0
2017-04-14,angel-mother,0,0,0,0,0
2017-04-14,angel-family,0,0,0,0,0
2017-04-15,criminal-alien,0,0,0,0,0
2017-04-15,illegal-alien,0,0,0,0,0
2017-04-15,angel-mother,0,0,0,0,0
2017-04-15,angel-family,0,0,0,0,0
2017-04-16,criminal-alien,0,0,0,0,0
2017-04-16,illegal-alien,0,0,0,0,0
2017-04-16,angel-mother,0,0,0,0,0
2017-04-16,angel-family,0,0,0,0,0
2017-04-17,criminal-alien,0,0,0,0,0
2017-04-17,illegal-alien,0,0,0,0,0
2017-04-17,angel-mother,0,0,0,0,0
2017-04-17,angel-family,0,0,0,0,0
2017-04-18,criminal-alien,1,0,0,0,1
2017-04-18,illegal-alien,0,0,0,0,0
2017-04-18,angel-mother,0,0,0,0,0
2017-04-18,angel-family,0,0,0,0,0
2017-04-19,criminal-alien,0,0,0,0,0
2017-04-19,illegal-alien,0,0,0,0,0
2017-04-19,angel-mother,0,0,0,0,0
2017-04-19,angel-family,0,0,0,0,0
2017-04-20,criminal-alien,0,0,0,0,0
2017-04-20,illegal-alien,0,0,0,0,0
2017-04-20,angel-mother,0,0,0,0,0
2017-04-20,angel-family,0,0,0,0,0
2017-04-21,criminal-alien,0,0,0,0,0
2017-04-21,illegal-alien,0,0,0,0,0
2017-04-21,angel-mother,0,0,0,0,0
2017-04-21,angel-family,0,0,0,0,0
2017-04-22,criminal-alien,0,0,0,0,0
2017-04-22,illegal-alien,0,0,0,0,0
2017-04-22,angel-mother,0,0,0,0,0
2017-04-22,angel-family,0,0,0,0,0
2017-04-23,criminal-alien,0,0,0,0,0
2017-04-23,illegal-alien,0,0,0,0,0
2017-04-23,angel-mother,0,0,0,0,0
2017-04-23,angel-family,0,0,0,0,0
2017-04-24,criminal-alien,0,0,0,0,0
2017-04-24,illegal-alien,0,0,0,0,0
2017-04-24,angel-mother,0,0,0,0,0
2017-04-24,angel-family,0,0,0,0,0
2017-04-25,criminal-alien,0,1,0,0,1
2017-04-25,illegal-alien,0,0,0,0,0
2017-04-25,angel-mother,0,0,0,0,0
2017-04-25,angel-family,0,0,0,0,0
2017-04-26,criminal-alien,0,4,0,0,4
2017-04-26,illegal-alien,0,1,0,0,1
2017-04-26,angel-mother,0,0,0,0,0
2017-04-26,angel-family,0,0,0,0,0
2017-04-27,criminal-alien,0,0,0,0,0
2017-04-27,illegal-alien,0,0,0,0,0
2017-04-27,angel-mother,0,0,0,0,0
2017-04-27,angel-family,0,0,0,0,0
2017-04-28,criminal-alien,0,0,0,0,0
2017-04-28,illegal-alien,0,0,0,0,0
2017-04-28,angel-mother,0,0,0,0,0
2017-04-28,angel-family,0,0,0,0,0
2017-04-29,criminal-alien,0,0,0,0,0
2017-04-29,illegal-alien,0,0,0,0,0
2017-04-29,angel-mother,0,0,0,0,0
2017-04-29,angel-family,0,0,0,0,0
2017-04-30,criminal-alien,0,0,0,0,0
2017-04-30,illegal-alien,0,0,0,0,0
2017-04-30,angel-mother,0,0,0,0,0
2017-04-30,angel-family,0,0,0,0,0
2017-05-01,criminal-alien,0,0,0,0,0
2017-05-01,illegal-alien,0,0,0,0,0
2017-05-01,angel-mother,0,0,0,0,0
2017-05-01,angel-family,0,0,0,0,0
2017-05-02,criminal-alien,0,0,0,0,0
2017-05-02,illegal-alien,0,1,0,0,1
2017-05-02,angel-mother,0,0,0,0,0
2017-05-02,angel-family,0,0,0,0,0
2017-05-03,criminal-alien,0,0,0,0,0
2017-05-03,illegal-alien,0,0,0,0,0
2017-05-03,angel-mother,0,0,0,0,0
2017-05-03,angel-family,0,0,0,0,0
2017-05-04,criminal-alien,0,0,0,0,0
2017-05-04,illegal-alien,0,0,0,0,0
2017-05-04,angel-mother,0,0,0,0,0
2017-05-04,angel-family,0,0,0,0,0
2017-05-05,criminal-alien,0,0,0,0,0
2017-05-05,illegal-alien,0,0,0,0,0
2017-05-05,angel-mother,0,0,0,0,0
2017-05-05,angel-family,0,0,0,0,0
2017-05-06,criminal-alien,0,0,0,0,0
2017-05-06,illegal-alien,0,0,0,0,0
2017-05-06,angel-mother,0,0,0,0,0
2017-05-06,angel-family,0,0,0,0,0
2017-05-07,criminal-alien,0,0,0,0,0
2017-05-07,illegal-alien,0,0,0,0,0
2017-05-07,angel-mother,0,0,0,0,0
2017-05-07,angel-family,0,0,0,0,0
2017-05-08,criminal-alien,0,0,0,0,0
2017-05-08,illegal-alien,0,0,0,0,0
2017-05-08,angel-mother,0,0,0,0,0
2017-05-08,angel-family,0,0,0,0,0
2017-05-09,criminal-alien,0,0,0,0,0
2017-05-09,illegal-alien,0,0,0,0,0
2017-05-09,angel-mother,0,0,0,0,0
2017-05-09,angel-family,0,0,0,0,0
2017-05-10,criminal-alien,0,0,0,0,0
2017-05-10,illegal-alien,0,1,0,0,1
2017-05-10,angel-mother,0,0,0,0,0
2017-05-10,angel-family,0,0,0,0,0
2017-05-11,criminal-alien,0,0,0,0,0
2017-05-11,illegal-alien,0,0,0,0,0
2017-05-11,angel-mother,0,0,0,0,0
2017-05-11,angel-family,0,0,0,0,0
2017-05-12,criminal-alien,0,0,0,0,0
2017-05-12,illegal-alien,0,0,0,0,0
2017-05-12,angel-mother,0,0,0,0,0
2017-05-12,angel-family,0,0,0,0,0
2017-05-13,criminal-alien,0,0,0,0,0
2017-05-13,illegal-alien,0,0,0,0,0
2017-05-13,angel-mother,0,0,0,0,0
2017-05-13,angel-family,0,0,0,0,0
2017-05-14,criminal-alien,0,0,0,0,0
2017-05-14,illegal-alien,0,0,0,0,0
2017-05-14,angel-mother,0,0,0,0,0
2017-05-14,angel-family,0,0,0,0,0
2017-05-15,criminal-alien,0,0,0,0,0
2017-05-15,illegal-alien,0,0,0,0,0
2017-05-15,angel-mother,0,0,0,0,0
2017-05-15,angel-family,0,0,0,0,0
2017-05-16,criminal-alien,0,0,0,0,0
2017-05-16,illegal-alien,0,0,0,0,0
2017-05-16,angel-mother,0,0,0,0,0
2017-05-16,angel-family,0,0,0,0,0
2017-05-17,criminal-alien,0,0,0,0,0
2017-05-17,illegal-alien,0,0,0,0,0
2017-05-17,angel-mother,0,0,0,0,0
2017-05-17,angel-family,0,0,0,0,0
2017-05-18,criminal-alien,0,0,0,0,0
2017-05-18,illegal-alien,0,0,0,0,0
2017-05-18,angel-mother,0,0,0,0,0
2017-05-18,angel-family,0,0,0,0,0
2017-05-19,criminal-alien,0,0,0,0,0
2017-05-19,illegal-alien,0,0,0,0,0
2017-05-19,angel-mother,0,0,0,0,0
2017-05-19,angel-family,0,0,0,0,0
2017-05-20,criminal-alien,0,0,0,0,0
2017-05-20,illegal-alien,0,0,0,0,0
2017-05-20,angel-mother,0,0,0,0,0
2017-05-20,angel-family,0,0,0,0,0
2017-05-21,criminal-alien,0,0,0,0,0
2017-05-21,illegal-alien,0,0,0,0,0
2017-05-21,angel-mother,0,0,0,0,0
2017-05-21,angel-family,0,0,0,0,0
2017-05-22,criminal-alien,0,0,0,0,0
2017-05-22,illegal-alien,0,0,0,0,0
2017-05-22,angel-mother,0,0,0,0,0
2017-05-22,angel-family,0,0,0,0,0
2017-05-23,criminal-alien,0,0,0,0,0
2017-05-23,illegal-alien,0,0,0,0,0
2017-05-23,angel-mother,0,0,0,0,0
2017-05-23,angel-family,0,0,0,0,0
2017-05-24,criminal-alien,0,0,0,0,0
2017-05-24,illegal-alien,0,0,0,0,0
2017-05-24,angel-mother,0,0,0,0,0
2017-05-24,angel-family,0,0,0,0,0
2017-05-25,criminal-alien,0,2,0,0,2
2017-05-25,illegal-alien,0,0,0,0,0
2017-05-25,angel-mother,0,0,0,0,0
2017-05-25,angel-family,0,0,0,0,0
2017-05-26,criminal-alien,0,1,0,0,1
2017-05-26,illegal-alien,0,0,0,0,0
2017-05-26,angel-mother,0,0,0,0,0
2017-05-26,angel-family,0,0,0,0,0
2017-05-27,criminal-alien,0,0,0,0,0
2017-05-27,illegal-alien,0,0,0,0,0
2017-05-27,angel-mother,0,0,0,0,0
2017-05-27,angel-family,0,0,0,0,0
2017-05-28,criminal-alien,0,0,0,0,0
2017-05-28,illegal-alien,0,0,0,0,0
2017-05-28,angel-mother,0,0,0,0,0
2017-05-28,angel-family,0,0,0,0,0
2017-05-29,criminal-alien,0,0,0,0,0
2017-05-29,illegal-alien,0,0,0,0,0
2017-05-29,angel-mother,0,0,0,0,0
2017-05-29,angel-family,0,0,0,0,0
2017-05-30,criminal-alien,0,0,0,0,0
2017-05-30,illegal-alien,0,0,0,0,0
2017-05-30,angel-mother,0,0,0,0,0
2017-05-30,angel-family,0,0,0,0,0
2017-05-31,criminal-alien,0,1,0,0,1
2017-05-31,illegal-alien,0,0,0,0,0
2017-05-31,angel-mother,0,0,0,0,0
2017-05-31,angel-family,0,0,0,0,0
2017-06-01,criminal-alien,0,0,0,0,0
2017-06-01,illegal-alien,0,0,0,0,0
2017-06-01,angel-mother,0,0,0,0,0
2017-06-01,angel-family,0,0,0,0,0
2017-06-02,criminal-alien,0,0,0,0,0
2017-06-02,illegal-alien,0,0,0,0,0
2017-06-02,angel-mother,0,0,0,0,0
2017-06-02,angel-family,0,0,0,0,0
2017-06-03,criminal-alien,0,0,0,0,0
2017-06-03,illegal-alien,0,0,0,0,0
2017-06-03,angel-mother,0,0,0,0,0
2017-06-03,angel-family,0,0,0,0,0
2017-06-04,criminal-alien,0,0,0,0,0
2017-06-04,illegal-alien,0,0,0,0,0
2017-06-04,angel-mother,0,0,0,0,0
2017-06-04,angel-family,0,0,0,0,0
2017-06-05,criminal-alien,0,0,0,0,0
2017-06-05,illegal-alien,0,0,0,0,0
2017-06-05,angel-mother,0,0,0,0,0
2017-06-05,angel-family,0,0,0,0,0
2017-06-06,criminal-alien,0,0,0,0,0
2017-06-06,illegal-alien,0,0,0,0,0
2017-06-06,angel-mother,0,0,0,0,0
2017-06-06,angel-family,0,0,0,0,0
2017-06-07,criminal-alien,0,0,0,0,0
2017-06-07,illegal-alien,0,0,0,0,0
2017-06-07,angel-mother,0,0,0,0,0
2017-06-07,angel-family,0,0,0,0,0
2017-06-08,criminal-alien,0,2,0,0,2
2017-06-08,illegal-alien,0,0,0,0,0
2017-06-08,angel-mother,0,0,0,0,0
2017-06-08,angel-family,0,0,0,0,0
2017-06-09,criminal-alien,0,0,0,0,0
2017-06-09,illegal-alien,0,0,0,0,0
2017-06-09,angel-mother,0,0,0,0,0
2017-06-09,angel-family,0,0,0,0,0
2017-06-10,criminal-alien,0,0,0,0,0
2017-06-10,illegal-alien,0,0,0,0,0
2017-06-10,angel-mother,0,0,0,0,0
2017-06-10,angel-family,0,0,0,0,0
2017-06-11,criminal-alien,0,0,0,0,0
2017-06-11,illegal-alien,0,0,0,0,0
2017-06-11,angel-mother,0,0,0,0,0
2017-06-11,angel-family,0,0,0,0,0
2017-06-12,criminal-alien,0,1,1,0,2
2017-06-12,illegal-alien,0,0,0,0,0
2017-06-12,angel-mother,0,0,0,0,0
2017-06-12,angel-family,0,0,0,0,0
2017-06-13,criminal-alien,0,0,0,0,0
2017-06-13,illegal-alien,0,0,1,0,1
2017-06-13,angel-mother,0,0,0,0,0
2017-06-13,angel-family,0,0,0,0,0
2017-06-14,criminal-alien,0,0,0,0,0
2017-06-14,illegal-alien,0,0,0,0,0
2017-06-14,angel-mother,0,0,0,0,0
2017-06-14,angel-family,0,0,0,0,0
2017-06-15,criminal-alien,0,0,0,0,0
2017-06-15,illegal-alien,0,0,0,0,0
2017-06-15,angel-mother,0,0,0,0,0
2017-06-15,angel-family,0,0,0,0,0
2017-06-16,criminal-alien,0,0,0,0,0
2017-06-16,illegal-alien,0,0,0,0,0
2017-06-16,angel-mother,0,0,0,0,0
2017-06-16,angel-family,0,0,0,0,0
2017-06-17,criminal-alien,0,0,0,0,0
2017-06-17,illegal-alien,0,0,0,0,0
2017-06-17,angel-mother,0,0,0,0,0
2017-06-17,angel-family,0,0,0,0,0
2017-06-18,criminal-alien,0,0,0,0,0
2017-06-18,illegal-alien,0,0,0,0,0
2017-06-18,angel-mother,0,0,0,0,0
2017-06-18,angel-family,0,0,0,0,0
2017-06-19,criminal-alien,0,0,0,0,0
2017-06-19,illegal-alien,0,0,0,0,0
2017-06-19,angel-mother,0,0,0,0,0
2017-06-19,angel-family,0,0,0,0,0
2017-06-20,criminal-alien,0,0,0,0,0
2017-06-20,illegal-alien,0,0,0,0,0
2017-06-20,angel-mother,0,0,0,0,0
2017-06-20,angel-family,0,0,0,0,0
2017-06-21,criminal-alien,0,0,0,0,0
2017-06-21,illegal-alien,0,0,0,0,0
2017-06-21,angel-mother,0,0,0,0,0
2017-06-21,angel-family,0,0,0,0,0
2017-06-22,criminal-alien,0,0,0,0,0
2017-06-22,illegal-alien,0,0,0,0,0
2017-06-22,angel-mother,0,0,0,0,0
2017-06-22,angel-family,0,0,0,0,0
2017-06-23,criminal-alien,0,0,0,0,0
2017-06-23,illegal-alien,0,0,0,0,0
2017-06-23,angel-mother,0,0,0,0,0
2017-06-23,angel-family,0,0,0,0,0
2017-06-24,criminal-alien,0,0,0,0,0
2017-06-24,illegal-alien,0,0,0,0,0
2017-06-24,angel-mother,0,0,0,0,0
2017-06-24,angel-family,0,0,0,0,0
2017-06-25,criminal-alien,0,0,0,0,0
2017-06-25,illegal-alien,0,0,0,0,0
2017-06-25,angel-mother,0,0,0,0,0
2017-06-25,angel-family,0,0,0,0,0
2017-06-26,criminal-alien,0,1,0,0,1
2017-06-26,illegal-alien,0,0,0,0,0
2017-06-26,angel-mother,0,0,0,0,0
2017-06-26,angel-family,0,0,0,0,0
2017-06-27,criminal-alien,0,0,0,0,0
2017-06-27,illegal-alien,0,0,0,0,0
2017-06-27,angel-mother,0,0,0,0,0
2017-06-27,angel-family,0,0,0,0,0
2017-06-28,criminal-alien,0,0,0,0,0
2017-06-28,illegal-alien,0,0,0,0,0
2017-06-28,angel-mother,0,0,0,0,0
2017-06-28,angel-family,0,0,0,0,0
2017-06-29,criminal-alien,0,0,0,0,0
2017-06-29,illegal-alien,0,0,0,0,0
2017-06-29,angel-mother,0,0,0,0,0
2017-06-29,angel-family,0,0,0,0,0
2017-06-30,criminal-alien,0,0,0,0,0
2017-06-30,illegal-alien,0,0,0,0,0
2017-06-30,angel-mother,0,0,0,0,0
2017-06-30,angel-family,0,0,0,0,0
2017-07-01,criminal-alien,0,0,0,0,0
2017-07-01,illegal-alien,0,0,0,0,0
2017-07-01,angel-mother,0,0,0,0,0
2017-07-01,angel-family,0,0,0,0,0
2017-07-02,criminal-alien,0,0,0,0,0
2017-07-02,illegal-alien,0,0,0,0,0
2017-07-02,angel-mother,0,0,0,0,0
2017-07-02,angel-family,0,0,0,0,0
2017-07-03,criminal-alien,0,0,0,0,0
2017-07-03,illegal-alien,0,0,0,0,0
2017-07-03,angel-mother,0,0,0,0,0
2017-07-03,angel-family,0,0,0,0,0
2017-07-04,criminal-alien,0,0,0,0,0
2017-07-04,illegal-alien,0,0,0,0,0
2017-07-04,angel-mother,0,0,0,0,0
2017-07-04,angel-family,0,0,0,0,0
2017-07-05,criminal-alien,0,1,0,0,1
2017-07-05,illegal-alien,0,0,0,0,0
2017-07-05,angel-mother,0,0,0,0,0
2017-07-05,angel-family,0,0,0,0,0
2017-07-06,criminal-alien,0,0,0,0,0
2017-07-06,illegal-alien,0,0,1,0,1
2017-07-06,angel-mother,0,0,0,0,0
2017-07-06,angel-family,0,0,0,0,0
2017-07-07,criminal-alien,0,0,0,0,0
2017-07-07,illegal-alien,0,1,0,0,1
2017-07-07,angel-mother,0,0,0,0,0
2017-07-07,angel-family,0,0,0,0,0
2017-07-08,criminal-alien,0,0,0,0,0
2017-07-08,illegal-alien,0,0,0,0,0
2017-07-08,angel-mother,0,0,0,0,0
2017-07-08,angel-family,0,0,0,0,0
2017-07-09,criminal-alien,0,0,0,0,0
2017-07-09,illegal-alien,0,0,0,0,0
2017-07-09,angel-mother,0,0,0,0,0
2017-07-09,angel-family,0,0,0,0,0
2017-07-10,criminal-alien,0,0,0,0,0
2017-07-10,illegal-alien,0,0,1,0,1
2017-07-10,angel-mother,0,0,0,0,0
2017-07-10,angel-family,0,0,0,0,0
2017-07-11,criminal-alien,0,0,0,0,0
2017-07-11,illegal-alien,0,0,0,0,0
2017-07-11,angel-mother,0,0,0,0,0
2017-07-11,angel-family,0,0,0,0,0
2017-07-12,criminal-alien,0,0,0,0,0
2017-07-12,illegal-alien,0,0,0,0,0
2017-07-12,angel-mother,0,0,0,0,0
2017-07-12,angel-family,0,0,0,0,0
2017-07-13,criminal-alien,0,0,0,0,0
2017-07-13,illegal-alien,0,0,0,0,0
2017-07-13,angel-mother,0,0,0,0,0
2017-07-13,angel-family,0,0,0,0,0
2017-07-14,criminal-alien,0,0,0,0,0
2017-07-14,illegal-alien,0,0,0,0,0
2017-07-14,angel-mother,0,0,0,0,0
2017-07-14,angel-family,0,0,0,0,0
2017-07-15,criminal-alien,0,0,0,0,0
2017-07-15,illegal-alien,0,0,0,0,0
2017-07-15,angel-mother,0,0,0,0,0
2017-07-15,angel-family,0,0,0,0,0
2017-07-16,criminal-alien,0,0,0,0,0
2017-07-16,illegal-alien,0,0,0,0,0
2017-07-16,angel-mother,0,0,0,0,0
2017-07-16,angel-family,0,0,0,0,0
2017-07-17,criminal-alien,0,0,0,0,0
2017-07-17,illegal-alien,0,1,0,0,1
2017-07-17,angel-mother,0,0,0,0,0
2017-07-17,angel-family,0,0,0,0,0
2017-07-18,criminal-alien,0,0,0,0,0
2017-07-18,illegal-alien,0,0,0,0,0
2017-07-18,angel-mother,0,0,0,0,0
2017-07-18,angel-family,0,0,0,0,0
2017-07-19,criminal-alien,0,0,0,0,0
2017-07-19,illegal-alien,0,0,0,0,0
2017-07-19,angel-mother,0,0,0,0,0
2017-07-19,angel-family,0,0,0,0,0
2017-07-20,criminal-alien,0,0,0,0,0
2017-07-20,illegal-alien,0,0,0,0,0
2017-07-20,angel-mother,0,0,0,0,0
2017-07-20,angel-family,0,0,0,0,0
2017-07-21,criminal-alien,0,0,0,0,0
2017-07-21,illegal-alien,0,0,0,0,0
2017-07-21,angel-mother,0,0,0,0,0
2017-07-21,angel-family,0,0,0,0,0
2017-07-22,criminal-alien,0,1,0,0,1
2017-07-22,illegal-alien,0,0,0,0,0
2017-07-22,angel-mother,0,0,0,0,0
2017-07-22,angel-family,0,0,0,0,0
2017-07-23,criminal-alien,0,0,0,0,0
2017-07-23,illegal-alien,0,0,0,0,0
2017-07-23,angel-mother,0,0,0,0,0
2017-07-23,angel-family,0,0,0,0,0
2017-07-24,criminal-alien,0,0,0,0,0
2017-07-24,illegal-alien,0,0,0,0,0
2017-07-24,angel-mother,0,0,0,0,0
2017-07-24,angel-family,0,0,0,0,0
2017-07-25,criminal-alien,0,0,0,0,0
2017-07-25,illegal-alien,0,0,0,0,0
2017-07-25,angel-mother,0,0,0,0,0
2017-07-25,angel-family,0,0,0,0,0
2017-07-26,criminal-alien,0,1,0,0,1
2017-07-26,illegal-alien,0,0,0,0,0
2017-07-26,angel-mother,0,0,0,0,0
2017-07-26,angel-family,0,0,0,0,0
2017-07-27,criminal-alien,0,0,0,0,0
2017-07-27,illegal-alien,0,0,0,0,0
2017-07-27,angel-mother,0,0,0,0,0
2017-07-27,angel-family,0,0,0,0,0
2017-07-28,criminal-alien,0,0,0,0,0
2017-07-28,illegal-alien,0,0,0,0,0
2017-07-28,angel-mother,0,0,0,0,0
2017-07-28,angel-family,0,0,0,0,0
2017-07-29,criminal-alien,0,0,0,0,0
2017-07-29,illegal-alien,0,0,0,0,0
2017-07-29,angel-mother,0,0,0,0,0
2017-07-29,angel-family,0,0,0,0,0
2017-07-30,criminal-alien,0,0,0,0,0
2017-07-30,illegal-alien,0,0,0,0,0
2017-07-30,angel-mother,0,0,0,0,0
2017-07-30,angel-family,0,0,0,0,0
2017-07-31,criminal-alien,0,3,0,0,3
2017-07-31,illegal-alien,0,0,0,0,0
2017-07-31,angel-mother,0,0,0,0,0
2017-07-31,angel-family,0,0,0,0,0
2017-08-01,criminal-alien,0,0,0,0,0
2017-08-01,illegal-alien,0,0,0,0,0
2017-08-01,angel-mother,0,0,0,0,0
2017-08-01,angel-family,0,0,0,0,0
2017-08-02,criminal-alien,0,0,0,0,0
2017-08-02,illegal-alien,0,0,0,0,0
2017-08-02,angel-mother,0,0,0,0,0
2017-08-02,angel-family,0,0,0,0,0
2017-08-03,criminal-alien,0,0,0,0,0
2017-08-03,illegal-alien,0,0,0,0,0
2017-08-03,angel-mother,0,0,0,0,0
2017-08-03,angel-family,0,0,0,0,0
2017-08-04,criminal-alien,0,1,0,0,1
2017-08-04,illegal-alien,0,0,0,0,0
2017-08-04,angel-mother,0,0,0,0,0
2017-08-04,angel-family,0,0,0,0,0
2017-08-05,criminal-alien,0,0,0,0,0
2017-08-05,illegal-alien,0,0,0,0,0
2017-08-05,angel-mother,0,0,0,0,0
2017-08-05,angel-family,0,0,0,0,0
2017-08-06,criminal-alien,0,0,0,0,0
2017-08-06,illegal-alien,0,0,0,0,0
2017-08-06,angel-mother,0,0,0,0,0
2017-08-06,angel-family,0,0,0,0,0
2017-08-07,criminal-alien,0,0,0,0,0
2017-08-07,illegal-alien,0,0,0,0,0
2017-08-07,angel-mother,0,0,0,0,0
2017-08-07,angel-family,0,0,0,0,0
2017-08-08,criminal-alien,0,0,1,0,1
2017-08-08,illegal-alien,0,0,0,0,0
2017-08-08,angel-mother,0,0,0,0,0
2017-08-08,angel-family,0,0,0,0,0
2017-08-09,criminal-alien,0,0,0,0,0
2017-08-09,illegal-alien,0,0,0,0,0
2017-08-09,angel-mother,0,0,0,0,0
2017-08-09,angel-family,0,0,0,0,0
2017-08-10,criminal-alien,0,0,0,0,0
2017-08-10,illegal-alien,0,0,0,0,0
2017-08-10,angel-mother,0,0,0,0,0
2017-08-10,angel-family,0,0,0,0,0
2017-08-11,criminal-alien,0,0,0,0,0
2017-08-11,illegal-alien,0,0,0,0,0
2017-08-11,angel-mother,0,0,0,0,0
2017-08-11,angel-family,0,0,0,0,0
2017-08-12,criminal-alien,0,0,0,0,0
2017-08-12,illegal-alien,0,0,0,0,0
2017-08-12,angel-mother,0,0,0,0,0
2017-08-12,angel-family,0,0,0,0,0
2017-08-13,criminal-alien,0,0,0,0,0
2017-08-13,illegal-alien,0,0,0,0,0
2017-08-13,angel-mother,0,0,0,0,0
2017-08-13,angel-family,0,0,0,0,0
2017-08-14,criminal-alien,0,0,0,0,0
2017-08-14,illegal-alien,0,0,0,0,0
2017-08-14,angel-mother,0,0,0,0,0
2017-08-14,angel-family,0,0,0,0,0
2017-08-15,criminal-alien,0,0,0,0,0
2017-08-15,illegal-alien,0,0,0,0,0
2017-08-15,angel-mother,0,0,0,0,0
2017-08-15,angel-family,0,0,0,0,0
2017-08-16,criminal-alien,0,0,0,0,0
2017-08-16,illegal-alien,0,0,0,0,0
2017-08-16,angel-mother,0,0,0,0,0
2017-08-16,angel-family,0,0,0,0,0
2017-08-17,criminal-alien,0,0,0,0,0
2017-08-17,illegal-alien,0,1,0,0,1
2017-08-17,angel-mother,0,0,0,0,0
2017-08-17,angel-family,0,0,0,0,0
2017-08-18,criminal-alien,0,0,0,0,0
2017-08-18,illegal-alien,0,1,0,0,1
2017-08-18,angel-mother,0,0,0,0,0
2017-08-18,angel-family,0,0,0,0,0
2017-08-19,criminal-alien,0,0,0,0,0
2017-08-19,illegal-alien,0,0,0,0,0
2017-08-19,angel-mother,0,0,0,0,0
2017-08-19,angel-family,0,0,0,0,0
2017-08-20,criminal-alien,0,0,0,0,0
2017-08-20,illegal-alien,0,0,0,0,0
2017-08-20,angel-mother,0,0,0,0,0
2017-08-20,angel-family,0,0,0,0,0
2017-08-21,criminal-alien,0,0,0,0,0
2017-08-21,illegal-alien,0,0,1,0,1
2017-08-21,angel-mother,0,0,0,0,0
2017-08-21,angel-family,0,0,0,0,0
2017-08-22,criminal-alien,0,0,0,0,0
2017-08-22,illegal-alien,0,1,0,0,1
2017-08-22,angel-mother,0,0,0,0,0
2017-08-22,angel-family,0,0,0,0,0
2017-08-23,criminal-alien,0,0,0,0,0
2017-08-23,illegal-alien,0,0,0,0,0
2017-08-23,angel-mother,0,0,0,0,0
2017-08-23,angel-family,0,0,0,0,0
2017-08-24,criminal-alien,0,0,0,0,0
2017-08-24,illegal-alien,0,0,0,0,0
2017-08-24,angel-mother,0,0,0,0,0
2017-08-24,angel-family,0,0,0,0,0
2017-08-25,criminal-alien,0,0,0,0,0
2017-08-25,illegal-alien,0,0,0,0,0
2017-08-25,angel-mother,0,0,0,0,0
2017-08-25,angel-family,0,0,0,0,0
2017-08-26,criminal-alien,0,0,0,0,0
2017-08-26,illegal-alien,0,0,0,0,0
2017-08-26,angel-mother,0,0,0,0,0
2017-08-26,angel-family,0,0,0,0,0
2017-08-27,criminal-alien,0,0,0,0,0
2017-08-27,illegal-alien,0,0,0,0,0
2017-08-27,angel-mother,0,0,0,0,0
2017-08-27,angel-family,0,0,0,0,0
2017-08-28,criminal-alien,0,0,0,0,0
2017-08-28,illegal-alien,0,0,0,0,0
2017-08-28,angel-mother,0,0,0,0,0
2017-08-28,angel-family,0,0,0,0,0
2017-08-29,criminal-alien,0,0,0,0,0
2017-08-29,illegal-alien,0,0,0,0,0
2017-08-29,angel-mother,0,0,0,0,0
2017-08-29,angel-family,0,0,0,0,0
2017-08-30,criminal-alien,0,0,0,0,0
2017-08-30,illegal-alien,0,0,0,0,0
2017-08-30,angel-mother,0,0,0,0,0
2017-08-30,angel-family,0,0,0,0,0
2017-08-31,criminal-alien,0,0,0,0,0
2017-08-31,illegal-alien,0,0,0,0,0
2017-08-31,angel-mother,0,0,0,0,0
2017-08-31,angel-family,0,0,0,0,0
2017-09-01,criminal-alien,0,0,0,0,0
2017-09-01,illegal-alien,0,0,0,0,0
2017-09-01,angel-mother,0,0,0,0,0
2017-09-01,angel-family,0,0,0,0,0
2017-09-02,criminal-alien,0,0,0,0,0
2017-09-02,illegal-alien,0,0,0,0,0
2017-09-02,angel-mother,0,0,0,0,0
2017-09-02,angel-family,0,0,0,0,0
2017-09-03,criminal-alien,0,0,0,0,0
2017-09-03,illegal-alien,0,0,0,0,0
2017-09-03,angel-mother,0,0,0,0,0
2017-09-03,angel-family,0,0,0,0,0
2017-09-04,criminal-alien,0,0,0,0,0
2017-09-04,illegal-alien,0,0,0,0,0
2017-09-04,angel-mother,0,0,0,0,0
2017-09-04,angel-family,0,0,0,0,0
2017-09-05,criminal-alien,0,0,0,0,0
2017-09-05,illegal-alien,0,0,0,0,0
2017-09-05,angel-mother,0,0,0,0,0
2017-09-05,angel-family,0,0,0,0,0
2017-09-06,criminal-alien,0,0,0,0,0
2017-09-06,illegal-alien,0,0,0,0,0
2017-09-06,angel-mother,0,0,0,0,0
2017-09-06,angel-family,0,0,0,0,0
2017-09-07,criminal-alien,0,0,0,0,0
2017-09-07,illegal-alien,0,0,0,0,0
2017-09-07,angel-mother,0,0,0,0,0
2017-09-07,angel-family,0,0,0,0,0
2017-09-08,criminal-alien,0,0,0,0,0
2017-09-08,illegal-alien,0,0,0,0,0
2017-09-08,angel-mother,0,0,0,0,0
2017-09-08,angel-family,0,0,0,0,0
2017-09-09,criminal-alien,0,0,0,0,0
2017-09-09,illegal-alien,0,0,0,0,0
2017-09-09,angel-mother,0,0,0,0,0
2017-09-09,angel-family,0,0,0,0,0
2017-09-10,criminal-alien,0,0,0,0,0
2017-09-10,illegal-alien,0,0,0,0,0
2017-09-10,angel-mother,0,0,0,0,0
2017-09-10,angel-family,0,0,0,0,0
2017-09-11,criminal-alien,0,0,0,0,0
2017-09-11,illegal-alien,0,0,0,0,0
2017-09-11,angel-mother,0,0,0,0,0
2017-09-11,angel-family,0,0,0,0,0
2017-09-12,criminal-alien,0,0,0,0,0
2017-09-12,illegal-alien,0,1,0,0,1
2017-09-12,angel-mother,0,0,0,0,0
2017-09-12,angel-family,0,0,0,0,0
2017-09-13,criminal-alien,0,0,0,0,0
2017-09-13,illegal-alien,0,0,0,0,0
2017-09-13,angel-mother,0,0,0,0,0
2017-09-13,angel-family,0,0,0,0,0
2017-09-14,criminal-alien,1,0,0,0,1
2017-09-14,illegal-alien,0,0,0,0,0
2017-09-14,angel-mother,0,0,0,0,0
2017-09-14,angel-family,0,0,0,0,0
2017-09-15,criminal-alien,0,0,0,0,0
2017-09-15,illegal-alien,0,0,0,0,0
2017-09-15,angel-mother,0,0,0,0,0
2017-09-15,angel-family,0,0,0,0,0
2017-09-16,criminal-alien,0,0,0,0,0
2017-09-16,illegal-alien,0,0,0,0,0
2017-09-16,angel-mother,0,0,0,0,0
2017-09-16,angel-family,0,0,0,0,0
2017-09-17,criminal-alien,0,0,0,0,0
2017-09-17,illegal-alien,0,0,0,0,0
2017-09-17,angel-mother,0,0,0,0,0
2017-09-17,angel-family,0,0,0,0,0
2017-09-18,criminal-alien,0,0,0,0,0
2017-09-18,illegal-alien,0,0,0,0,0
2017-09-18,angel-mother,0,0,0,0,0
2017-09-18,angel-family,0,0,0,0,0
2017-09-19,criminal-alien,0,0,0,0,0
2017-09-19,illegal-alien,0,0,0,0,0
2017-09-19,angel-mother,0,0,0,0,0
2017-09-19,angel-family,0,0,0,0,0
2017-09-20,criminal-alien,0,0,0,0,0
2017-09-20,illegal-alien,0,0,0,0,0
2017-09-20,angel-mother,0,0,0,0,0
2017-09-20,angel-family,0,0,0,0,0
2017-09-21,criminal-alien,0,0,0,0,0
2017-09-21,illegal-alien,0,0,0,0,0
2017-09-21,angel-mother,0,0,0,0,0
2017-09-21,angel-family,0,0,0,0,0
2017-09-22,criminal-alien,0,0,0,0,0
2017-09-22,illegal-alien,0,0,0,0,0
2017-09-22,angel-mother,0,0,0,0,0
2017-09-22,angel-family,0,0,0,0,0
2017-09-23,criminal-alien,0,0,0,0,0
2017-09-23,illegal-alien,0,0,0,0,0
2017-09-23,angel-mother,0,0,0,0,0
2017-09-23,angel-family,0,0,0,0,0
2017-09-24,criminal-alien,0,0,0,0,0
2017-09-24,illegal-alien,0,0,0,0,0
2017-09-24,angel-mother,0,0,0,0,0
2017-09-24,angel-family,0,0,0,0,0
2017-09-25,criminal-alien,0,0,0,0,0
2017-09-25,illegal-alien,0,0,0,0,0
2017-09-25,angel-mother,0,0,0,0,0
2017-09-25,angel-family,0,0,0,0,0
2017-09-26,criminal-alien,0,0,0,0,0
2017-09-26,illegal-alien,0,0,0,0,0
2017-09-26,angel-mother,0,0,0,0,0
2017-09-26,angel-family,0,0,0,0,0
2017-09-27,criminal-alien,0,0,0,0,0
2017-09-27,illegal-alien,0,0,0,0,0
2017-09-27,angel-mother,0,0,0,0,0
2017-09-27,angel-family,0,0,0,0,0
2017-09-28,criminal-alien,0,0,0,0,0
2017-09-28,illegal-alien,0,0,0,0,0
2017-09-28,angel-mother,0,0,0,0,0
2017-09-28,angel-family,0,0,0,0,0
2017-09-29,criminal-alien,0,0,0,0,0
2017-09-29,illegal-alien,0,0,0,0,0
2017-09-29,angel-mother,0,0,0,0,0
2017-09-29,angel-family,0,0,0,0,0
2017-09-30,criminal-alien,0,0,0,0,0
2017-09-30,illegal-alien,0,0,0,0,0
2017-09-30,angel-mother,0,0,0,0,0
2017-09-30,angel-family,0,0,0,0,0
2017-10-01,criminal-alien,0,0,0,0,0
2017-10-01,illegal-alien,0,0,0,0,0
2017-10-01,angel-mother,0,0,0,0,0
2017-10-01,angel-family,0,0,0,0,0
2017-10-02,criminal-alien,0,0,0,0,0
2017-10-02,illegal-alien,0,0,0,0,0
2017-10-02,angel-mother,0,0,0,0,0
2017-10-02,angel-family,0,0,0,0,0
2017-10-03,criminal-alien,0,0,0,0,0
2017-10-03,illegal-alien,0,0,0,0,0
2017-10-03,angel-mother,0,0,0,0,0
2017-10-03,angel-family,0,0,0,0,0
2017-10-04,criminal-alien,0,0,0,0,0
2017-10-04,illegal-alien,0,0,0,0,0
2017-10-04,angel-mother,0,0,0,0,0
2017-10-04,angel-family,0,0,0,0,0
2017-10-05,criminal-alien,0,0,0,0,0
2017-10-05,illegal-alien,0,0,1,0,1
2017-10-05,angel-mother,0,0,0,0,0
2017-10-05,angel-family,0,0,0,0,0
2017-10-06,criminal-alien,0,0,0,0,0
2017-10-06,illegal-alien,0,0,0,0,0
2017-10-06,angel-mother,0,0,0,0,0
2017-10-06,angel-family,0,0,0,0,0
2017-10-07,criminal-alien,0,0,0,0,0
2017-10-07,illegal-alien,0,0,0,0,0
2017-10-07,angel-mother,0,0,0,0,0
2017-10-07,angel-family,0,0,0,0,0
2017-10-08,criminal-alien,0,0,0,0,0
2017-10-08,illegal-alien,0,0,0,0,0
2017-10-08,angel-mother,0,0,0,0,0
2017-10-08,angel-family,0,0,0,0,0
2017-10-09,criminal-alien,0,0,0,0,0
2017-10-09,illegal-alien,0,0,0,0,0
2017-10-09,angel-mother,0,0,0,0,0
2017-10-09,angel-family,0,0,0,0,0
2017-10-10,criminal-alien,0,0,0,0,0
2017-10-10,illegal-alien,0,0,0,0,0
2017-10-10,angel-mother,0,0,0,0,0
2017-10-10,angel-family,0,0,0,0,0
2017-10-11,criminal-alien,0,0,0,0,0
2017-10-11,illegal-alien,0,0,0,0,0
2017-10-11,angel-mother,0,0,0,0,0
2017-10-11,angel-family,0,0,0,0,0
2017-10-12,criminal-alien,0,0,0,0,0
2017-10-12,illegal-alien,0,0,0,0,0
2017-10-12,angel-mother,0,0,0,0,0
2017-10-12,angel-family,0,0,0,0,0
2017-10-13,criminal-alien,0,0,0,0,0
2017-10-13,illegal-alien,0,0,0,0,0
2017-10-13,angel-mother,0,0,0,0,0
2017-10-13,angel-family,0,0,0,0,0
2017-10-14,criminal-alien,0,0,0,0,0
2017-10-14,illegal-alien,0,0,0,0,0
2017-10-14,angel-mother,0,0,0,0,0
2017-10-14,angel-family,0,0,0,0,0
2017-10-15,criminal-alien,0,0,0,0,0
2017-10-15,illegal-alien,0,0,0,0,0
2017-10-15,angel-mother,0,0,0,0,0
2017-10-15,angel-family,0,0,0,0,0
2017-10-16,criminal-alien,0,0,0,0,0
2017-10-16,illegal-alien,0,0,0,0,0
2017-10-16,angel-mother,0,0,0,0,0
2017-10-16,angel-family,0,0,0,0,0
2017-10-17,criminal-alien,0,0,0,0,0
2017-10-17,illegal-alien,0,0,0,0,0
2017-10-17,angel-mother,0,0,0,0,0
2017-10-17,angel-family,0,0,0,0,0
2017-10-18,criminal-alien,0,0,0,0,0
2017-10-18,illegal-alien,0,0,0,0,0
2017-10-18,angel-mother,0,0,0,0,0
2017-10-18,angel-family,0,0,0,0,0
2017-10-19,criminal-alien,0,0,0,0,0
2017-10-19,illegal-alien,0,0,0,0,0
2017-10-19,angel-mother,0,0,0,0,0
2017-10-19,angel-family,0,0,0,0,0
2017-10-20,criminal-alien,0,0,0,0,0
2017-10-20,illegal-alien,0,0,1,0,1
2017-10-20,angel-mother,0,0,0,0,0
2017-10-20,angel-family,0,0,0,0,0
2017-10-21,criminal-alien,0,0,0,0,0
2017-10-21,illegal-alien,0,0,0,0,0
2017-10-21,angel-mother,0,0,0,0,0
2017-10-21,angel-family,0,0,0,0,0
2017-10-22,criminal-alien,0,0,0,0,0
2017-10-22,illegal-alien,0,0,1,0,1
2017-10-22,angel-mother,0,0,0,0,0
2017-10-22,angel-family,0,0,0,0,0
2017-10-23,criminal-alien,0,1,0,0,1
2017-10-23,illegal-alien,0,0,0,0,0
2017-10-23,angel-mother,0,0,0,0,0
2017-10-23,angel-family,0,0,0,0,0
2017-10-24,criminal-alien,0,0,0,0,0
2017-10-24,illegal-alien,0,0,0,0,0
2017-10-24,angel-mother,0,0,0,0,0
2017-10-24,angel-family,0,0,0,0,0
2017-10-25,criminal-alien,0,0,0,0,0
2017-10-25,illegal-alien,0,0,0,0,0
2017-10-25,angel-mother,0,0,0,0,0
2017-10-25,angel-family,0,0,0,0,0
2017-10-26,criminal-alien,0,0,0,0,0
2017-10-26,illegal-alien,0,0,0,0,0
2017-10-26,angel-mother,0,0,0,0,0
2017-10-26,angel-family,0,0,0,0,0
2017-10-27,criminal-alien,0,0,0,0,0
2017-10-27,illegal-alien,0,0,0,0,0
2017-10-27,angel-mother,0,0,0,0,0
2017-10-27,angel-family,0,0,0,0,0
2017-10-28,criminal-alien,0,0,0,0,0
2017-10-28,illegal-alien,0,0,0,0,0
2017-10-28,angel-mother,0,0,0,0,0
2017-10-28,angel-family,0,0,0,0,0
2017-10-29,criminal-alien,0,0,0,0,0
2017-10-29,illegal-alien,0,0,0,0,0
2017-10-29,angel-mother,0,0,0,0,0
2017-10-29,angel-family,0,0,0,0,0
2017-10-30,criminal-alien,0,0,0,0,0
2017-10-30,illegal-alien,0,0,0,0,0
2017-10-30,angel-mother,0,0,0,0,0
2017-10-30,angel-family,0,0,0,0,0
2017-10-31,criminal-alien,0,0,0,0,0
2017-10-31,illegal-alien,0,1,0,0,1
2017-10-31,angel-mother,0,0,0,0,0
2017-10-31,angel-family,0,0,0,0,0
2017-11-01,criminal-alien,0,0,0,0,0
2017-11-01,illegal-alien,0,0,0,0,0
2017-11-01,angel-mother,0,0,0,0,0
2017-11-01,angel-family,0,0,0,0,0
2017-11-02,criminal-alien,0,0,1,0,1
2017-11-02,illegal-alien,0,0,0,0,0
2017-11-02,angel-mother,0,0,0,0,0
2017-11-02,angel-family,0,0,0,0,0
2017-11-03,criminal-alien,0,0,0,0,0
2017-11-03,illegal-alien,0,0,0,0,0
2017-11-03,angel-mother,0,0,0,0,0
2017-11-03,angel-family,0,0,0,0,0
2017-11-04,criminal-alien,0,0,0,0,0
2017-11-04,illegal-alien,0,0,0,0,0
2017-11-04,angel-mother,0,0,0,0,0
2017-11-04,angel-family,0,0,0,0,0
2017-11-05,criminal-alien,0,0,0,0,0
2017-11-05,illegal-alien,0,0,0,0,0
2017-11-05,angel-mother,0,0,0,0,0
2017-11-05,angel-family,0,0,0,0,0
2017-11-06,criminal-alien,0,0,0,0,0
2017-11-06,illegal-alien,0,0,0,0,0
2017-11-06,angel-mother,0,0,0,0,0
2017-11-06,angel-family,0,0,0,0,0
2017-11-07,criminal-alien,0,0,0,0,0
2017-11-07,illegal-alien,0,0,0,0,0
2017-11-07,angel-mother,0,0,0,0,0
2017-11-07,angel-family,0,0,0,0,0
2017-11-08,criminal-alien,0,0,0,0,0
2017-11-08,illegal-alien,0,0,0,0,0
2017-11-08,angel-mother,0,0,0,0,0
2017-11-08,angel-family,0,0,0,0,0
2017-11-09,criminal-alien,0,0,0,0,0
2017-11-09,illegal-alien,0,0,0,0,0
2017-11-09,angel-mother,0,0,0,0,0
2017-11-09,angel-family,0,0,0,0,0
2017-11-10,criminal-alien,0,0,0,0,0
2017-11-10,illegal-alien,0,0,0,0,0
2017-11-10,angel-mother,0,0,0,0,0
2017-11-10,angel-family,0,0,0,0,0
2017-11-11,criminal-alien,0,0,0,0,0
2017-11-11,illegal-alien,0,0,0,0,0
2017-11-11,angel-mother,0,0,0,0,0
2017-11-11,angel-family,0,0,0,0,0
2017-11-12,criminal-alien,0,0,0,0,0
2017-11-12,illegal-alien,0,0,0,0,0
2017-11-12,angel-mother,0,0,0,0,0
2017-11-12,angel-family,0,0,0,0,0
2017-11-13,criminal-alien,0,0,0,0,0
2017-11-13,illegal-alien,0,0,0,0,0
2017-11-13,angel-mother,0,0,0,0,0
2017-11-13,angel-family,0,0,0,0,0
2017-11-14,criminal-alien,0,0,0,0,0
2017-11-14,illegal-alien,0,0,0,0,0
2017-11-14,angel-mother,0,0,0,0,0
2017-11-14,angel-family,0,0,0,0,0
2017-11-15,criminal-alien,0,0,0,0,0
2017-11-15,illegal-alien,0,1,0,0,1
2017-11-15,angel-mother,0,0,0,0,0
2017-11-15,angel-family,0,0,0,0,0
2017-11-16,criminal-alien,0,0,0,0,0
2017-11-16,illegal-alien,0,0,1,0,1
2017-11-16,angel-mother,0,0,0,0,0
2017-11-16,angel-family,0,0,0,0,0
2017-11-17,criminal-alien,0,0,0,0,0
2017-11-17,illegal-alien,0,0,0,0,0
2017-11-17,angel-mother,0,0,0,0,0
2017-11-17,angel-family,0,0,0,0,0
2017-11-18,criminal-alien,0,0,0,0,0
2017-11-18,illegal-alien,0,0,0,0,0
2017-11-18,angel-mother,0,0,0,0,0
2017-11-18,angel-family,0,0,0,0,0
2017-11-19,criminal-alien,0,0,0,0,0
2017-11-19,illegal-alien,0,0,0,0,0
2017-11-19,angel-mother,0,0,0,0,0
2017-11-19,angel-family,0,0,0,0,0
2017-11-20,criminal-alien,0,0,0,0,0
2017-11-20,illegal-alien,0,1,0,0,1
2017-11-20,angel-mother,0,0,0,0,0
2017-11-20,angel-family,0,0,0,0,0
2017-11-21,criminal-alien,0,0,0,0,0
2017-11-21,illegal-alien,0,0,0,0,0
2017-11-21,angel-mother,0,0,0,0,0
2017-11-21,angel-family,0,0,0,0,0
2017-11-22,criminal-alien,0,0,0,0,0
2017-11-22,illegal-alien,0,0,0,0,0
2017-11-22,angel-mother,0,0,0,0,0
2017-11-22,angel-family,0,0,0,0,0
2017-11-23,criminal-alien,0,0,0,0,0
2017-11-23,illegal-alien,0,0,0,0,0
2017-11-23,angel-mother,0,0,0,0,0
2017-11-23,angel-family,0,0,0,0,0
2017-11-24,criminal-alien,0,0,0,0,0
2017-11-24,illegal-alien,0,0,0,0,0
2017-11-24,angel-mother,0,0,0,0,0
2017-11-24,angel-family,0,0,0,0,0
2017-11-25,criminal-alien,0,0,0,0,0
2017-11-25,illegal-alien,0,0,0,0,0
2017-11-25,angel-mother,0,0,0,0,0
2017-11-25,angel-family,0,0,0,0,0
2017-11-26,criminal-alien,0,0,0,0,0
2017-11-26,illegal-alien,0,0,0,0,0
2017-11-26,angel-mother,0,0,0,0,0
2017-11-26,angel-family,0,0,0,0,0
2017-11-27,criminal-alien,0,0,0,0,0
2017-11-27,illegal-alien,0,0,0,0,0
2017-11-27,angel-mother,0,0,0,0,0
2017-11-27,angel-family,0,0,0,0,0
2017-11-28,criminal-alien,0,0,0,0,0
2017-11-28,illegal-alien,0,0,0,0,0
2017-11-28,angel-mother,0,0,0,0,0
2017-11-28,angel-family,0,0,0,0,0
2017-11-29,criminal-alien,0,0,0,0,0
2017-11-29,illegal-alien,0,0,0,0,0
2017-11-29,angel-mother,0,0,0,0,0
2017-11-29,angel-family,0,0,0,0,0
2017-11-30,criminal-alien,0,0,0,0,0
2017-11-30,illegal-alien,0,0,0,0,0
2017-11-30,angel-mother,0,0,0,0,0
2017-11-30,angel-family,0,0,0,0,0
2017-12-01,criminal-alien,0,0,0,0,0
2017-12-01,illegal-alien,0,0,0,0,0
2017-12-01,angel-mother,0,0,0,0,0
2017-12-01,angel-family,0,0,0,0,0
2017-12-02,criminal-alien,0,0,0,0,0
2017-12-02,illegal-alien,0,0,0,0,0
2017-12-02,angel-mother,0,0,0,0,0
2017-12-02,angel-family,0,0,0,0,0
2017-12-03,criminal-alien,0,0,0,0,0
2017-12-03,illegal-alien,0,0,0,0,0
2017-12-03,angel-mother,0,0,0,0,0
2017-12-03,angel-family,0,0,0,0,0
2017-12-04,criminal-alien,0,0,0,0,0
2017-12-04,illegal-alien,0,0,0,0,0
2017-12-04,angel-mother,0,0,0,0,0
2017-12-04,angel-family,0,0,0,0,0
2017-12-05,criminal-alien,0,3,0,0,3
2017-12-05,illegal-alien,0,0,1,0,1
2017-12-05,angel-mother,0,0,0,0,0
2017-12-05,angel-family,0,0,0,0,0
2017-12-06,criminal-alien,0,0,0,0,0
2017-12-06,illegal-alien,0,0,0,0,0
2017-12-06,angel-mother,0,0,0,0,0
2017-12-06,angel-family,0,0,0,0,0
2017-12-07,criminal-alien,0,2,0,0,2
2017-12-07,illegal-alien,0,0,0,0,0
2017-12-07,angel-mother,0,0,0,0,0
2017-12-07,angel-family,0,0,0,0,0
2017-12-08,criminal-alien,0,0,0,0,0
2017-12-08,illegal-alien,0,0,1,0,1
2017-12-08,angel-mother,0,0,0,0,0
2017-12-08,angel-family,0,0,0,0,0
2017-12-09,criminal-alien,0,0,0,0,0
2017-12-09,illegal-alien,0,0,0,0,0
2017-12-09,angel-mother,0,0,0,0,0
2017-12-09,angel-family,0,0,0,0,0
2017-12-10,criminal-alien,0,0,0,0,0
2017-12-10,illegal-alien,0,0,0,0,0
2017-12-10,angel-mother,0,0,0,0,0
2017-12-10,angel-family,0,0,0,0,0
2017-12-11,criminal-alien,0,0,0,0,0
2017-12-11,illegal-alien,0,1,0,0,1
2017-12-11,angel-mother,0,0,0,0,0
2017-12-11,angel-family,0,0,0,0,0
2017-12-12,criminal-alien,0,1,0,0,1
2017-12-12,illegal-alien,0,0,0,0,0
2017-12-12,angel-mother,0,0,0,0,0
2017-12-12,angel-family,0,0,0,0,0
2017-12-13,criminal-alien,0,0,0,0,0
2017-12-13,illegal-alien,0,0,0,0,0
2017-12-13,angel-mother,0,0,0,0,0
2017-12-13,angel-family,0,0,0,0,0
2017-12-14,criminal-alien,0,0,0,0,0
2017-12-14,illegal-alien,0,0,0,0,0
2017-12-14,angel-mother,0,0,0,0,0
2017-12-14,angel-family,0,0,0,0,0
2017-12-15,criminal-alien,0,0,0,0,0
2017-12-15,illegal-alien,0,0,1,0,1
2017-12-15,angel-mother,0,0,0,0,0
2017-12-15,angel-family,0,0,0,0,0
2017-12-16,criminal-alien,0,0,0,0,0
2017-12-16,illegal-alien,0,0,0,0,0
2017-12-16,angel-mother,0,0,0,0,0
2017-12-16,angel-family,0,0,0,0,0
2017-12-17,criminal-alien,0,0,0,0,0
2017-12-17,illegal-alien,0,0,0,0,0
2017-12-17,angel-mother,0,0,0,0,0
2017-12-17,angel-family,0,0,0,0,0
2017-12-18,criminal-alien,0,0,0,0,0
2017-12-18,illegal-alien,0,0,0,0,0
2017-12-18,angel-mother,0,0,0,0,0
2017-12-18,angel-family,0,0,0,0,0
2017-12-19,criminal-alien,0,0,0,0,0
2017-12-19,illegal-alien,0,0,0,0,0
2017-12-19,angel-mother,0,0,0,0,0
2017-12-19,angel-family,0,0,0,0,0
2017-12-20,criminal-alien,0,0,0,0,0
2017-12-20,illegal-alien,0,0,0,0,0
2017-12-20,angel-mother,0,0,0,0,0
2017-12-20,angel-family,0,0,0,0,0
2017-12-21,criminal-alien,0,0,0,0,0
2017-12-21,illegal-alien,0,0,0,0,0
2017-12-21,angel-mother,0,0,0,0,0
2017-12-21,angel-family,0,0,0,0,0
2017-12-22,criminal-alien,0,0,0,0,0
2017-12-22,illegal-alien,0,0,0,0,0
2017-12-22,angel-mother,0,0,0,0,0
2017-12-22,angel-family,0,0,0,0,0
2017-12-23,criminal-alien,0,0,0,0,0
2017-12-23,illegal-alien,0,0,0,0,0
2017-12-23,angel-mother,0,0,0,0,0
2017-12-23,angel-family,0,0,0,0,0
2017-12-24,criminal-alien,0,0,0,0,0
2017-12-24,illegal-alien,0,0,0,0,0
2017-12-24,angel-mother,0,0,0,0,0
2017-12-24,angel-family,0,0,0,0,0
2017-12-25,criminal-alien,0,0,0,0,0
2017-12-25,illegal-alien,0,0,0,0,0
2017-12-25,angel-mother,0,0,0,0,0
2017-12-25,angel-family,0,0,0,0,0
2017-12-26,criminal-alien,0,0,0,0,0
2017-12-26,illegal-alien,0,0,0,0,0
2017-12-26,angel-mother,0,0,0,0,0
2017-12-26,angel-family,0,0,0,0,0
2017-12-27,criminal-alien,0,0,0,0,0
2017-12-27,illegal-alien,0,0,0,0,0
2017-12-27,angel-mother,0,0,0,0,0
2017-12-27,angel-family,0,0,0,0,0
2017-12-28,criminal-alien,0,0,0,0,0
2017-12-28,illegal-alien,0,0,0,0,0
2017-12-28,angel-mother,0,0,0,0,0
2017-12-28,angel-family,0,0,0,0,0
2017-12-29,criminal-alien,0,0,0,0,0
2017-12-29,illegal-alien,0,0,0,0,0
2017-12-29,angel-mother,0,0,0,0,0
2017-12-29,angel-family,0,0,0,0,0
2017-12-30,criminal-alien,0,0,0,0,0
2017-12-30,illegal-alien,0,0,0,0,0
2017-12-30,angel-mother,0,0,0,0,0
2017-12-30,angel-family,0,0,0,0,0
2017-12-31,criminal-alien,0,0,0,0,0
2017-12-31,illegal-alien,0,0,0,0,0
2017-12-31,angel-mother,0,0,0,0,0
2017-12-31,angel-family,0,0,0,0,0
2018-01-01,criminal-alien,0,0,0,0,0
2018-01-01,illegal-alien,0,0,0,0,0
2018-01-01,angel-mother,0,0,0,0,0
2018-01-01,angel-family,0,0,0,0,0
2018-01-02,criminal-alien,0,0,0,0,0
2018-01-02,illegal-alien,0,0,0,0,0
2018-01-02,angel-mother,0,0,0,0,0
2018-01-02,angel-family,0,0,0,0,0
2018-01-03,criminal-alien,0,0,0,0,0
2018-01-03,illegal-alien,0,0,0,0,0
2018-01-03,angel-mother,0,0,0,0,0
2018-01-03,angel-family,0,0,0,0,0
2018-01-04,criminal-alien,0,0,0,0,0
2018-01-04,illegal-alien,0,0,0,0,0
2018-01-04,angel-mother,0,0,0,0,0
2018-01-04,angel-family,0,0,0,0,0
2018-01-05,criminal-alien,0,0,0,0,0
2018-01-05,illegal-alien,0,0,0,0,0
2018-01-05,angel-mother,0,0,0,0,0
2018-01-05,angel-family,0,0,0,0,0
2018-01-06,criminal-alien,0,0,0,0,0
2018-01-06,illegal-alien,0,0,0,0,0
2018-01-06,angel-mother,0,0,0,0,0
2018-01-06,angel-family,0,0,0,0,0
2018-01-07,criminal-alien,0,0,0,0,0
2018-01-07,illegal-alien,0,0,0,0,0
2018-01-07,angel-mother,0,0,0,0,0
2018-01-07,angel-family,0,0,0,0,0
2018-01-08,criminal-alien,0,0,0,0,0
2018-01-08,illegal-alien,0,0,0,0,0
2018-01-08,angel-mother,0,0,0,0,0
2018-01-08,angel-family,0,0,0,0,0
2018-01-09,criminal-alien,0,1,0,0,1
2018-01-09,illegal-alien,0,0,0,0,0
2018-01-09,angel-mother,0,0,0,0,0
2018-01-09,angel-family,0,0,0,0,0
2018-01-10,criminal-alien,0,0,0,0,0
2018-01-10,illegal-alien,0,0,0,0,0
2018-01-10,angel-mother,0,0,0,0,0
2018-01-10,angel-family,0,0,0,0,0
2018-01-11,criminal-alien,0,0,0,0,0
2018-01-11,illegal-alien,0,0,0,0,0
2018-01-11,angel-mother,0,0,0,0,0
2018-01-11,angel-family,0,0,0,0,0
2018-01-12,criminal-alien,0,0,0,0,0
2018-01-12,illegal-alien,0,0,0,0,0
2018-01-12,angel-mother,0,0,0,0,0
2018-01-12,angel-family,0,0,0,0,0
2018-01-13,criminal-alien,0,0,0,0,0
2018-01-13,illegal-alien,0,0,0,0,0
2018-01-13,angel-mother,0,0,0,0,0
2018-01-13,angel-family,0,0,0,0,0
2018-01-14,criminal-alien,0,0,0,0,0
2018-01-14,illegal-alien,0,0,0,0,0
2018-01-14,angel-mother,0,0,0,0,0
2018-01-14,angel-family,0,0,0,0,0
2018-01-15,criminal-alien,0,0,0,0,0
2018-01-15,illegal-alien,0,0,0,0,0
2018-01-15,angel-mother,0,0,0,0,0
2018-01-15,angel-family,0,0,0,0,0
2018-01-16,criminal-alien,0,0,0,0,0
2018-01-16,illegal-alien,0,0,0,0,0
2018-01-16,angel-mother,0,0,0,0,0
2018-01-16,angel-family,0,0,0,0,0
2018-01-17,criminal-alien,0,0,0,0,0
2018-01-17,illegal-alien,0,0,0,0,0
2018-01-17,angel-mother,0,0,0,0,0
2018-01-17,angel-family,0,0,0,0,0
2018-01-18,criminal-alien,0,0,0,0,0
2018-01-18,illegal-alien,0,1,0,0,1
2018-01-18,angel-mother,0,0,0,0,0
2018-01-18,angel-family,0,0,0,0,0
2018-01-19,criminal-alien,0,0,0,0,0
2018-01-19,illegal-alien,0,0,0,0,0
2018-01-19,angel-mother,0,0,0,0,0
2018-01-19,angel-family,0,0,0,0,0
2018-01-20,criminal-alien,0,0,0,0,0
2018-01-20,illegal-alien,0,0,0,0,0
2018-01-20,angel-mother,0,0,0,0,0
2018-01-20,angel-family,0,0,0,0,0
2018-01-21,criminal-alien,0,0,0,0,0
2018-01-21,illegal-alien,0,0,0,0,0
2018-01-21,angel-mother,0,0,0,0,0
2018-01-21,angel-family,0,0,0,0,0
2018-01-22,criminal-alien,0,0,0,0,0
2018-01-22,illegal-alien,0,0,0,0,0
2018-01-22,angel-mother,0,0,0,0,0
2018-01-22,angel-family,0,0,0,0,0
2018-01-23,criminal-alien,0,0,0,0,0
2018-01-23,illegal-alien,0,0,0,0,0
2018-01-23,angel-mother,0,0,0,0,0
2018-01-23,angel-family,0,0,0,0,0
2018-01-24,criminal-alien,0,0,0,0,0
2018-01-24,illegal-alien,0,0,1,0,1
2018-01-24,angel-mother,0,0,0,0,0
2018-01-24,angel-family,0,0,0,0,0
2018-01-25,criminal-alien,0,0,0,0,0
2018-01-25,illegal-alien,0,0,1,0,1
2018-01-25,angel-mother,0,0,0,0,0
2018-01-25,angel-family,0,0,0,0,0
2018-01-26,criminal-alien,0,0,0,0,0
2018-01-26,illegal-alien,0,0,0,0,0
2018-01-26,angel-mother,0,0,0,0,0
2018-01-26,angel-family,0,0,0,0,0
2018-01-27,criminal-alien,0,0,0,0,0
2018-01-27,illegal-alien,0,0,0,0,0
2018-01-27,angel-mother,0,0,0,0,0
2018-01-27,angel-family,0,0,0,0,0
2018-01-28,criminal-alien,0,0,0,0,0
2018-01-28,illegal-alien,0,0,0,0,0
2018-01-28,angel-mother,0,0,0,0,0
2018-01-28,angel-family,0,0,0,0,0
2018-01-29,criminal-alien,0,1,0,0,1
2018-01-29,illegal-alien,0,0,0,0,0
2018-01-29,angel-mother,0,0,0,0,0
2018-01-29,angel-family,0,0,0,0,0
2018-01-30,criminal-alien,0,0,0,0,0
2018-01-30,illegal-alien,0,0,0,0,0
2018-01-30,angel-mother,0,0,0,0,0
2018-01-30,angel-family,0,0,0,0,0
2018-01-31,criminal-alien,0,0,0,0,0
2018-01-31,illegal-alien,0,0,0,0,0
2018-01-31,angel-mother,0,0,0,0,0
2018-01-31,angel-family,0,0,0,0,0
2018-02-01,criminal-alien,0,0,0,0,0
2018-02-01,illegal-alien,0,0,0,0,0
2018-02-01,angel-mother,0,0,0,0,0
2018-02-01,angel-family,0,0,0,0,0
2018-02-02,criminal-alien,0,0,0,0,0
2018-02-02,illegal-alien,0,0,0,0,0
2018-02-02,angel-mother,0,0,0,0,0
2018-02-02,angel-family,0,0,0,0,0
2018-02-03,criminal-alien,0,0,0,0,0
2018-02-03,illegal-alien,0,0,0,0,0
2018-02-03,angel-mother,0,0,0,0,0
2018-02-03,angel-family,0,0,0,0,0
2018-02-04,criminal-alien,0,0,0,0,0
2018-02-04,illegal-alien,0,0,0,0,0
2018-02-04,angel-mother,0,0,0,0,0
2018-02-04,angel-family,0,0,0,0,0
2018-02-05,criminal-alien,0,0,0,0,0
2018-02-05,illegal-alien,0,0,0,0,0
2018-02-05,angel-mother,0,0,0,0,0
2018-02-05,angel-family,0,0,0,0,0
2018-02-06,criminal-alien,0,0,0,0,0
2018-02-06,illegal-alien,0,0,0,0,0
2018-02-06,angel-mother,0,0,0,0,0
2018-02-06,angel-family,0,0,0,0,0
2018-02-07,criminal-alien,0,1,0,0,1
2018-02-07,illegal-alien,0,0,0,0,0
2018-02-07,angel-mother,0,0,0,0,0
2018-02-07,angel-family,0,0,0,0,0
2018-02-08,criminal-alien,0,0,0,0,0
2018-02-08,illegal-alien,0,0,0,0,0
2018-02-08,angel-mother,0,0,0,0,0
2018-02-08,angel-family,0,0,0,0,0
2018-02-09,criminal-alien,0,0,0,0,0
2018-02-09,illegal-alien,0,0,0,0,0
2018-02-09,angel-mother,0,0,0,0,0
2018-02-09,angel-family,0,0,0,0,0
2018-02-10,criminal-alien,0,0,0,0,0
2018-02-10,illegal-alien,0,0,0,0,0
2018-02-10,angel-mother,0,0,0,0,0
2018-02-10,angel-family,0,0,0,0,0
2018-02-11,criminal-alien,0,0,0,0,0
2018-02-11,illegal-alien,0,0,0,0,0
2018-02-11,angel-mother,0,0,0,0,0
2018-02-11,angel-family,0,0,0,0,0
2018-02-12,criminal-alien,0,0,0,0,0
2018-02-12,illegal-alien,0,0,0,0,0
2018-02-12,angel-mother,0,0,0,0,0
2018-02-12,angel-family,0,0,0,0,0
2018-02-13,criminal-alien,0,0,0,0,0
2018-02-13,illegal-alien,0,0,0,0,0
2018-02-13,angel-mother,0,0,0,0,0
2018-02-13,angel-family,0,0,0,0,0
2018-02-14,criminal-alien,0,0,0,0,0
2018-02-14,illegal-alien,0,0,0,0,0
2018-02-14,angel-mother,0,0,0,0,0
2018-02-14,angel-family,0,0,0,0,0
2018-02-15,criminal-alien,0,0,0,0,0
2018-02-15,illegal-alien,0,0,0,0,0
2018-02-15,angel-mother,0,0,0,0,0
2018-02-15,angel-family,0,0,0,0,0
2018-02-16,criminal-alien,0,0,0,0,0
2018-02-16,illegal-alien,0,0,0,0,0
2018-02-16,angel-mother,0,0,0,0,0
2018-02-16,angel-family,0,0,0,0,0
2018-02-17,criminal-alien,0,0,0,0,0
2018-02-17,illegal-alien,0,0,0,0,0
2018-02-17,angel-mother,0,0,0,0,0
2018-02-17,angel-family,0,0,0,0,0
2018-02-18,criminal-alien,0,0,0,0,0
2018-02-18,illegal-alien,0,0,0,0,0
2018-02-18,angel-mother,0,0,0,0,0
2018-02-18,angel-family,0,0,0,0,0
2018-02-19,criminal-alien,0,0,0,0,0
2018-02-19,illegal-alien,0,0,0,0,0
2018-02-19,angel-mother,0,0,0,0,0
2018-02-19,angel-family,0,0,0,0,0
2018-02-20,criminal-alien,0,0,0,0,0
2018-02-20,illegal-alien,0,0,0,0,0
2018-02-20,angel-mother,0,0,0,0,0
2018-02-20,angel-family,0,0,0,0,0
2018-02-21,criminal-alien,0,0,0,0,0
2018-02-21,illegal-alien,0,0,0,0,0
2018-02-21,angel-mother,0,0,0,0,0
2018-02-21,angel-family,0,0,0,0,0
2018-02-22,criminal-alien,0,0,0,0,0
2018-02-22,illegal-alien,0,1,0,0,1
2018-02-22,angel-mother,0,0,0,0,0
2018-02-22,angel-family,0,0,0,0,0
2018-02-23,criminal-alien,0,0,0,0,0
2018-02-23,illegal-alien,0,0,0,0,0
2018-02-23,angel-mother,0,0,0,0,0
2018-02-23,angel-family,0,0,0,0,0
2018-02-24,criminal-alien,0,0,0,0,0
2018-02-24,illegal-alien,0,0,0,0,0
2018-02-24,angel-mother,0,0,0,0,0
2018-02-24,angel-family,0,0,0,0,0
2018-02-25,criminal-alien,0,0,0,0,0
2018-02-25,illegal-alien,0,0,0,0,0
2018-02-25,angel-mother,0,0,0,0,0
2018-02-25,angel-family,0,0,0,0,0
2018-02-26,criminal-alien,0,0,0,0,0
2018-02-26,illegal-alien,0,0,0,0,0
2018-02-26,angel-mother,0,0,0,0,0
2018-02-26,angel-family,0,0,0,0,0
2018-02-27,criminal-alien,0,1,0,0,1
2018-02-27,illegal-alien,0,1,0,0,1
2018-02-27,angel-mother,0,0,0,0,0
2018-02-27,angel-family,0,0,0,0,0
2018-02-28,criminal-alien,0,0,0,0,0
2018-02-28,illegal-alien,0,0,0,0,0
2018-02-28,angel-mother,0,0,0,0,0
2018-02-28,angel-family,0,0,0,0,0
2018-03-01,criminal-alien,0,0,0,0,0
2018-03-01,illegal-alien,0,0,0,0,0
2018-03-01,angel-mother,0,0,0,0,0
2018-03-01,angel-family,0,0,0,0,0
2018-03-02,criminal-alien,0,0,0,0,0
2018-03-02,illegal-alien,0,1,0,0,1
2018-03-02,angel-mother,0,0,0,0,0
2018-03-02,angel-family,0,0,0,0,0
2018-03-03,criminal-alien,0,0,0,0,0
2018-03-03,illegal-alien,0,0,0,0,0
2018-03-03,angel-mother,0,0,0,0,0
2018-03-03,angel-family,0,0,0,0,0
2018-03-04,criminal-alien,0,0,0,0,0
2018-03-04,illegal-alien,0,0,0,0,0
2018-03-04,angel-mother,0,0,0,0,0
2018-03-04,angel-family,0,0,0,0,0
2018-03-05,criminal-alien,0,0,0,0,0
2018-03-05,illegal-alien,0,0,0,0,0
2018-03-05,angel-mother,0,0,0,0,0
2018-03-05,angel-family,0,0,0,0,0
2018-03-06,criminal-alien,0,0,0,0,0
2018-03-06,illegal-alien,0,0,0,0,0
2018-03-06,angel-mother,0,0,0,0,0
2018-03-06,angel-family,0,0,0,0,0
2018-03-07,criminal-alien,0,0,0,0,0
2018-03-07,illegal-alien,0,1,0,0,1
2018-03-07,angel-mother,0,0,0,0,0
2018-03-07,angel-family,0,0,0,0,0
2018-03-08,criminal-alien,0,0,0,1,1
2018-03-08,illegal-alien,0,0,0,0,0
2018-03-08,angel-mother,0,0,0,0,0
2018-03-08,angel-family,0,0,0,0,0
2018-03-09,criminal-alien,0,0,0,0,0
2018-03-09,illegal-alien,0,0,0,0,0
2018-03-09,angel-mother,0,0,0,0,0
2018-03-09,angel-family,0,0,0,0,0
2018-03-10,criminal-alien,0,0,0,0,0
2018-03-10,illegal-alien,0,0,0,0,0
2018-03-10,angel-mother,0,0,0,0,0
2018-03-10,angel-family,0,0,0,0,0
2018-03-11,criminal-alien,0,0,0,0,0
2018-03-11,illegal-alien,0,0,0,0,0
2018-03-11,angel-mother,0,0,0,0,0
2018-03-11,angel-family,0,0,0,0,0
2018-03-12,criminal-alien,0,0,0,0,0
2018-03-12,illegal-alien,0,0,0,0,0
2018-03-12,angel-mother,0,0,0,0,0
2018-03-12,angel-family,0,0,0,0,0
2018-03-13,criminal-alien,0,0,0,0,0
2018-03-13,illegal-alien,0,0,0,0,0
2018-03-13,angel-mother,0,0,0,0,0
2018-03-13,angel-family,0,0,0,0,0
2018-03-14,criminal-alien,0,1,0,0,1
2018-03-14,illegal-alien,0,0,0,0,0
2018-03-14,angel-mother,0,0,0,0,0
2018-03-14,angel-family,0,0,0,0,0
2018-03-15,criminal-alien,0,0,0,0,0
2018-03-15,illegal-alien,0,0,0,0,0
2018-03-15,angel-mother,0,0,0,0,0
2018-03-15,angel-family,0,0,0,0,0
2018-03-16,criminal-alien,0,0,0,0,0
2018-03-16,illegal-alien,0,0,0,0,0
2018-03-16,angel-mother,0,0,0,0,0
2018-03-16,angel-family,0,0,0,0,0
2018-03-17,criminal-alien,0,0,0,0,0
2018-03-17,illegal-alien,0,0,0,0,0
2018-03-17,angel-mother,0,0,0,0,0
2018-03-17,angel-family,0,0,0,0,0
2018-03-18,criminal-alien,0,0,0,0,0
2018-03-18,illegal-alien,0,0,0,0,0
2018-03-18,angel-mother,0,0,0,0,0
2018-03-18,angel-family,0,0,0,0,0
2018-03-19,criminal-alien,0,0,0,0,0
2018-03-19,illegal-alien,0,0,0,0,0
2018-03-19,angel-mother,0,0,0,0,0
2018-03-19,angel-family,0,0,0,0,0
2018-03-20,criminal-alien,0,0,0,0,0
2018-03-20,illegal-alien,0,0,0,0,0
2018-03-20,angel-mother,0,0,0,0,0
2018-03-20,angel-family,0,0,0,0,0
2018-03-21,criminal-alien,0,0,0,0,0
2018-03-21,illegal-alien,0,0,0,0,0
2018-03-21,angel-mother,0,0,0,0,0
2018-03-21,angel-family,0,0,0,0,0
2018-03-22,criminal-alien,0,0,0,0,0
2018-03-22,illegal-alien,0,0,0,0,0
2018-03-22,angel-mother,0,0,0,0,0
2018-03-22,angel-family,0,0,0,0,0
2018-03-23,criminal-alien,0,0,0,0,0
2018-03-23,illegal-alien,0,0,0,0,0
2018-03-23,angel-mother,0,0,0,0,0
2018-03-23,angel-family,0,0,0,0,0
2018-03-24,criminal-alien,0,0,0,0,0
2018-03-24,illegal-alien,0,0,0,0,0
2018-03-24,angel-mother,0,0,0,0,0
2018-03-24,angel-family,0,0,0,0,0
2018-03-25,criminal-alien,0,0,0,0,0
2018-03-25,illegal-alien,0,0,0,0,0
2018-03-25,angel-mother,0,0,0,0,0
2018-03-25,angel-family,0,0,0,0,0
2018-03-26,criminal-alien,0,0,0,0,0
2018-03-26,illegal-alien,0,0,0,0,0
2018-03-26,angel-mother,0,0,0,0,0
2018-03-26,angel-family,0,0,0,0,0
2018-03-27,criminal-alien,0,0,0,0,0
2018-03-27,illegal-alien,0,0,0,0,0
2018-03-27,angel-mother,0,0,0,0,0
2018-03-27,angel-family,0,0,0,0,0
2018-03-28,criminal-alien,0,1,0,0,1
2018-03-28,illegal-alien,0,0,0,0,0
2018-03-28,angel-mother,0,0,0,0,0
2018-03-28,angel-family,0,0,0,0,0
2018-03-29,criminal-alien,0,0,0,0,0
2018-03-29,illegal-alien,0,0,0,0,0
2018-03-29,angel-mother,0,0,0,0,0
2018-03-29,angel-family,0,0,0,0,0
2018-03-30,criminal-alien,0,0,0,0,0
2018-03-30,illegal-alien,0,0,0,0,0
2018-03-30,angel-mother,0,0,0,0,0
2018-03-30,angel-family,0,0,0,0,0
2018-03-31,criminal-alien,0,0,0,0,0
2018-03-31,illegal-alien,0,0,1,0,1
2018-03-31,angel-mother,0,0,0,0,0
2018-03-31,angel-family,0,0,0,0,0
2018-04-01,criminal-alien,0,0,0,0,0
2018-04-01,illegal-alien,0,0,0,0,0
2018-04-01,angel-mother,0,0,0,0,0
2018-04-01,angel-family,0,0,0,0,0
2018-04-02,criminal-alien,0,0,0,0,0
2018-04-02,illegal-alien,0,0,0,0,0
2018-04-02,angel-mother,0,0,0,0,0
2018-04-02,angel-family,0,0,0,0,0
2018-04-03,criminal-alien,0,0,0,0,0
2018-04-03,illegal-alien,0,0,0,0,0
2018-04-03,angel-mother,0,0,0,0,0
2018-04-03,angel-family,0,0,0,0,0
2018-04-04,criminal-alien,0,0,0,0,0
2018-04-04,illegal-alien,0,0,0,0,0
2018-04-04,angel-mother,0,0,0,0,0
2018-04-04,angel-family,0,0,0,0,0
2018-04-05,criminal-alien,0,0,0,0,0
2018-04-05,illegal-alien,0,0,0,0,0
2018-04-05,angel-mother,0,0,0,0,0
2018-04-05,angel-family,0,0,0,0,0
2018-04-06,criminal-alien,0,0,0,0,0
2018-04-06,illegal-alien,0,0,0,0,0
2018-04-06,angel-mother,0,0,0,0,0
2018-04-06,angel-family,0,0,0,0,0
2018-04-07,criminal-alien,0,0,0,0,0
2018-04-07,illegal-alien,0,0,0,0,0
2018-04-07,angel-mother,0,0,0,0,0
2018-04-07,angel-family,0,0,0,0,0
2018-04-08,criminal-alien,0,0,0,0,0
2018-04-08,illegal-alien,1,0,0,0,1
2018-04-08,angel-mother,0,0,0,0,0
2018-04-08,angel-family,0,0,0,0,0
2018-04-09,criminal-alien,0,0,0,0,0
2018-04-09,illegal-alien,0,0,0,0,0
2018-04-09,angel-mother,0,0,0,0,0
2018-04-09,angel-family,0,0,0,0,0
2018-04-10,criminal-alien,0,0,0,0,0
2018-04-10,illegal-alien,0,0,0,0,0
2018-04-10,angel-mother,0,0,0,0,0
2018-04-10,angel-family,0,0,0,0,0
2018-04-11,criminal-alien,0,0,0,0,0
2018-04-11,illegal-alien,0,0,0,0,0
2018-04-11,angel-mother,0,0,0,0,0
2018-04-11,angel-family,0,0,0,0,0
2018-04-12,criminal-alien,0,0,0,0,0
2018-04-12,illegal-alien,0,2,0,0,2
2018-04-12,angel-mother,0,0,0,0,0
2018-04-12,angel-family,0,0,0,0,0
2018-04-13,criminal-alien,0,0,0,0,0
2018-04-13,illegal-alien,0,0,0,0,0
2018-04-13,angel-mother,0,0,0,0,0
2018-04-13,angel-family,0,0,0,0,0
2018-04-14,criminal-alien,0,0,0,0,0
2018-04-14,illegal-alien,0,0,0,0,0
2018-04-14,angel-mother,0,0,0,0,0
2018-04-14,angel-family,0,0,0,0,0
2018-04-15,criminal-alien,0,0,0,0,0
2018-04-15,illegal-alien,0,0,0,0,0
2018-04-15,angel-mother,0,0,0,0,0
2018-04-15,angel-family,0,0,0,0,0
2018-04-16,criminal-alien,0,0,0,0,0
2018-04-16,illegal-alien,0,0,0,0,0
2018-04-16,angel-mother,0,0,0,0,0
2018-04-16,angel-family,0,0,0,0,0
2018-04-17,criminal-alien,0,0,0,0,0
2018-04-17,illegal-alien,0,0,0,0,0
2018-04-17,angel-mother,0,0,0,0,0
2018-04-17,angel-family,0,0,0,0,0
2018-04-18,criminal-alien,0,0,0,0,0
2018-04-18,illegal-alien,0,0,0,0,0
2018-04-18,angel-mother,0,0,0,0,0
2018-04-18,angel-family,0,0,0,0,0
2018-04-19,criminal-alien,0,0,0,0,0
2018-04-19,illegal-alien,0,0,0,0,0
2018-04-19,angel-mother,0,0,0,0,0
2018-04-19,angel-family,0,0,0,0,0
2018-04-20,criminal-alien,0,0,0,0,0
2018-04-20,illegal-alien,0,0,0,0,0
2018-04-20,angel-mother,0,0,0,0,0
2018-04-20,angel-family,0,0,0,0,0
2018-04-21,criminal-alien,0,0,0,0,0
2018-04-21,illegal-alien,0,0,0,0,0
2018-04-21,angel-mother,0,0,0,0,0
2018-04-21,angel-family,0,0,0,0,0
2018-04-22,criminal-alien,0,0,0,0,0
2018-04-22,illegal-alien,0,0,0,0,0
2018-04-22,angel-mother,0,0,0,0,0
2018-04-22,angel-family,0,0,0,0,0
2018-04-23,criminal-alien,0,0,0,0,0
2018-04-23,illegal-alien,0,1,0,0,1
2018-04-23,angel-mother,0,0,0,0,0
2018-04-23,angel-family,0,0,0,0,0
2018-04-24,criminal-alien,0,0,0,0,0
2018-04-24,illegal-alien,0,0,0,0,0
2018-04-24,angel-mother,0,0,0,0,0
2018-04-24,angel-family,0,0,0,0,0
2018-04-25,criminal-alien,0,1,0,0,1
2018-04-25,illegal-alien,0,0,0,0,0
2018-04-25,angel-mother,0,0,0,0,0
2018-04-25,angel-family,0,0,0,0,0
2018-04-26,criminal-alien,0,0,0,0,0
2018-04-26,illegal-alien,0,0,0,0,0
2018-04-26,angel-mother,0,0,0,0,0
2018-04-26,angel-family,0,0,0,0,0
2018-04-27,criminal-alien,0,0,0,1,1
2018-04-27,illegal-alien,0,0,0,0,0
2018-04-27,angel-mother,0,0,0,0,0
2018-04-27,angel-family,0,0,0,0,0
2018-04-28,criminal-alien,0,0,0,0,0
2018-04-28,illegal-alien,0,0,0,0,0
2018-04-28,angel-mother,0,0,0,0,0
2018-04-28,angel-family,0,0,0,0,0
2018-04-29,criminal-alien,0,0,0,1,1
2018-04-29,illegal-alien,0,0,0,0,0
2018-04-29,angel-mother,0,0,0,0,0
2018-04-29,angel-family,0,0,0,0,0
2018-04-30,criminal-alien,0,0,0,0,0
2018-04-30,illegal-alien,0,0,0,0,0
2018-04-30,angel-mother,0,0,0,0,0
2018-04-30,angel-family,0,0,0,0,0
2018-05-01,criminal-alien,0,0,0,0,0
2018-05-01,illegal-alien,0,0,0,0,0
2018-05-01,angel-mother,0,0,0,0,0
2018-05-01,angel-family,0,0,0,0,0
2018-05-02,criminal-alien,0,0,0,0,0
2018-05-02,illegal-alien,0,0,0,0,0
2018-05-02,angel-mother,0,0,0,0,0
2018-05-02,angel-family,0,0,0,0,0
2018-05-03,criminal-alien,0,0,0,0,0
2018-05-03,illegal-alien,0,0,0,0,0
2018-05-03,angel-mother,0,0,0,0,0
2018-05-03,angel-family,0,0,0,0,0
2018-05-04,criminal-alien,0,0,0,0,0
2018-05-04,illegal-alien,0,0,0,0,0
2018-05-04,angel-mother,0,0,0,0,0
2018-05-04,angel-family,0,0,0,0,0
2018-05-05,criminal-alien,0,0,0,0,0
2018-05-05,illegal-alien,0,0,0,0,0
2018-05-05,angel-mother,0,0,0,0,0
2018-05-05,angel-family,0,0,0,0,0
2018-05-06,criminal-alien,0,0,0,0,0
2018-05-06,illegal-alien,0,0,0,0,0
2018-05-06,angel-mother,0,0,0,0,0
2018-05-06,angel-family,0,0,0,0,0
2018-05-07,criminal-alien,0,0,0,0,0
2018-05-07,illegal-alien,0,0,0,0,0
2018-05-07,angel-mother,0,0,0,0,0
2018-05-07,angel-family,0,0,0,0,0
2018-05-08,criminal-alien,0,0,0,0,0
2018-05-08,illegal-alien,1,0,0,0,1
2018-05-08,angel-mother,0,0,0,0,0
2018-05-08,angel-family,0,0,0,0,0
2018-05-09,criminal-alien,0,0,0,0,0
2018-05-09,illegal-alien,0,0,0,0,0
2018-05-09,angel-mother,0,0,0,0,0
2018-05-09,angel-family,0,0,0,0,0
2018-05-10,criminal-alien,0,0,0,0,0
2018-05-10,illegal-alien,0,1,0,0,1
2018-05-10,angel-mother,0,0,0,0,0
2018-05-10,angel-family,0,0,0,0,0
2018-05-11,criminal-alien,0,0,0,0,0
2018-05-11,illegal-alien,0,0,0,0,0
2018-05-11,angel-mother,0,0,0,0,0
2018-05-11,angel-family,0,0,0,0,0
2018-05-12,criminal-alien,0,0,0,0,0
2018-05-12,illegal-alien,0,0,0,0,0
2018-05-12,angel-mother,0,0,0,0,0
2018-05-12,angel-family,0,0,0,0,0
2018-05-13,criminal-alien,0,0,0,0,0
2018-05-13,illegal-alien,0,0,0,0,0
2018-05-13,angel-mother,0,0,0,0,0
2018-05-13,angel-family,0,0,0,0,0
2018-05-14,criminal-alien,0,0,0,0,0
2018-05-14,illegal-alien,0,0,0,0,0
2018-05-14,angel-mother,0,0,0,0,0
2018-05-14,angel-family,0,0,0,0,0
2018-05-15,criminal-alien,0,0,0,0,0
2018-05-15,illegal-alien,0,0,0,0,0
2018-05-15,angel-mother,0,0,0,0,0
2018-05-15,angel-family,0,0,0,0,0
2018-05-16,criminal-alien,0,1,0,0,1
2018-05-16,illegal-alien,0,0,0,0,0
2018-05-16,angel-mother,0,0,0,0,0
2018-05-16,angel-family,0,0,0,0,0
2018-05-17,criminal-alien,0,1,0,1,2
2018-05-17,illegal-alien,0,0,0,0,0
2018-05-17,angel-mother,0,0,0,0,0
2018-05-17,angel-family,0,0,0,0,0
2018-05-18,criminal-alien,0,0,0,0,0
2018-05-18,illegal-alien,0,0,0,0,0
2018-05-18,angel-mother,0,0,0,0,0
2018-05-18,angel-family,0,0,0,0,0
2018-05-19,criminal-alien,0,0,0,0,0
2018-05-19,illegal-alien,0,0,0,0,0
2018-05-19,angel-mother,0,0,0,0,0
2018-05-19,angel-family,0,0,0,0,0
2018-05-20,criminal-alien,0,0,0,0,0
2018-05-20,illegal-alien,0,0,0,0,0
2018-05-20,angel-mother,0,0,0,0,0
2018-05-20,angel-family,0,0,0,0,0
2018-05-21,criminal-alien,0,0,0,0,0
2018-05-21,illegal-alien,0,0,0,0,0
2018-05-21,angel-mother,0,0,0,0,0
2018-05-21,angel-family,0,0,0,0,0
2018-05-22,criminal-alien,0,0,0,0,0
2018-05-22,illegal-alien,0,0,0,0,0
2018-05-22,angel-mother,0,0,0,0,0
2018-05-22,angel-family,0,0,0,0,0
2018-05-23,criminal-alien,0,1,0,0,1
2018-05-23,illegal-alien,0,0,0,0,0
2018-05-23,angel-mother,0,0,0,0,0
2018-05-23,angel-family,0,0,0,0,0
2018-05-24,criminal-alien,0,0,0,0,0
2018-05-24,illegal-alien,0,0,0,0,0
2018-05-24,angel-mother,0,0,0,0,0
2018-05-24,angel-family,0,0,0,0,0
2018-05-25,criminal-alien,0,0,0,0,0
2018-05-25,illegal-alien,0,0,0,0,0
2018-05-25,angel-mother,0,0,0,0,0
2018-05-25,angel-family,0,0,0,0,0
2018-05-26,criminal-alien,0,0,0,0,0
2018-05-26,illegal-alien,0,0,0,0,0
2018-05-26,angel-mother,0,0,0,0,0
2018-05-26,angel-family,0,0,0,0,0
2018-05-27,criminal-alien,0,0,0,0,0
2018-05-27,illegal-alien,0,0,0,0,0
2018-05-27,angel-mother,0,0,0,0,0
2018-05-27,angel-family,0,0,0,0,0
2018-05-28,criminal-alien,0,0,0,0,0
2018-05-28,illegal-alien,0,0,0,0,0
2018-05-28,angel-mother,0,0,0,0,0
2018-05-28,angel-family,0,0,0,0,0
2018-05-29,criminal-alien,0,0,0,0,0
2018-05-29,illegal-alien,0,0,0,0,0
2018-05-29,angel-mother,0,0,0,0,0
2018-05-29,angel-family,0,0,0,0,0
2018-05-30,criminal-alien,0,0,0,0,0
2018-05-30,illegal-alien,0,0,0,0,0
2018-05-30,angel-mother,0,0,0,0,0
2018-05-30,angel-family,0,0,0,0,0
2018-05-31,criminal-alien,0,0,0,0,0
2018-05-31,illegal-alien,0,0,0,0,0
2018-05-31,angel-mother,0,0,0,0,0
2018-05-31,angel-family,0,0,0,0,0
2018-06-01,criminal-alien,0,0,0,0,0
2018-06-01,illegal-alien,0,0,0,0,0
2018-06-01,angel-mother,0,0,0,0,0
2018-06-01,angel-family,0,0,0,0,0
2018-06-02,criminal-alien,0,0,0,0,0
2018-06-02,illegal-alien,0,0,0,0,0
2018-06-02,angel-mother,0,0,0,0,0
2018-06-02,angel-family,0,0,0,0,0
2018-06-03,criminal-alien,0,0,0,0,0
2018-06-03,illegal-alien,0,0,0,0,0
2018-06-03,angel-mother,0,0,0,0,0
2018-06-03,angel-family,0,0,0,0,0
2018-06-04,criminal-alien,0,0,0,0,0
2018-06-04,illegal-alien,0,0,0,1,1
2018-06-04,angel-mother,0,0,0,0,0
2018-06-04,angel-family,0,0,0,0,0
2018-06-05,criminal-alien,0,0,0,0,0
2018-06-05,illegal-alien,0,0,0,0,0
2018-06-05,angel-mother,0,0,0,0,0
2018-06-05,angel-family,0,0,0,0,0
2018-06-06,criminal-alien,0,0,0,0,0
2018-06-06,illegal-alien,0,1,0,0,1
2018-06-06,angel-mother,0,0,0,0,0
2018-06-06,angel-family,0,0,0,0,0
2018-06-07,criminal-alien,0,0,0,0,0
2018-06-07,illegal-alien,0,0,0,0,0
2018-06-07,angel-mother,0,0,0,0,0
2018-06-07,angel-family,0,0,0,0,0
2018-06-08,criminal-alien,0,0,0,0,0
2018-06-08,illegal-alien,0,0,0,0,0
2018-06-08,angel-mother,0,0,0,0,0
2018-06-08,angel-family,0,0,0,0,0
2018-06-09,criminal-alien,0,0,0,0,0
2018-06-09,illegal-alien,0,0,0,0,0
2018-06-09,angel-mother,0,0,0,0,0
2018-06-09,angel-family,0,0,0,0,0
2018-06-10,criminal-alien,0,0,0,0,0
2018-06-10,illegal-alien,0,0,0,0,0
2018-06-10,angel-mother,0,0,0,0,0
2018-06-10,angel-family,0,0,0,0,0
2018-06-11,criminal-alien,0,0,0,0,0
2018-06-11,illegal-alien,0,0,0,0,0
2018-06-11,angel-mother,0,0,0,0,0
2018-06-11,angel-family,0,0,0,0,0
2018-06-12,criminal-alien,0,1,0,0,1
2018-06-12,illegal-alien,0,0,0,0,0
2018-06-12,angel-mother,0,0,0,0,0
2018-06-12,angel-family,0,0,0,0,0
2018-06-13,criminal-alien,0,0,0,0,0
2018-06-13,illegal-alien,0,0,0,0,0
2018-06-13,angel-mother,0,0,0,0,0
2018-06-13,angel-family,0,0,0,0,0
2018-06-14,criminal-alien,0,1,0,0,1
2018-06-14,illegal-alien,0,1,0,0,1
2018-06-14,angel-mother,0,0,0,0,0
2018-06-14,angel-family,0,0,0,0,0
2018-06-15,criminal-alien,0,1,0,0,1
2018-06-15,illegal-alien,0,1,0,1,2
2018-06-15,angel-mother,0,0,0,0,0
2018-06-15,angel-family,0,0,0,0,0
2018-06-16,criminal-alien,0,0,0,0,0
2018-06-16,illegal-alien,0,0,0,1,1
2018-06-16,angel-mother,0,0,0,0,0
2018-06-16,angel-family,0,0,0,0,0
2018-06-17,criminal-alien,0,0,0,0,0
2018-06-17,illegal-alien,0,0,0,0,0
2018-06-17,angel-mother,0,0,0,0,0
2018-06-17,angel-family,0,0,0,0,0
2018-06-18,criminal-alien,0,0,0,0,0
2018-06-18,illegal-alien,0,0,0,0,0
2018-06-18,angel-mother,0,0,0,0,0
2018-06-18,angel-family,0,0,0,0,0
2018-06-19,criminal-alien,0,0,0,0,0
2018-06-19,illegal-alien,0,0,0,0,0
2018-06-19,angel-mother,0,0,0,0,0
2018-06-19,angel-family,0,0,0,0,0
2018-06-20,criminal-alien,0,0,0,0,0
2018-06-20,illegal-alien,0,0,0,0,0
2018-06-20,angel-mother,0,0,0,0,0
2018-06-20,angel-family,0,0,0,0,0
2018-06-21,criminal-alien,0,0,0,0,0
2018-06-21,illegal-alien,0,0,0,1,1
2018-06-21,angel-mother,0,0,0,0,0
2018-06-21,angel-family,0,0,0,0,0
2018-06-22,criminal-alien,0,2,0,3,5
2018-06-22,illegal-alien,0,0,0,2,2
2018-06-22,angel-mother,0,0,0,0,0
2018-06-22,angel-family,0,1,0,1,2
2018-06-23,criminal-alien,0,0,0,0,0
2018-06-23,illegal-alien,0,0,0,1,1
2018-06-23,angel-mother,0,0,0,0,0
2018-06-23,angel-family,0,0,0,0,0
2018-06-24,criminal-alien,0,0,0,0,0
2018-06-24,illegal-alien,0,0,0,0,0
2018-06-24,angel-mother,0,0,0,0,0
2018-06-24,angel-family,0,0,0,0,0
2018-06-25,criminal-alien,0,0,0,0,0
2018-06-25,illegal-alien,0,0,0,1,1
2018-06-25,angel-mother,0,0,0,0,0
2018-06-25,angel-family,0,0,0,0,0
2018-06-26,criminal-alien,0,0,0,0,0
2018-06-26,illegal-alien,0,0,0,0,0
2018-06-26,angel-mother,0,0,0,0,0
2018-06-26,angel-family,0,0,0,0,0
2018-06-27,criminal-alien,0,0,0,0,0
2018-06-27,illegal-alien,0,0,0,0,0
2018-06-27,angel-mother,0,0,0,0,0
2018-06-27,angel-family,0,0,0,0,0
2018-06-28,criminal-alien,0,0,0,0,0
2018-06-28,illegal-alien,0,0,0,0,0
2018-06-28,angel-mother,0,0,0,0,0
2018-06-28,angel-family,0,0,0,0,0
2018-06-29,criminal-alien,0,0,0,0,0
2018-06-29,illegal-alien,0,0,0,0,0
2018-06-29,angel-mother,0,0,0,0,0
2018-06-29,angel-family,0,0,0,0,0
2018-06-30,criminal-alien,0,0,0,0,0
2018-06-30,illegal-alien,0,0,0,0,0
2018-06-30,angel-mother,0,0,0,0,0
2018-06-30,angel-family,0,0,0,0,0
2018-07-01,criminal-alien,0,0,0,0,0
2018-07-01,illegal-alien,0,0,0,0,0
2018-07-01,angel-mother,0,0,0,0,0
2018-07-01,angel-family,0,0,0,0,0
2018-07-02,criminal-alien,0,2,0,0,2
2018-07-02,illegal-alien,0,0,0,0,0
2018-07-02,angel-mother,0,0,0,0,0
2018-07-02,angel-family,0,0,0,0,0
2018-07-03,criminal-alien,0,1,0,0,1
2018-07-03,illegal-alien,0,0,0,0,0
2018-07-03,angel-mother,0,0,0,0,0
2018-07-03,angel-family,0,0,0,0,0
2018-07-04,criminal-alien,0,0,0,0,0
2018-07-04,illegal-alien,0,0,0,0,0
2018-07-04,angel-mother,0,0,0,0,0
2018-07-04,angel-family,0,0,0,0,0
2018-07-05,criminal-alien,0,0,0,0,0
2018-07-05,illegal-alien,0,0,1,0,1
2018-07-05,angel-mother,0,0,0,0,0
2018-07-05,angel-family,0,0,0,0,0
2018-07-06,criminal-alien,0,0,0,1,1
2018-07-06,illegal-alien,0,0,0,0,0
2018-07-06,angel-mother,0,0,0,0,0
2018-07-06,angel-family,0,0,0,0,0
2018-07-07,criminal-alien,0,0,0,0,0
2018-07-07,illegal-alien,0,0,0,0,0
2018-07-07,angel-mother,0,0,0,0,0
2018-07-07,angel-family,0,0,0,0,0
2018-07-08,criminal-alien,0,0,0,0,0
2018-07-08,illegal-alien,0,0,0,0,0
2018-07-08,angel-mother,0,0,0,0,0
2018-07-08,angel-family,0,0,0,0,0
2018-07-09,criminal-alien,0,0,0,0,0
2018-07-09,illegal-alien,0,0,0,0,0
2018-07-09,angel-mother,0,0,0,0,0
2018-07-09,angel-family,0,0,0,0,0
2018-07-10,criminal-alien,0,0,0,0,0
2018-07-10,illegal-alien,0,0,0,0,0
2018-07-10,angel-mother,0,0,0,0,0
2018-07-10,angel-family,0,0,0,0,0
2018-07-11,criminal-alien,0,0,0,0,0
2018-07-11,illegal-alien,0,0,0,0,0
2018-07-11,angel-mother,0,0,0,0,0
2018-07-11,angel-family,0,0,0,0,0
2018-07-12,criminal-alien,0,0,0,0,0
2018-07-12,illegal-alien,0,0,0,0,0
2018-07-12,angel-mother,0,0,0,0,0
2018-07-12,angel-family,0,0,0,0,0
2018-07-13,criminal-alien,0,0,0,0,0
2018-07-13,illegal-alien,0,2,0,0,2
2018-07-13,angel-mother,0,0,0,0,0
2018-07-13,angel-family,0,0,0,0,0
2018-07-14,criminal-alien,0,0,0,0,0
2018-07-14,illegal-alien,0,0,0,0,0
2018-07-14,angel-mother,0,0,0,0,0
2018-07-14,angel-family,0,0,0,0,0
2018-07-15,criminal-alien,0,0,0,0,0
2018-07-15,illegal-alien,0,0,0,0,0
2018-07-15,angel-mother,0,0,0,0,0
2018-07-15,angel-family,0,0,0,0,0
2018-07-16,criminal-alien,0,0,0,0,0
2018-07-16,illegal-alien,0,1,0,0,1
2018-07-16,angel-mother,0,0,0,0,0
2018-07-16,angel-family,0,0,0,0,0
2018-07-17,criminal-alien,0,0,0,0,0
2018-07-17,illegal-alien,0,0,0,0,0
2018-07-17,angel-mother,0,0,0,0,0
2018-07-17,angel-family,0,0,0,0,0
2018-07-18,criminal-alien,0,0,0,0,0
2018-07-18,illegal-alien,0,1,0,0,1
2018-07-18,angel-mother,0,0,0,0,0
2018-07-18,angel-family,0,0,0,0,0
2018-07-19,criminal-alien,0,1,0,0,1
2018-07-19,illegal-alien,0,2,0,0,2
2018-07-19,angel-mother,0,0,0,0,0
2018-07-19,angel-family,0,0,0,0,0
2018-07-20,criminal-alien,0,0,0,0,0
2018-07-20,illegal-alien,0,0,0,0,0
2018-07-20,angel-mother,0,0,0,0,0
2018-07-20,angel-family,0,0,0,0,0
2018-07-21,criminal-alien,0,0,0,0,0
2018-07-21,illegal-alien,0,0,0,0,0
2018-07-21,angel-mother,0,0,0,0,0
2018-07-21,angel-family,0,0,0,0,0
2018-07-22,criminal-alien,0,0,0,0,0
2018-07-22,illegal-alien,0,0,0,0,0
2018-07-22,angel-mother,0,0,0,0,0
2018-07-22,angel-family,0,0,0,0,0
2018-07-23,criminal-alien,0,0,0,0,0
2018-07-23,illegal-alien,0,0,0,0,0
2018-07-23,angel-mother,0,0,0,0,0
2018-07-23,angel-family,0,0,0,0,0
2018-07-24,criminal-alien,0,0,0,0,0
2018-07-24,illegal-alien,0,1,0,0,1
2018-07-24,angel-mother,0,0,0,0,0
2018-07-24,angel-family,0,0,0,0,0
2018-07-25,criminal-alien,0,0,0,0,0
2018-07-25,illegal-alien,0,1,0,0,1
2018-07-25,angel-mother,0,0,0,0,0
2018-07-25,angel-family,0,0,0,0,0
2018-07-26,criminal-alien,0,1,0,0,1
2018-07-26,illegal-alien,0,2,0,0,2
2018-07-26,angel-mother,0,0,0,0,0
2018-07-26,angel-family,0,0,0,0,0
2018-07-27,criminal-alien,0,0,0,0,0
2018-07-27,illegal-alien,0,0,0,0,0
2018-07-27,angel-mother,0,0,0,0,0
2018-07-27,angel-family,0,0,0,0,0
2018-07-28,criminal-alien,0,0,0,0,0
2018-07-28,illegal-alien,0,0,0,0,0
2018-07-28,angel-mother,0,0,0,0,0
2018-07-28,angel-family,0,0,0,0,0
2018-07-29,criminal-alien,0,0,0,0,0
2018-07-29,illegal-alien,0,0,0,0,0
2018-07-29,angel-mother,0,0,0,0,0
2018-07-29,angel-family,0,0,0,0,0
2018-07-30,criminal-alien,0,0,0,0,0
2018-07-30,illegal-alien,0,0,0,0,0
2018-07-30,angel-mother,0,0,0,0,0
2018-07-30,angel-family,0,0,0,0,0
2018-07-31,criminal-alien,0,0,0,0,0
2018-07-31,illegal-alien,0,0,0,0,0
2018-07-31,angel-mother,0,0,0,0,0
2018-07-31,angel-family,0,0,0,0,0
2018-08-01,criminal-alien,0,0,0,0,0
2018-08-01,illegal-alien,0,0,0,0,0
2018-08-01,angel-mother,0,0,0,0,0
2018-08-01,angel-family,0,0,0,0,0
2018-08-02,criminal-alien,0,0,0,0,0
2018-08-02,illegal-alien,0,0,0,0,0
2018-08-02,angel-mother,0,0,0,0,0
2018-08-02,angel-family,0,0,0,0,0
2018-08-03,criminal-alien,0,0,0,0,0
2018-08-03,illegal-alien,0,0,0,0,0
2018-08-03,angel-mother,0,0,0,0,0
2018-08-03,angel-family,0,0,0,0,0
2018-08-04,criminal-alien,0,0,0,0,0
2018-08-04,illegal-alien,0,0,0,0,0
2018-08-04,angel-mother,0,0,0,0,0
2018-08-04,angel-family,0,0,0,0,0
2018-08-05,criminal-alien,0,0,0,0,0
2018-08-05,illegal-alien,0,0,0,0,0
2018-08-05,angel-mother,0,0,0,0,0
2018-08-05,angel-family,0,0,0,0,0
2018-08-06,criminal-alien,0,0,0,0,0
2018-08-06,illegal-alien,0,0,0,0,0
2018-08-06,angel-mother,0,0,0,0,0
2018-08-06,angel-family,0,0,0,0,0
2018-08-07,criminal-alien,0,0,0,0,0
2018-08-07,illegal-alien,0,0,0,0,0
2018-08-07,angel-mother,0,0,0,0,0
2018-08-07,angel-family,0,0,0,0,0
2018-08-08,criminal-alien,0,0,0,0,0
2018-08-08,illegal-alien,0,0,0,0,0
2018-08-08,angel-mother,0,0,0,0,0
2018-08-08,angel-family,0,0,0,0,0
2018-08-09,criminal-alien,0,0,0,0,0
2018-08-09,illegal-alien,0,1,0,0,1
2018-08-09,angel-mother,0,0,0,0,0
2018-08-09,angel-family,0,0,0,0,0
2018-08-10,criminal-alien,0,0,0,0,0
2018-08-10,illegal-alien,0,0,0,0,0
2018-08-10,angel-mother,0,0,0,0,0
2018-08-10,angel-family,0,0,0,0,0
2018-08-11,criminal-alien,0,0,0,0,0
2018-08-11,illegal-alien,0,0,0,0,0
2018-08-11,angel-mother,0,0,0,0,0
2018-08-11,angel-family,0,0,0,0,0
2018-08-12,criminal-alien,0,0,0,0,0
2018-08-12,illegal-alien,0,0,0,0,0
2018-08-12,angel-mother,0,0,0,0,0
2018-08-12,angel-family,0,0,0,0,0
2018-08-13,criminal-alien,0,1,0,0,1
2018-08-13,illegal-alien,0,0,0,0,0
2018-08-13,angel-mother,0,0,0,0,0
2018-08-13,angel-family,0,0,0,0,0
2018-08-14,criminal-alien,0,0,0,0,0
2018-08-14,illegal-alien,0,0,0,0,0
2018-08-14,angel-mother,0,0,0,0,0
2018-08-14,angel-family,0,0,0,0,0
2018-08-15,criminal-alien,0,1,0,0,1
2018-08-15,illegal-alien,0,0,0,0,0
2018-08-15,angel-mother,0,0,0,0,0
2018-08-15,angel-family,0,0,0,0,0
2018-08-16,criminal-alien,0,0,0,0,0
2018-08-16,illegal-alien,0,0,0,0,0
2018-08-16,angel-mother,0,0,0,0,0
2018-08-16,angel-family,0,0,0,0,0
2018-08-17,criminal-alien,0,0,0,0,0
2018-08-17,illegal-alien,0,0,0,0,0
2018-08-17,angel-mother,0,0,0,0,0
2018-08-17,angel-family,0,0,0,0,0
2018-08-18,criminal-alien,0,0,0,0,0
2018-08-18,illegal-alien,0,0,0,0,0
2018-08-18,angel-mother,0,0,0,0,0
2018-08-18,angel-family,0,0,0,0,0
2018-08-19,criminal-alien,0,0,0,0,0
2018-08-19,illegal-alien,0,0,0,0,0
2018-08-19,angel-mother,0,0,0,0,0
2018-08-19,angel-family,0,0,0,0,0
2018-08-20,criminal-alien,0,0,0,0,0
2018-08-20,illegal-alien,0,1,0,0,1
2018-08-20,angel-mother,0,0,0,0,0
2018-08-20,angel-family,0,0,0,0,0
2018-08-21,criminal-alien,0,0,0,0,0
2018-08-21,illegal-alien,0,0,0,0,0
2018-08-21,angel-mother,0,0,0,0,0
2018-08-21,angel-family,0,0,0,0,0
2018-08-22,criminal-alien,0,0,0,0,0
2018-08-22,illegal-alien,0,0,0,1,1
2018-08-22,angel-mother,0,0,0,0,0
2018-08-22,angel-family,0,0,0,0,0
2018-08-23,criminal-alien,0,0,0,0,0
2018-08-23,illegal-alien,0,0,0,0,0
2018-08-23,angel-mother,0,0,0,0,0
2018-08-23,angel-family,0,0,0,0,0
2018-08-24,criminal-alien,0,0,0,0,0
2018-08-24,illegal-alien,0,0,0,0,0
2018-08-24,angel-mother,0,0,0,0,0
2018-08-24,angel-family,0,0,0,0,0
2018-08-25,criminal-alien,0,0,0,0,0
2018-08-25,illegal-alien,0,0,0,0,0
2018-08-25,angel-mother,0,0,0,0,0
2018-08-25,angel-family,0,0,0,0,0
2018-08-26,criminal-alien,0,0,0,0,0
2018-08-26,illegal-alien,0,0,0,0,0
2018-08-26,angel-mother,0,0,0,0,0
2018-08-26,angel-family,0,0,0,0,0
2018-08-27,criminal-alien,0,0,0,0,0
2018-08-27,illegal-alien,0,0,0,0,0
2018-08-27,angel-mother,0,0,0,0,0
2018-08-27,angel-family,0,0,0,0,0
2018-08-28,criminal-alien,0,0,0,0,0
2018-08-28,illegal-alien,0,1,0,0,1
2018-08-28,angel-mother,0,0,0,0,0
2018-08-28,angel-family,0,0,0,0,0
2018-08-29,criminal-alien,0,0,0,0,0
2018-08-29,illegal-alien,0,0,0,0,0
2018-08-29,angel-mother,0,0,0,0,0
2018-08-29,angel-family,0,0,0,0,0
2018-08-30,criminal-alien,0,0,0,0,0
2018-08-30,illegal-alien,0,2,0,0,2
2018-08-30,angel-mother,0,0,0,0,0
2018-08-30,angel-family,0,0,0,0,0
2018-08-31,criminal-alien,0,1,0,0,1
2018-08-31,illegal-alien,0,0,0,0,0
2018-08-31,angel-mother,0,0,0,0,0
2018-08-31,angel-family,0,0,0,0,0
2018-09-01,criminal-alien,0,0,0,0,0
2018-09-01,illegal-alien,0,0,0,0,0
2018-09-01,angel-mother,0,0,0,0,0
2018-09-01,angel-family,0,0,0,0,0
2018-09-02,criminal-alien,0,0,0,0,0
2018-09-02,illegal-alien,0,0,0,0,0
2018-09-02,angel-mother,0,0,0,0,0
2018-09-02,angel-family,0,0,0,0,0
2018-09-03,criminal-alien,0,0,0,0,0
2018-09-03,illegal-alien,0,0,0,0,0
2018-09-03,angel-mother,0,0,0,0,0
2018-09-03,angel-family,0,0,0,0,0
2018-09-04,criminal-alien,0,0,0,0,0
2018-09-04,illegal-alien,0,0,0,0,0
2018-09-04,angel-mother,0,0,0,0,0
2018-09-04,angel-family,0,0,0,0,0
2018-09-05,criminal-alien,0,0,0,0,0
2018-09-05,illegal-alien,0,2,0,0,2
2018-09-05,angel-mother,0,0,0,0,0
2018-09-05,angel-family,0,0,0,0,0
2018-09-06,criminal-alien,0,1,0,0,1
2018-09-06,illegal-alien,0,0,0,0,0
2018-09-06,angel-mother,0,0,0,0,0
2018-09-06,angel-family,0,0,0,0,0
2018-09-07,criminal-alien,0,0,0,0,0
2018-09-07,illegal-alien,0,0,0,0,0
2018-09-07,angel-mother,0,0,0,0,0
2018-09-07,angel-family,0,0,0,0,0
2018-09-08,criminal-alien,0,0,0,0,0
2018-09-08,illegal-alien,0,0,0,0,0
2018-09-08,angel-mother,0,0,0,0,0
2018-09-08,angel-family,0,0,0,0,0
2018-09-09,criminal-alien,0,0,0,0,0
2018-09-09,illegal-alien,0,0,0,0,0
2018-09-09,angel-mother,0,0,0,0,0
2018-09-09,angel-family,0,0,0,0,0
2018-09-10,criminal-alien,0,0,0,0,0
2018-09-10,illegal-alien,0,0,0,0,0
2018-09-10,angel-mother,0,0,0,0,0
2018-09-10,angel-family,0,0,0,0,0
2018-09-11,criminal-alien,0,0,0,0,0
2018-09-11,illegal-alien,0,0,0,0,0
2018-09-11,angel-mother,0,0,0,0,0
2018-09-11,angel-family,0,0,0,0,0
2018-09-12,criminal-alien,0,0,0,0,0
2018-09-12,illegal-alien,0,0,0,0,0
2018-09-12,angel-mother,0,0,0,0,0
2018-09-12,angel-family,0,0,0,0,0
2018-09-13,criminal-alien,0,0,0,0,0
2018-09-13,illegal-alien,0,1,0,0,1
2018-09-13,angel-mother,0,0,0,0,0
2018-09-13,angel-family,0,0,0,0,0
2018-09-14,criminal-alien,0,0,0,0,0
2018-09-14,illegal-alien,0,0,0,0,0
2018-09-14,angel-mother,0,0,0,0,0
2018-09-14,angel-family,0,0,0,0,0
2018-09-15,criminal-alien,0,0,0,0,0
2018-09-15,illegal-alien,0,0,0,0,0
2018-09-15,angel-mother,0,0,0,0,0
2018-09-15,angel-family,0,0,0,0,0
2018-09-16,criminal-alien,0,0,0,0,0
2018-09-16,illegal-alien,0,0,0,0,0
2018-09-16,angel-mother,0,0,0,0,0
2018-09-16,angel-family,0,0,0,0,0
2018-09-17,criminal-alien,0,0,0,0,0
2018-09-17,illegal-alien,0,0,0,0,0
2018-09-17,angel-mother,0,0,0,0,0
2018-09-17,angel-family,0,0,0,0,0
2018-09-18,criminal-alien,0,0,0,0,0
2018-09-18,illegal-alien,0,0,0,0,0
2018-09-18,angel-mother,0,0,0,0,0
2018-09-18,angel-family,0,0,0,0,0
2018-09-19,criminal-alien,0,0,0,0,0
2018-09-19,illegal-alien,0,0,0,0,0
2018-09-19,angel-mother,0,0,0,0,0
2018-09-19,angel-family,0,0,0,0,0
2018-09-20,criminal-alien,0,1,0,0,1
2018-09-20,illegal-alien,0,0,0,0,0
2018-09-20,angel-mother,0,0,0,0,0
2018-09-20,angel-family,0,0,0,0,0
2018-09-21,criminal-alien,0,0,0,0,0
2018-09-21,illegal-alien,0,0,0,0,0
2018-09-21,angel-mother,0,0,0,0,0
2018-09-21,angel-family,0,0,0,0,0
2018-09-22,criminal-alien,0,0,0,0,0
2018-09-22,illegal-alien,0,0,0,0,0
2018-09-22,angel-mother,0,0,0,0,0
2018-09-22,angel-family,0,0,0,0,0
2018-09-23,criminal-alien,0,0,0,0,0
2018-09-23,illegal-alien,0,0,0,0,0
2018-09-23,angel-mother,0,0,0,0,0
2018-09-23,angel-family,0,0,0,0,0
2018-09-24,criminal-alien,0,0,0,0,0
2018-09-24,illegal-alien,0,0,0,0,0
2018-09-24,angel-mother,0,0,0,0,0
2018-09-24,angel-family,0,0,0,0,0
2018-09-25,criminal-alien,0,0,0,0,0
2018-09-25,illegal-alien,0,0,0,0,0
2018-09-25,angel-mother,0,0,0,0,0
2018-09-25,angel-family,0,0,0,0,0
2018-09-26,criminal-alien,0,1,0,0,1
2018-09-26,illegal-alien,0,0,0,0,0
2018-09-26,angel-mother,0,0,0,0,0
2018-09-26,angel-family,0,0,0,0,0
2018-09-27,criminal-alien,0,0,0,0,0
2018-09-27,illegal-alien,0,0,0,0,0
2018-09-27,angel-mother,0,0,0,0,0
2018-09-27,angel-family,0,0,0,0,0
2018-09-28,criminal-alien,0,1,0,0,1
2018-09-28,illegal-alien,0,0,0,0,0
2018-09-28,angel-mother,0,0,0,0,0
2018-09-28,angel-family,0,0,0,0,0
2018-09-29,criminal-alien,0,0,0,0,0
2018-09-29,illegal-alien,0,0,0,0,0
2018-09-29,angel-mother,0,0,0,0,0
2018-09-29,angel-family,0,0,0,0,0
2018-09-30,criminal-alien,0,0,0,0,0
2018-09-30,illegal-alien,0,0,0,0,0
2018-09-30,angel-mother,0,0,0,0,0
2018-09-30,angel-family,0,0,0,0,0
2018-10-01,criminal-alien,0,0,0,0,0
2018-10-01,illegal-alien,0,0,0,0,0
2018-10-01,angel-mother,0,0,0,0,0
2018-10-01,angel-family,0,0,0,0,0
2018-10-02,criminal-alien,0,0,0,0,0
2018-10-02,illegal-alien,0,0,0,0,0
2018-10-02,angel-mother,0,0,0,0,0
2018-10-02,angel-family,0,0,0,0,0
2018-10-03,criminal-alien,0,0,0,0,0
2018-10-03,illegal-alien,0,0,0,0,0
2018-10-03,angel-mother,0,0,0,0,0
2018-10-03,angel-family,0,0,0,0,0
2018-10-04,criminal-alien,0,0,0,0,0
2018-10-04,illegal-alien,0,0,0,0,0
2018-10-04,angel-mother,0,0,0,0,0
2018-10-04,angel-family,0,0,0,0,0
2018-10-05,criminal-alien,0,0,0,0,0
2018-10-05,illegal-alien,0,0,0,0,0
2018-10-05,angel-mother,0,0,0,0,0
2018-10-05,angel-family,0,0,0,0,0
2018-10-06,criminal-alien,0,0,0,0,0
2018-10-06,illegal-alien,0,0,0,0,0
2018-10-06,angel-mother,0,0,0,0,0
2018-10-06,angel-family,0,0,0,0,0
2018-10-07,criminal-alien,0,0,0,0,0
2018-10-07,illegal-alien,0,0,0,0,0
2018-10-07,angel-mother,0,0,0,0,0
2018-10-07,angel-family,0,0,0,0,0
2018-10-08,criminal-alien,0,0,0,0,0
2018-10-08,illegal-alien,0,0,0,0,0
2018-10-08,angel-mother,0,0,0,0,0
2018-10-08,angel-family,0,0,0,0,0
2018-10-09,criminal-alien,0,0,0,0,0
2018-10-09,illegal-alien,0,1,0,0,1
2018-10-09,angel-mother,0,0,0,0,0
2018-10-09,angel-family,0,0,0,0,0
2018-10-10,criminal-alien,0,1,0,0,1
2018-10-10,illegal-alien,0,0,0,0,0
2018-10-10,angel-mother,0,0,0,0,0
2018-10-10,angel-family,0,0,0,0,0
2018-10-11,criminal-alien,0,0,0,0,0
2018-10-11,illegal-alien,0,0,0,0,0
2018-10-11,angel-mother,0,0,0,0,0
2018-10-11,angel-family,0,0,0,0,0
2018-10-12,criminal-alien,0,0,0,0,0
2018-10-12,illegal-alien,0,0,0,0,0
2018-10-12,angel-mother,0,0,0,0,0
2018-10-12,angel-family,0,0,0,0,0
2018-10-13,criminal-alien,0,0,0,0,0
2018-10-13,illegal-alien,0,0,0,0,0
2018-10-13,angel-mother,0,0,0,0,0
2018-10-13,angel-family,0,0,0,0,0
2018-10-14,criminal-alien,0,0,0,0,0
2018-10-14,illegal-alien,0,0,0,0,0
2018-10-14,angel-mother,0,0,0,0,0
2018-10-14,angel-family,0,0,0,0,0
2018-10-15,criminal-alien,0,0,0,0,0
2018-10-15,illegal-alien,0,0,0,0,0
2018-10-15,angel-mother,0,0,0,0,0
2018-10-15,angel-family,0,0,0,0,0
2018-10-16,criminal-alien,0,0,0,0,0
2018-10-16,illegal-alien,0,0,0,0,0
2018-10-16,angel-mother,0,0,0,0,0
2018-10-16,angel-family,0,0,0,0,0
2018-10-17,criminal-alien,0,1,0,0,1
2018-10-17,illegal-alien,0,0,0,0,0
2018-10-17,angel-mother,0,0,0,0,0
2018-10-17,angel-family,0,0,0,0,0
2018-10-18,criminal-alien,0,0,0,0,0
2018-10-18,illegal-alien,0,0,0,0,0
2018-10-18,angel-mother,0,0,0,0,0
2018-10-18,angel-family,0,0,0,0,0
2018-10-19,criminal-alien,0,0,0,0,0
2018-10-19,illegal-alien,0,0,0,0,0
2018-10-19,angel-mother,0,0,0,0,0
2018-10-19,angel-family,0,0,0,0,0
2018-10-20,criminal-alien,0,0,0,0,0
2018-10-20,illegal-alien,0,0,0,0,0
2018-10-20,angel-mother,0,0,0,0,0
2018-10-20,angel-family,0,0,0,0,0
2018-10-21,criminal-alien,0,0,0,0,0
2018-10-21,illegal-alien,0,0,0,0,0
2018-10-21,angel-mother,0,0,0,0,0
2018-10-21,angel-family,0,0,0,0,0
2018-10-22,criminal-alien,0,0,0,0,0
2018-10-22,illegal-alien,0,0,0,0,0
2018-10-22,angel-mother,0,0,0,0,0
2018-10-22,angel-family,0,0,0,0,0
2018-10-23,criminal-alien,0,0,0,0,0
2018-10-23,illegal-alien,0,0,0,0,0
2018-10-23,angel-mother,0,0,0,0,0
2018-10-23,angel-family,0,0,0,0,0
2018-10-24,criminal-alien,0,0,0,0,0
2018-10-24,illegal-alien,0,0,0,0,0
2018-10-24,angel-mother,0,0,0,0,0
2018-10-24,angel-family,0,0,0,0,0
2018-10-25,criminal-alien,0,0,0,0,0
2018-10-25,illegal-alien,0,0,1,0,1
2018-10-25,angel-mother,0,0,0,0,0
2018-10-25,angel-family,0,0,0,0,0
2018-10-26,criminal-alien,0,0,0,0,0
2018-10-26,illegal-alien,0,0,0,0,0
2018-10-26,angel-mother,0,0,0,0,0
2018-10-26,angel-family,0,0,0,0,0
2018-10-27,criminal-alien,0,0,0,0,0
2018-10-27,illegal-alien,0,0,1,0,1
2018-10-27,angel-mother,0,0,0,0,0
2018-10-27,angel-family,0,0,0,0,0
2018-10-28,criminal-alien,0,0,0,0,0
2018-10-28,illegal-alien,0,0,0,0,0
2018-10-28,angel-mother,0,0,0,0,0
2018-10-28,angel-family,0,0,0,0,0
2018-10-29,criminal-alien,0,0,0,0,0
2018-10-29,illegal-alien,0,0,0,0,0
2018-10-29,angel-mother,0,0,0,0,0
2018-10-29,angel-family,0,0,0,0,0
2018-10-30,criminal-alien,0,0,0,0,0
2018-10-30,illegal-alien,0,1,0,0,1
2018-10-30,angel-mother,0,0,0,0,0
2018-10-30,angel-family,0,0,0,0,0
2018-10-31,criminal-alien,0,0,0,0,0
2018-10-31,illegal-alien,0,0,0,0,0
2018-10-31,angel-mother,0,0,0,0,0
2018-10-31,angel-family,0,0,0,0,0
2018-11-01,criminal-alien,0,0,0,0,0
2018-11-01,illegal-alien,0,0,0,0,0
2018-11-01,angel-mother,0,0,0,0,0
2018-11-01,angel-family,0,0,0,0,0
2018-11-02,criminal-alien,0,0,0,0,0
2018-11-02,illegal-alien,0,0,0,0,0
2018-11-02,angel-mother,0,0,0,0,0
2018-11-02,angel-family,0,0,0,0,0
2018-11-03,criminal-alien,0,0,0,0,0
2018-11-03,illegal-alien,0,0,0,0,0
2018-11-03,angel-mother,0,0,0,0,0
2018-11-03,angel-family,0,0,0,0,0
2018-11-04,criminal-alien,0,0,0,0,0
2018-11-04,illegal-alien,0,0,0,0,0
2018-11-04,angel-mother,0,0,0,0,0
2018-11-04,angel-family,0,0,0,0,0
2018-11-05,criminal-alien,0,0,0,0,0
2018-11-05,illegal-alien,0,0,0,0,0
2018-11-05,angel-mother,0,0,0,0,0
2018-11-05,angel-family,0,0,0,0,0
2018-11-06,criminal-alien,0,0,0,0,0
2018-11-06,illegal-alien,0,0,0,0,0
2018-11-06,angel-mother,0,0,0,0,0
2018-11-06,angel-family,0,0,0,0,0
2018-11-07,criminal-alien,0,1,0,0,1
2018-11-07,illegal-alien,0,1,0,0,1
2018-11-07,angel-mother,0,0,0,0,0
2018-11-07,angel-family,0,0,0,0,0
2018-11-08,criminal-alien,0,0,0,0,0
2018-11-08,illegal-alien,0,0,0,0,0
2018-11-08,angel-mother,0,0,0,0,0
2018-11-08,angel-family,0,0,0,0,0
2018-11-09,criminal-alien,0,0,0,0,0
2018-11-09,illegal-alien,0,0,0,0,0
2018-11-09,angel-mother,0,0,0,0,0
2018-11-09,angel-family,0,0,0,0,0
2018-11-10,criminal-alien,0,0,0,0,0
2018-11-10,illegal-alien,0,0,0,0,0
2018-11-10,angel-mother,0,0,0,0,0
2018-11-10,angel-family,0,0,0,0,0
2018-11-11,criminal-alien,0,0,0,0,0
2018-11-11,illegal-alien,0,0,0,0,0
2018-11-11,angel-mother,0,0,0,0,0
2018-11-11,angel-family,0,0,0,0,0
2018-11-12,criminal-alien,0,0,0,0,0
2018-11-12,illegal-alien,0,0,0,0,0
2018-11-12,angel-mother,0,0,0,0,0
2018-11-12,angel-family,0,0,0,0,0
2018-11-13,criminal-alien,0,0,0,0,0
2018-11-13,illegal-alien,0,0,1,0,1
2018-11-13,angel-mother,0,0,0,0,0
2018-11-13,angel-family,0,0,0,0,0
2018-11-14,criminal-alien,0,1,0,0,1
2018-11-14,illegal-alien,0,1,0,0,1
2018-11-14,angel-mother,0,0,0,0,0
2018-11-14,angel-family,0,0,0,0,0
2018-11-15,criminal-alien,0,0,0,0,0
2018-11-15,illegal-alien,0,2,0,0,2
2018-11-15,angel-mother,0,0,0,0,0
2018-11-15,angel-family,0,0,0,0,0
2018-11-16,criminal-alien,0,1,0,0,1
2018-11-16,illegal-alien,0,1,0,0,1
2018-11-16,angel-mother,0,0,0,0,0
2018-11-16,angel-family,0,0,0,0,0
2018-11-17,criminal-alien,0,0,0,0,0
2018-11-17,illegal-alien,0,0,1,0,1
2018-11-17,angel-mother,0,0,0,0,0
2018-11-17,angel-family,0,0,0,0,0
2018-11-18,criminal-alien,0,0,0,0,0
2018-11-18,illegal-alien,0,0,0,0,0
2018-11-18,angel-mother,0,0,0,0,0
2018-11-18,angel-family,0,0,0,0,0
2018-11-19,criminal-alien,0,0,0,0,0
2018-11-19,illegal-alien,0,1,0,0,1
2018-11-19,angel-mother,0,0,0,0,0
2018-11-19,angel-family,0,0,0,0,0
2018-11-20,criminal-alien,0,0,0,0,0
2018-11-20,illegal-alien,0,0,0,0,0
2018-11-20,angel-mother,0,0,0,0,0
2018-11-20,angel-family,0,0,0,0,0
2018-11-21,criminal-alien,0,0,0,0,0
2018-11-21,illegal-alien,0,1,0,0,1
2018-11-21,angel-mother,0,0,0,0,0
2018-11-21,angel-family,0,0,0,0,0
2018-11-22,criminal-alien,0,0,0,0,0
2018-11-22,illegal-alien,0,0,0,0,0
2018-11-22,angel-mother,0,0,0,0,0
2018-11-22,angel-family,0,0,0,0,0
2018-11-23,criminal-alien,0,0,0,0,0
2018-11-23,illegal-alien,0,0,0,0,0
2018-11-23,angel-mother,0,0,0,0,0
2018-11-23,angel-family,0,0,0,0,0
2018-11-24,criminal-alien,0,0,0,0,0
2018-11-24,illegal-alien,0,0,0,0,0
2018-11-24,angel-mother,0,0,0,0,0
2018-11-24,angel-family,0,0,0,0,0
2018-11-25,criminal-alien,0,0,0,0,0
2018-11-25,illegal-alien,0,0,0,0,0
2018-11-25,angel-mother,0,0,0,0,0
2018-11-25,angel-family,0,0,0,0,0
2018-11-26,criminal-alien,0,0,0,0,0
2018-11-26,illegal-alien,0,0,1,0,1
2018-11-26,angel-mother,0,0,0,0,0
2018-11-26,angel-family,0,0,0,0,0
2018-11-27,criminal-alien,0,0,0,0,0
2018-11-27,illegal-alien,0,0,0,0,0
2018-11-27,angel-mother,0,0,0,0,0
2018-11-27,angel-family,0,0,0,0,0
2018-11-28,criminal-alien,0,0,0,0,0
2018-11-28,illegal-alien,0,0,0,0,0
2018-11-28,angel-mother,0,0,0,0,0
2018-11-28,angel-family,0,0,0,0,0
2018-11-29,criminal-alien,0,0,0,0,0
2018-11-29,illegal-alien,0,0,0,0,0
2018-11-29,angel-mother,0,0,0,0,0
2018-11-29,angel-family,0,0,0,0,0
2018-11-30,criminal-alien,0,0,0,0,0
2018-11-30,illegal-alien,0,0,1,0,1
2018-11-30,angel-mother,0,0,0,0,0
2018-11-30,angel-family,0,0,0,0,0
2018-12-01,criminal-alien,0,0,0,0,0
2018-12-01,illegal-alien,0,0,0,0,0
2018-12-01,angel-mother,0,0,0,0,0
2018-12-01,angel-family,0,0,0,0,0
2018-12-02,criminal-alien,0,0,0,0,0
2018-12-02,illegal-alien,0,0,1,0,1
2018-12-02,angel-mother,0,0,0,0,0
2018-12-02,angel-family,0,0,0,0,0
2018-12-03,criminal-alien,0,0,0,0,0
2018-12-03,illegal-alien,0,0,0,0,0
2018-12-03,angel-mother,0,0,0,0,0
2018-12-03,angel-family,0,0,0,0,0
2018-12-04,criminal-alien,0,1,0,0,1
2018-12-04,illegal-alien,0,0,0,0,0
2018-12-04,angel-mother,0,0,0,0,0
2018-12-04,angel-family,0,0,0,0,0
2018-12-05,criminal-alien,0,0,0,0,0
2018-12-05,illegal-alien,0,0,0,0,0
2018-12-05,angel-mother,0,0,0,0,0
2018-12-05,angel-family,0,0,0,0,0
2018-12-06,criminal-alien,0,1,0,0,1
2018-12-06,illegal-alien,0,1,0,0,1
2018-12-06,angel-mother,0,0,0,0,0
2018-12-06,angel-family,0,0,0,0,0
2018-12-07,criminal-alien,0,1,0,0,1
2018-12-07,illegal-alien,0,0,0,0,0
2018-12-07,angel-mother,0,0,0,0,0
2018-12-07,angel-family,0,0,0,0,0
2018-12-08,criminal-alien,0,0,0,0,0
2018-12-08,illegal-alien,0,0,0,0,0
2018-12-08,angel-mother,0,0,0,0,0
2018-12-08,angel-family,0,0,0,0,0
2018-12-09,criminal-alien,0,0,0,0,0
2018-12-09,illegal-alien,0,0,0,0,0
2018-12-09,angel-mother,0,0,0,0,0
2018-12-09,angel-family,0,0,0,0,0
2018-12-10,criminal-alien,0,1,0,0,1
2018-12-10,illegal-alien,0,1,0,0,1
2018-12-10,angel-mother,0,0,0,0,0
2018-12-10,angel-family,0,0,0,0,0
2018-12-11,criminal-alien,0,0,0,0,0
2018-12-11,illegal-alien,0,0,0,0,0
2018-12-11,angel-mother,0,0,0,0,0
2018-12-11,angel-family,0,0,0,0,0
2018-12-12,criminal-alien,0,1,0,0,1
2018-12-12,illegal-alien,0,1,0,0,1
2018-12-12,angel-mother,0,0,0,0,0
2018-12-12,angel-family,0,0,0,0,0
2018-12-13,criminal-alien,0,0,0,0,0
2018-12-13,illegal-alien,0,0,1,0,1
2018-12-13,angel-mother,0,0,0,0,0
2018-12-13,angel-family,0,0,0,0,0
2018-12-14,criminal-alien,0,0,0,0,0
2018-12-14,illegal-alien,0,0,0,0,0
2018-12-14,angel-mother,0,0,0,0,0
2018-12-14,angel-family,0,0,0,0,0
2018-12-15,criminal-alien,0,0,0,0,0
2018-12-15,illegal-alien,0,0,0,0,0
2018-12-15,angel-mother,0,0,0,0,0
2018-12-15,angel-family,0,0,0,0,0
2018-12-16,criminal-alien,0,0,0,0,0
2018-12-16,illegal-alien,0,0,0,0,0
2018-12-16,angel-mother,0,0,0,0,0
2018-12-16,angel-family,0,0,0,0,0
2018-12-17,criminal-alien,0,0,0,0,0
2018-12-17,illegal-alien,0,0,0,0,0
2018-12-17,angel-mother,0,0,0,0,0
2018-12-17,angel-family,0,0,0,0,0
2018-12-18,criminal-alien,0,0,0,0,0
2018-12-18,illegal-alien,0,0,0,0,0
2018-12-18,angel-mother,0,0,0,0,0
2018-12-18,angel-family,0,0,0,0,0
2018-12-19,criminal-alien,0,0,0,0,0
2018-12-19,illegal-alien,0,0,0,0,0
2018-12-19,angel-mother,0,0,0,0,0
2018-12-19,angel-family,0,0,0,0,0
2018-12-20,criminal-alien,0,1,0,0,1
2018-12-20,illegal-alien,0,0,0,0,0
2018-12-20,angel-mother,0,0,0,0,0
2018-12-20,angel-family,0,0,0,0,0
2018-12-21,criminal-alien,0,0,0,0,0
2018-12-21,illegal-alien,0,0,0,0,0
2018-12-21,angel-mother,0,0,0,0,0
2018-12-21,angel-family,0,0,0,0,0
2018-12-22,criminal-alien,0,0,0,0,0
2018-12-22,illegal-alien,0,0,0,0,0
2018-12-22,angel-mother,0,0,0,0,0
2018-12-22,angel-family,0,0,0,0,0
2018-12-23,criminal-alien,0,0,0,0,0
2018-12-23,illegal-alien,0,0,0,0,0
2018-12-23,angel-mother,0,0,0,0,0
2018-12-23,angel-family,0,0,0,0,0
2018-12-24,criminal-alien,0,0,0,0,0
2018-12-24,illegal-alien,0,0,0,0,0
2018-12-24,angel-mother,0,0,0,0,0
2018-12-24,angel-family,0,0,0,0,0
2018-12-25,criminal-alien,0,0,0,0,0
2018-12-25,illegal-alien,0,0,0,0,0
2018-12-25,angel-mother,0,0,0,0,0
2018-12-25,angel-family,0,0,0,0,0
2018-12-26,criminal-alien,0,1,0,0,1
2018-12-26,illegal-alien,0,0,0,0,0
2018-12-26,angel-mother,0,0,0,0,0
2018-12-26,angel-family,0,0,0,0,0
2018-12-27,criminal-alien,0,0,0,0,0
2018-12-27,illegal-alien,0,0,0,0,0
2018-12-27,angel-mother,0,0,0,0,0
2018-12-27,angel-family,0,0,0,0,0
2018-12-28,criminal-alien,0,0,0,0,0
2018-12-28,illegal-alien,0,0,0,0,0
2018-12-28,angel-mother,0,0,0,0,0
2018-12-28,angel-family,0,0,0,0,0
2018-12-29,criminal-alien,0,0,0,0,0
2018-12-29,illegal-alien,0,0,0,0,0
2018-12-29,angel-mother,0,0,0,0,0
2018-12-29,angel-family,0,0,0,0,0
2018-12-30,criminal-alien,0,0,0,0,0
2018-12-30,illegal-alien,0,0,0,0,0
2018-12-30,angel-mother,0,0,0,0,0
2018-12-30,angel-family,0,0,0,0,0
2018-12-31,criminal-alien,0,0,0,0,0
2018-12-31,illegal-alien,0,0,0,0,0
2018-12-31,angel-mother,0,0,0,0,0
2018-12-31,angel-family,0,0,0,0,0
2019-01-01,criminal-alien,0,0,0,0,0
2019-01-01,illegal-alien,0,0,0,0,0
2019-01-01,angel-mother,0,0,0,0,0
2019-01-01,angel-family,0,0,0,0,0
2019-01-02,criminal-alien,0,0,0,0,0
2019-01-02,illegal-alien,0,0,0,0,0
2019-01-02,angel-mother,0,0,0,0,0
2019-01-02,angel-family,0,0,0,0,0
2019-01-03,criminal-alien,0,0,0,1,1
2019-01-03,illegal-alien,0,0,0,0,0
2019-01-03,angel-mother,0,0,0,0,0
2019-01-03,angel-family,0,0,0,0,0
2019-01-04,criminal-alien,0,0,0,0,0
2019-01-04,illegal-alien,0,0,0,0,0
2019-01-04,angel-mother,0,0,0,0,0
2019-01-04,angel-family,0,0,0,0,0
2019-01-05,criminal-alien,0,0,0,0,0
2019-01-05,illegal-alien,0,0,0,0,0
2019-01-05,angel-mother,0,0,0,0,0
2019-01-05,angel-family,0,0,0,0,0
2019-01-06,criminal-alien,0,0,0,0,0
2019-01-06,illegal-alien,0,0,0,0,0
2019-01-06,angel-mother,0,0,0,0,0
2019-01-06,angel-family,0,0,0,0,0
2019-01-07,criminal-alien,0,0,0,0,0
2019-01-07,illegal-alien,0,0,0,0,0
2019-01-07,angel-mother,0,0,0,0,0
2019-01-07,angel-family,0,0,0,0,0
2019-01-08,criminal-alien,0,0,0,0,0
2019-01-08,illegal-alien,0,0,0,0,0
2019-01-08,angel-mother,0,0,0,0,0
2019-01-08,angel-family,0,0,0,0,0
2019-01-09,criminal-alien,0,0,0,0,0
2019-01-09,illegal-alien,0,0,0,1,1
2019-01-09,angel-mother,0,0,0,0,0
2019-01-09,angel-family,0,0,0,0,0
2019-01-10,criminal-alien,0,0,0,0,0
2019-01-10,illegal-alien,0,0,0,0,0
2019-01-10,angel-mother,0,0,0,0,0
2019-01-10,angel-family,0,0,0,0,0
2019-01-11,criminal-alien,0,0,0,0,0
2019-01-11,illegal-alien,0,0,0,0,0
2019-01-11,angel-mother,0,0,0,0,0
2019-01-11,angel-family,0,0,0,0,0
2019-01-12,criminal-alien,0,0,0,0,0
2019-01-12,illegal-alien,0,0,0,0,0
2019-01-12,angel-mother,0,0,0,0,0
2019-01-12,angel-family,0,0,0,0,0
2019-01-13,criminal-alien,0,0,0,0,0
2019-01-13,illegal-alien,0,0,0,0,0
2019-01-13,angel-mother,0,0,0,0,0
2019-01-13,angel-family,0,0,0,0,0
2019-01-14,criminal-alien,0,0,0,0,0
2019-01-14,illegal-alien,0,0,0,1,1
2019-01-14,angel-mother,0,0,0,0,0
2019-01-14,angel-family,0,0,0,0,0
2019-01-15,criminal-alien,0,0,0,0,0
2019-01-15,illegal-alien,0,0,0,0,0
2019-01-15,angel-mother,0,0,0,0,0
2019-01-15,angel-family,0,0,0,0,0
2019-01-16,criminal-alien,0,0,0,0,0
2019-01-16,illegal-alien,0,0,0,0,0
2019-01-16,angel-mother,0,0,0,0,0
2019-01-16,angel-family,0,0,0,0,0
2019-01-17,criminal-alien,0,0,0,0,0
2019-01-17,illegal-alien,0,0,0,0,0
2019-01-17,angel-mother,0,0,0,0,0
2019-01-17,angel-family,0,0,0,0,0
2019-01-18,criminal-alien,0,0,0,0,0
2019-01-18,illegal-alien,0,0,0,0,0
2019-01-18,angel-mother,0,0,0,0,0
2019-01-18,angel-family,0,0,0,0,0
2019-01-19,criminal-alien,0,0,0,0,0
2019-01-19,illegal-alien,0,0,0,0,0
2019-01-19,angel-mother,0,0,0,0,0
2019-01-19,angel-family,0,0,0,0,0
2019-01-20,criminal-alien,0,0,0,0,0
2019-01-20,illegal-alien,0,0,0,0,0
2019-01-20,angel-mother,0,0,0,0,0
2019-01-20,angel-family,0,0,0,0,0
2019-01-21,criminal-alien,0,0,0,0,0
2019-01-21,illegal-alien,0,0,0,0,0
2019-01-21,angel-mother,0,0,0,0,0
2019-01-21,angel-family,0,0,0,0,0
2019-01-22,criminal-alien,0,0,0,0,0
2019-01-22,illegal-alien,0,0,0,0,0
2019-01-22,angel-mother,0,0,0,0,0
2019-01-22,angel-family,0,0,0,0,0
2019-01-23,criminal-alien,0,0,0,0,0
2019-01-23,illegal-alien,0,0,0,0,0
2019-01-23,angel-mother,0,0,0,0,0
2019-01-23,angel-family,0,0,0,0,0
2019-01-24,criminal-alien,0,0,0,0,0
2019-01-24,illegal-alien,0,0,0,0,0
2019-01-24,angel-mother,0,0,0,0,0
2019-01-24,angel-family,0,0,0,0,0
2019-01-25,criminal-alien,0,0,0,0,0
2019-01-25,illegal-alien,0,0,0,0,0
2019-01-25,angel-mother,0,0,0,0,0
2019-01-25,angel-family,0,0,0,0,0
2019-01-26,criminal-alien,0,0,0,0,0
2019-01-26,illegal-alien,0,0,0,0,0
2019-01-26,angel-mother,0,0,0,0,0
2019-01-26,angel-family,0,0,0,0,0
2019-01-27,criminal-alien,0,0,0,0,0
2019-01-27,illegal-alien,0,0,0,0,0
2019-01-27,angel-mother,0,0,0,0,0
2019-01-27,angel-family,0,0,0,0,0
2019-01-28,criminal-alien,0,0,0,0,0
2019-01-28,illegal-alien,0,0,0,0,0
2019-01-28,angel-mother,0,0,0,0,0
2019-01-28,angel-family,0,0,0,0,0
2019-01-29,criminal-alien,0,0,0,0,0
2019-01-29,illegal-alien,0,0,0,1,1
2019-01-29,angel-mother,0,0,0,0,0
2019-01-29,angel-family,0,0,0,0,0
2019-01-30,criminal-alien,0,0,0,0,0
2019-01-30,illegal-alien,0,0,0,0,0
2019-01-30,angel-mother,0,0,0,0,0
2019-01-30,angel-family,0,0,0,0,0
2019-01-31,criminal-alien,0,0,0,0,0
2019-01-31,illegal-alien,0,0,0,0,0
2019-01-31,angel-mother,0,0,0,0,0
2019-01-31,angel-family,0,0,0,0,0
2019-02-01,criminal-alien,0,0,0,0,0
2019-02-01,illegal-alien,0,0,0,0,0
2019-02-01,angel-mother,0,0,0,0,0
2019-02-01,angel-family,0,0,0,0,0
2019-02-02,criminal-alien,0,0,0,0,0
2019-02-02,illegal-alien,0,0,0,0,0
2019-02-02,angel-mother,0,0,0,0,0
2019-02-02,angel-family,0,0,0,0,0
2019-02-03,criminal-alien,0,0,0,0,0
2019-02-03,illegal-alien,0,0,0,0,0
2019-02-03,angel-mother,0,0,0,0,0
2019-02-03,angel-family,0,0,0,0,0
2019-02-04,criminal-alien,0,1,0,0,1
2019-02-04,illegal-alien,0,1,0,0,1
2019-02-04,angel-mother,0,0,0,0,0
2019-02-04,angel-family,0,0,0,0,0
2019-02-05,criminal-alien,0,0,0,0,0
2019-02-05,illegal-alien,0,0,0,0,0
2019-02-05,angel-mother,0,0,0,0,0
2019-02-05,angel-family,0,0,0,0,0
2019-02-06,criminal-alien,0,0,0,0,0
2019-02-06,illegal-alien,0,0,0,0,0
2019-02-06,angel-mother,0,0,0,0,0
2019-02-06,angel-family,0,0,0,0,0
2019-02-07,criminal-alien,0,0,0,0,0
2019-02-07,illegal-alien,0,0,0,0,0
2019-02-07,angel-mother,0,0,0,0,0
2019-02-07,angel-family,0,0,0,0,0
2019-02-08,criminal-alien,0,0,0,0,0
2019-02-08,illegal-alien,0,0,0,0,0
2019-02-08,angel-mother,0,0,0,0,0
2019-02-08,angel-family,0,0,0,0,0
2019-02-09,criminal-alien,0,0,0,1,1
2019-02-09,illegal-alien,0,0,0,1,1
2019-02-09,angel-mother,0,0,0,0,0
2019-02-09,angel-family,0,0,0,0,0
2019-02-10,criminal-alien,0,0,0,0,0
2019-02-10,illegal-alien,0,0,0,0,0
2019-02-10,angel-mother,0,0,0,0,0
2019-02-10,angel-family,0,0,0,0,0
2019-02-11,criminal-alien,0,0,0,1,1
2019-02-11,illegal-alien,0,0,0,0,0
2019-02-11,angel-mother,0,0,0,0,0
2019-02-11,angel-family,0,0,0,0,0
2019-02-12,criminal-alien,0,1,0,0,1
2019-02-12,illegal-alien,0,0,0,0,0
2019-02-12,angel-mother,0,0,0,0,0
2019-02-12,angel-family,0,0,0,0,0
2019-02-13,criminal-alien,0,0,0,0,0
2019-02-13,illegal-alien,0,1,0,0,1
2019-02-13,angel-mother,0,0,0,0,0
2019-02-13,angel-family,0,0,0,0,0
2019-02-14,criminal-alien,0,0,0,0,0
2019-02-14,illegal-alien,0,0,0,0,0
2019-02-14,angel-mother,0,0,0,0,0
2019-02-14,angel-family,0,0,0,0,0
2019-02-15,criminal-alien,0,0,0,0,0
2019-02-15,illegal-alien,0,0,0,0,0
2019-02-15,angel-mother,0,0,0,1,1
2019-02-15,angel-family,0,0,0,0,0
2019-02-16,criminal-alien,0,0,0,0,0
2019-02-16,illegal-alien,0,0,0,0,0
2019-02-16,angel-mother,0,0,0,0,0
2019-02-16,angel-family,0,0,0,0,0
2019-02-17,criminal-alien,0,0,0,0,0
2019-02-17,illegal-alien,0,0,0,0,0
2019-02-17,angel-mother,0,0,0,1,1
2019-02-17,angel-family,0,0,0,1,1
2019-02-18,criminal-alien,0,0,0,0,0
2019-02-18,illegal-alien,0,0,0,0,0
2019-02-18,angel-mother,0,0,0,0,0
2019-02-18,angel-family,0,0,0,0,0
2019-02-19,criminal-alien,0,1,0,0,1
2019-02-19,illegal-alien,0,0,0,0,0
2019-02-19,angel-mother,0,0,0,0,0
2019-02-19,angel-family,0,0,0,0,0
2019-02-20,criminal-alien,0,0,0,0,0
2019-02-20,illegal-alien,0,1,1,0,2
2019-02-20,angel-mother,0,0,0,0,0
2019-02-20,angel-family,0,0,0,0,0
2019-02-21,criminal-alien,0,0,1,0,1
2019-02-21,illegal-alien,0,0,1,0,1
2019-02-21,angel-mother,0,0,0,0,0
2019-02-21,angel-family,0,0,0,0,0
2019-02-22,criminal-alien,0,0,0,0,0
2019-02-22,illegal-alien,0,0,0,0,0
2019-02-22,angel-mother,0,0,0,0,0
2019-02-22,angel-family,0,0,0,0,0
2019-02-23,criminal-alien,0,0,0,0,0
2019-02-23,illegal-alien,0,0,0,0,0
2019-02-23,angel-mother,0,0,0,0,0
2019-02-23,angel-family,0,0,0,0,0
2019-02-24,criminal-alien,0,0,0,0,0
2019-02-24,illegal-alien,0,0,0,0,0
2019-02-24,angel-mother,0,0,0,0,0
2019-02-24,angel-family,0,0,0,0,0
2019-02-25,criminal-alien,0,0,0,0,0
2019-02-25,illegal-alien,0,0,0,0,0
2019-02-25,angel-mother,0,0,0,0,0
2019-02-25,angel-family,0,0,0,0,0
2019-02-26,criminal-alien,0,0,0,0,0
2019-02-26,illegal-alien,0,0,0,0,0
2019-02-26,angel-mother,0,0,0,0,0
2019-02-26,angel-family,0,0,0,0,0
2019-02-27,criminal-alien,0,0,0,0,0
2019-02-27,illegal-alien,0,0,1,0,1
2019-02-27,angel-mother,0,0,0,0,0
2019-02-27,angel-family,0,0,0,0,0
2019-02-28,criminal-alien,0,1,0,0,1
2019-02-28,illegal-alien,0,0,0,0,0
2019-02-28,angel-mother,0,0,0,0,0
2019-02-28,angel-family,0,0,0,0,0
2019-03-01,criminal-alien,0,0,0,0,0
2019-03-01,illegal-alien,0,0,0,0,0
2019-03-01,angel-mother,0,0,0,0,0
2019-03-01,angel-family,0,0,0,0,0
2019-03-02,criminal-alien,0,0,0,0,0
2019-03-02,illegal-alien,0,0,0,1,1
2019-03-02,angel-mother,0,0,0,0,0
2019-03-02,angel-family,0,0,0,0,0
2019-03-03,criminal-alien,0,0,0,0,0
2019-03-03,illegal-alien,0,0,1,0,1
2019-03-03,angel-mother,0,0,0,0,0
2019-03-03,angel-family,0,0,0,0,0
2019-03-04,criminal-alien,0,0,0,0,0
2019-03-04,illegal-alien,0,1,0,0,1
2019-03-04,angel-mother,0,0,0,0,0
2019-03-04,angel-family,0,0,0,0,0
2019-03-05,criminal-alien,0,0,0,0,0
2019-03-05,illegal-alien,0,0,1,1,2
2019-03-05,angel-mother,0,0,0,0,0
2019-03-05,angel-family,0,0,0,0,0
2019-03-06,criminal-alien,0,0,0,0,0
2019-03-06,illegal-alien,1,0,1,0,2
2019-03-06,angel-mother,0,0,0,0,0
2019-03-06,angel-family,0,0,0,0,0
2019-03-07,criminal-alien,0,0,0,0,0
2019-03-07,illegal-alien,0,0,0,0,0
2019-03-07,angel-mother,0,0,0,0,0
2019-03-07,angel-family,0,0,0,0,0
2019-03-08,criminal-alien,0,0,0,0,0
2019-03-08,illegal-alien,0,0,0,0,0
2019-03-08,angel-mother,0,0,0,0,0
2019-03-08,angel-family,0,0,0,0,0
2019-03-09,criminal-alien,0,0,0,0,0
2019-03-09,illegal-alien,0,0,0,0,0
2019-03-09,angel-mother,0,0,0,0,0
2019-03-09,angel-family,0,0,0,0,0
2019-03-10,criminal-alien,0,0,0,0,0
2019-03-10,illegal-alien,0,0,0,0,0
2019-03-10,angel-mother,0,0,0,0,0
2019-03-10,angel-family,0,0,0,0,0
2019-03-11,criminal-alien,0,0,0,0,0
2019-03-11,illegal-alien,0,0,0,0,0
2019-03-11,angel-mother,0,0,0,0,0
2019-03-11,angel-family,0,0,0,0,0
2019-03-12,criminal-alien,0,0,0,0,0
2019-03-12,illegal-alien,0,0,0,0,0
2019-03-12,angel-mother,0,0,0,0,0
2019-03-12,angel-family,0,0,0,0,0
2019-03-13,criminal-alien,0,1,0,0,1
2019-03-13,illegal-alien,0,0,1,0,1
2019-03-13,angel-mother,0,0,0,0,0
2019-03-13,angel-family,0,0,0,0,0
2019-03-14,criminal-alien,0,0,0,0,0
2019-03-14,illegal-alien,0,0,0,1,1
2019-03-14,angel-mother,0,0,0,0,0
2019-03-14,angel-family,0,0,0,0,0
2019-03-15,criminal-alien,0,0,0,0,0
2019-03-15,illegal-alien,0,1,0,0,1
2019-03-15,angel-mother,0,0,0,0,0
2019-03-15,angel-family,0,0,0,0,0
2019-03-16,criminal-alien,0,0,0,0,0
2019-03-16,illegal-alien,0,0,0,0,0
2019-03-16,angel-mother,0,0,0,0,0
2019-03-16,angel-family,0,0,0,0,0
2019-03-17,criminal-alien,0,0,0,0,0
2019-03-17,illegal-alien,0,0,0,0,0
2019-03-17,angel-mother,0,0,0,0,0
2019-03-17,angel-family,0,0,0,0,0
2019-03-18,criminal-alien,0,0,0,0,0
2019-03-18,illegal-alien,0,0,1,0,1
2019-03-18,angel-mother,0,0,0,0,0
2019-03-18,angel-family,0,0,0,0,0
2019-03-19,criminal-alien,0,0,0,0,0
2019-03-19,illegal-alien,0,0,1,0,1
2019-03-19,angel-mother,0,0,0,0,0
2019-03-19,angel-family,0,0,0,0,0
2019-03-20,criminal-alien,0,0,0,0,0
2019-03-20,illegal-alien,0,0,1,0,1
2019-03-20,angel-mother,0,0,0,0,0
2019-03-20,angel-family,0,0,0,0,0
2019-03-21,criminal-alien,0,1,1,0,2
2019-03-21,illegal-alien,0,0,0,0,0
2019-03-21,angel-mother,0,0,0,0,0
2019-03-21,angel-family,0,0,0,0,0
2019-03-22,criminal-alien,0,0,0,0,0
2019-03-22,illegal-alien,0,0,1,0,1
2019-03-22,angel-mother,0,0,0,0,0
2019-03-22,angel-family,0,0,0,0,0
2019-03-23,criminal-alien,0,0,0,0,0
2019-03-23,illegal-alien,0,0,0,0,0
2019-03-23,angel-mother,0,0,0,0,0
2019-03-23,angel-family,0,0,0,0,0
2019-03-24,criminal-alien,0,0,0,0,0
2019-03-24,illegal-alien,0,0,0,0,0
2019-03-24,angel-mother,0,0,0,0,0
2019-03-24,angel-family,0,0,0,0,0
2019-03-25,criminal-alien,0,0,0,0,0
2019-03-25,illegal-alien,0,0,0,0,0
2019-03-25,angel-mother,0,0,0,0,0
2019-03-25,angel-family,0,0,0,0,0
2019-03-26,criminal-alien,0,0,0,0,0
2019-03-26,illegal-alien,0,0,1,0,1
2019-03-26,angel-mother,0,0,0,0,0
2019-03-26,angel-family,0,0,0,0,0
2019-03-27,criminal-alien,0,1,0,0,1
2019-03-27,illegal-alien,0,0,0,0,0
2019-03-27,angel-mother,0,0,0,0,0
2019-03-27,angel-family,0,0,0,0,0
2019-03-28,criminal-alien,0,0,0,0,0
2019-03-28,illegal-alien,0,2,0,0,2
2019-03-28,angel-mother,0,0,0,0,0
2019-03-28,angel-family,0,0,0,0,0
2019-03-29,criminal-alien,0,0,0,0,0
2019-03-29,illegal-alien,0,0,2,0,2
2019-03-29,angel-mother,0,0,0,0,0
2019-03-29,angel-family,0,0,0,0,0
2019-03-30,criminal-alien,0,0,0,0,0
2019-03-30,illegal-alien,0,0,0,0,0
2019-03-30,angel-mother,0,0,0,0,0
2019-03-30,angel-family,0,0,0,0,0
2019-03-31,criminal-alien,0,0,0,0,0
2019-03-31,illegal-alien,0,0,0,0,0
2019-03-31,angel-mother,0,0,0,0,0
2019-03-31,angel-family,0,0,0,0,0
2019-04-01,criminal-alien,0,0,0,0,0
2019-04-01,illegal-alien,0,0,0,0,0
2019-04-01,angel-mother,0,0,0,0,0
2019-04-01,angel-family,0,0,0,0,0
2019-04-02,criminal-alien,0,0,0,0,0
2019-04-02,illegal-alien,0,0,0,0,0
2019-04-02,angel-mother,0,0,0,0,0
2019-04-02,angel-family,0,0,0,0,0
2019-04-03,criminal-alien,0,0,0,0,0
2019-04-03,illegal-alien,0,2,0,0,2
2019-04-03,angel-mother,0,0,0,0,0
2019-04-03,angel-family,0,0,0,0,0
2019-04-04,criminal-alien,0,0,0,0,0
2019-04-04,illegal-alien,0,0,0,0,0
2019-04-04,angel-mother,0,0,0,0,0
2019-04-04,angel-family,0,0,0,0,0
2019-04-05,criminal-alien,0,0,0,0,0
2019-04-05,illegal-alien,0,0,0,0,0
2019-04-05,angel-mother,0,0,0,0,0
2019-04-05,angel-family,0,0,0,0,0
2019-04-06,criminal-alien,0,0,0,0,0
2019-04-06,illegal-alien,0,0,0,0,0
2019-04-06,angel-mother,0,0,0,0,0
2019-04-06,angel-family,0,0,0,0,0
2019-04-07,criminal-alien,0,0,0,0,0
2019-04-07,illegal-alien,0,0,0,0,0
2019-04-07,angel-mother,0,0,0,0,0
2019-04-07,angel-family,0,0,0,0,0
2019-04-08,criminal-alien,0,0,0,0,0
2019-04-08,illegal-alien,0,0,0,0,0
2019-04-08,angel-mother,0,0,0,0,0
2019-04-08,angel-family,0,0,0,0,0
2019-04-09,criminal-alien,0,0,0,0,0
2019-04-09,illegal-alien,0,0,0,0,0
2019-04-09,angel-mother,0,0,0,0,0
2019-04-09,angel-family,0,0,0,0,0
2019-04-10,criminal-alien,0,0,0,0,0
2019-04-10,illegal-alien,0,0,0,0,0
2019-04-10,angel-mother,0,0,0,0,0
2019-04-10,angel-family,0,0,0,0,0
2019-04-11,criminal-alien,0,0,0,0,0
2019-04-11,illegal-alien,0,0,0,0,0
2019-04-11,angel-mother,0,0,0,0,0
2019-04-11,angel-family,0,0,0,0,0
2019-04-12,criminal-alien,0,0,0,0,0
2019-04-12,illegal-alien,0,0,0,0,0
2019-04-12,angel-mother,0,0,0,0,0
2019-04-12,angel-family,0,0,0,0,0
2019-04-13,criminal-alien,0,0,0,0,0
2019-04-13,illegal-alien,0,0,0,0,0
2019-04-13,angel-mother,0,0,0,0,0
2019-04-13,angel-family,0,0,0,0,0
2019-04-14,criminal-alien,0,0,0,0,0
2019-04-14,illegal-alien,0,0,0,0,0
2019-04-14,angel-mother,0,0,0,0,0
2019-04-14,angel-family,0,0,0,0,0
2019-04-15,criminal-alien,0,0,0,0,0
2019-04-15,illegal-alien,0,0,0,0,0
2019-04-15,angel-mother,0,0,0,0,0
2019-04-15,angel-family,0,0,0,0,0
2019-04-16,criminal-alien,0,0,0,0,0
2019-04-16,illegal-alien,0,0,0,0,0
2019-04-16,angel-mother,0,0,0,0,0
2019-04-16,angel-family,0,0,0,0,0
2019-04-17,criminal-alien,0,0,0,0,0
2019-04-17,illegal-alien,0,0,0,0,0
2019-04-17,angel-mother,0,0,0,0,0
2019-04-17,angel-family,0,0,0,0,0
2019-04-18,criminal-alien,0,1,0,0,1
2019-04-18,illegal-alien,0,0,1,0,1
2019-04-18,angel-mother,0,0,0,0,0
2019-04-18,angel-family,0,0,0,0,0
2019-04-19,criminal-alien,0,0,0,0,0
2019-04-19,illegal-alien,0,0,0,0,0
2019-04-19,angel-mother,0,0,0,0,0
2019-04-19,angel-family,0,0,0,0,0
2019-04-20,criminal-alien,0,0,0,0,0
2019-04-20,illegal-alien,0,0,0,0,0
2019-04-20,angel-mother,0,0,0,0,0
2019-04-20,angel-family,0,0,0,0,0
2019-04-21,criminal-alien,0,0,0,0,0
2019-04-21,illegal-alien,0,0,0,0,0
2019-04-21,angel-mother,0,0,0,0,0
2019-04-21,angel-family,0,0,0,0,0
2019-04-22,criminal-alien,0,0,0,0,0
2019-04-22,illegal-alien,0,0,1,0,1
2019-04-22,angel-mother,0,0,0,0,0
2019-04-22,angel-family,0,0,0,0,0
2019-04-23,criminal-alien,0,0,0,0,0
2019-04-23,illegal-alien,0,0,0,0,0
2019-04-23,angel-mother,0,0,0,0,0
2019-04-23,angel-family,0,0,0,0,0
2019-04-24,criminal-alien,0,0,0,0,0
2019-04-24,illegal-alien,0,0,1,0,1
2019-04-24,angel-mother,0,0,0,0,0
2019-04-24,angel-family,0,0,0,0,0
2019-04-25,criminal-alien,0,1,0,0,1
2019-04-25,illegal-alien,0,0,1,0,1
2019-04-25,angel-mother,0,0,0,0,0
2019-04-25,angel-family,0,0,0,0,0
2019-04-26,criminal-alien,0,0,0,0,0
2019-04-26,illegal-alien,0,0,1,0,1
2019-04-26,angel-mother,0,0,0,0,0
2019-04-26,angel-family,0,0,0,0,0
2019-04-27,criminal-alien,0,0,0,0,0
2019-04-27,illegal-alien,0,0,0,0,0
2019-04-27,angel-mother,0,0,0,0,0
2019-04-27,angel-family,0,0,0,0,0
2019-04-28,criminal-alien,0,0,0,0,0
2019-04-28,illegal-alien,0,0,0,0,0
2019-04-28,angel-mother,0,0,0,0,0
2019-04-28,angel-family,0,0,0,0,0
2019-04-29,criminal-alien,0,0,0,0,0
2019-04-29,illegal-alien,0,0,1,0,1
2019-04-29,angel-mother,0,0,0,0,0
2019-04-29,angel-family,0,0,0,0,0
2019-04-30,criminal-alien,0,0,0,0,0
2019-04-30,illegal-alien,0,0,0,0,0
2019-04-30,angel-mother,0,0,0,0,0
2019-04-30,angel-family,0,0,0,0,0
2019-05-01,criminal-alien,0,0,0,0,0
2019-05-01,illegal-alien,0,0,0,0,0
2019-05-01,angel-mother,0,0,0,0,0
2019-05-01,angel-family,0,0,0,0,0
2019-05-02,criminal-alien,0,0,0,0,0
2019-05-02,illegal-alien,0,0,0,0,0
2019-05-02,angel-mother,0,0,0,0,0
2019-05-02,angel-family,0,0,0,0,0
2019-05-03,criminal-alien,0,0,0,0,0
2019-05-03,illegal-alien,0,0,0,0,0
2019-05-03,angel-mother,0,0,0,0,0
2019-05-03,angel-family,0,0,0,0,0
2019-05-04,criminal-alien,0,0,0,0,0
2019-05-04,illegal-alien,0,0,0,0,0
2019-05-04,angel-mother,0,0,0,0,0
2019-05-04,angel-family,0,0,0,0,0
2019-05-05,criminal-alien,0,0,0,0,0
2019-05-05,illegal-alien,0,0,0,0,0
2019-05-05,angel-mother,0,0,0,0,0
2019-05-05,angel-family,0,0,0,0,0
2019-05-06,criminal-alien,0,0,0,0,0
2019-05-06,illegal-alien,0,0,0,0,0
2019-05-06,angel-mother,0,0,0,0,0
2019-05-06,angel-family,0,0,0,0,0
2019-05-07,criminal-alien,0,0,0,0,0
2019-05-07,illegal-alien,0,0,1,0,1
2019-05-07,angel-mother,0,0,0,0,0
2019-05-07,angel-family,0,0,0,0,0
2019-05-08,criminal-alien,1,0,0,0,1
2019-05-08,illegal-alien,0,0,0,0,0
2019-05-08,angel-mother,0,0,0,0,0
2019-05-08,angel-family,0,0,0,0,0
2019-05-09,criminal-alien,0,0,0,0,0
2019-05-09,illegal-alien,0,0,2,0,2
2019-05-09,angel-mother,0,0,0,0,0
2019-05-09,angel-family,0,0,0,0,0
2019-05-10,criminal-alien,0,1,0,0,1
2019-05-10,illegal-alien,0,0,0,0,0
2019-05-10,angel-mother,0,0,0,0,0
2019-05-10,angel-family,0,0,0,0,0
2019-05-11,criminal-alien,0,0,0,0,0
2019-05-11,illegal-alien,0,0,0,0,0
2019-05-11,angel-mother,0,0,0,0,0
2019-05-11,angel-family,0,0,0,0,0
2019-05-12,criminal-alien,0,0,0,0,0
2019-05-12,illegal-alien,0,0,0,0,0
2019-05-12,angel-mother,0,0,0,0,0
2019-05-12,angel-family,0,0,0,0,0
2019-05-13,criminal-alien,0,0,0,0,0
2019-05-13,illegal-alien,0,0,0,0,0
2019-05-13,angel-mother,0,0,0,0,0
2019-05-13,angel-family,0,0,0,0,0
2019-05-14,criminal-alien,0,0,0,0,0
2019-05-14,illegal-alien,0,0,0,0,0
2019-05-14,angel-mother,0,0,0,0,0
2019-05-14,angel-family,0,0,0,0,0
2019-05-15,criminal-alien,0,0,0,0,0
2019-05-15,illegal-alien,0,0,0,0,0
2019-05-15,angel-mother,0,0,0,0,0
2019-05-15,angel-family,0,0,0,0,0
2019-05-16,criminal-alien,0,0,0,0,0
2019-05-16,illegal-alien,0,0,1,0,1
2019-05-16,angel-mother,0,0,0,0,0
2019-05-16,angel-family,0,0,0,0,0
2019-05-17,criminal-alien,0,0,0,0,0
2019-05-17,illegal-alien,0,0,0,0,0
2019-05-17,angel-mother,0,0,0,0,0
2019-05-17,angel-family,0,0,0,0,0
2019-05-18,criminal-alien,0,0,0,0,0
2019-05-18,illegal-alien,0,0,0,1,1
2019-05-18,angel-mother,0,0,0,0,0
2019-05-18,angel-family,0,0,0,0,0
2019-05-19,criminal-alien,0,0,0,0,0
2019-05-19,illegal-alien,0,0,0,0,0
2019-05-19,angel-mother,0,0,0,0,0
2019-05-19,angel-family,0,0,0,0,0
2019-05-20,criminal-alien,0,0,0,0,0
2019-05-20,illegal-alien,0,0,0,0,0
2019-05-20,angel-mother,0,0,0,0,0
2019-05-20,angel-family,0,0,0,0,0
2019-05-21,criminal-alien,0,0,0,0,0
2019-05-21,illegal-alien,0,0,0,0,0
2019-05-21,angel-mother,0,0,0,0,0
2019-05-21,angel-family,0,0,0,0,0
2019-05-22,criminal-alien,0,0,0,0,0
2019-05-22,illegal-alien,0,0,0,0,0
2019-05-22,angel-mother,0,0,0,0,0
2019-05-22,angel-family,0,0,0,0,0
2019-05-23,criminal-alien,0,0,0,0,0
2019-05-23,illegal-alien,0,0,0,0,0
2019-05-23,angel-mother,0,0,0,0,0
2019-05-23,angel-family,0,0,0,0,0
2019-05-24,criminal-alien,0,1,0,0,1
2019-05-24,illegal-alien,0,0,0,0,0
2019-05-24,angel-mother,0,0,0,0,0
2019-05-24,angel-family,0,0,0,0,0
2019-05-25,criminal-alien,0,0,0,0,0
2019-05-25,illegal-alien,0,0,0,0,0
2019-05-25,angel-mother,0,0,0,0,0
2019-05-25,angel-family,0,0,0,0,0
2019-05-26,criminal-alien,0,0,0,0,0
2019-05-26,illegal-alien,0,0,1,0,1
2019-05-26,angel-mother,0,0,0,0,0
2019-05-26,angel-family,0,0,0,0,0
2019-05-27,criminal-alien,0,0,0,0,0
2019-05-27,illegal-alien,0,0,0,0,0
2019-05-27,angel-mother,0,0,0,0,0
2019-05-27,angel-family,0,0,0,0,0
2019-05-28,criminal-alien,0,0,0,0,0
2019-05-28,illegal-alien,0,0,0,0,0
2019-05-28,angel-mother,0,0,0,0,0
2019-05-28,angel-family,0,0,0,0,0
2019-05-29,criminal-alien,0,0,0,0,0
2019-05-29,illegal-alien,0,0,1,0,1
2019-05-29,angel-mother,0,0,0,0,0
2019-05-29,angel-family,0,0,0,0,0
2019-05-30,criminal-alien,0,0,0,0,0
2019-05-30,illegal-alien,0,0,0,0,0
2019-05-30,angel-mother,0,0,0,0,0
2019-05-30,angel-family,0,0,0,0,0
2019-05-31,criminal-alien,0,0,0,0,0
2019-05-31,illegal-alien,0,0,0,1,1
2019-05-31,angel-mother,0,0,0,0,0
2019-05-31,angel-family,0,0,0,0,0
2019-06-01,criminal-alien,0,0,0,0,0
2019-06-01,illegal-alien,0,0,0,0,0
2019-06-01,angel-mother,0,0,0,0,0
2019-06-01,angel-family,0,0,0,0,0
2019-06-02,criminal-alien,0,0,0,0,0
2019-06-02,illegal-alien,0,0,0,0,0
2019-06-02,angel-mother,0,0,0,0,0
2019-06-02,angel-family,0,0,0,0,0
2019-06-03,criminal-alien,0,0,0,0,0
2019-06-03,illegal-alien,0,0,0,0,0
2019-06-03,angel-mother,0,0,0,0,0
2019-06-03,angel-family,0,0,0,0,0
2019-06-04,criminal-alien,0,0,0,0,0
2019-06-04,illegal-alien,0,1,0,0,1
2019-06-04,angel-mother,0,0,0,0,0
2019-06-04,angel-family,0,0,0,0,0
2019-06-05,criminal-alien,0,0,0,0,0
2019-06-05,illegal-alien,0,0,0,0,0
2019-06-05,angel-mother,0,0,0,0,0
2019-06-05,angel-family,0,0,0,0,0
2019-06-06,criminal-alien,0,0,0,0,0
2019-06-06,illegal-alien,0,1,0,0,1
2019-06-06,angel-mother,0,0,0,0,0
2019-06-06,angel-family,0,0,0,0,0
2019-06-07,criminal-alien,0,0,0,0,0
2019-06-07,illegal-alien,0,0,2,1,3
2019-06-07,angel-mother,0,0,0,0,0
2019-06-07,angel-family,0,0,0,0,0
2019-06-08,criminal-alien,0,0,0,0,0
2019-06-08,illegal-alien,0,0,0,0,0
2019-06-08,angel-mother,0,0,0,0,0
2019-06-08,angel-family,0,0,0,0,0
2019-06-09,criminal-alien,0,0,0,0,0
2019-06-09,illegal-alien,0,0,0,0,0
2019-06-09,angel-mother,0,0,0,0,0
2019-06-09,angel-family,0,0,0,0,0
2019-06-10,criminal-alien,0,0,0,0,0
2019-06-10,illegal-alien,0,0,1,0,1
2019-06-10,angel-mother,0,0,0,0,0
2019-06-10,angel-family,0,0,0,0,0
2019-06-11,criminal-alien,0,0,0,0,0
2019-06-11,illegal-alien,0,1,0,0,1
2019-06-11,angel-mother,0,0,0,0,0
2019-06-11,angel-family,0,0,0,0,0
2019-06-12,criminal-alien,0,1,0,0,1
2019-06-12,illegal-alien,0,0,3,0,3
2019-06-12,angel-mother,0,0,0,0,0
2019-06-12,angel-family,0,0,0,0,0
2019-06-13,criminal-alien,0,1,0,0,1
2019-06-13,illegal-alien,0,0,0,0,0
2019-06-13,angel-mother,0,0,0,0,0
2019-06-13,angel-family,0,0,0,0,0
2019-06-14,criminal-alien,0,1,0,0,1
2019-06-14,illegal-alien,0,1,0,0,1
2019-06-14,angel-mother,0,0,0,0,0
2019-06-14,angel-family,0,0,0,0,0
2019-06-15,criminal-alien,0,0,0,0,0
2019-06-15,illegal-alien,0,0,1,0,1
2019-06-15,angel-mother,0,0,0,0,0
2019-06-15,angel-family,0,0,0,0,0
2019-06-16,criminal-alien,0,0,0,0,0
2019-06-16,illegal-alien,0,0,1,0,1
2019-06-16,angel-mother,0,0,0,0,0
2019-06-16,angel-family,0,0,0,0,0
2019-06-17,criminal-alien,0,0,0,0,0
2019-06-17,illegal-alien,0,0,0,0,0
2019-06-17,angel-mother,0,0,0,0,0
2019-06-17,angel-family,0,0,0,0,0
2019-06-18,criminal-alien,0,2,0,0,2
2019-06-18,illegal-alien,0,0,0,0,0
2019-06-18,angel-mother,0,0,0,0,0
2019-06-18,angel-family,0,0,0,0,0
2019-06-19,criminal-alien,0,0,0,0,0
2019-06-19,illegal-alien,0,0,1,0,1
2019-06-19,angel-mother,0,0,0,0,0
2019-06-19,angel-family,0,0,0,0,0
2019-06-20,criminal-alien,0,0,1,0,1
2019-06-20,illegal-alien,0,0,1,0,1
2019-06-20,angel-mother,0,0,0,0,0
2019-06-20,angel-family,0,0,0,0,0
2019-06-21,criminal-alien,0,0,0,0,0
2019-06-21,illegal-alien,0,1,0,0,1
2019-06-21,angel-mother,0,0,0,0,0
2019-06-21,angel-family,0,0,0,0,0
2019-06-22,criminal-alien,0,0,0,0,0
2019-06-22,illegal-alien,0,0,0,0,0
2019-06-22,angel-mother,0,0,0,0,0
2019-06-22,angel-family,0,0,0,0,0
2019-06-23,criminal-alien,0,0,0,0,0
2019-06-23,illegal-alien,0,0,0,0,0
2019-06-23,angel-mother,0,0,0,0,0
2019-06-23,angel-family,0,0,0,0,0
2019-06-24,criminal-alien,0,0,0,0,0
2019-06-24,illegal-alien,0,0,0,0,0
2019-06-24,angel-mother,0,0,0,0,0
2019-06-24,angel-family,0,0,0,0,0
2019-06-25,criminal-alien,0,1,0,0,1
2019-06-25,illegal-alien,0,0,0,0,0
2019-06-25,angel-mother,0,0,0,0,0
2019-06-25,angel-family,0,0,0,0,0
2019-06-26,criminal-alien,0,2,0,0,2
2019-06-26,illegal-alien,0,0,0,0,0
2019-06-26,angel-mother,0,0,0,0,0
2019-06-26,angel-family,0,0,0,0,0
2019-06-27,criminal-alien,0,0,0,0,0
2019-06-27,illegal-alien,0,0,1,0,1
2019-06-27,angel-mother,0,0,0,0,0
2019-06-27,angel-family,0,0,0,0,0
2019-06-28,criminal-alien,0,1,0,0,1
2019-06-28,illegal-alien,0,0,0,0,0
2019-06-28,angel-mother,0,0,0,0,0
2019-06-28,angel-family,0,0,0,0,0
2019-06-29,criminal-alien,0,0,0,0,0
2019-06-29,illegal-alien,0,0,0,0,0
2019-06-29,angel-mother,0,0,0,0,0
2019-06-29,angel-family,0,0,0,0,0
2019-06-30,criminal-alien,0,0,0,0,0
2019-06-30,illegal-alien,0,0,0,0,0
2019-06-30,angel-mother,0,0,0,0,0
2019-06-30,angel-family,0,0,0,0,0
2019-07-01,criminal-alien,0,0,0,0,0
2019-07-01,illegal-alien,0,0,0,0,0
2019-07-01,angel-mother,0,0,0,0,0
2019-07-01,angel-family,0,0,0,0,0
2019-07-02,criminal-alien,0,1,0,0,1
2019-07-02,illegal-alien,0,1,0,0,1
2019-07-02,angel-mother,0,0,0,0,0
2019-07-02,angel-family,0,0,0,0,0
2019-07-03,criminal-alien,0,1,0,0,1
2019-07-03,illegal-alien,0,0,0,1,1
2019-07-03,angel-mother,0,0,0,0,0
2019-07-03,angel-family,0,0,0,0,0
2019-07-04,criminal-alien,0,0,0,0,0
2019-07-04,illegal-alien,0,0,0,0,0
2019-07-04,angel-mother,0,0,0,0,0
2019-07-04,angel-family,0,0,0,0,0
2019-07-05,criminal-alien,0,2,0,0,2
2019-07-05,illegal-alien,0,0,1,0,1
2019-07-05,angel-mother,0,0,0,0,0
2019-07-05,angel-family,0,0,0,0,0
2019-07-06,criminal-alien,0,0,0,0,0
2019-07-06,illegal-alien,0,0,0,0,0
2019-07-06,angel-mother,0,0,0,0,0
2019-07-06,angel-family,0,0,0,0,0
2019-07-07,criminal-alien,0,0,0,0,0
2019-07-07,illegal-alien,0,0,0,0,0
2019-07-07,angel-mother,0,0,0,0,0
2019-07-07,angel-family,0,0,0,0,0
2019-07-08,criminal-alien,0,0,0,0,0
2019-07-08,illegal-alien,0,0,0,0,0
2019-07-08,angel-mother,0,0,0,0,0
2019-07-08,angel-family,0,0,0,0,0
2019-07-09,criminal-alien,0,0,0,0,0
2019-07-09,illegal-alien,0,0,0,0,0
2019-07-09,angel-mother,0,0,0,0,0
2019-07-09,angel-family,0,0,0,0,0
2019-07-10,criminal-alien,0,1,0,0,1
2019-07-10,illegal-alien,0,0,0,0,0
2019-07-10,angel-mother,0,0,0,0,0
2019-07-10,angel-family,0,0,0,0,0
2019-07-11,criminal-alien,0,0,0,0,0
2019-07-11,illegal-alien,0,0,0,0,0
2019-07-11,angel-mother,0,0,0,0,0
2019-07-11,angel-family,0,0,0,0,0
2019-07-12,criminal-alien,0,1,0,0,1
2019-07-12,illegal-alien,0,0,0,0,0
2019-07-12,angel-mother,0,0,0,0,0
2019-07-12,angel-family,0,0,0,0,0
2019-07-13,criminal-alien,0,1,0,0,1
2019-07-13,illegal-alien,0,0,0,0,0
2019-07-13,angel-mother,0,0,0,0,0
2019-07-13,angel-family,0,0,0,0,0
2019-07-14,criminal-alien,0,0,0,0,0
2019-07-14,illegal-alien,0,0,0,0,0
2019-07-14,angel-mother,0,0,0,0,0
2019-07-14,angel-family,0,0,0,0,0
2019-07-15,criminal-alien,0,0,0,0,0
2019-07-15,illegal-alien,0,0,0,0,0
2019-07-15,angel-mother,0,0,0,0,0
2019-07-15,angel-family,0,0,0,0,0
2019-07-16,criminal-alien,0,1,0,0,1
2019-07-16,illegal-alien,0,1,1,0,2
2019-07-16,angel-mother,0,0,0,0,0
2019-07-16,angel-family,0,0,0,0,0
2019-07-17,criminal-alien,0,1,0,0,1
2019-07-17,illegal-alien,0,0,0,0,0
2019-07-17,angel-mother,0,0,0,0,0
2019-07-17,angel-family,0,0,0,0,0
2019-07-18,criminal-alien,0,1,0,0,1
2019-07-18,illegal-alien,0,0,1,0,1
2019-07-18,angel-mother,0,0,0,0,0
2019-07-18,angel-family,0,0,0,0,0
2019-07-19,criminal-alien,0,0,0,0,0
2019-07-19,illegal-alien,0,0,1,0,1
2019-07-19,angel-mother,0,0,0,0,0
2019-07-19,angel-family,0,0,0,0,0
2019-07-20,criminal-alien,0,0,0,0,0
2019-07-20,illegal-alien,0,0,1,0,1
2019-07-20,angel-mother,0,0,0,0,0
2019-07-20,angel-family,0,0,0,0,0
2019-07-21,criminal-alien,0,0,0,0,0
2019-07-21,illegal-alien,0,0,0,0,0
2019-07-21,angel-mother,0,0,0,0,0
2019-07-21,angel-family,0,0,0,0,0
2019-07-22,criminal-alien,0,0,0,0,0
2019-07-22,illegal-alien,0,0,0,0,0
2019-07-22,angel-mother,0,0,0,0,0
2019-07-22,angel-family,0,0,0,0,0
2019-07-23,criminal-alien,0,2,0,0,2
2019-07-23,illegal-alien,0,0,0,2,2
2019-07-23,angel-mother,0,0,0,0,0
2019-07-23,angel-family,0,0,0,0,0
2019-07-24,criminal-alien,0,1,0,0,1
2019-07-24,illegal-alien,0,0,1,0,1
2019-07-24,angel-mother,0,0,0,0,0
2019-07-24,angel-family,0,0,0,0,0
2019-07-25,criminal-alien,0,1,0,0,1
2019-07-25,illegal-alien,0,0,1,0,1
2019-07-25,angel-mother,0,0,0,0,0
2019-07-25,angel-family,0,0,0,0,0
2019-07-26,criminal-alien,0,1,0,0,1
2019-07-26,illegal-alien,0,0,0,0,0
2019-07-26,angel-mother,0,0,0,0,0
2019-07-26,angel-family,0,0,0,0,0
2019-07-27,criminal-alien,0,0,0,0,0
2019-07-27,illegal-alien,0,0,0,0,0
2019-07-27,angel-mother,0,0,0,0,0
2019-07-27,angel-family,0,0,0,0,0
2019-07-28,criminal-alien,0,0,0,0,0
2019-07-28,illegal-alien,0,0,0,0,0
2019-07-28,angel-mother,0,0,0,0,0
2019-07-28,angel-family,0,0,0,0,0
2019-07-29,criminal-alien,0,0,0,0,0
2019-07-29,illegal-alien,0,0,1,0,1
2019-07-29,angel-mother,0,0,0,0,0
2019-07-29,angel-family,0,0,0,0,0
2019-07-30,criminal-alien,0,0,0,0,0
2019-07-30,illegal-alien,0,0,1,0,1
2019-07-30,angel-mother,0,0,0,0,0
2019-07-30,angel-family,0,0,0,0,0
2019-07-31,criminal-alien,0,1,0,0,1
2019-07-31,illegal-alien,0,0,0,0,0
2019-07-31,angel-mother,0,0,0,0,0
2019-07-31,angel-family,0,0,0,0,0
2019-08-01,criminal-alien,0,0,0,0,0
2019-08-01,illegal-alien,0,0,2,0,2
2019-08-01,angel-mother,0,0,0,0,0
2019-08-01,angel-family,0,0,0,0,0
2019-08-02,criminal-alien,0,0,0,0,0
2019-08-02,illegal-alien,0,0,1,1,2
2019-08-02,angel-mother,0,0,0,0,0
2019-08-02,angel-family,0,0,0,0,0
2019-08-03,criminal-alien,0,0,0,0,0
2019-08-03,illegal-alien,0,0,0,0,0
2019-08-03,angel-mother,0,0,0,0,0
2019-08-03,angel-family,0,0,0,0,0
2019-08-04,criminal-alien,0,0,0,0,0
2019-08-04,illegal-alien,0,0,0,0,0
2019-08-04,angel-mother,0,0,0,0,0
2019-08-04,angel-family,0,0,0,0,0
2019-08-05,criminal-alien,0,0,0,0,0
2019-08-05,illegal-alien,0,0,0,0,0
2019-08-05,angel-mother,0,0,0,0,0
2019-08-05,angel-family,0,0,0,0,0
2019-08-06,criminal-alien,0,1,0,0,1
2019-08-06,illegal-alien,0,0,1,0,1
2019-08-06,angel-mother,0,0,0,0,0
2019-08-06,angel-family,0,0,0,0,0
2019-08-07,criminal-alien,0,0,0,0,0
2019-08-07,illegal-alien,0,2,1,0,3
2019-08-07,angel-mother,0,0,0,0,0
2019-08-07,angel-family,0,0,0,0,0
2019-08-08,criminal-alien,0,0,0,0,0
2019-08-08,illegal-alien,0,1,0,0,1
2019-08-08,angel-mother,0,0,0,0,0
2019-08-08,angel-family,0,0,0,0,0
2019-08-09,criminal-alien,0,0,0,0,0
2019-08-09,illegal-alien,0,0,0,0,0
2019-08-09,angel-mother,0,0,0,0,0
2019-08-09,angel-family,0,0,0,0,0
2019-08-10,criminal-alien,0,0,0,0,0
2019-08-10,illegal-alien,0,0,0,0,0
2019-08-10,angel-mother,0,0,0,0,0
2019-08-10,angel-family,0,0,0,0,0
2019-08-11,criminal-alien,0,0,0,0,0
2019-08-11,illegal-alien,0,0,0,0,0
2019-08-11,angel-mother,0,0,0,0,0
2019-08-11,angel-family,0,0,0,0,0
2019-08-12,criminal-alien,0,0,0,0,0
2019-08-12,illegal-alien,0,0,1,0,1
2019-08-12,angel-mother,0,0,0,0,0
2019-08-12,angel-family,0,0,0,0,0
2019-08-13,criminal-alien,0,1,0,0,1
2019-08-13,illegal-alien,0,0,1,0,1
2019-08-13,angel-mother,0,0,0,0,0
2019-08-13,angel-family,0,0,0,0,0
2019-08-14,criminal-alien,0,0,0,0,0
2019-08-14,illegal-alien,0,1,2,0,3
2019-08-14,angel-mother,0,0,0,0,0
2019-08-14,angel-family,0,0,0,0,0
2019-08-15,criminal-alien,0,2,0,0,2
2019-08-15,illegal-alien,0,0,1,0,1
2019-08-15,angel-mother,0,0,0,0,0
2019-08-15,angel-family,0,0,0,0,0
2019-08-16,criminal-alien,0,0,0,0,0
2019-08-16,illegal-alien,1,1,0,2,4
2019-08-16,angel-mother,0,0,0,0,0
2019-08-16,angel-family,0,0,0,0,0
2019-08-17,criminal-alien,0,0,1,0,1
2019-08-17,illegal-alien,0,0,0,0,0
2019-08-17,angel-mother,0,0,0,0,0
2019-08-17,angel-family,0,0,0,0,0
2019-08-18,criminal-alien,0,0,0,0,0
2019-08-18,illegal-alien,0,0,0,0,0
2019-08-18,angel-mother,0,0,0,0,0
2019-08-18,angel-family,0,0,0,0,0
2019-08-19,criminal-alien,0,0,0,0,0
2019-08-19,illegal-alien,0,0,0,0,0
2019-08-19,angel-mother,0,0,0,0,0
2019-08-19,angel-family,0,0,0,0,0
2019-08-20,criminal-alien,0,0,0,0,0
2019-08-20,illegal-alien,0,1,0,0,1
2019-08-20,angel-mother,0,0,0,0,0
2019-08-20,angel-family,0,0,0,0,0
2019-08-21,criminal-alien,0,2,0,0,2
2019-08-21,illegal-alien,0,0,0,0,0
2019-08-21,angel-mother,0,0,0,0,0
2019-08-21,angel-family,0,0,0,0,0
2019-08-22,criminal-alien,0,1,0,0,1
2019-08-22,illegal-alien,0,0,0,1,1
2019-08-22,angel-mother,0,0,0,0,0
2019-08-22,angel-family,0,0,0,0,0
2019-08-23,criminal-alien,0,0,0,0,0
2019-08-23,illegal-alien,0,0,0,0,0
2019-08-23,angel-mother,0,0,0,0,0
2019-08-23,angel-family,0,0,0,0,0
2019-08-24,criminal-alien,0,0,0,0,0
2019-08-24,illegal-alien,0,0,0,0,0
2019-08-24,angel-mother,0,0,0,0,0
2019-08-24,angel-family,0,0,0,0,0
2019-08-25,criminal-alien,0,0,0,0,0
2019-08-25,illegal-alien,0,0,1,0,1
2019-08-25,angel-mother,0,0,0,0,0
2019-08-25,angel-family,0,0,0,0,0
2019-08-26,criminal-alien,0,0,0,0,0
2019-08-26,illegal-alien,0,0,0,0,0
2019-08-26,angel-mother,0,0,0,0,0
2019-08-26,angel-family,0,0,0,0,0
2019-08-27,criminal-alien,0,1,0,0,1
2019-08-27,illegal-alien,0,1,0,0,1
2019-08-27,angel-mother,0,0,0,0,0
2019-08-27,angel-family,0,0,0,0,0
2019-08-28,criminal-alien,0,0,0,0,0
2019-08-28,illegal-alien,0,0,0,0,0
2019-08-28,angel-mother,0,0,0,0,0
2019-08-28,angel-family,0,0,0,0,0
2019-08-29,criminal-alien,0,1,0,0,1
2019-08-29,illegal-alien,0,0,0,0,0
2019-08-29,angel-mother,0,0,0,0,0
2019-08-29,angel-family,0,0,0,0,0
2019-08-30,criminal-alien,0,0,0,0,0
2019-08-30,illegal-alien,0,0,0,1,1
2019-08-30,angel-mother,0,0,0,0,0
2019-08-30,angel-family,0,0,0,0,0
2019-08-31,criminal-alien,0,0,0,0,0
2019-08-31,illegal-alien,0,0,0,0,0
2019-08-31,angel-mother,0,0,0,0,0
2019-08-31,angel-family,0,0,0,0,0
2019-09-01,criminal-alien,0,0,0,0,0
2019-09-01,illegal-alien,0,0,0,0,0
2019-09-01,angel-mother,0,0,0,0,0
2019-09-01,angel-family,0,0,0,0,0
2019-09-02,criminal-alien,0,0,0,0,0
2019-09-02,illegal-alien,0,0,0,0,0
2019-09-02,angel-mother,0,0,0,0,0
2019-09-02,angel-family,0,0,0,0,0
2019-09-03,criminal-alien,0,0,0,0,0
2019-09-03,illegal-alien,0,0,0,0,0
2019-09-03,angel-mother,0,0,0,0,0
2019-09-03,angel-family,0,0,0,0,0
2019-09-04,criminal-alien,0,0,0,0,0
2019-09-04,illegal-alien,0,1,0,1,2
2019-09-04,angel-mother,0,0,0,0,0
2019-09-04,angel-family,0,0,0,0,0
2019-09-05,criminal-alien,0,1,0,0,1
2019-09-05,illegal-alien,0,0,0,0,0
2019-09-05,angel-mother,0,0,0,0,0
2019-09-05,angel-family,0,0,0,0,0
2019-09-06,criminal-alien,0,1,0,0,1
2019-09-06,illegal-alien,0,1,0,0,1
2019-09-06,angel-mother,0,0,0,0,0
2019-09-06,angel-family,0,0,0,0,0
2019-09-07,criminal-alien,0,0,0,0,0
2019-09-07,illegal-alien,0,0,0,0,0
2019-09-07,angel-mother,0,0,0,0,0
2019-09-07,angel-family,0,0,0,0,0
2019-09-08,criminal-alien,0,0,0,0,0
2019-09-08,illegal-alien,0,0,0,0,0
2019-09-08,angel-mother,0,0,0,0,0
2019-09-08,angel-family,0,0,0,0,0
2019-09-09,criminal-alien,0,0,0,0,0
2019-09-09,illegal-alien,0,0,0,0,0
2019-09-09,angel-mother,0,0,0,0,0
2019-09-09,angel-family,0,0,0,0,0
2019-09-10,criminal-alien,0,2,0,0,2
2019-09-10,illegal-alien,0,0,1,0,1
2019-09-10,angel-mother,0,0,0,0,0
2019-09-10,angel-family,0,0,0,0,0
2019-09-11,criminal-alien,0,1,0,0,1
2019-09-11,illegal-alien,0,0,0,0,0
2019-09-11,angel-mother,0,0,0,0,0
2019-09-11,angel-family,0,0,0,0,0
2019-09-12,criminal-alien,0,0,0,0,0
2019-09-12,illegal-alien,0,0,0,0,0
2019-09-12,angel-mother,0,0,0,0,0
2019-09-12,angel-family,0,0,0,0,0
2019-09-13,criminal-alien,0,1,0,0,1
2019-09-13,illegal-alien,0,1,0,0,1
2019-09-13,angel-mother,0,0,0,0,0
2019-09-13,angel-family,0,0,0,0,0
2019-09-14,criminal-alien,0,0,0,0,0
2019-09-14,illegal-alien,0,0,0,0,0
2019-09-14,angel-mother,0,0,0,0,0
2019-09-14,angel-family,0,0,0,0,0
2019-09-15,criminal-alien,0,0,0,0,0
2019-09-15,illegal-alien,0,0,0,0,0
2019-09-15,angel-mother,0,0,0,0,0
2019-09-15,angel-family,0,0,0,0,0
2019-09-16,criminal-alien,0,1,0,0,1
2019-09-16,illegal-alien,0,1,0,0,1
2019-09-16,angel-mother,0,0,0,0,0
2019-09-16,angel-family,0,0,0,0,0
2019-09-17,criminal-alien,0,0,0,0,0
2019-09-17,illegal-alien,0,1,0,0,1
2019-09-17,angel-mother,0,0,0,0,0
2019-09-17,angel-family,0,0,0,0,0
2019-09-18,criminal-alien,0,0,0,0,0
2019-09-18,illegal-alien,0,0,0,0,0
2019-09-18,angel-mother,0,0,0,0,0
2019-09-18,angel-family,0,0,0,0,0
2019-09-19,criminal-alien,0,0,0,0,0
2019-09-19,illegal-alien,0,1,0,0,1
2019-09-19,angel-mother,0,0,0,0,0
2019-09-19,angel-family,0,0,0,0,0
2019-09-20,criminal-alien,0,0,0,0,0
2019-09-20,illegal-alien,0,2,0,0,2
2019-09-20,angel-mother,0,0,0,0,0
2019-09-20,angel-family,0,0,0,0,0
2019-09-21,criminal-alien,0,0,0,0,0
2019-09-21,illegal-alien,0,0,1,0,1
2019-09-21,angel-mother,0,0,0,0,0
2019-09-21,angel-family,0,0,0,0,0
2019-09-22,criminal-alien,0,0,0,0,0
2019-09-22,illegal-alien,0,0,0,0,0
2019-09-22,angel-mother,0,0,0,0,0
2019-09-22,angel-family,0,0,0,0,0
2019-09-23,criminal-alien,0,0,0,0,0
2019-09-23,illegal-alien,0,0,0,0,0
2019-09-23,angel-mother,0,0,0,0,0
2019-09-23,angel-family,0,0,0,0,0
2019-09-24,criminal-alien,0,1,0,0,1
2019-09-24,illegal-alien,0,1,0,0,1
2019-09-24,angel-mother,0,0,0,0,0
2019-09-24,angel-family,0,0,0,0,0
2019-09-25,criminal-alien,0,1,0,0,1
2019-09-25,illegal-alien,0,0,0,0,0
2019-09-25,angel-mother,0,0,0,0,0
2019-09-25,angel-family,0,0,0,0,0
2019-09-26,criminal-alien,0,2,0,0,2
2019-09-26,illegal-alien,0,0,0,0,0
2019-09-26,angel-mother,0,0,0,0,0
2019-09-26,angel-family,0,0,0,0,0
2019-09-27,criminal-alien,0,3,0,0,3
2019-09-27,illegal-alien,0,0,0,0,0
2019-09-27,angel-mother,0,0,0,0,0
2019-09-27,angel-family,0,0,0,0,0
2019-09-28,criminal-alien,0,0,0,0,0
2019-09-28,illegal-alien,0,0,0,0,0
2019-09-28,angel-mother,0,0,0,0,0
2019-09-28,angel-family,0,0,0,0,0
2019-09-29,criminal-alien,0,0,0,0,0
2019-09-29,illegal-alien,0,0,0,0,0
2019-09-29,angel-mother,0,0,0,0,0
2019-09-29,angel-family,0,0,0,0,0
2019-09-30,criminal-alien,0,0,0,0,0
2019-09-30,illegal-alien,0,0,0,0,0
2019-09-30,angel-mother,0,0,0,0,0
2019-09-30,angel-family,0,0,0,0,0
2019-10-01,criminal-alien,0,2,0,0,2
2019-10-01,illegal-alien,0,2,0,0,2
2019-10-01,angel-mother,0,0,0,0,0
2019-10-01,angel-family,0,0,0,0,0
2019-10-02,criminal-alien,0,0,0,0,0
2019-10-02,illegal-alien,0,0,0,0,0
2019-10-02,angel-mother,0,0,0,0,0
2019-10-02,angel-family,0,0,0,0,0
2019-10-03,criminal-alien,0,1,0,0,1
2019-10-03,illegal-alien,0,0,0,1,1
2019-10-03,angel-mother,0,0,0,0,0
2019-10-03,angel-family,0,0,0,0,0
2019-10-04,criminal-alien,0,0,0,0,0
2019-10-04,illegal-alien,0,0,0,0,0
2019-10-04,angel-mother,0,0,0,0,0
2019-10-04,angel-family,0,0,0,0,0
2019-10-05,criminal-alien,0,0,0,0,0
2019-10-05,illegal-alien,0,0,0,0,0
2019-10-05,angel-mother,0,0,0,0,0
2019-10-05,angel-family,0,0,0,0,0
2019-10-06,criminal-alien,0,0,0,0,0
2019-10-06,illegal-alien,0,0,0,0,0
2019-10-06,angel-mother,0,0,0,0,0
2019-10-06,angel-family,0,0,0,0,0
2019-10-07,criminal-alien,0,0,0,0,0
2019-10-07,illegal-alien,0,0,0,0,0
2019-10-07,angel-mother,0,0,0,0,0
2019-10-07,angel-family,0,0,0,0,0
2019-10-08,criminal-alien,0,0,0,0,0
2019-10-08,illegal-alien,0,0,0,0,0
2019-10-08,angel-mother,0,0,0,0,0
2019-10-08,angel-family,0,0,0,0,0
2019-10-09,criminal-alien,0,1,0,0,1
2019-10-09,illegal-alien,0,0,0,0,0
2019-10-09,angel-mother,0,0,0,0,0
2019-10-09,angel-family,0,0,0,0,0
2019-10-10,criminal-alien,0,2,0,0,2
2019-10-10,illegal-alien,0,0,0,0,0
2019-10-10,angel-mother,0,0,0,0,0
2019-10-10,angel-family,0,0,0,0,0
2019-10-11,criminal-alien,0,2,0,0,2
2019-10-11,illegal-alien,0,0,0,0,0
2019-10-11,angel-mother,0,0,0,0,0
2019-10-11,angel-family,0,0,0,0,0
2019-10-12,criminal-alien,0,0,0,0,0
2019-10-12,illegal-alien,0,0,0,0,0
2019-10-12,angel-mother,0,0,0,0,0
2019-10-12,angel-family,0,0,0,0,0
2019-10-13,criminal-alien,0,0,0,0,0
2019-10-13,illegal-alien,0,0,0,0,0
2019-10-13,angel-mother,0,0,0,0,0
2019-10-13,angel-family,0,0,0,0,0
2019-10-14,criminal-alien,0,0,0,0,0
2019-10-14,illegal-alien,0,0,0,0,0
2019-10-14,angel-mother,0,0,0,0,0
2019-10-14,angel-family,0,0,0,0,0
2019-10-15,criminal-alien,0,0,0,0,0
2019-10-15,illegal-alien,0,0,0,1,1
2019-10-15,angel-mother,0,0,0,0,0
2019-10-15,angel-family,0,0,0,0,0
2019-10-16,criminal-alien,0,0,0,0,0
2019-10-16,illegal-alien,0,1,0,0,1
2019-10-16,angel-mother,0,0,0,0,0
2019-10-16,angel-family,0,0,0,0,0
2019-10-17,criminal-alien,0,1,0,0,1
2019-10-17,illegal-alien,0,0,1,0,1
2019-10-17,angel-mother,0,0,0,0,0
2019-10-17,angel-family,0,0,0,0,0
2019-10-18,criminal-alien,0,2,0,0,2
2019-10-18,illegal-alien,0,0,0,0,0
2019-10-18,angel-mother,0,0,0,0,0
2019-10-18,angel-family,0,0,0,0,0
2019-10-19,criminal-alien,0,0,0,0,0
2019-10-19,illegal-alien,0,0,0,0,0
2019-10-19,angel-mother,0,0,0,0,0
2019-10-19,angel-family,0,0,0,0,0
2019-10-20,criminal-alien,0,0,0,0,0
2019-10-20,illegal-alien,0,0,0,0,0
2019-10-20,angel-mother,0,0,0,0,0
2019-10-20,angel-family,0,0,0,0,0
2019-10-21,criminal-alien,0,0,0,0,0
2019-10-21,illegal-alien,0,1,0,0,1
2019-10-21,angel-mother,0,0,0,0,0
2019-10-21,angel-family,0,0,0,0,0
2019-10-22,criminal-alien,0,1,0,0,1
2019-10-22,illegal-alien,0,0,0,0,0
2019-10-22,angel-mother,0,0,0,0,0
2019-10-22,angel-family,0,0,0,0,0
2019-10-23,criminal-alien,0,0,0,0,0
2019-10-23,illegal-alien,0,0,0,0,0
2019-10-23,angel-mother,0,0,0,0,0
2019-10-23,angel-family,0,0,0,0,0
2019-10-24,criminal-alien,0,1,0,0,1
2019-10-24,illegal-alien,0,1,0,0,1
2019-10-24,angel-mother,0,0,0,0,0
2019-10-24,angel-family,0,0,0,0,0
2019-10-25,criminal-alien,0,1,0,0,1
2019-10-25,illegal-alien,0,1,1,0,2
2019-10-25,angel-mother,0,0,0,0,0
2019-10-25,angel-family,0,0,0,0,0
2019-10-26,criminal-alien,0,0,0,0,0
2019-10-26,illegal-alien,0,0,0,0,0
2019-10-26,angel-mother,0,0,0,0,0
2019-10-26,angel-family,0,0,0,0,0
2019-10-27,criminal-alien,0,0,0,0,0
2019-10-27,illegal-alien,0,0,0,0,0
2019-10-27,angel-mother,0,0,0,0,0
2019-10-27,angel-family,0,0,0,0,0
2019-10-28,criminal-alien,0,0,0,1,1
2019-10-28,illegal-alien,0,0,1,0,1
2019-10-28,angel-mother,0,0,0,0,0
2019-10-28,angel-family,0,0,0,0,0
2019-10-29,criminal-alien,0,1,0,0,1
2019-10-29,illegal-alien,0,0,0,0,0
2019-10-29,angel-mother,0,0,0,0,0
2019-10-29,angel-family,0,0,0,0,0
2019-10-30,criminal-alien,0,2,0,0,2
2019-10-30,illegal-alien,0,0,1,0,1
2019-10-30,angel-mother,0,0,0,0,0
2019-10-30,angel-family,0,0,0,0,0
2019-10-31,criminal-alien,0,2,0,0,2
2019-10-31,illegal-alien,0,3,0,0,3
2019-10-31,angel-mother,0,0,0,0,0
2019-10-31,angel-family,0,0,0,0,0
2019-11-01,criminal-alien,0,1,0,0,1
2019-11-01,illegal-alien,0,1,0,0,1
2019-11-01,angel-mother,0,0,0,0,0
2019-11-01,angel-family,0,0,0,0,0
2019-11-02,criminal-alien,0,0,0,0,0
2019-11-02,illegal-alien,0,0,0,0,0
2019-11-02,angel-mother,0,0,0,0,0
2019-11-02,angel-family,0,0,0,0,0
2019-11-03,criminal-alien,0,0,0,0,0
2019-11-03,illegal-alien,0,0,0,0,0
2019-11-03,angel-mother,0,0,0,0,0
2019-11-03,angel-family,0,0,0,0,0
2019-11-04,criminal-alien,0,1,0,0,1
2019-11-04,illegal-alien,0,1,0,0,1
2019-11-04,angel-mother,0,0,0,0,0
2019-11-04,angel-family,0,0,0,0,0
2019-11-05,criminal-alien,0,0,0,0,0
2019-11-05,illegal-alien,0,3,1,0,4
2019-11-05,angel-mother,0,0,0,0,0
2019-11-05,angel-family,0,0,0,0,0
2019-11-06,criminal-alien,0,1,0,0,1
2019-11-06,illegal-alien,0,1,0,0,1
2019-11-06,angel-mother,0,0,0,0,0
2019-11-06,angel-family,0,0,0,0,0
2019-11-07,criminal-alien,0,1,0,0,1
2019-11-07,illegal-alien,0,1,1,0,2
2019-11-07,angel-mother,0,0,0,0,0
2019-11-07,angel-family,0,0,0,0,0
2019-11-08,criminal-alien,0,0,0,0,0
2019-11-08,illegal-alien,0,1,0,0,1
2019-11-08,angel-mother,0,0,0,0,0
2019-11-08,angel-family,0,0,0,0,0
2019-11-09,criminal-alien,0,0,0,0,0
2019-11-09,illegal-alien,0,0,0,0,0
2019-11-09,angel-mother,0,0,0,0,0
2019-11-09,angel-family,0,0,0,0,0
2019-11-10,criminal-alien,0,0,0,0,0
2019-11-10,illegal-alien,0,0,0,0,0
2019-11-10,angel-mother,0,0,0,0,0
2019-11-10,angel-family,0,0,0,0,0
2019-11-11,criminal-alien,0,1,0,0,1
2019-11-11,illegal-alien,0,1,0,0,1
2019-11-11,angel-mother,0,0,0,0,0
2019-11-11,angel-family,0,0,0,0,0
2019-11-12,criminal-alien,0,1,0,0,1
2019-11-12,illegal-alien,0,0,0,0,0
2019-11-12,angel-mother,0,0,0,0,0
2019-11-12,angel-family,0,0,0,0,0
2019-11-13,criminal-alien,0,0,0,0,0
2019-11-13,illegal-alien,0,0,0,0,0
2019-11-13,angel-mother,0,0,0,0,0
2019-11-13,angel-family,0,0,0,0,0
2019-11-14,criminal-alien,0,2,0,0,2
2019-11-14,illegal-alien,0,1,1,0,2
2019-11-14,angel-mother,0,0,0,0,0
2019-11-14,angel-family,0,0,0,0,0
2019-11-15,criminal-alien,0,0,0,0,0
2019-11-15,illegal-alien,0,0,0,0,0
2019-11-15,angel-mother,0,0,0,0,0
2019-11-15,angel-family,0,0,0,0,0
2019-11-16,criminal-alien,0,0,0,0,0
2019-11-16,illegal-alien,0,0,0,0,0
2019-11-16,angel-mother,0,0,0,0,0
2019-11-16,angel-family,0,0,0,0,0
2019-11-17,criminal-alien,0,1,0,0,1
2019-11-17,illegal-alien,0,0,0,0,0
2019-11-17,angel-mother,0,0,0,0,0
2019-11-17,angel-family,0,0,0,0,0
2019-11-18,criminal-alien,0,0,0,0,0
2019-11-18,illegal-alien,0,0,1,0,1
2019-11-18,angel-mother,0,0,0,0,0
2019-11-18,angel-family,0,0,0,0,0
2019-11-19,criminal-alien,0,3,0,0,3
2019-11-19,illegal-alien,0,1,1,0,2
2019-11-19,angel-mother,0,0,0,0,0
2019-11-19,angel-family,0,0,0,0,0
2019-11-20,criminal-alien,0,0,0,0,0
2019-11-20,illegal-alien,0,0,0,0,0
2019-11-20,angel-mother,0,0,0,0,0
2019-11-20,angel-family,0,0,0,0,0
2019-11-21,criminal-alien,0,0,0,0,0
2019-11-21,illegal-alien,0,3,0,0,3
2019-11-21,angel-mother,0,0,0,0,0
2019-11-21,angel-family,0,0,0,0,0
2019-11-22,criminal-alien,0,1,0,0,1
2019-11-22,illegal-alien,0,0,0,0,0
2019-11-22,angel-mother,0,0,0,0,0
2019-11-22,angel-family,0,0,0,0,0
2019-11-23,criminal-alien,0,0,0,0,0
2019-11-23,illegal-alien,0,0,0,0,0
2019-11-23,angel-mother,0,0,0,0,0
2019-11-23,angel-family,0,0,0,0,0
2019-11-24,criminal-alien,0,0,0,0,0
2019-11-24,illegal-alien,0,0,0,0,0
2019-11-24,angel-mother,0,0,0,0,0
2019-11-24,angel-family,0,0,0,0,0
2019-11-25,criminal-alien,0,0,0,0,0
2019-11-25,illegal-alien,0,0,0,0,0
2019-11-25,angel-mother,0,0,0,0,0
2019-11-25,angel-family,0,0,0,0,0
2019-11-26,criminal-alien,0,0,0,0,0
2019-11-26,illegal-alien,0,0,0,0,0
2019-11-26,angel-mother,0,0,0,0,0
2019-11-26,angel-family,0,0,0,0,0
2019-11-27,criminal-alien,0,0,0,0,0
2019-11-27,illegal-alien,0,1,0,0,1
2019-11-27,angel-mother,0,0,0,0,0
2019-11-27,angel-family,0,0,0,0,0
2019-11-28,criminal-alien,0,0,0,0,0
2019-11-28,illegal-alien,0,0,0,0,0
2019-11-28,angel-mother,0,0,0,0,0
2019-11-28,angel-family,0,0,0,0,0
2019-11-29,criminal-alien,0,0,0,0,0
2019-11-29,illegal-alien,0,0,0,0,0
2019-11-29,angel-mother,0,0,0,0,0
2019-11-29,angel-family,0,0,0,0,0
2019-11-30,criminal-alien,0,0,0,0,0
2019-11-30,illegal-alien,0,0,1,0,1
2019-11-30,angel-mother,0,0,0,0,0
2019-11-30,angel-family,0,0,0,0,0
2019-12-01,criminal-alien,0,0,0,0,0
2019-12-01,illegal-alien,0,0,0,0,0
2019-12-01,angel-mother,0,0,0,0,0
2019-12-01,angel-family,0,0,0,0,0
2019-12-02,criminal-alien,0,0,0,0,0
2019-12-02,illegal-alien,0,0,0,0,0
2019-12-02,angel-mother,0,0,0,0,0
2019-12-02,angel-family,0,0,0,0,0
2019-12-03,criminal-alien,0,2,0,0,2
2019-12-03,illegal-alien,0,2,0,0,2
2019-12-03,angel-mother,0,0,0,0,0
2019-12-03,angel-family,0,0,0,0,0
2019-12-04,criminal-alien,0,0,0,0,0
2019-12-04,illegal-alien,0,0,0,0,0
2019-12-04,angel-mother,0,0,0,0,0
2019-12-04,angel-family,0,0,0,0,0
2019-12-05,criminal-alien,0,0,0,0,0
2019-12-05,illegal-alien,0,0,0,0,0
2019-12-05,angel-mother,0,0,0,0,0
2019-12-05,angel-family,0,0,0,0,0
2019-12-06,criminal-alien,0,0,0,0,0
2019-12-06,illegal-alien,0,0,1,0,1
2019-12-06,angel-mother,0,0,0,0,0
2019-12-06,angel-family,0,0,0,0,0
2019-12-07,criminal-alien,0,0,0,0,0
2019-12-07,illegal-alien,0,0,1,0,1
2019-12-07,angel-mother,0,0,0,0,0
2019-12-07,angel-family,0,0,0,0,0
2019-12-08,criminal-alien,0,0,0,0,0
2019-12-08,illegal-alien,0,0,0,0,0
2019-12-08,angel-mother,0,0,0,0,0
2019-12-08,angel-family,0,0,0,0,0
2019-12-09,criminal-alien,0,0,0,0,0
2019-12-09,illegal-alien,1,0,0,0,1
2019-12-09,angel-mother,0,0,0,0,0
2019-12-09,angel-family,0,0,0,0,0
2019-12-10,criminal-alien,0,0,0,0,0
2019-12-10,illegal-alien,0,0,0,0,0
2019-12-10,angel-mother,0,0,0,0,0
2019-12-10,angel-family,0,0,0,0,0
2019-12-11,criminal-alien,0,0,0,0,0
2019-12-11,illegal-alien,0,0,0,0,0
2019-12-11,angel-mother,0,0,0,0,0
2019-12-11,angel-family,0,0,0,0,0
2019-12-12,criminal-alien,0,2,0,0,2
2019-12-12,illegal-alien,0,0,0,0,0
2019-12-12,angel-mother,0,0,0,0,0
2019-12-12,angel-family,0,0,0,0,0
2019-12-13,criminal-alien,0,0,0,0,0
2019-12-13,illegal-alien,0,0,0,0,0
2019-12-13,angel-mother,0,0,0,0,0
2019-12-13,angel-family,0,0,0,0,0
2019-12-14,criminal-alien,0,0,0,0,0
2019-12-14,illegal-alien,0,0,0,0,0
2019-12-14,angel-mother,0,0,0,0,0
2019-12-14,angel-family,0,0,0,0,0
2019-12-15,criminal-alien,0,0,0,0,0
2019-12-15,illegal-alien,0,0,0,0,0
2019-12-15,angel-mother,0,0,0,0,0
2019-12-15,angel-family,0,0,0,0,0
2019-12-16,criminal-alien,1,0,0,0,1
2019-12-16,illegal-alien,1,0,0,0,1
2019-12-16,angel-mother,0,0,0,0,0
2019-12-16,angel-family,0,0,0,0,0
2019-12-17,criminal-alien,0,0,0,0,0
2019-12-17,illegal-alien,0,1,1,0,2
2019-12-17,angel-mother,0,0,0,0,0
2019-12-17,angel-family,0,0,0,0,0
2019-12-18,criminal-alien,0,0,0,0,0
2019-12-18,illegal-alien,0,0,1,0,1
2019-12-18,angel-mother,0,0,0,0,0
2019-12-18,angel-family,0,0,0,0,0
2019-12-19,criminal-alien,0,0,0,0,0
2019-12-19,illegal-alien,0,1,1,0,2
2019-12-19,angel-mother,0,0,0,0,0
2019-12-19,angel-family,0,0,0,0,0
2019-12-20,criminal-alien,0,0,0,0,0
2019-12-20,illegal-alien,0,0,0,0,0
2019-12-20,angel-mother,0,0,0,0,0
2019-12-20,angel-family,0,0,0,0,0
2019-12-21,criminal-alien,0,0,0,0,0
2019-12-21,illegal-alien,0,0,1,0,1
2019-12-21,angel-mother,0,0,0,0,0
2019-12-21,angel-family,0,0,0,0,0
2019-12-22,criminal-alien,0,0,0,0,0
2019-12-22,illegal-alien,0,0,0,0,0
2019-12-22,angel-mother,0,0,0,0,0
2019-12-22,angel-family,0,0,0,0,0
2019-12-23,criminal-alien,0,0,0,0,0
2019-12-23,illegal-alien,0,0,0,0,0
2019-12-23,angel-mother,0,0,0,0,0
2019-12-23,angel-family,0,0,0,0,0
2019-12-24,criminal-alien,0,1,0,0,1
2019-12-24,illegal-alien,0,0,0,0,0
2019-12-24,angel-mother,0,0,0,0,0
2019-12-24,angel-family,0,0,0,0,0
2019-12-25,criminal-alien,0,0,0,0,0
2019-12-25,illegal-alien,0,0,0,0,0
2019-12-25,angel-mother,0,0,0,0,0
2019-12-25,angel-family,0,0,0,0,0
2019-12-26,criminal-alien,0,0,0,0,0
2019-12-26,illegal-alien,0,0,0,0,0
2019-12-26,angel-mother,0,0,0,0,0
2019-12-26,angel-family,0,0,0,0,0
2019-12-27,criminal-alien,0,0,0,0,0
2019-12-27,illegal-alien,0,0,0,0,0
2019-12-27,angel-mother,0,0,0,0,0
2019-12-27,angel-family,0,0,0,0,0
2019-12-28,criminal-alien,0,0,0,0,0
2019-12-28,illegal-alien,0,0,0,0,0
2019-12-28,angel-mother,0,0,0,0,0
2019-12-28,angel-family,0,0,0,0,0
2019-12-29,criminal-alien,0,0,0,0,0
2019-12-29,illegal-alien,0,0,0,0,0
2019-12-29,angel-mother,0,0,0,0,0
2019-12-29,angel-family,0,0,0,0,0
2019-12-30,criminal-alien,0,0,0,0,0
2019-12-30,illegal-alien,0,0,0,0,0
2019-12-30,angel-mother,0,0,0,0,0
2019-12-30,angel-family,0,0,0,0,0
2019-12-31,criminal-alien,0,0,0,0,0
2019-12-31,illegal-alien,0,1,0,0,1
2019-12-31,angel-mother,0,0,0,0,0
2019-12-31,angel-family,0,0,0,0,0
2020-01-01,criminal-alien,0,0,0,0,0
2020-01-01,illegal-alien,0,0,0,0,0
2020-01-01,angel-mother,0,0,0,0,0
2020-01-01,angel-family,0,0,0,0,0
2020-01-02,criminal-alien,0,1,0,0,1
2020-01-02,illegal-alien,0,0,0,0,0
2020-01-02,angel-mother,0,0,0,0,0
2020-01-02,angel-family,0,0,0,0,0
2020-01-03,criminal-alien,0,0,0,0,0
2020-01-03,illegal-alien,0,0,0,0,0
2020-01-03,angel-mother,0,0,0,0,0
2020-01-03,angel-family,0,0,0,0,0
2020-01-04,criminal-alien,0,0,0,0,0
2020-01-04,illegal-alien,0,0,0,0,0
2020-01-04,angel-mother,0,0,0,0,0
2020-01-04,angel-family,0,0,0,0,0
2020-01-05,criminal-alien,0,0,0,0,0
2020-01-05,illegal-alien,0,0,0,0,0
2020-01-05,angel-mother,0,0,0,0,0
2020-01-05,angel-family,0,0,0,0,0
2020-01-06,criminal-alien,0,0,0,0,0
2020-01-06,illegal-alien,0,0,1,0,1
2020-01-06,angel-mother,0,0,0,0,0
2020-01-06,angel-family,0,0,0,0,0
2020-01-07,criminal-alien,0,1,0,0,1
2020-01-07,illegal-alien,0,0,0,0,0
2020-01-07,angel-mother,0,0,0,0,0
2020-01-07,angel-family,0,0,0,0,0
2020-01-08,criminal-alien,0,1,0,0,1
2020-01-08,illegal-alien,0,0,0,0,0
2020-01-08,angel-mother,0,0,0,0,0
2020-01-08,angel-family,0,0,0,0,0
2020-01-09,criminal-alien,0,1,0,0,1
2020-01-09,illegal-alien,0,0,0,0,0
2020-01-09,angel-mother,0,0,0,0,0
2020-01-09,angel-family,0,0,0,0,0
2020-01-10,criminal-alien,0,0,0,0,0
2020-01-10,illegal-alien,0,0,0,0,0
2020-01-10,angel-mother,0,0,0,0,0
2020-01-10,angel-family,0,0,0,0,0
2020-01-11,criminal-alien,0,0,1,0,1
2020-01-11,illegal-alien,0,0,1,0,1
2020-01-11,angel-mother,0,0,0,0,0
2020-01-11,angel-family,0,0,0,0,0
2020-01-12,criminal-alien,0,0,0,0,0
2020-01-12,illegal-alien,0,0,0,0,0
2020-01-12,angel-mother,0,0,0,0,0
2020-01-12,angel-family,0,0,0,0,0
2020-01-13,criminal-alien,0,0,0,0,0
2020-01-13,illegal-alien,0,0,0,0,0
2020-01-13,angel-mother,0,0,0,0,0
2020-01-13,angel-family,0,0,0,0,0
2020-01-14,criminal-alien,0,0,0,0,0
2020-01-14,illegal-alien,0,0,0,0,0
2020-01-14,angel-mother,0,0,0,0,0
2020-01-14,angel-family,0,0,0,0,0
2020-01-15,criminal-alien,1,0,0,0,1
2020-01-15,illegal-alien,0,0,1,0,1
2020-01-15,angel-mother,0,0,0,0,0
2020-01-15,angel-family,0,0,0,0,0
2020-01-16,criminal-alien,1,0,0,0,1
2020-01-16,illegal-alien,0,0,0,0,0
2020-01-16,angel-mother,0,0,0,0,0
2020-01-16,angel-family,0,0,0,0,0
2020-01-17,criminal-alien,0,2,0,0,2
2020-01-17,illegal-alien,0,0,1,0,1
2020-01-17,angel-mother,0,0,0,0,0
2020-01-17,angel-family,0,0,0,0,0
2020-01-18,criminal-alien,0,2,0,0,2
2020-01-18,illegal-alien,0,1,0,0,1
2020-01-18,angel-mother,0,0,0,0,0
2020-01-18,angel-family,0,0,0,0,0
2020-01-19,criminal-alien,0,1,0,0,1
2020-01-19,illegal-alien,0,1,0,0,1
2020-01-19,angel-mother,0,0,0,0,0
2020-01-19,angel-family,0,0,0,0,0
2020-01-20,criminal-alien,0,0,0,0,0
2020-01-20,illegal-alien,0,0,0,0,0
2020-01-20,angel-mother,0,0,0,0,0
2020-01-20,angel-family,0,0,0,0,0
2020-01-21,criminal-alien,0,0,0,0,0
2020-01-21,illegal-alien,0,0,0,0,0
2020-01-21,angel-mother,0,0,0,0,0
2020-01-21,angel-family,0,0,0,0,0
2020-01-22,criminal-alien,0,0,0,0,0
2020-01-22,illegal-alien,0,0,1,0,1
2020-01-22,angel-mother,0,0,0,0,0
2020-01-22,angel-family,0,0,0,0,0
2020-01-23,criminal-alien,0,0,0,0,0
2020-01-23,illegal-alien,0,0,0,0,0
2020-01-23,angel-mother,0,0,0,0,0
2020-01-23,angel-family,0,0,0,0,0
2020-01-24,criminal-alien,0,0,0,0,0
2020-01-24,illegal-alien,0,0,0,0,0
2020-01-24,angel-mother,0,0,0,0,0
2020-01-24,angel-family,0,0,0,0,0
2020-01-25,criminal-alien,0,0,0,0,0
2020-01-25,illegal-alien,0,0,0,0,0
2020-01-25,angel-mother,0,0,0,0,0
2020-01-25,angel-family,0,0,0,0,0
2020-01-26,criminal-alien,0,0,0,0,0
2020-01-26,illegal-alien,0,0,0,0,0
2020-01-26,angel-mother,0,0,0,0,0
2020-01-26,angel-family,0,0,0,0,0
2020-01-27,criminal-alien,0,2,0,0,2
2020-01-27,illegal-alien,0,0,0,0,0
2020-01-27,angel-mother,0,0,0,0,0
2020-01-27,angel-family,0,0,0,0,0
2020-01-28,criminal-alien,0,2,0,0,2
2020-01-28,illegal-alien,0,1,0,0,1
2020-01-28,angel-mother,0,0,0,0,0
2020-01-28,angel-family,0,0,0,0,0
2020-01-29,criminal-alien,0,0,0,0,0
2020-01-29,illegal-alien,0,0,0,0,0
2020-01-29,angel-mother,0,0,0,0,0
2020-01-29,angel-family,0,0,0,0,0
2020-01-30,criminal-alien,0,0,0,0,0
2020-01-30,illegal-alien,0,0,0,0,0
2020-01-30,angel-mother,0,0,0,0,0
2020-01-30,angel-family,0,0,0,0,0
2020-01-31,criminal-alien,0,0,0,0,0
2020-01-31,illegal-alien,0,0,0,0,0
2020-01-31,angel-mother,0,0,0,0,0
2020-01-31,angel-family,0,0,0,0,0
2020-02-01,criminal-alien,0,0,0,0,0
2020-02-01,illegal-alien,0,0,0,0,0
2020-02-01,angel-mother,0,0,0,0,0
2020-02-01,angel-family,0,0,0,0,0
2020-02-02,criminal-alien,0,0,0,0,0
2020-02-02,illegal-alien,0,0,0,0,0
2020-02-02,angel-mother,0,0,0,0,0
2020-02-02,angel-family,0,0,0,0,0
2020-02-03,criminal-alien,0,0,0,0,0
2020-02-03,illegal-alien,0,2,1,0,3
2020-02-03,angel-mother,0,0,0,0,0
2020-02-03,angel-family,0,0,0,0,0
2020-02-04,criminal-alien,0,0,0,1,1
2020-02-04,illegal-alien,0,0,0,0,0
2020-02-04,angel-mother,0,0,0,0,0
2020-02-04,angel-family,0,0,0,0,0
2020-02-05,criminal-alien,1,1,0,0,2
2020-02-05,illegal-alien,0,1,0,0,1
2020-02-05,angel-mother,0,0,0,0,0
2020-02-05,angel-family,0,0,0,0,0
2020-02-06,criminal-alien,0,0,0,0,0
2020-02-06,illegal-alien,0,0,1,0,1
2020-02-06,angel-mother,0,0,0,0,0
2020-02-06,angel-family,0,0,0,0,0
2020-02-07,criminal-alien,0,0,0,0,0
2020-02-07,illegal-alien,0,0,1,0,1
2020-02-07,angel-mother,0,0,0,0,0
2020-02-07,angel-family,0,0,0,0,0
2020-02-08,criminal-alien,0,0,0,0,0
2020-02-08,illegal-alien,0,0,0,0,0
2020-02-08,angel-mother,0,0,0,0,0
2020-02-08,angel-family,0,0,0,0,0
2020-02-09,criminal-alien,0,0,0,0,0
2020-02-09,illegal-alien,0,0,0,0,0
2020-02-09,angel-mother,0,0,0,0,0
2020-02-09,angel-family,0,0,0,0,0
2020-02-10,criminal-alien,0,0,0,0,0
2020-02-10,illegal-alien,0,0,0,0,0
2020-02-10,angel-mother,0,0,0,0,0
2020-02-10,angel-family,0,0,0,0,0
2020-02-11,criminal-alien,0,0,0,0,0
2020-02-11,illegal-alien,0,0,0,0,0
2020-02-11,angel-mother,0,0,0,0,0
2020-02-11,angel-family,0,0,0,0,0
2020-02-12,criminal-alien,0,1,0,0,1
2020-02-12,illegal-alien,0,0,1,0,1
2020-02-12,angel-mother,0,0,0,0,0
2020-02-12,angel-family,0,0,0,0,0
2020-02-13,criminal-alien,0,0,0,0,0
2020-02-13,illegal-alien,0,0,0,0,0
2020-02-13,angel-mother,0,0,0,0,0
2020-02-13,angel-family,0,0,0,0,0
2020-02-14,criminal-alien,0,0,0,0,0
2020-02-14,illegal-alien,0,1,0,0,1
2020-02-14,angel-mother,0,0,0,0,0
2020-02-14,angel-family,0,0,0,0,0
2020-02-15,criminal-alien,0,0,0,0,0
2020-02-15,illegal-alien,0,0,0,0,0
2020-02-15,angel-mother,0,0,0,0,0
2020-02-15,angel-family,0,0,0,0,0
2020-02-16,criminal-alien,0,0,0,0,0
2020-02-16,illegal-alien,0,0,0,0,0
2020-02-16,angel-mother,0,0,0,0,0
2020-02-16,angel-family,0,0,0,0,0
2020-02-17,criminal-alien,0,0,0,0,0
2020-02-17,illegal-alien,0,0,0,0,0
2020-02-17,angel-mother,0,0,0,0,0
2020-02-17,angel-family,0,0,0,0,0
2020-02-18,criminal-alien,0,0,0,0,0
2020-02-18,illegal-alien,0,0,0,0,0
2020-02-18,angel-mother,0,0,0,0,0
2020-02-18,angel-family,0,0,0,0,0
2020-02-19,criminal-alien,0,1,0,0,1
2020-02-19,illegal-alien,0,0,0,0,0
2020-02-19,angel-mother,0,0,0,0,0
2020-02-19,angel-family,0,0,0,0,0
2020-02-20,criminal-alien,0,0,0,0,0
2020-02-20,illegal-alien,0,2,0,0,2
2020-02-20,angel-mother,0,0,0,0,0
2020-02-20,angel-family,0,0,0,0,0
2020-02-21,criminal-alien,0,1,0,0,1
2020-02-21,illegal-alien,0,0,0,0,0
2020-02-21,angel-mother,0,0,0,0,0
2020-02-21,angel-family,0,0,0,0,0
2020-02-22,criminal-alien,0,0,0,0,0
2020-02-22,illegal-alien,0,0,0,0,0
2020-02-22,angel-mother,0,0,0,0,0
2020-02-22,angel-family,0,0,0,0,0
2020-02-23,criminal-alien,0,0,0,0,0
2020-02-23,illegal-alien,0,0,0,0,0
2020-02-23,angel-mother,0,0,0,0,0
2020-02-23,angel-family,0,0,0,0,0
2020-02-24,criminal-alien,0,0,0,0,0
2020-02-24,illegal-alien,1,0,0,0,1
2020-02-24,angel-mother,0,0,0,0,0
2020-02-24,angel-family,0,0,0,0,0
2020-02-25,criminal-alien,0,2,0,0,2
2020-02-25,illegal-alien,1,1,1,0,3
2020-02-25,angel-mother,0,0,0,0,0
2020-02-25,angel-family,0,0,0,0,0
2020-02-26,criminal-alien,1,0,0,0,1
2020-02-26,illegal-alien,0,0,1,0,1
2020-02-26,angel-mother,0,0,0,0,0
2020-02-26,angel-family,0,0,0,0,0
2020-02-27,criminal-alien,0,0,1,0,1
2020-02-27,illegal-alien,0,0,0,0,0
2020-02-27,angel-mother,0,0,0,0,0
2020-02-27,angel-family,0,0,0,0,0
2020-02-28,criminal-alien,0,1,0,0,1
2020-02-28,illegal-alien,0,0,0,0,0
2020-02-28,angel-mother,0,0,0,0,0
2020-02-28,angel-family,0,0,0,0,0
2020-02-29,criminal-alien,0,0,0,0,0
2020-02-29,illegal-alien,0,0,0,0,0
2020-02-29,angel-mother,0,0,0,0,0
2020-02-29,angel-family,0,0,0,0,0
2020-03-01,criminal-alien,0,0,0,0,0
2020-03-01,illegal-alien,0,0,1,0,1
2020-03-01,angel-mother,0,0,0,0,0
2020-03-01,angel-family,0,0,0,0,0
2020-03-02,criminal-alien,0,2,0,0,2
2020-03-02,illegal-alien,0,0,0,0,0
2020-03-02,angel-mother,0,0,0,0,0
2020-03-02,angel-family,0,0,0,0,0
2020-03-03,criminal-alien,0,0,0,0,0
2020-03-03,illegal-alien,0,0,0,0,0
2020-03-03,angel-mother,0,0,0,0,0
2020-03-03,angel-family,0,0,0,0,0
2020-03-04,criminal-alien,0,0,0,0,0
2020-03-04,illegal-alien,0,0,0,0,0
2020-03-04,angel-mother,0,0,0,0,0
2020-03-04,angel-family,0,0,0,0,0
2020-03-05,criminal-alien,0,0,0,0,0
2020-03-05,illegal-alien,0,0,0,0,0
2020-03-05,angel-mother,0,0,0,0,0
2020-03-05,angel-family,0,0,0,0,0
2020-03-06,criminal-alien,0,0,1,0,1
2020-03-06,illegal-alien,0,0,0,0,0
2020-03-06,angel-mother,0,0,0,0,0
2020-03-06,angel-family,0,0,0,0,0
2020-03-07,criminal-alien,0,0,0,0,0
2020-03-07,illegal-alien,0,0,0,0,0
2020-03-07,angel-mother,0,0,0,0,0
2020-03-07,angel-family,0,0,0,0,0
2020-03-08,criminal-alien,0,0,0,0,0
2020-03-08,illegal-alien,0,0,0,0,0
2020-03-08,angel-mother,0,0,0,0,0
2020-03-08,angel-family,0,0,0,0,0
2020-03-09,criminal-alien,0,1,0,0,1
2020-03-09,illegal-alien,0,1,0,0,1
2020-03-09,angel-mother,0,0,0,0,0
2020-03-09,angel-family,0,0,0,0,0
2020-03-10,criminal-alien,0,0,0,0,0
2020-03-10,illegal-alien,0,0,0,0,0
2020-03-10,angel-mother,0,0,0,0,0
2020-03-10,angel-family,0,0,0,0,0
2020-03-11,criminal-alien,0,0,0,0,0
2020-03-11,illegal-alien,0,1,0,0,1
2020-03-11,angel-mother,0,0,0,0,0
2020-03-11,angel-family,0,0,0,0,0
2020-03-12,criminal-alien,0,1,0,0,1
2020-03-12,illegal-alien,0,0,1,0,1
2020-03-12,angel-mother,0,0,0,0,0
2020-03-12,angel-family,0,0,0,0,0
2020-03-13,criminal-alien,0,1,0,0,1
2020-03-13,illegal-alien,0,0,0,0,0
2020-03-13,angel-mother,0,0,0,0,0
2020-03-13,angel-family,0,0,0,0,0
2020-03-14,criminal-alien,0,0,0,0,0
2020-03-14,illegal-alien,0,0,2,0,2
2020-03-14,angel-mother,0,0,0,0,0
2020-03-14,angel-family,0,0,0,0,0
2020-03-15,criminal-alien,0,0,0,0,0
2020-03-15,illegal-alien,0,0,0,0,0
2020-03-15,angel-mother,0,0,0,0,0
2020-03-15,angel-family,0,0,0,0,0
2020-03-16,criminal-alien,0,0,0,0,0
2020-03-16,illegal-alien,0,0,0,0,0
2020-03-16,angel-mother,0,0,0,0,0
2020-03-16,angel-family,0,0,0,0,0
2020-03-17,criminal-alien,0,0,0,0,0
2020-03-17,illegal-alien,0,1,0,0,1
2020-03-17,angel-mother,0,0,0,0,0
2020-03-17,angel-family,0,0,0,0,0
2020-03-18,criminal-alien,0,1,0,0,1
2020-03-18,illegal-alien,0,1,0,0,1
2020-03-18,angel-mother,0,0,0,0,0
2020-03-18,angel-family,0,0,0,0,0
2020-03-19,criminal-alien,0,0,0,0,0
2020-03-19,illegal-alien,0,0,0,0,0
2020-03-19,angel-mother,0,0,0,0,0
2020-03-19,angel-family,0,0,0,0,0
2020-03-20,criminal-alien,0,0,0,0,0
2020-03-20,illegal-alien,0,0,0,0,0
2020-03-20,angel-mother,0,0,0,0,0
2020-03-20,angel-family,0,0,0,0,0
2020-03-21,criminal-alien,0,0,0,0,0
2020-03-21,illegal-alien,0,0,0,0,0
2020-03-21,angel-mother,0,0,0,0,0
2020-03-21,angel-family,0,0,0,0,0
2020-03-22,criminal-alien,0,0,0,0,0
2020-03-22,illegal-alien,0,0,1,0,1
2020-03-22,angel-mother,0,0,0,0,0
2020-03-22,angel-family,0,0,0,0,0
2020-03-23,criminal-alien,0,0,0,0,0
2020-03-23,illegal-alien,0,0,0,0,0
2020-03-23,angel-mother,0,0,0,0,0
2020-03-23,angel-family,0,0,0,0,0
2020-03-24,criminal-alien,0,0,0,0,0
2020-03-24,illegal-alien,0,0,0,0,0
2020-03-24,angel-mother,0,0,0,0,0
2020-03-24,angel-family,0,0,0,0,0
2020-03-25,criminal-alien,0,0,0,0,0
2020-03-25,illegal-alien,0,0,0,0,0
2020-03-25,angel-mother,0,0,0,0,0
2020-03-25,angel-family,0,0,0,0,0
2020-03-26,criminal-alien,0,0,0,0,0
2020-03-26,illegal-alien,0,0,0,0,0
2020-03-26,angel-mother,0,0,0,0,0
2020-03-26,angel-family,0,0,0,0,0
2020-03-27,criminal-alien,0,0,0,0,0
2020-03-27,illegal-alien,0,0,1,0,1
2020-03-27,angel-mother,0,0,0,0,0
2020-03-27,angel-family,0,0,0,0,0
2020-03-28,criminal-alien,0,0,0,0,0
2020-03-28,illegal-alien,0,0,0,0,0
2020-03-28,angel-mother,0,0,0,0,0
2020-03-28,angel-family,0,0,0,0,0
2020-03-29,criminal-alien,0,0,0,0,0
2020-03-29,illegal-alien,0,0,0,0,0
2020-03-29,angel-mother,0,0,0,0,0
2020-03-29,angel-family,0,0,0,0,0
2020-03-30,criminal-alien,0,0,0,0,0
2020-03-30,illegal-alien,0,0,0,0,0
2020-03-30,angel-mother,0,0,0,0,0
2020-03-30,angel-family,0,0,0,0,0
2020-03-31,criminal-alien,0,0,0,0,0
2020-03-31,illegal-alien,0,0,0,0,0
2020-03-31,angel-mother,0,0,0,0,0
2020-03-31,angel-family,0,0,0,0,0
2020-04-01,criminal-alien,0,0,0,0,0
2020-04-01,illegal-alien,0,0,0,0,0
2020-04-01,angel-mother,0,0,0,0,0
2020-04-01,angel-family,0,0,0,0,0
2020-04-02,criminal-alien,0,1,0,0,1
2020-04-02,illegal-alien,0,0,0,0,0
2020-04-02,angel-mother,0,0,0,0,0
2020-04-02,angel-family,0,0,0,0,0
2020-04-03,criminal-alien,0,0,0,0,0
2020-04-03,illegal-alien,0,0,0,0,0
2020-04-03,angel-mother,0,0,0,0,0
2020-04-03,angel-family,0,0,0,0,0
2020-04-04,criminal-alien,0,0,0,0,0
2020-04-04,illegal-alien,0,0,0,0,0
2020-04-04,angel-mother,0,0,0,0,0
2020-04-04,angel-family,0,0,0,0,0
2020-04-05,criminal-alien,0,0,0,0,0
2020-04-05,illegal-alien,0,0,1,0,1
2020-04-05,angel-mother,0,0,0,0,0
2020-04-05,angel-family,0,0,0,0,0
2020-04-06,criminal-alien,0,0,0,0,0
2020-04-06,illegal-alien,0,0,1,0,1
2020-04-06,angel-mother,0,0,0,0,0
2020-04-06,angel-family,0,0,0,0,0
2020-04-07,criminal-alien,0,0,0,0,0
2020-04-07,illegal-alien,0,0,0,0,0
2020-04-07,angel-mother,0,0,0,0,0
2020-04-07,angel-family,0,0,0,0,0
2020-04-08,criminal-alien,0,0,0,0,0
2020-04-08,illegal-alien,0,0,1,0,1
2020-04-08,angel-mother,0,0,0,0,0
2020-04-08,angel-family,0,0,0,0,0
2020-04-09,criminal-alien,0,0,0,0,0
2020-04-09,illegal-alien,0,0,1,0,1
2020-04-09,angel-mother,0,0,0,0,0
2020-04-09,angel-family,0,0,0,0,0
2020-04-10,criminal-alien,0,0,0,0,0
2020-04-10,illegal-alien,0,0,0,0,0
2020-04-10,angel-mother,0,0,0,0,0
2020-04-10,angel-family,0,0,0,0,0
2020-04-11,criminal-alien,0,0,0,0,0
2020-04-11,illegal-alien,0,0,0,0,0
2020-04-11,angel-mother,0,0,0,0,0
2020-04-11,angel-family,0,0,0,0,0
2020-04-12,criminal-alien,0,0,0,0,0
2020-04-12,illegal-alien,0,0,0,0,0
2020-04-12,angel-mother,0,0,0,0,0
2020-04-12,angel-family,0,0,0,0,0
2020-04-13,criminal-alien,0,0,0,0,0
2020-04-13,illegal-alien,0,0,0,0,0
2020-04-13,angel-mother,0,0,0,0,0
2020-04-13,angel-family,0,0,0,0,0
2020-04-14,criminal-alien,0,0,0,0,0
2020-04-14,illegal-alien,0,0,0,0,0
2020-04-14,angel-mother,0,0,0,0,0
2020-04-14,angel-family,0,0,0,0,0
2020-04-15,criminal-alien,0,0,0,0,0
2020-04-15,illegal-alien,0,0,0,0,0
2020-04-15,angel-mother,0,0,0,0,0
2020-04-15,angel-family,0,0,0,0,0
2020-04-16,criminal-alien,0,1,0,0,1
2020-04-16,illegal-alien,0,0,0,0,0
2020-04-16,angel-mother,0,0,0,0,0
2020-04-16,angel-family,0,0,0,0,0
2020-04-17,criminal-alien,0,0,0,0,0
2020-04-17,illegal-alien,0,0,0,0,0
2020-04-17,angel-mother,0,0,0,0,0
2020-04-17,angel-family,0,0,0,0,0
2020-04-18,criminal-alien,0,0,0,0,0
2020-04-18,illegal-alien,0,0,0,0,0
2020-04-18,angel-mother,0,0,0,0,0
2020-04-18,angel-family,0,0,0,0,0
2020-04-19,criminal-alien,0,0,0,0,0
2020-04-19,illegal-alien,0,0,0,0,0
2020-04-19,angel-mother,0,0,0,0,0
2020-04-19,angel-family,0,0,0,0,0
2020-04-20,criminal-alien,0,0,0,0,0
2020-04-20,illegal-alien,0,0,0,0,0
2020-04-20,angel-mother,0,0,0,0,0
2020-04-20,angel-family,0,0,0,0,0
2020-04-21,criminal-alien,0,0,0,0,0
2020-04-21,illegal-alien,0,0,0,0,0
2020-04-21,angel-mother,0,0,0,0,0
2020-04-21,angel-family,0,0,0,0,0
2020-04-22,criminal-alien,0,1,0,0,1
2020-04-22,illegal-alien,0,0,0,0,0
2020-04-22,angel-mother,0,0,0,0,0
2020-04-22,angel-family,0,0,0,0,0
2020-04-23,criminal-alien,0,0,0,0,0
2020-04-23,illegal-alien,0,0,0,0,0
2020-04-23,angel-mother,0,0,0,0,0
2020-04-23,angel-family,0,0,0,0,0
2020-04-24,criminal-alien,0,1,0,0,1
2020-04-24,illegal-alien,0,0,0,0,0
2020-04-24,angel-mother,0,0,0,0,0
2020-04-24,angel-family,0,0,0,0,0
2020-04-25,criminal-alien,0,1,0,0,1
2020-04-25,illegal-alien,0,0,0,0,0
2020-04-25,angel-mother,0,0,0,0,0
2020-04-25,angel-family,0,0,0,0,0
2020-04-26,criminal-alien,0,0,0,0,0
2020-04-26,illegal-alien,0,0,0,0,0
2020-04-26,angel-mother,0,0,0,0,0
2020-04-26,angel-family,0,0,0,0,0
2020-04-27,criminal-alien,0,0,0,0,0
2020-04-27,illegal-alien,0,0,0,0,0
2020-04-27,angel-mother,0,0,0,0,0
2020-04-27,angel-family,0,0,0,0,0
2020-04-28,criminal-alien,0,0,0,0,0
2020-04-28,illegal-alien,0,0,0,0,0
2020-04-28,angel-mother,0,0,0,0,0
2020-04-28,angel-family,0,0,0,0,0
2020-04-29,criminal-alien,0,0,0,0,0
2020-04-29,illegal-alien,0,0,0,0,0
2020-04-29,angel-mother,0,0,0,0,0
2020-04-29,angel-family,0,0,0,0,0
2020-04-30,criminal-alien,0,0,0,0,0
2020-04-30,illegal-alien,0,2,0,0,2
2020-04-30,angel-mother,0,0,0,0,0
2020-04-30,angel-family,0,0,0,0,0
2020-05-01,criminal-alien,0,1,0,0,1
2020-05-01,illegal-alien,0,0,0,0,0
2020-05-01,angel-mother,0,0,0,0,0
2020-05-01,angel-family,0,0,0,0,0
2020-05-02,criminal-alien,0,1,0,0,1
2020-05-02,illegal-alien,0,0,0,0,0
2020-05-02,angel-mother,0,0,0,0,0
2020-05-02,angel-family,0,0,0,0,0
2020-05-03,criminal-alien,0,0,0,0,0
2020-05-03,illegal-alien,0,0,0,0,0
2020-05-03,angel-mother,0,0,0,0,0
2020-05-03,angel-family,0,0,0,0,0
2020-05-04,criminal-alien,0,0,0,0,0
2020-05-04,illegal-alien,0,0,0,0,0
2020-05-04,angel-mother,0,0,0,0,0
2020-05-04,angel-family,0,0,0,0,0
2020-05-05,criminal-alien,0,0,0,0,0
2020-05-05,illegal-alien,0,0,0,0,0
2020-05-05,angel-mother,0,0,0,0,0
2020-05-05,angel-family,0,0,0,0,0
2020-05-06,criminal-alien,0,0,0,0,0
2020-05-06,illegal-alien,0,0,0,0,0
2020-05-06,angel-mother,0,0,0,0,0
2020-05-06,angel-family,0,0,0,0,0
2020-05-07,criminal-alien,0,1,0,0,1
2020-05-07,illegal-alien,0,1,1,0,2
2020-05-07,angel-mother,0,0,0,0,0
2020-05-07,angel-family,0,0,0,0,0
2020-05-08,criminal-alien,0,1,0,0,1
2020-05-08,illegal-alien,0,0,0,0,0
2020-05-08,angel-mother,0,0,0,0,0
2020-05-08,angel-family,0,0,0,0,0
2020-05-09,criminal-alien,0,1,0,0,1
2020-05-09,illegal-alien,0,1,0,0,1
2020-05-09,angel-mother,0,0,0,0,0
2020-05-09,angel-family,0,0,0,0,0
2020-05-10,criminal-alien,0,0,0,0,0
2020-05-10,illegal-alien,0,0,0,0,0
2020-05-10,angel-mother,0,0,0,0,0
2020-05-10,angel-family,0,0,0,0,0
2020-05-11,criminal-alien,0,0,0,0,0
2020-05-11,illegal-alien,0,0,2,0,2
2020-05-11,angel-mother,0,0,0,0,0
2020-05-11,angel-family,0,0,0,0,0
2020-05-12,criminal-alien,0,0,0,0,0
2020-05-12,illegal-alien,0,1,0,0,1
2020-05-12,angel-mother,0,0,0,0,0
2020-05-12,angel-family,0,0,0,0,0
2020-05-13,criminal-alien,0,0,0,0,0
2020-05-13,illegal-alien,0,0,0,0,0
2020-05-13,angel-mother,0,0,0,0,0
2020-05-13,angel-family,0,0,0,0,0
2020-05-14,criminal-alien,0,0,0,0,0
2020-05-14,illegal-alien,0,0,0,0,0
2020-05-14,angel-mother,0,0,0,0,0
2020-05-14,angel-family,0,0,0,0,0
2020-05-15,criminal-alien,0,1,0,0,1
2020-05-15,illegal-alien,0,0,1,0,1
2020-05-15,angel-mother,0,0,0,0,0
2020-05-15,angel-family,0,0,0,0,0
2020-05-16,criminal-alien,0,0,0,0,0
2020-05-16,illegal-alien,0,0,0,0,0
2020-05-16,angel-mother,0,0,0,0,0
2020-05-16,angel-family,0,0,0,0,0
2020-05-17,criminal-alien,0,0,0,0,0
2020-05-17,illegal-alien,0,0,0,0,0
2020-05-17,angel-mother,0,0,0,0,0
2020-05-17,angel-family,0,0,0,0,0
2020-05-18,criminal-alien,0,0,0,0,0
2020-05-18,illegal-alien,0,0,0,0,0
2020-05-18,angel-mother,0,0,0,0,0
2020-05-18,angel-family,0,0,0,0,0
2020-05-19,criminal-alien,0,0,0,0,0
2020-05-19,illegal-alien,0,0,0,0,0
2020-05-19,angel-mother,0,0,0,0,0
2020-05-19,angel-family,0,0,0,0,0
2020-05-20,criminal-alien,0,0,0,0,0
2020-05-20,illegal-alien,0,0,0,0,0
2020-05-20,angel-mother,0,0,0,0,0
2020-05-20,angel-family,0,0,0,0,0
2020-05-21,criminal-alien,0,0,0,0,0
2020-05-21,illegal-alien,0,0,1,0,1
2020-05-21,angel-mother,0,0,0,0,0
2020-05-21,angel-family,0,0,0,0,0
2020-05-22,criminal-alien,0,1,0,0,1
2020-05-22,illegal-alien,0,0,0,0,0
2020-05-22,angel-mother,0,0,0,0,0
2020-05-22,angel-family,0,0,0,0,0
2020-05-23,criminal-alien,0,0,0,0,0
2020-05-23,illegal-alien,0,0,0,0,0
2020-05-23,angel-mother,0,0,0,0,0
2020-05-23,angel-family,0,0,0,0,0
2020-05-24,criminal-alien,0,0,0,0,0
2020-05-24,illegal-alien,0,1,0,0,1
2020-05-24,angel-mother,0,0,0,0,0
2020-05-24,angel-family,0,0,0,0,0
2020-05-25,criminal-alien,0,0,0,0,0
2020-05-25,illegal-alien,0,0,2,0,2
2020-05-25,angel-mother,0,0,0,0,0
2020-05-25,angel-family,0,0,0,0,0
2020-05-26,criminal-alien,0,0,0,0,0
2020-05-26,illegal-alien,0,0,0,0,0
2020-05-26,angel-mother,0,0,0,0,0
2020-05-26,angel-family,0,0,0,0,0
2020-05-27,criminal-alien,0,1,0,0,1
2020-05-27,illegal-alien,0,0,0,0,0
2020-05-27,angel-mother,0,0,0,0,0
2020-05-27,angel-family,0,0,0,0,0
2020-05-28,criminal-alien,0,1,0,0,1
2020-05-28,illegal-alien,0,1,0,0,1
2020-05-28,angel-mother,0,0,0,0,0
2020-05-28,angel-family,0,0,0,0,0
2020-05-29,criminal-alien,0,1,0,0,1
2020-05-29,illegal-alien,0,0,0,0,0
2020-05-29,angel-mother,0,0,0,0,0
2020-05-29,angel-family,0,0,0,0,0
2020-05-30,criminal-alien,0,1,0,0,1
2020-05-30,illegal-alien,0,0,2,0,2
2020-05-30,angel-mother,0,0,0,0,0
2020-05-30,angel-family,0,0,0,0,0
2020-05-31,criminal-alien,0,0,0,0,0
2020-05-31,illegal-alien,0,0,0,0,0
2020-05-31,angel-mother,0,0,0,0,0
2020-05-31,angel-family,0,0,0,0,0
2020-06-01,criminal-alien,0,0,0,0,0
2020-06-01,illegal-alien,0,0,1,0,1
2020-06-01,angel-mother,0,0,0,0,0
2020-06-01,angel-family,0,0,0,0,0
2020-06-02,criminal-alien,0,0,0,0,0
2020-06-02,illegal-alien,0,0,0,0,0
2020-06-02,angel-mother,0,0,0,0,0
2020-06-02,angel-family,0,0,0,0,0
2020-06-03,criminal-alien,0,0,0,0,0
2020-06-03,illegal-alien,0,0,1,0,1
2020-06-03,angel-mother,0,0,0,0,0
2020-06-03,angel-family,0,0,0,0,0
2020-06-04,criminal-alien,0,0,0,0,0
2020-06-04,illegal-alien,0,0,0,0,0
2020-06-04,angel-mother,0,0,0,0,0
2020-06-04,angel-family,0,0,0,0,0
2020-06-05,criminal-alien,0,1,0,0,1
2020-06-05,illegal-alien,0,0,0,0,0
2020-06-05,angel-mother,0,0,0,0,0
2020-06-05,angel-family,0,0,0,0,0
2020-06-06,criminal-alien,0,0,0,0,0
2020-06-06,illegal-alien,0,0,0,0,0
2020-06-06,angel-mother,0,0,0,0,0
2020-06-06,angel-family,0,0,0,0,0
2020-06-07,criminal-alien,0,0,0,0,0
2020-06-07,illegal-alien,0,0,0,0,0
2020-06-07,angel-mother,0,0,0,0,0
2020-06-07,angel-family,0,0,0,0,0
2020-06-08,criminal-alien,0,0,0,0,0
2020-06-08,illegal-alien,0,0,0,0,0
2020-06-08,angel-mother,0,0,0,0,0
2020-06-08,angel-family,0,0,0,0,0
2020-06-09,criminal-alien,0,0,0,0,0
2020-06-09,illegal-alien,0,1,0,0,1
2020-06-09,angel-mother,0,0,0,0,0
2020-06-09,angel-family,0,0,0,0,0
2020-06-10,criminal-alien,0,1,0,0,1
2020-06-10,illegal-alien,0,1,1,0,2
2020-06-10,angel-mother,0,0,0,0,0
2020-06-10,angel-family,0,0,0,0,0
2020-06-11,criminal-alien,0,0,0,0,0
2020-06-11,illegal-alien,0,0,1,0,1
2020-06-11,angel-mother,0,0,0,0,0
2020-06-11,angel-family,0,0,0,0,0
2020-06-12,criminal-alien,0,1,0,0,1
2020-06-12,illegal-alien,0,0,1,0,1
2020-06-12,angel-mother,0,0,0,0,0
2020-06-12,angel-family,0,0,0,0,0
2020-06-13,criminal-alien,0,0,0,0,0
2020-06-13,illegal-alien,0,0,0,0,0
2020-06-13,angel-mother,0,0,0,0,0
2020-06-13,angel-family,0,0,0,0,0
2020-06-14,criminal-alien,0,0,0,0,0
2020-06-14,illegal-alien,0,0,0,0,0
2020-06-14,angel-mother,0,0,0,0,0
2020-06-14,angel-family,0,0,0,0,0
2020-06-15,criminal-alien,0,0,0,0,0
2020-06-15,illegal-alien,0,0,0,0,0
2020-06-15,angel-mother,0,0,0,0,0
2020-06-15,angel-family,0,0,0,0,0
2020-06-16,criminal-alien,0,0,0,0,0
2020-06-16,illegal-alien,0,0,1,0,1
2020-06-16,angel-mother,0,0,0,0,0
2020-06-16,angel-family,0,0,0,0,0
2020-06-17,criminal-alien,0,0,0,0,0
2020-06-17,illegal-alien,0,1,0,0,1
2020-06-17,angel-mother,0,0,0,0,0
2020-06-17,angel-family,0,0,0,0,0
2020-06-18,criminal-alien,0,0,0,0,0
2020-06-18,illegal-alien,0,0,0,0,0
2020-06-18,angel-mother,0,0,0,0,0
2020-06-18,angel-family,0,0,0,0,0
2020-06-19,criminal-alien,0,1,0,0,1
2020-06-19,illegal-alien,0,0,0,0,0
2020-06-19,angel-mother,0,0,0,0,0
2020-06-19,angel-family,0,0,0,0,0
2020-06-20,criminal-alien,0,1,0,0,1
2020-06-20,illegal-alien,0,0,0,0,0
2020-06-20,angel-mother,0,0,0,0,0
2020-06-20,angel-family,0,0,0,0,0
2020-06-21,criminal-alien,0,0,0,0,0
2020-06-21,illegal-alien,0,0,0,0,0
2020-06-21,angel-mother,0,0,0,0,0
2020-06-21,angel-family,0,0,0,0,0
2020-06-22,criminal-alien,0,0,0,0,0
2020-06-22,illegal-alien,0,0,0,0,0
2020-06-22,angel-mother,0,0,0,0,0
2020-06-22,angel-family,0,0,0,0,0
2020-06-23,criminal-alien,0,0,0,1,1
2020-06-23,illegal-alien,0,0,0,0,0
2020-06-23,angel-mother,0,0,0,0,0
2020-06-23,angel-family,0,0,0,0,0
2020-06-24,criminal-alien,0,0,0,0,0
2020-06-24,illegal-alien,0,0,1,0,1
2020-06-24,angel-mother,0,0,0,0,0
2020-06-24,angel-family,0,0,0,0,0
2020-06-25,criminal-alien,0,0,0,0,0
2020-06-25,illegal-alien,0,0,0,0,0
2020-06-25,angel-mother,0,0,0,0,0
2020-06-25,angel-family,0,0,0,0,0
2020-06-26,criminal-alien,0,2,0,0,2
2020-06-26,illegal-alien,0,0,0,0,0
2020-06-26,angel-mother,0,0,0,0,0
2020-06-26,angel-family,0,0,0,0,0
2020-06-27,criminal-alien,0,0,0,0,0
2020-06-27,illegal-alien,0,0,2,0,2
2020-06-27,angel-mother,0,0,0,0,0
2020-06-27,angel-family,0,0,0,0,0
2020-06-28,criminal-alien,0,0,0,0,0
2020-06-28,illegal-alien,0,0,0,0,0
2020-06-28,angel-mother,0,0,0,0,0
2020-06-28,angel-family,0,0,0,0,0
2020-06-29,criminal-alien,0,0,0,0,0
2020-06-29,illegal-alien,0,1,0,0,1
2020-06-29,angel-mother,0,0,0,0,0
2020-06-29,angel-family,0,0,0,0,0
2020-06-30,criminal-alien,0,2,0,0,2
2020-06-30,illegal-alien,0,0,0,0,0
2020-06-30,angel-mother,0,0,0,0,0
2020-06-30,angel-family,0,0,0,0,0
2020-07-01,criminal-alien,0,0,0,0,0
2020-07-01,illegal-alien,0,0,1,0,1
2020-07-01,angel-mother,0,0,0,0,0
2020-07-01,angel-family,0,0,0,0,0
2020-07-02,criminal-alien,0,0,0,0,0
2020-07-02,illegal-alien,0,0,0,0,0
2020-07-02,angel-mother,0,0,0,0,0
2020-07-02,angel-family,0,0,0,0,0
2020-07-03,criminal-alien,0,0,0,0,0
2020-07-03,illegal-alien,0,0,0,0,0
2020-07-03,angel-mother,0,0,0,0,0
2020-07-03,angel-family,0,0,0,0,0
2020-07-04,criminal-alien,0,0,0,0,0
2020-07-04,illegal-alien,0,0,1,0,1
2020-07-04,angel-mother,0,0,0,0,0
2020-07-04,angel-family,0,0,0,0,0
2020-07-05,criminal-alien,0,0,0,0,0
2020-07-05,illegal-alien,0,0,0,0,0
2020-07-05,angel-mother,0,0,0,0,0
2020-07-05,angel-family,0,0,0,0,0
2020-07-06,criminal-alien,0,0,0,0,0
2020-07-06,illegal-alien,0,0,0,0,0
2020-07-06,angel-mother,0,0,0,0,0
2020-07-06,angel-family,0,0,0,0,0
2020-07-07,criminal-alien,0,1,0,0,1
2020-07-07,illegal-alien,0,1,1,0,2
2020-07-07,angel-mother,0,0,0,0,0
2020-07-07,angel-family,0,0,0,0,0
2020-07-08,criminal-alien,0,0,0,0,0
2020-07-08,illegal-alien,0,0,0,0,0
2020-07-08,angel-mother,0,0,0,0,0
2020-07-08,angel-family,0,0,0,0,0
2020-07-09,criminal-alien,0,0,0,0,0
2020-07-09,illegal-alien,0,1,2,0,3
2020-07-09,angel-mother,0,0,0,0,0
2020-07-09,angel-family,0,0,0,0,0
2020-07-10,criminal-alien,0,0,0,0,0
2020-07-10,illegal-alien,0,0,0,0,0
2020-07-10,angel-mother,0,0,0,0,0
2020-07-10,angel-family,0,0,0,0,0
2020-07-11,criminal-alien,0,0,0,0,0
2020-07-11,illegal-alien,0,0,0,0,0
2020-07-11,angel-mother,0,0,0,0,0
2020-07-11,angel-family,0,0,0,0,0
2020-07-12,criminal-alien,0,0,0,0,0
2020-07-12,illegal-alien,0,0,0,0,0
2020-07-12,angel-mother,0,0,0,0,0
2020-07-12,angel-family,0,0,0,0,0
2020-07-13,criminal-alien,0,1,0,0,1
2020-07-13,illegal-alien,0,0,0,0,0
2020-07-13,angel-mother,0,0,0,0,0
2020-07-13,angel-family,0,0,0,0,0
2020-07-14,criminal-alien,0,1,0,0,1
2020-07-14,illegal-alien,0,1,1,0,2
2020-07-14,angel-mother,0,0,0,0,0
2020-07-14,angel-family,0,0,0,0,0
2020-07-15,criminal-alien,0,0,0,0,0
2020-07-15,illegal-alien,0,0,2,0,2
2020-07-15,angel-mother,0,0,0,0,0
2020-07-15,angel-family,0,0,0,0,0
2020-07-16,criminal-alien,0,0,0,0,0
2020-07-16,illegal-alien,0,0,1,0,1
2020-07-16,angel-mother,0,0,0,0,0
2020-07-16,angel-family,0,0,0,0,0
2020-07-17,criminal-alien,0,0,0,0,0
2020-07-17,illegal-alien,0,0,1,0,1
2020-07-17,angel-mother,0,0,0,0,0
2020-07-17,angel-family,0,0,0,0,0
2020-07-18,criminal-alien,0,0,0,0,0
2020-07-18,illegal-alien,0,0,1,0,1
2020-07-18,angel-mother,0,0,0,0,0
2020-07-18,angel-family,0,0,0,0,0
2020-07-19,criminal-alien,0,0,0,0,0
2020-07-19,illegal-alien,0,0,1,0,1
2020-07-19,angel-mother,0,0,0,0,0
2020-07-19,angel-family,0,0,0,0,0
2020-07-20,criminal-alien,0,0,0,0,0
2020-07-20,illegal-alien,0,1,0,0,1
2020-07-20,angel-mother,0,0,0,0,0
2020-07-20,angel-family,0,0,0,0,0
2020-07-21,criminal-alien,0,0,0,0,0
2020-07-21,illegal-alien,0,0,2,0,2
2020-07-21,angel-mother,0,0,0,0,0
2020-07-21,angel-family,0,0,0,0,0
2020-07-22,criminal-alien,0,0,0,0,0
2020-07-22,illegal-alien,0,1,0,0,1
2020-07-22,angel-mother,0,0,0,0,0
2020-07-22,angel-family,0,0,0,0,0
2020-07-23,criminal-alien,0,1,0,0,1
2020-07-23,illegal-alien,0,0,2,0,2
2020-07-23,angel-mother,0,0,0,0,0
2020-07-23,angel-family,0,0,0,0,0
2020-07-24,criminal-alien,0,0,0,0,0
2020-07-24,illegal-alien,0,0,0,0,0
2020-07-24,angel-mother,0,0,0,0,0
2020-07-24,angel-family,0,0,0,0,0
2020-07-25,criminal-alien,0,0,0,0,0
2020-07-25,illegal-alien,0,0,0,0,0
2020-07-25,angel-mother,0,0,0,0,0
2020-07-25,angel-family,0,0,0,0,0
2020-07-26,criminal-alien,0,0,0,0,0
2020-07-26,illegal-alien,0,0,0,0,0
2020-07-26,angel-mother,0,0,0,0,0
2020-07-26,angel-family,0,0,0,0,0
2020-07-27,criminal-alien,0,1,0,0,1
2020-07-27,illegal-alien,0,0,0,0,0
2020-07-27,angel-mother,0,0,0,0,0
2020-07-27,angel-family,0,0,0,0,0
2020-07-28,criminal-alien,0,0,0,0,0
2020-07-28,illegal-alien,0,0,1,0,1
2020-07-28,angel-mother,0,0,0,0,0
2020-07-28,angel-family,0,0,0,0,0
2020-07-29,criminal-alien,0,0,0,0,0
2020-07-29,illegal-alien,0,1,2,0,3
2020-07-29,angel-mother,0,0,0,0,0
2020-07-29,angel-family,0,0,0,0,0
2020-07-30,criminal-alien,0,0,0,0,0
2020-07-30,illegal-alien,0,0,0,0,0
2020-07-30,angel-mother,0,0,0,0,0
2020-07-30,angel-family,0,0,0,0,0
2020-07-31,criminal-alien,0,0,0,0,0
2020-07-31,illegal-alien,0,0,0,0,0
2020-07-31,angel-mother,0,0,0,0,0
2020-07-31,angel-family,0,0,0,0,0
2020-08-01,criminal-alien,0,0,0,0,0
2020-08-01,illegal-alien,0,0,2,0,2
2020-08-01,angel-mother,0,0,0,0,0
2020-08-01,angel-family,0,0,0,0,0
2020-08-02,criminal-alien,0,0,0,0,0
2020-08-02,illegal-alien,0,0,0,0,0
2020-08-02,angel-mother,0,0,0,0,0
2020-08-02,angel-family,0,0,0,0,0
2020-08-03,criminal-alien,0,0,0,0,0
2020-08-03,illegal-alien,0,0,0,0,0
2020-08-03,angel-mother,0,0,0,0,0
2020-08-03,angel-family,0,0,0,0,0
2020-08-04,criminal-alien,0,0,0,0,0
2020-08-04,illegal-alien,0,0,1,0,1
2020-08-04,angel-mother,0,0,0,0,0
2020-08-04,angel-family,0,0,0,0,0
2020-08-05,criminal-alien,0,0,0,0,0
2020-08-05,illegal-alien,0,0,1,0,1
2020-08-05,angel-mother,0,0,0,0,0
2020-08-05,angel-family,0,0,0,0,0
2020-08-06,criminal-alien,0,0,0,0,0
2020-08-06,illegal-alien,0,0,0,0,0
2020-08-06,angel-mother,0,0,0,0,0
2020-08-06,angel-family,0,0,0,0,0
2020-08-07,criminal-alien,0,0,0,0,0
2020-08-07,illegal-alien,0,1,0,0,1
2020-08-07,angel-mother,0,0,0,0,0
2020-08-07,angel-family,0,0,0,0,0
2020-08-08,criminal-alien,0,0,0,0,0
2020-08-08,illegal-alien,0,0,1,0,1
2020-08-08,angel-mother,0,0,0,0,0
2020-08-08,angel-family,0,0,0,0,0
2020-08-09,criminal-alien,0,0,0,0,0
2020-08-09,illegal-alien,0,0,1,0,1
2020-08-09,angel-mother,0,0,0,0,0
2020-08-09,angel-family,0,0,0,0,0
2020-08-10,criminal-alien,0,0,0,0,0
2020-08-10,illegal-alien,0,0,1,0,1
2020-08-10,angel-mother,0,0,0,0,0
2020-08-10,angel-family,0,0,0,0,0
2020-08-11,criminal-alien,0,0,0,0,0
2020-08-11,illegal-alien,0,0,1,0,1
2020-08-11,angel-mother,0,0,0,0,0
2020-08-11,angel-family,0,0,0,0,0
2020-08-12,criminal-alien,0,1,0,0,1
2020-08-12,illegal-alien,0,0,2,0,2
2020-08-12,angel-mother,0,0,0,0,0
2020-08-12,angel-family,0,0,0,0,0
2020-08-13,criminal-alien,0,0,0,0,0
2020-08-13,illegal-alien,0,0,3,0,3
2020-08-13,angel-mother,0,0,0,0,0
2020-08-13,angel-family,0,0,0,0,0
2020-08-14,criminal-alien,0,0,0,0,0
2020-08-14,illegal-alien,0,0,3,0,3
2020-08-14,angel-mother,0,0,0,0,0
2020-08-14,angel-family,0,0,0,0,0
2020-08-15,criminal-alien,0,0,0,0,0
2020-08-15,illegal-alien,0,0,0,0,0
2020-08-15,angel-mother,0,0,0,0,0
2020-08-15,angel-family,0,0,0,0,0
2020-08-16,criminal-alien,0,0,0,0,0
2020-08-16,illegal-alien,0,0,0,0,0
2020-08-16,angel-mother,0,0,0,0,0
2020-08-16,angel-family,0,0,0,0,0
2020-08-17,criminal-alien,0,0,0,0,0
2020-08-17,illegal-alien,0,1,0,0,1
2020-08-17,angel-mother,0,0,0,0,0
2020-08-17,angel-family,0,0,0,0,0
2020-08-18,criminal-alien,0,0,0,0,0
2020-08-18,illegal-alien,0,0,2,0,2
2020-08-18,angel-mother,0,0,0,0,0
2020-08-18,angel-family,0,0,0,0,0
2020-08-19,criminal-alien,0,0,0,0,0
2020-08-19,illegal-alien,0,0,0,0,0
2020-08-19,angel-mother,0,0,0,0,0
2020-08-19,angel-family,0,0,0,0,0
2020-08-20,criminal-alien,0,0,0,0,0
2020-08-20,illegal-alien,0,1,1,0,2
2020-08-20,angel-mother,0,0,0,0,0
2020-08-20,angel-family,0,0,0,0,0
2020-08-21,criminal-alien,0,0,0,0,0
2020-08-21,illegal-alien,0,0,2,0,2
2020-08-21,angel-mother,0,0,0,0,0
2020-08-21,angel-family,0,0,0,0,0
2020-08-22,criminal-alien,0,0,0,0,0
2020-08-22,illegal-alien,0,0,3,0,3
2020-08-22,angel-mother,0,0,0,0,0
2020-08-22,angel-family,0,0,0,0,0
2020-08-23,criminal-alien,0,0,0,0,0
2020-08-23,illegal-alien,0,0,1,0,1
2020-08-23,angel-mother,0,0,0,0,0
2020-08-23,angel-family,0,0,0,0,0
2020-08-24,criminal-alien,0,0,0,0,0
2020-08-24,illegal-alien,0,0,0,0,0
2020-08-24,angel-mother,0,0,0,0,0
2020-08-24,angel-family,0,0,0,0,0
2020-08-25,criminal-alien,0,0,0,0,0
2020-08-25,illegal-alien,0,0,2,0,2
2020-08-25,angel-mother,0,0,0,0,0
2020-08-25,angel-family,0,0,0,0,0
2020-08-26,criminal-alien,0,0,0,0,0
2020-08-26,illegal-alien,0,0,0,0,0
2020-08-26,angel-mother,0,0,0,0,0
2020-08-26,angel-family,0,0,0,0,0
2020-08-27,criminal-alien,0,0,0,0,0
2020-08-27,illegal-alien,0,0,0,0,0
2020-08-27,angel-mother,0,0,0,0,0
2020-08-27,angel-family,0,0,0,0,0
2020-08-28,criminal-alien,0,0,0,0,0
2020-08-28,illegal-alien,0,0,0,0,0
2020-08-28,angel-mother,0,0,0,0,0
2020-08-28,angel-family,0,0,0,0,0
2020-08-29,criminal-alien,0,0,0,0,0
2020-08-29,illegal-alien,0,0,0,0,0
2020-08-29,angel-mother,0,0,0,0,0
2020-08-29,angel-family,0,0,0,0,0
2020-08-30,criminal-alien,0,0,0,0,0
2020-08-30,illegal-alien,0,0,1,0,1
2020-08-30,angel-mother,0,0,0,0,0
2020-08-30,angel-family,0,0,0,0,0
2020-08-31,criminal-alien,0,0,0,0,0
2020-08-31,illegal-alien,0,0,1,0,1
2020-08-31,angel-mother,0,0,0,0,0
2020-08-31,angel-family,0,0,0,0,0
2020-09-01,criminal-alien,0,2,0,0,2
2020-09-01,illegal-alien,0,0,2,0,2
2020-09-01,angel-mother,0,0,0,0,0
2020-09-01,angel-family,0,0,0,0,0
2020-09-02,criminal-alien,0,2,0,0,2
2020-09-02,illegal-alien,0,0,1,0,1
2020-09-02,angel-mother,0,0,0,0,0
2020-09-02,angel-family,0,0,0,0,0
2020-09-03,criminal-alien,0,1,0,0,1
2020-09-03,illegal-alien,0,0,1,0,1
2020-09-03,angel-mother,0,0,0,0,0
2020-09-03,angel-family,0,0,0,0,0
2020-09-04,criminal-alien,0,1,0,0,1
2020-09-04,illegal-alien,0,0,1,0,1
2020-09-04,angel-mother,0,0,0,0,0
2020-09-04,angel-family,0,0,0,0,0
2020-09-05,criminal-alien,0,0,0,0,0
2020-09-05,illegal-alien,0,0,0,0,0
2020-09-05,angel-mother,0,0,0,0,0
2020-09-05,angel-family,0,0,0,0,0
2020-09-06,criminal-alien,0,0,0,0,0
2020-09-06,illegal-alien,0,0,1,0,1
2020-09-06,angel-mother,0,0,0,0,0
2020-09-06,angel-family,0,0,0,0,0
2020-09-07,criminal-alien,0,0,0,0,0
2020-09-07,illegal-alien,0,0,0,0,0
2020-09-07,angel-mother,0,0,0,0,0
2020-09-07,angel-family,0,0,0,0,0
2020-09-08,criminal-alien,0,0,0,0,0
2020-09-08,illegal-alien,0,0,1,0,1
2020-09-08,angel-mother,0,0,0,0,0
2020-09-08,angel-family,0,0,0,0,0
2020-09-09,criminal-alien,0,0,0,0,0
2020-09-09,illegal-alien,0,0,1,0,1
2020-09-09,angel-mother,0,0,0,0,0
2020-09-09,angel-family,0,0,0,0,0
2020-09-10,criminal-alien,0,0,0,0,0
2020-09-10,illegal-alien,0,0,0,0,0
2020-09-10,angel-mother,0,0,0,0,0
2020-09-10,angel-family,0,0,0,0,0
2020-09-11,criminal-alien,0,0,0,0,0
2020-09-11,illegal-alien,0,0,0,0,0
2020-09-11,angel-mother,0,0,0,0,0
2020-09-11,angel-family,0,0,0,0,0
2020-09-12,criminal-alien,0,0,0,0,0
2020-09-12,illegal-alien,0,0,3,0,3
2020-09-12,angel-mother,0,0,0,0,0
2020-09-12,angel-family,0,0,0,0,0
2020-09-13,criminal-alien,0,0,0,0,0
2020-09-13,illegal-alien,0,0,0,0,0
2020-09-13,angel-mother,0,0,0,0,0
2020-09-13,angel-family,0,0,0,0,0
2020-09-14,criminal-alien,0,0,0,0,0
2020-09-14,illegal-alien,0,0,0,0,0
2020-09-14,angel-mother,0,0,0,0,0
2020-09-14,angel-family,0,0,0,0,0
2020-09-15,criminal-alien,0,0,0,0,0
2020-09-15,illegal-alien,0,0,0,0,0
2020-09-15,angel-mother,0,0,0,0,0
2020-09-15,angel-family,0,0,0,0,0
2020-09-16,criminal-alien,0,0,0,0,0
2020-09-16,illegal-alien,0,0,2,0,2
2020-09-16,angel-mother,0,0,0,0,0
2020-09-16,angel-family,0,0,0,0,0
2020-09-17,criminal-alien,1,0,0,0,1
2020-09-17,illegal-alien,0,0,0,0,0
2020-09-17,angel-mother,0,0,0,0,0
2020-09-17,angel-family,0,0,0,0,0
2020-09-18,criminal-alien,0,0,0,0,0
2020-09-18,illegal-alien,0,1,1,0,2
2020-09-18,angel-mother,0,0,0,0,0
2020-09-18,angel-family,0,0,0,0,0
2020-09-19,criminal-alien,0,0,0,0,0
2020-09-19,illegal-alien,0,0,0,0,0
2020-09-19,angel-mother,0,0,0,0,0
2020-09-19,angel-family,0,0,0,0,0
2020-09-20,criminal-alien,0,0,0,0,0
2020-09-20,illegal-alien,0,0,0,0,0
2020-09-20,angel-mother,0,0,0,0,0
2020-09-20,angel-family,0,0,0,0,0
2020-09-21,criminal-alien,0,0,0,0,0
2020-09-21,illegal-alien,0,0,0,0,0
2020-09-21,angel-mother,0,0,0,0,0
2020-09-21,angel-family,0,0,0,0,0
2020-09-22,criminal-alien,0,0,0,0,0
2020-09-22,illegal-alien,0,0,1,0,1
2020-09-22,angel-mother,0,0,0,0,0
2020-09-22,angel-family,0,0,0,0,0
2020-09-23,criminal-alien,0,0,0,0,0
2020-09-23,illegal-alien,0,0,1,0,1
2020-09-23,angel-mother,0,0,0,0,0
2020-09-23,angel-family,0,0,0,0,0
2020-09-24,criminal-alien,0,1,0,0,1
2020-09-24,illegal-alien,1,0,0,0,1
2020-09-24,angel-mother,0,0,0,0,0
2020-09-24,angel-family,0,0,0,0,0
2020-09-25,criminal-alien,2,0,0,0,2
2020-09-25,illegal-alien,1,0,0,0,1
2020-09-25,angel-mother,0,0,0,0,0
2020-09-25,angel-family,0,0,0,0,0
2020-09-26,criminal-alien,0,0,0,0,0
2020-09-26,illegal-alien,0,0,2,0,2
2020-09-26,angel-mother,0,0,0,0,0
2020-09-26,angel-family,0,0,0,0,0
2020-09-27,criminal-alien,1,0,0,0,1
2020-09-27,illegal-alien,0,0,1,0,1
2020-09-27,angel-mother,0,0,0,0,0
2020-09-27,angel-family,0,0,0,0,0
2020-09-28,criminal-alien,0,0,0,0,0
2020-09-28,illegal-alien,0,0,0,0,0
2020-09-28,angel-mother,0,0,0,0,0
2020-09-28,angel-family,0,0,0,0,0
2020-09-29,criminal-alien,0,1,0,0,1
2020-09-29,illegal-alien,0,0,0,0,0
2020-09-29,angel-mother,0,0,0,0,0
2020-09-29,angel-family,0,0,0,0,0
2020-09-30,criminal-alien,0,1,0,0,1
2020-09-30,illegal-alien,0,0,0,0,0
2020-09-30,angel-mother,0,0,0,0,0
2020-09-30,angel-family,0,0,0,0,0
2020-10-01,criminal-alien,0,0,0,0,0
2020-10-01,illegal-alien,0,0,0,0,0
2020-10-01,angel-mother,0,0,0,0,0
2020-10-01,angel-family,0,0,0,0,0
2020-10-02,criminal-alien,0,1,0,0,1
2020-10-02,illegal-alien,0,0,1,0,1
2020-10-02,angel-mother,0,0,0,0,0
2020-10-02,angel-family,0,0,0,0,0
2020-10-03,criminal-alien,0,0,0,0,0
2020-10-03,illegal-alien,0,0,1,0,1
2020-10-03,angel-mother,0,0,0,0,0
2020-10-03,angel-family,0,0,0,0,0
2020-10-04,criminal-alien,0,0,0,0,0
2020-10-04,illegal-alien,0,0,1,0,1
2020-10-04,angel-mother,0,0,0,0,0
2020-10-04,angel-family,0,0,0,0,0
2020-10-05,criminal-alien,0,0,0,0,0
2020-10-05,illegal-alien,0,0,1,0,1
2020-10-05,angel-mother,0,0,0,0,0
2020-10-05,angel-family,0,0,0,0,0
2020-10-06,criminal-alien,0,0,0,0,0
2020-10-06,illegal-alien,0,0,0,0,0
2020-10-06,angel-mother,0,0,0,0,0
2020-10-06,angel-family,0,0,0,0,0
2020-10-07,criminal-alien,1,5,0,0,6
2020-10-07,illegal-alien,0,0,3,0,3
2020-10-07,angel-mother,0,0,0,0,0
2020-10-07,angel-family,0,0,0,0,0
2020-10-08,criminal-alien,1,0,0,0,1
2020-10-08,illegal-alien,1,0,2,0,3
2020-10-08,angel-mother,0,0,0,0,0
2020-10-08,angel-family,0,0,0,0,0
2020-10-09,criminal-alien,0,0,0,0,0
2020-10-09,illegal-alien,0,0,1,0,1
2020-10-09,angel-mother,0,0,0,0,0
2020-10-09,angel-family,0,0,0,0,0
2020-10-10,criminal-alien,1,1,0,0,2
2020-10-10,illegal-alien,0,0,2,0,2
2020-10-10,angel-mother,0,0,0,0,0
2020-10-10,angel-family,0,0,0,0,0
2020-10-11,criminal-alien,0,0,0,0,0
2020-10-11,illegal-alien,0,0,2,0,2
2020-10-11,angel-mother,0,0,0,0,0
2020-10-11,angel-family,0,0,0,0,0
2020-10-12,criminal-alien,0,0,0,0,0
2020-10-12,illegal-alien,0,0,1,0,1
2020-10-12,angel-mother,0,0,0,0,0
2020-10-12,angel-family,0,0,0,0,0
2020-10-13,criminal-alien,0,0,0,0,0
2020-10-13,illegal-alien,0,0,0,0,0
2020-10-13,angel-mother,0,0,0,0,0
2020-10-13,angel-family,0,0,0,0,0
2020-10-14,criminal-alien,0,0,0,0,0
2020-10-14,illegal-alien,0,0,1,0,1
2020-10-14,angel-mother,0,0,0,0,0
2020-10-14,angel-family,0,0,0,0,0
2020-10-15,criminal-alien,0,0,0,0,0
2020-10-15,illegal-alien,0,0,1,0,1
2020-10-15,angel-mother,0,0,0,0,0
2020-10-15,angel-family,0,0,0,0,0
2020-10-16,criminal-alien,0,1,0,0,1
2020-10-16,illegal-alien,0,0,0,0,0
2020-10-16,angel-mother,0,0,0,0,0
2020-10-16,angel-family,0,0,0,0,0
2020-10-17,criminal-alien,0,0,0,0,0
2020-10-17,illegal-alien,0,0,2,0,2
2020-10-17,angel-mother,0,0,0,0,0
2020-10-17,angel-family,0,0,0,0,0
2020-10-18,criminal-alien,0,0,0,0,0
2020-10-18,illegal-alien,0,0,0,0,0
2020-10-18,angel-mother,0,0,0,0,0
2020-10-18,angel-family,0,0,0,0,0
2020-10-19,criminal-alien,0,0,0,0,0
2020-10-19,illegal-alien,0,0,0,0,0
2020-10-19,angel-mother,0,0,0,0,0
2020-10-19,angel-family,0,0,0,0,0
2020-10-20,criminal-alien,1,0,0,0,1
2020-10-20,illegal-alien,0,0,1,0,1
2020-10-20,angel-mother,0,0,0,0,0
2020-10-20,angel-family,0,0,0,0,0
2020-10-21,criminal-alien,0,0,0,0,0
2020-10-21,illegal-alien,0,0,2,0,2
2020-10-21,angel-mother,0,0,0,0,0
2020-10-21,angel-family,0,0,0,0,0
2020-10-22,criminal-alien,0,0,0,0,0
2020-10-22,illegal-alien,2,0,0,0,2
2020-10-22,angel-mother,0,0,0,0,0
2020-10-22,angel-family,0,0,0,0,0
2020-10-23,criminal-alien,0,0,0,0,0
2020-10-23,illegal-alien,0,0,0,0,0
2020-10-23,angel-mother,0,0,0,0,0
2020-10-23,angel-family,0,0,0,0,0
2020-10-24,criminal-alien,0,0,0,0,0
2020-10-24,illegal-alien,0,0,0,0,0
2020-10-24,angel-mother,0,0,0,0,0
2020-10-24,angel-family,0,0,0,0,0
2020-10-25,criminal-alien,0,0,0,0,0
2020-10-25,illegal-alien,0,0,0,0,0
2020-10-25,angel-mother,0,0,0,0,0
2020-10-25,angel-family,0,0,0,0,0
2020-10-26,criminal-alien,0,0,0,0,0
2020-10-26,illegal-alien,0,0,0,0,0
2020-10-26,angel-mother,0,0,0,0,0
2020-10-26,angel-family,0,0,0,0,0
2020-10-27,criminal-alien,0,2,0,0,2
2020-10-27,illegal-alien,0,0,0,0,0
2020-10-27,angel-mother,0,0,0,0,0
2020-10-27,angel-family,0,0,0,0,0
2020-10-28,criminal-alien,0,0,0,0,0
2020-10-28,illegal-alien,0,0,0,1,1
2020-10-28,angel-mother,0,0,0,0,0
2020-10-28,angel-family,0,0,0,0,0
2020-10-29,criminal-alien,1,0,0,0,1
2020-10-29,illegal-alien,1,0,1,0,2
2020-10-29,angel-mother,0,0,0,0,0
2020-10-29,angel-family,0,0,0,0,0
2020-10-30,criminal-alien,0,0,0,0,0
2020-10-30,illegal-alien,0,0,0,0,0
2020-10-30,angel-mother,0,0,0,0,0
2020-10-30,angel-family,0,0,0,0,0
2020-10-31,criminal-alien,0,1,0,0,1
2020-10-31,illegal-alien,0,1,0,0,1
2020-10-31,angel-mother,0,0,0,0,0
2020-10-31,angel-family,0,0,0,0,0
2020-11-01,criminal-alien,0,1,0,0,1
2020-11-01,illegal-alien,1,1,2,0,4
2020-11-01,angel-mother,0,0,0,0,0
2020-11-01,angel-family,0,0,0,0,0
2020-11-02,criminal-alien,1,0,0,0,1
2020-11-02,illegal-alien,1,0,0,0,1
2020-11-02,angel-mother,0,0,0,0,0
2020-11-02,angel-family,0,0,0,0,0
2020-11-03,criminal-alien,0,0,0,1,1
2020-11-03,illegal-alien,0,0,0,0,0
2020-11-03,angel-mother,0,0,0,0,0
2020-11-03,angel-family,0,0,0,0,0
2020-11-04,criminal-alien,0,0,0,0,0
2020-11-04,illegal-alien,0,0,0,0,0
2020-11-04,angel-mother,0,0,0,0,0
2020-11-04,angel-family,0,0,0,0,0
2020-11-05,criminal-alien,0,0,0,0,0
2020-11-05,illegal-alien,0,0,0,0,0
2020-11-05,angel-mother,0,0,0,0,0
2020-11-05,angel-family,0,0,0,0,0
2020-11-06,criminal-alien,0,1,0,0,1
2020-11-06,illegal-alien,0,0,0,0,0
2020-11-06,angel-mother,0,0,0,0,0
2020-11-06,angel-family,0,0,0,0,0
2020-11-07,criminal-alien,0,0,0,0,0
2020-11-07,illegal-alien,0,0,0,0,0
2020-11-07,angel-mother,0,0,0,0,0
2020-11-07,angel-family,0,0,0,0,0
2020-11-08,criminal-alien,0,0,0,0,0
2020-11-08,illegal-alien,0,0,0,0,0
2020-11-08,angel-mother,0,0,0,0,0
2020-11-08,angel-family,0,0,0,0,0
2020-11-09,criminal-alien,0,0,0,0,0
2020-11-09,illegal-alien,0,0,0,0,0
2020-11-09,angel-mother,0,0,0,0,0
2020-11-09,angel-family,0,0,0,0,0
2020-11-10,criminal-alien,0,0,0,0,0
2020-11-10,illegal-alien,0,0,0,0,0
2020-11-10,angel-mother,0,0,0,0,0
2020-11-10,angel-family,0,0,0,0,0
2020-11-11,criminal-alien,0,0,0,0,0
2020-11-11,illegal-alien,0,0,0,0,0
2020-11-11,angel-mother,0,0,0,0,0
2020-11-11,angel-family,0,0,0,0,0
2020-11-12,criminal-alien,0,0,0,0,0
2020-11-12,illegal-alien,0,0,0,0,0
2020-11-12,angel-mother,0,0,0,0,0
2020-11-12,angel-family,0,0,0,0,0
2020-11-13,criminal-alien,0,0,0,0,0
2020-11-13,illegal-alien,0,0,1,0,1
2020-11-13,angel-mother,0,0,0,0,0
2020-11-13,angel-family,0,0,0,0,0
2020-11-14,criminal-alien,0,0,0,0,0
2020-11-14,illegal-alien,0,0,0,0,0
2020-11-14,angel-mother,0,0,0,0,0
2020-11-14,angel-family,0,0,0,0,0
2020-11-15,criminal-alien,0,0,0,0,0
2020-11-15,illegal-alien,0,0,1,0,1
2020-11-15,angel-mother,0,0,0,0,0
2020-11-15,angel-family,0,0,0,0,0
2020-11-16,criminal-alien,0,0,0,0,0
2020-11-16,illegal-alien,0,0,0,0,0
2020-11-16,angel-mother,0,0,0,0,0
2020-11-16,angel-family,0,0,0,0,0
2020-11-17,criminal-alien,0,0,0,0,0
2020-11-17,illegal-alien,0,0,0,0,0
2020-11-17,angel-mother,0,0,0,0,0
2020-11-17,angel-family,0,0,0,0,0
2020-11-18,criminal-alien,0,0,0,0,0
2020-11-18,illegal-alien,0,0,1,0,1
2020-11-18,angel-mother,0,0,0,0,0
2020-11-18,angel-family,0,0,0,0,0
2020-11-19,criminal-alien,0,0,0,0,0
2020-11-19,illegal-alien,0,0,1,0,1
2020-11-19,angel-mother,0,0,0,0,0
2020-11-19,angel-family,0,0,0,0,0
2020-11-20,criminal-alien,0,0,0,0,0
2020-11-20,illegal-alien,0,0,1,0,1
2020-11-20,angel-mother,0,0,0,0,0
2020-11-20,angel-family,0,0,0,0,0
2020-11-21,criminal-alien,0,0,0,0,0
2020-11-21,illegal-alien,0,0,2,0,2
2020-11-21,angel-mother,0,0,0,0,0
2020-11-21,angel-family,0,0,0,0,0
2020-11-22,criminal-alien,0,0,0,0,0
2020-11-22,illegal-alien,0,0,1,0,1
2020-11-22,angel-mother,0,0,0,0,0
2020-11-22,angel-family,0,0,0,0,0
2020-11-23,criminal-alien,0,0,0,0,0
2020-11-23,illegal-alien,0,0,1,0,1
2020-11-23,angel-mother,0,0,0,0,0
2020-11-23,angel-family,0,0,0,0,0
2020-11-24,criminal-alien,0,0,0,0,0
2020-11-24,illegal-alien,0,0,2,0,2
2020-11-24,angel-mother,0,0,0,0,0
2020-11-24,angel-family,0,0,0,0,0
2020-11-25,criminal-alien,0,1,0,0,1
2020-11-25,illegal-alien,0,0,1,0,1
2020-11-25,angel-mother,0,0,0,0,0
2020-11-25,angel-family,0,0,0,0,0
2020-11-26,criminal-alien,0,0,0,0,0
2020-11-26,illegal-alien,0,0,0,0,0
2020-11-26,angel-mother,0,0,0,0,0
2020-11-26,angel-family,0,0,0,0,0
2020-11-27,criminal-alien,0,1,0,0,1
2020-11-27,illegal-alien,0,0,0,0,0
2020-11-27,angel-mother,0,0,0,0,0
2020-11-27,angel-family,0,0,0,0,0
2020-11-28,criminal-alien,0,0,0,0,0
2020-11-28,illegal-alien,0,0,0,0,0
2020-11-28,angel-mother,0,0,0,0,0
2020-11-28,angel-family,0,0,0,0,0
2020-11-29,criminal-alien,0,0,0,0,0
2020-11-29,illegal-alien,0,0,0,0,0
2020-11-29,angel-mother,0,0,0,0,0
2020-11-29,angel-family,0,0,0,0,0
2020-11-30,criminal-alien,0,0,0,0,0
2020-11-30,illegal-alien,0,0,1,0,1
2020-11-30,angel-mother,0,0,0,0,0
2020-11-30,angel-family,0,0,0,0,0
2020-12-01,criminal-alien,0,0,0,0,0
2020-12-01,illegal-alien,0,0,2,0,2
2020-12-01,angel-mother,0,0,0,0,0
2020-12-01,angel-family,0,0,0,0,0
2020-12-02,criminal-alien,0,0,0,0,0
2020-12-02,illegal-alien,0,0,1,0,1
2020-12-02,angel-mother,0,0,0,0,0
2020-12-02,angel-family,0,0,0,0,0
2020-12-03,criminal-alien,0,0,0,0,0
2020-12-03,illegal-alien,0,0,0,0,0
2020-12-03,angel-mother,0,0,0,0,0
2020-12-03,angel-family,0,0,0,0,0
2020-12-04,criminal-alien,0,0,0,0,0
2020-12-04,illegal-alien,0,0,0,0,0
2020-12-04,angel-mother,0,0,0,0,0
2020-12-04,angel-family,0,0,0,0,0
2020-12-05,criminal-alien,0,0,0,0,0
2020-12-05,illegal-alien,0,0,1,0,1
2020-12-05,angel-mother,0,0,0,0,0
2020-12-05,angel-family,0,0,0,0,0
2020-12-06,criminal-alien,0,0,0,0,0
2020-12-06,illegal-alien,0,0,1,0,1
2020-12-06,angel-mother,0,0,0,0,0
2020-12-06,angel-family,0,0,0,0,0
2020-12-07,criminal-alien,0,1,0,0,1
2020-12-07,illegal-alien,0,0,0,0,0
2020-12-07,angel-mother,0,0,0,0,0
2020-12-07,angel-family,0,0,0,0,0
2020-12-08,criminal-alien,0,0,0,0,0
2020-12-08,illegal-alien,0,0,1,0,1
2020-12-08,angel-mother,0,0,0,0,0
2020-12-08,angel-family,0,0,0,0,0
2020-12-09,criminal-alien,0,3,0,0,3
2020-12-09,illegal-alien,0,0,0,0,0
2020-12-09,angel-mother,0,0,0,0,0
2020-12-09,angel-family,0,0,0,0,0
2020-12-10,criminal-alien,0,0,0,0,0
2020-12-10,illegal-alien,0,1,2,0,3
2020-12-10,angel-mother,0,0,0,0,0
2020-12-10,angel-family,0,0,0,0,0
2020-12-11,criminal-alien,0,0,0,0,0
2020-12-11,illegal-alien,0,0,1,0,1
2020-12-11,angel-mother,0,0,0,0,0
2020-12-11,angel-family,0,0,0,0,0
2020-12-12,criminal-alien,0,0,0,0,0
2020-12-12,illegal-alien,0,0,1,0,1
2020-12-12,angel-mother,0,0,0,0,0
2020-12-12,angel-family,0,0,0,0,0
2020-12-13,criminal-alien,0,0,0,0,0
2020-12-13,illegal-alien,0,0,1,0,1
2020-12-13,angel-mother,0,0,0,0,0
2020-12-13,angel-family,0,0,0,0,0
2020-12-14,criminal-alien,0,0,0,0,0
2020-12-14,illegal-alien,0,0,0,0,0
2020-12-14,angel-mother,0,0,0,0,0
2020-12-14,angel-family,0,0,0,0,0
2020-12-15,criminal-alien,0,0,0,0,0
2020-12-15,illegal-alien,0,0,0,0,0
2020-12-15,angel-mother,0,0,0,0,0
2020-12-15,angel-family,0,0,0,0,0
2020-12-16,criminal-alien,0,0,0,0,0
2020-12-16,illegal-alien,0,0,3,0,3
2020-12-16,angel-mother,0,0,0,0,0
2020-12-16,angel-family,0,0,0,0,0
2020-12-17,criminal-alien,0,0,0,0,0
2020-12-17,illegal-alien,0,0,1,0,1
2020-12-17,angel-mother,0,0,0,0,0
2020-12-17,angel-family,0,0,0,0,0
2020-12-18,criminal-alien,0,0,0,0,0
2020-12-18,illegal-alien,0,0,2,0,2
2020-12-18,angel-mother,0,0,0,0,0
2020-12-18,angel-family,0,0,0,0,0
2020-12-19,criminal-alien,0,0,0,0,0
2020-12-19,illegal-alien,0,0,2,0,2
2020-12-19,angel-mother,0,0,0,0,0
2020-12-19,angel-family,0,0,0,0,0
2020-12-20,criminal-alien,0,0,0,0,0
2020-12-20,illegal-alien,0,0,0,0,0
2020-12-20,angel-mother,0,0,0,0,0
2020-12-20,angel-family,0,0,0,0,0
2020-12-21,criminal-alien,0,0,0,0,0
2020-12-21,illegal-alien,0,0,0,0,0
2020-12-21,angel-mother,0,0,0,0,0
2020-12-21,angel-family,0,0,0,0,0
2020-12-22,criminal-alien,0,0,0,0,0
2020-12-22,illegal-alien,0,0,0,0,0
2020-12-22,angel-mother,0,0,0,0,0
2020-12-22,angel-family,0,0,0,0,0
2020-12-23,criminal-alien,0,0,0,0,0
2020-12-23,illegal-alien,0,0,0,1,1
2020-12-23,angel-mother,0,0,0,0,0
2020-12-23,angel-family,0,0,0,0,0
2020-12-24,criminal-alien,0,0,0,0,0
2020-12-24,illegal-alien,0,0,1,0,1
2020-12-24,angel-mother,0,0,0,0,0
2020-12-24,angel-family,0,0,0,0,0
2020-12-25,criminal-alien,0,0,0,0,0
2020-12-25,illegal-alien,0,0,0,0,0
2020-12-25,angel-mother,0,0,0,0,0
2020-12-25,angel-family,0,0,0,0,0
2020-12-26,criminal-alien,0,0,0,0,0
2020-12-26,illegal-alien,0,0,0,0,0
2020-12-26,angel-mother,0,0,0,0,0
2020-12-26,angel-family,0,0,0,0,0
2020-12-27,criminal-alien,0,0,0,0,0
2020-12-27,illegal-alien,0,0,0,0,0
2020-12-27,angel-mother,0,0,0,0,0
2020-12-27,angel-family,0,0,0,0,0
2020-12-28,criminal-alien,0,0,0,0,0
2020-12-28,illegal-alien,0,0,0,0,0
2020-12-28,angel-mother,0,0,0,0,0
2020-12-28,angel-family,0,0,0,0,0
2020-12-29,criminal-alien,0,0,0,0,0
2020-12-29,illegal-alien,0,0,0,0,0
2020-12-29,angel-mother,0,0,0,0,0
2020-12-29,angel-family,0,0,0,0,0
2020-12-30,criminal-alien,0,0,0,0,0
2020-12-30,illegal-alien,0,0,0,0,0
2020-12-30,angel-mother,0,0,0,0,0
2020-12-30,angel-family,0,0,0,0,0
2020-12-31,criminal-alien,0,0,0,0,0
2020-12-31,illegal-alien,0,0,0,0,0
2020-12-31,angel-mother,0,0,0,0,0
2020-12-31,angel-family,0,0,0,0,0
2021-01-01,criminal-alien,0,0,0,0,0
2021-01-01,illegal-alien,0,0,0,0,0
2021-01-01,angel-mother,0,0,0,0,0
2021-01-01,angel-family,0,0,0,0,0
2021-01-02,criminal-alien,0,0,0,0,0
2021-01-02,illegal-alien,0,0,0,0,0
2021-01-02,angel-mother,0,0,0,0,0
2021-01-02,angel-family,0,0,0,0,0
2021-01-03,criminal-alien,0,0,0,0,0
2021-01-03,illegal-alien,0,0,0,0,0
2021-01-03,angel-mother,0,0,0,0,0
2021-01-03,angel-family,0,0,0,0,0
2021-01-04,criminal-alien,0,0,0,0,0
2021-01-04,illegal-alien,0,0,0,0,0
2021-01-04,angel-mother,0,0,0,0,0
2021-01-04,angel-family,0,0,0,0,0
2021-01-05,criminal-alien,0,0,0,0,0
2021-01-05,illegal-alien,0,0,1,0,1
2021-01-05,angel-mother,0,0,0,0,0
2021-01-05,angel-family,0,0,0,0,0
2021-01-06,criminal-alien,0,1,0,0,1
2021-01-06,illegal-alien,0,0,0,0,0
2021-01-06,angel-mother,0,0,0,0,0
2021-01-06,angel-family,0,0,0,0,0
2021-01-07,criminal-alien,0,1,0,0,1
2021-01-07,illegal-alien,0,0,0,0,0
2021-01-07,angel-mother,0,0,0,0,0
2021-01-07,angel-family,0,0,0,0,0
2021-01-08,criminal-alien,0,2,0,0,2
2021-01-08,illegal-alien,0,0,1,0,1
2021-01-08,angel-mother,0,0,0,0,0
2021-01-08,angel-family,0,0,0,0,0
2021-01-09,criminal-alien,0,1,0,0,1
2021-01-09,illegal-alien,0,0,1,0,1
2021-01-09,angel-mother,0,0,0,0,0
2021-01-09,angel-family,0,0,0,0,0
2021-01-10,criminal-alien,0,1,0,0,1
2021-01-10,illegal-alien,0,0,1,0,1
2021-01-10,angel-mother,0,0,0,0,0
2021-01-10,angel-family,0,0,0,0,0
2021-01-11,criminal-alien,0,0,0,0,0
2021-01-11,illegal-alien,0,0,0,0,0
2021-01-11,angel-mother,0,0,0,0,0
2021-01-11,angel-family,0,0,0,0,0
2021-01-12,criminal-alien,0,0,0,0,0
2021-01-12,illegal-alien,0,0,0,0,0
2021-01-12,angel-mother,0,0,0,0,0
2021-01-12,angel-family,0,0,0,0,0
2021-01-13,criminal-alien,0,0,0,0,0
2021-01-13,illegal-alien,0,0,0,0,0
2021-01-13,angel-mother,0,0,0,0,0
2021-01-13,angel-family,0,0,0,0,0
2021-01-14,criminal-alien,0,0,0,0,0
2021-01-14,illegal-alien,0,0,0,0,0
2021-01-14,angel-mother,0,0,0,0,0
2021-01-14,angel-family,0,0,0,0,0
2021-01-15,criminal-alien,0,1,0,0,1
2021-01-15,illegal-alien,0,0,0,0,0
2021-01-15,angel-mother,0,0,0,0,0
2021-01-15,angel-family,0,0,0,0,0
2021-01-16,criminal-alien,0,0,0,0,0
2021-01-16,illegal-alien,0,0,0,0,0
2021-01-16,angel-mother,0,0,0,0,0
2021-01-16,angel-family,0,0,0,0,0
2021-01-17,criminal-alien,0,0,0,0,0
2021-01-17,illegal-alien,0,0,0,0,0
2021-01-17,angel-mother,0,0,0,0,0
2021-01-17,angel-family,0,0,0,0,0
2021-01-18,criminal-alien,0,0,0,0,0
2021-01-18,illegal-alien,0,0,0,0,0
2021-01-18,angel-mother,0,0,0,0,0
2021-01-18,angel-family,0,0,0,0,0
2021-01-19,criminal-alien,0,0,0,0,0
2021-01-19,illegal-alien,0,0,0,0,0
2021-01-19,angel-mother,0,0,0,0,0
2021-01-19,angel-family,0,0,0,0,0
2021-01-20,criminal-alien,0,0,0,0,0
2021-01-20,illegal-alien,0,0,2,0,2
2021-01-20,angel-mother,0,0,0,0,0
2021-01-20,angel-family,0,0,0,0,0
2021-01-21,criminal-alien,0,0,0,0,0
2021-01-21,illegal-alien,0,0,2,0,2
2021-01-21,angel-mother,0,0,0,0,0
2021-01-21,angel-family,0,0,0,0,0
2021-01-22,criminal-alien,0,0,0,0,0
2021-01-22,illegal-alien,0,0,0,0,0
2021-01-22,angel-mother,0,0,0,0,0
2021-01-22,angel-family,0,0,0,0,0
2021-01-23,criminal-alien,0,0,0,0,0
2021-01-23,illegal-alien,0,0,0,0,0
2021-01-23,angel-mother,0,0,0,0,0
2021-01-23,angel-family,0,0,0,0,0
2021-01-24,criminal-alien,0,0,0,0,0
2021-01-24,illegal-alien,0,0,0,0,0
2021-01-24,angel-mother,0,0,0,0,0
2021-01-24,angel-family,0,0,0,0,0
2021-01-25,criminal-alien,0,0,0,0,0
2021-01-25,illegal-alien,0,0,0,0,0
2021-01-25,angel-mother,0,0,0,0,0
2021-01-25,angel-family,0,0,0,0,0
2021-01-26,criminal-alien,0,0,0,0,0
2021-01-26,illegal-alien,0,0,0,0,0
2021-01-26,angel-mother,0,0,0,0,0
2021-01-26,angel-family,0,0,0,0,0
2021-01-27,criminal-alien,0,0,0,0,0
2021-01-27,illegal-alien,0,0,0,0,0
2021-01-27,angel-mother,0,0,0,0,0
2021-01-27,angel-family,0,0,0,0,0
2021-01-28,criminal-alien,0,0,0,0,0
2021-01-28,illegal-alien,0,0,0,0,0
2021-01-28,angel-mother,0,0,0,0,0
2021-01-28,angel-family,0,0,0,0,0
2021-01-29,criminal-alien,0,0,0,0,0
2021-01-29,illegal-alien,0,0,0,0,0
2021-01-29,angel-mother,0,0,0,0,0
2021-01-29,angel-family,0,0,0,0,0
2021-01-30,criminal-alien,0,0,0,0,0
2021-01-30,illegal-alien,0,0,0,0,0
2021-01-30,angel-mother,0,0,0,0,0
2021-01-30,angel-family,0,0,0,0,0
2021-01-31,criminal-alien,0,0,0,0,0
2021-01-31,illegal-alien,0,0,0,0,0
2021-01-31,angel-mother,0,0,0,0,0
2021-01-31,angel-family,0,0,0,0,0
2021-02-01,criminal-alien,0,0,0,0,0
2021-02-01,illegal-alien,0,0,0,0,0
2021-02-01,angel-mother,0,0,0,0,0
2021-02-01,angel-family,0,0,0,0,0
2021-02-02,criminal-alien,0,0,0,0,0
2021-02-02,illegal-alien,0,0,0,0,0
2021-02-02,angel-mother,0,0,0,0,0
2021-02-02,angel-family,0,0,0,0,0
2021-02-03,criminal-alien,0,0,0,0,0
2021-02-03,illegal-alien,0,0,0,0,0
2021-02-03,angel-mother,0,0,0,0,0
2021-02-03,angel-family,0,0,0,0,0
2021-02-04,criminal-alien,0,0,0,0,0
2021-02-04,illegal-alien,0,0,0,0,0
2021-02-04,angel-mother,0,0,0,0,0
2021-02-04,angel-family,0,0,0,0,0
2021-02-05,criminal-alien,0,0,0,0,0
2021-02-05,illegal-alien,0,0,0,0,0
2021-02-05,angel-mother,0,0,0,0,0
2021-02-05,angel-family,0,0,0,0,0
2021-02-06,criminal-alien,0,0,0,0,0
2021-02-06,illegal-alien,0,0,0,0,0
2021-02-06,angel-mother,0,0,0,0,0
2021-02-06,angel-family,0,0,0,0,0
2021-02-07,criminal-alien,0,0,0,0,0
2021-02-07,illegal-alien,0,0,0,0,0
2021-02-07,angel-mother,0,0,0,0,0
2021-02-07,angel-family,0,0,0,0,0
2021-02-08,criminal-alien,0,0,0,0,0
2021-02-08,illegal-alien,0,0,0,0,0
2021-02-08,angel-mother,0,0,0,0,0
2021-02-08,angel-family,0,0,0,0,0
2021-02-09,criminal-alien,0,0,0,0,0
2021-02-09,illegal-alien,0,0,0,0,0
2021-02-09,angel-mother,0,0,0,0,0
2021-02-09,angel-family,0,0,0,0,0
2021-02-10,criminal-alien,0,0,0,0,0
2021-02-10,illegal-alien,0,0,0,0,0
2021-02-10,angel-mother,0,0,0,0,0
2021-02-10,angel-family,0,0,0,0,0
2021-02-11,criminal-alien,0,0,0,0,0
2021-02-11,illegal-alien,0,0,0,0,0
2021-02-11,angel-mother,0,0,0,0,0
2021-02-11,angel-family,0,0,0,0,0
2021-02-12,criminal-alien,0,0,0,0,0
2021-02-12,illegal-alien,0,0,0,0,0
2021-02-12,angel-mother,0,0,0,0,0
2021-02-12,angel-family,0,0,0,0,0
2021-02-13,criminal-alien,0,0,0,0,0
2021-02-13,illegal-alien,0,0,0,0,0
2021-02-13,angel-mother,0,0,0,0,0
2021-02-13,angel-family,0,0,0,0,0
2021-02-14,criminal-alien,0,0,0,0,0
2021-02-14,illegal-alien,0,0,0,0,0
2021-02-14,angel-mother,0,0,0,0,0
2021-02-14,angel-family,0,0,0,0,0
2021-02-15,criminal-alien,0,0,0,0,0
2021-02-15,illegal-alien,0,0,0,0,0
2021-02-15,angel-mother,0,0,0,0,0
2021-02-15,angel-family,0,0,0,0,0
2021-02-16,criminal-alien,0,0,0,0,0
2021-02-16,illegal-alien,0,0,0,0,0
2021-02-16,angel-mother,0,0,0,0,0
2021-02-16,angel-family,0,0,0,0,0
2021-02-17,criminal-alien,0,0,0,0,0
2021-02-17,illegal-alien,0,0,0,0,0
2021-02-17,angel-mother,0,0,0,0,0
2021-02-17,angel-family,0,0,0,0,0
2021-02-18,criminal-alien,0,0,0,0,0
2021-02-18,illegal-alien,0,0,0,0,0
2021-02-18,angel-mother,0,0,0,0,0
2021-02-18,angel-family,0,0,0,0,0
2021-02-19,criminal-alien,0,0,0,0,0
2021-02-19,illegal-alien,0,0,0,0,0
2021-02-19,angel-mother,0,0,0,0,0
2021-02-19,angel-family,0,0,0,0,0
2021-02-20,criminal-alien,0,0,0,0,0
2021-02-20,illegal-alien,0,0,0,0,0
2021-02-20,angel-mother,0,0,0,0,0
2021-02-20,angel-family,0,0,0,0,0
2021-02-21,criminal-alien,0,0,0,0,0
2021-02-21,illegal-alien,0,0,0,0,0
2021-02-21,angel-mother,0,0,0,0,0
2021-02-21,angel-family,0,0,0,0,0
2021-02-22,criminal-alien,0,0,0,0,0
2021-02-22,illegal-alien,0,0,0,0,0
2021-02-22,angel-mother,0,0,0,0,0
2021-02-22,angel-family,0,0,0,0,0
2021-02-23,criminal-alien,0,0,0,0,0
2021-02-23,illegal-alien,0,0,0,0,0
2021-02-23,angel-mother,0,0,0,0,0
2021-02-23,angel-family,0,0,0,0,0
2021-02-24,criminal-alien,0,0,0,0,0
2021-02-24,illegal-alien,0,0,0,0,0
2021-02-24,angel-mother,0,0,0,0,0
2021-02-24,angel-family,0,0,0,0,0
2021-02-25,criminal-alien,0,0,0,0,0
2021-02-25,illegal-alien,0,0,0,0,0
2021-02-25,angel-mother,0,0,0,0,0
2021-02-25,angel-family,0,0,0,0,0
2021-02-26,criminal-alien,0,0,0,0,0
2021-02-26,illegal-alien,0,0,0,0,0
2021-02-26,angel-mother,0,0,0,0,0
2021-02-26,angel-family,0,0,0,0,0
2021-02-27,criminal-alien,0,0,0,0,0
2021-02-27,illegal-alien,0,0,0,0,0
2021-02-27,angel-mother,0,0,0,0,0
2021-02-27,angel-family,0,0,0,0,0
2021-02-28,criminal-alien,0,0,0,0,0
2021-02-28,illegal-alien,0,0,0,0,0
2021-02-28,angel-mother,0,0,0,0,0
2021-02-28,angel-family,0,0,0,0,0
2021-03-01,criminal-alien,0,0,0,0,0
2021-03-01,illegal-alien,0,0,0,0,0
2021-03-01,angel-mother,0,0,0,0,0
2021-03-01,angel-family,0,0,0,0,0
2021-03-02,criminal-alien,0,0,0,0,0
2021-03-02,illegal-alien,0,0,0,0,0
2021-03-02,angel-mother,0,0,0,0,0
2021-03-02,angel-family,0,0,0,0,0
2021-03-03,criminal-alien,0,0,0,0,0
2021-03-03,illegal-alien,0,0,0,0,0
2021-03-03,angel-mother,0,0,0,0,0
2021-03-03,angel-family,0,0,0,0,0
2021-03-04,criminal-alien,0,0,0,0,0
2021-03-04,illegal-alien,0,0,0,0,0
2021-03-04,angel-mother,0,0,0,0,0
2021-03-04,angel-family,0,0,0,0,0
2021-03-05,criminal-alien,0,0,0,0,0
2021-03-05,illegal-alien,0,0,0,0,0
2021-03-05,angel-mother,0,0,0,0,0
2021-03-05,angel-family,0,0,0,0,0
2021-03-06,criminal-alien,0,0,0,0,0
2021-03-06,illegal-alien,0,0,0,0,0
2021-03-06,angel-mother,0,0,0,0,0
2021-03-06,angel-family,0,0,0,0,0
2021-03-07,criminal-alien,0,0,0,0,0
2021-03-07,illegal-alien,0,0,0,0,0
2021-03-07,angel-mother,0,0,0,0,0
2021-03-07,angel-family,0,0,0,0,0
2021-03-08,criminal-alien,0,0,0,0,0
2021-03-08,illegal-alien,0,0,0,0,0
2021-03-08,angel-mother,0,0,0,0,0
2021-03-08,angel-family,0,0,0,0,0
2021-03-09,criminal-alien,0,0,0,0,0
2021-03-09,illegal-alien,0,0,0,0,0
2021-03-09,angel-mother,0,0,0,0,0
2021-03-09,angel-family,0,0,0,0,0
2021-03-10,criminal-alien,0,0,0,0,0
2021-03-10,illegal-alien,0,0,0,0,0
2021-03-10,angel-mother,0,0,0,0,0
2021-03-10,angel-family,0,0,0,0,0
2021-03-11,criminal-alien,0,0,0,0,0
2021-03-11,illegal-alien,0,0,0,0,0
2021-03-11,angel-mother,0,0,0,0,0
2021-03-11,angel-family,0,0,0,0,0
2021-03-12,criminal-alien,0,0,0,0,0
2021-03-12,illegal-alien,0,0,0,0,0
2021-03-12,angel-mother,0,0,0,0,0
2021-03-12,angel-family,0,0,0,0,0
2021-03-13,criminal-alien,0,0,0,0,0
2021-03-13,illegal-alien,0,0,0,0,0
2021-03-13,angel-mother,0,0,0,0,0
2021-03-13,angel-family,0,0,0,0,0
2021-03-14,criminal-alien,0,0,0,0,0
2021-03-14,illegal-alien,0,0,0,0,0
2021-03-14,angel-mother,0,0,0,0,0
2021-03-14,angel-family,0,0,0,0,0
2021-03-15,criminal-alien,0,0,0,0,0
2021-03-15,illegal-alien,0,0,0,0,0
2021-03-15,angel-mother,0,0,0,0,0
2021-03-15,angel-family,0,0,0,0,0
2021-03-16,criminal-alien,0,0,0,0,0
2021-03-16,illegal-alien,0,0,0,0,0
2021-03-16,angel-mother,0,0,0,0,0
2021-03-16,angel-family,0,0,0,0,0
2021-03-17,criminal-alien,0,0,0,0,0
2021-03-17,illegal-alien,0,0,0,0,0
2021-03-17,angel-mother,0,0,0,0,0
2021-03-17,angel-family,0,0,0,0,0
2021-03-18,criminal-alien,0,0,0,0,0
2021-03-18,illegal-alien,0,0,0,0,0
2021-03-18,angel-mother,0,0,0,0,0
2021-03-18,angel-family,0,0,0,0,0
2021-03-19,criminal-alien,0,0,0,0,0
2021-03-19,illegal-alien,0,0,0,0,0
2021-03-19,angel-mother,0,0,0,0,0
2021-03-19,angel-family,0,0,0,0,0
2021-03-20,criminal-alien,0,0,0,0,0
2021-03-20,illegal-alien,0,0,0,0,0
2021-03-20,angel-mother,0,0,0,0,0
2021-03-20,angel-family,0,0,0,0,0
2021-03-21,criminal-alien,0,0,0,0,0
2021-03-21,illegal-alien,0,0,1,0,1
2021-03-21,angel-mother,0,0,0,0,0
2021-03-21,angel-family,0,0,0,0,0
2021-03-22,criminal-alien,0,0,0,0,0
2021-03-22,illegal-alien,0,0,0,0,0
2021-03-22,angel-mother,0,0,0,0,0
2021-03-22,angel-family,0,0,0,0,0
2021-03-23,criminal-alien,0,0,0,0,0
2021-03-23,illegal-alien,0,0,0,0,0
2021-03-23,angel-mother,0,0,0,0,0
2021-03-23,angel-family,0,0,0,0,0
2021-03-24,criminal-alien,0,0,0,0,0
2021-03-24,illegal-alien,0,0,0,0,0
2021-03-24,angel-mother,0,0,0,0,0
2021-03-24,angel-family,0,0,0,0,0
2021-03-25,criminal-alien,0,0,0,0,0
2021-03-25,illegal-alien,0,0,0,0,0
2021-03-25,angel-mother,0,0,0,0,0
2021-03-25,angel-family,0,0,0,0,0
2021-03-26,criminal-alien,0,0,0,0,0
2021-03-26,illegal-alien,0,0,0,0,0
2021-03-26,angel-mother,0,0,0,0,0
2021-03-26,angel-family,0,0,0,0,0
2021-03-27,criminal-alien,0,0,0,0,0
2021-03-27,illegal-alien,0,0,0,0,0
2021-03-27,angel-mother,0,0,0,0,0
2021-03-27,angel-family,0,0,0,0,0
2021-03-28,criminal-alien,0,0,0,0,0
2021-03-28,illegal-alien,0,0,0,0,0
2021-03-28,angel-mother,0,0,0,0,0
2021-03-28,angel-family,0,0,0,0,0
2021-03-29,criminal-alien,0,0,0,0,0
2021-03-29,illegal-alien,0,0,0,0,0
2021-03-29,angel-mother,0,0,0,0,0
2021-03-29,angel-family,0,0,0,0,0
2021-03-30,criminal-alien,0,0,0,0,0
2021-03-30,illegal-alien,0,0,0,0,0
2021-03-30,angel-mother,0,0,0,0,0
2021-03-30,angel-family,0,0,0,0,0
2021-03-31,criminal-alien,0,0,0,0,0
2021-03-31,illegal-alien,0,0,0,0,0
2021-03-31,angel-mother,0,0,0,0,0
2021-03-31,angel-family,0,0,0,0,0
2021-04-01,criminal-alien,0,0,0,0,0
2021-04-01,illegal-alien,0,0,0,0,0
2021-04-01,angel-mother,0,0,0,0,0
2021-04-01,angel-family,0,0,0,0,0
2021-04-02,criminal-alien,0,0,0,0,0
2021-04-02,illegal-alien,0,0,0,0,0
2021-04-02,angel-mother,0,0,0,0,0
2021-04-02,angel-family,0,0,0,0,0
2021-04-03,criminal-alien,0,0,0,0,0
2021-04-03,illegal-alien,0,0,0,0,0
2021-04-03,angel-mother,0,0,0,0,0
2021-04-03,angel-family,0,0,0,0,0
2021-04-04,criminal-alien,0,0,0,0,0
2021-04-04,illegal-alien,0,0,0,0,0
2021-04-04,angel-mother,0,0,0,0,0
2021-04-04,angel-family,0,0,0,0,0
2021-04-05,criminal-alien,0,0,0,0,0
2021-04-05,illegal-alien,0,0,0,0,0
2021-04-05,angel-mother,0,0,0,0,0
2021-04-05,angel-family,0,0,0,0,0
2021-04-06,criminal-alien,0,0,0,0,0
2021-04-06,illegal-alien,0,0,0,0,0
2021-04-06,angel-mother,0,0,0,0,0
2021-04-06,angel-family,0,0,0,0,0
2021-04-07,criminal-alien,0,0,0,0,0
2021-04-07,illegal-alien,0,0,0,0,0
2021-04-07,angel-mother,0,0,0,0,0
2021-04-07,angel-family,0,0,0,0,0
2021-04-08,criminal-alien,0,0,0,0,0
2021-04-08,illegal-alien,0,0,0,0,0
2021-04-08,angel-mother,0,0,0,0,0
2021-04-08,angel-family,0,0,0,0,0
2021-04-09,criminal-alien,0,0,0,0,0
2021-04-09,illegal-alien,0,0,0,0,0
2021-04-09,angel-mother,0,0,0,0,0
2021-04-09,angel-family,0,0,0,0,0
2021-04-10,criminal-alien,0,0,0,0,0
2021-04-10,illegal-alien,0,0,0,0,0
2021-04-10,angel-mother,0,0,0,0,0
2021-04-10,angel-family,0,0,0,0,0
2021-04-11,criminal-alien,0,0,0,0,0
2021-04-11,illegal-alien,0,0,0,0,0
2021-04-11,angel-mother,0,0,0,0,0
2021-04-11,angel-family,0,0,0,0,0
2021-04-12,criminal-alien,0,0,0,0,0
2021-04-12,illegal-alien,0,0,0,0,0
2021-04-12,angel-mother,0,0,0,0,0
2021-04-12,angel-family,0,0,0,0,0
2021-04-13,criminal-alien,0,0,0,0,0
2021-04-13,illegal-alien,0,0,0,0,0
2021-04-13,angel-mother,0,0,0,0,0
2021-04-13,angel-family,0,0,0,0,0
2021-04-14,criminal-alien,0,0,0,0,0
2021-04-14,illegal-alien,0,0,0,0,0
2021-04-14,angel-mother,0,0,0,0,0
2021-04-14,angel-family,0,0,0,0,0
2021-04-15,criminal-alien,0,0,0,0,0
2021-04-15,illegal-alien,0,0,0,0,0
2021-04-15,angel-mother,0,0,0,0,0
2021-04-15,angel-family,0,0,0,0,0
2021-04-16,criminal-alien,0,0,0,0,0
2021-04-16,illegal-alien,0,0,0,0,0
2021-04-16,angel-mother,0,0,0,0,0
2021-04-16,angel-family,0,0,0,0,0
2021-04-17,criminal-alien,0,0,0,0,0
2021-04-17,illegal-alien,0,0,0,0,0
2021-04-17,angel-mother,0,0,0,0,0
2021-04-17,angel-family,0,0,0,0,0
2021-04-18,criminal-alien,0,0,0,0,0
2021-04-18,illegal-alien,0,0,0,0,0
2021-04-18,angel-mother,0,0,0,0,0
2021-04-18,angel-family,0,0,0,0,0
2021-04-19,criminal-alien,0,0,0,0,0
2021-04-19,illegal-alien,0,0,0,0,0
2021-04-19,angel-mother,0,0,0,0,0
2021-04-19,angel-family,0,0,0,0,0
2021-04-20,criminal-alien,0,0,0,0,0
2021-04-20,illegal-alien,0,0,0,0,0
2021-04-20,angel-mother,0,0,0,0,0
2021-04-20,angel-family,0,0,0,0,0
2021-04-21,criminal-alien,0,0,0,0,0
2021-04-21,illegal-alien,0,0,0,0,0
2021-04-21,angel-mother,0,0,0,0,0
2021-04-21,angel-family,0,0,0,0,0
2021-04-22,criminal-alien,0,0,0,0,0
2021-04-22,illegal-alien,0,0,0,0,0
2021-04-22,angel-mother,0,0,0,0,0
2021-04-22,angel-family,0,0,0,0,0
2021-04-23,criminal-alien,0,0,0,0,0
2021-04-23,illegal-alien,0,0,0,0,0
2021-04-23,angel-mother,0,0,0,0,0
2021-04-23,angel-family,0,0,0,0,0
2021-04-24,criminal-alien,0,0,0,0,0
2021-04-24,illegal-alien,0,0,0,0,0
2021-04-24,angel-mother,0,0,0,0,0
2021-04-24,angel-family,0,0,0,0,0
2021-04-25,criminal-alien,0,0,0,0,0
2021-04-25,illegal-alien,0,0,0,0,0
2021-04-25,angel-mother,0,0,0,0,0
2021-04-25,angel-family,0,0,0,0,0
2021-04-26,criminal-alien,0,0,0,0,0
2021-04-26,illegal-alien,0,0,0,0,0
2021-04-26,angel-mother,0,0,0,0,0
2021-04-26,angel-family,0,0,0,0,0
2021-04-27,criminal-alien,0,0,0,0,0
2021-04-27,illegal-alien,0,0,0,0,0
2021-04-27,angel-mother,0,0,0,0,0
2021-04-27,angel-family,0,0,0,0,0
2021-04-28,criminal-alien,0,0,0,0,0
2021-04-28,illegal-alien,0,0,0,0,0
2021-04-28,angel-mother,0,0,0,0,0
2021-04-28,angel-family,0,0,0,0,0
2021-04-29,criminal-alien,0,0,0,0,0
2021-04-29,illegal-alien,0,0,0,0,0
2021-04-29,angel-mother,0,0,0,0,0
2021-04-29,angel-family,0,0,0,0,0
2021-04-30,criminal-alien,1,0,0,0,1
2021-04-30,illegal-alien,0,0,0,0,0
2021-04-30,angel-mother,0,0,0,0,0
2021-04-30,angel-family,0,0,0,0,0
2021-05-01,criminal-alien,0,0,0,0,0
2021-05-01,illegal-alien,0,0,0,0,0
2021-05-01,angel-mother,0,0,0,0,0
2021-05-01,angel-family,0,0,0,0,0
2021-05-02,criminal-alien,0,0,0,0,0
2021-05-02,illegal-alien,0,0,0,0,0
2021-05-02,angel-mother,0,0,0,0,0
2021-05-02,angel-family,0,0,0,0,0
2021-05-03,criminal-alien,0,0,0,0,0
2021-05-03,illegal-alien,0,0,0,0,0
2021-05-03,angel-mother,0,0,0,0,0
2021-05-03,angel-family,0,0,0,0,0
2021-05-04,criminal-alien,0,0,0,0,0
2021-05-04,illegal-alien,0,0,0,0,0
2021-05-04,angel-mother,0,0,0,0,0
2021-05-04,angel-family,0,0,0,0,0
2021-05-05,criminal-alien,0,0,0,0,0
2021-05-05,illegal-alien,0,0,0,0,0
2021-05-05,angel-mother,0,0,0,0,0
2021-05-05,angel-family,0,0,0,0,0
2021-05-06,criminal-alien,0,0,0,0,0
2021-05-06,illegal-alien,0,0,0,0,0
2021-05-06,angel-mother,0,0,0,0,0
2021-05-06,angel-family,0,0,0,0,0
2021-05-07,criminal-alien,0,0,0,0,0
2021-05-07,illegal-alien,0,0,0,0,0
2021-05-07,angel-mother,0,0,0,0,0
2021-05-07,angel-family,0,0,0,0,0
2021-05-08,criminal-alien,0,0,0,0,0
2021-05-08,illegal-alien,0,0,0,0,0
2021-05-08,angel-mother,0,0,0,0,0
2021-05-08,angel-family,0,0,0,0,0
2021-05-09,criminal-alien,0,0,0,0,0
2021-05-09,illegal-alien,0,0,0,0,0
2021-05-09,angel-mother,0,0,0,0,0
2021-05-09,angel-family,0,0,0,0,0
2021-05-10,criminal-alien,0,0,0,0,0
2021-05-10,illegal-alien,0,0,0,0,0
2021-05-10,angel-mother,0,0,0,0,0
2021-05-10,angel-family,0,0,0,0,0
2021-05-11,criminal-alien,0,0,0,0,0
2021-05-11,illegal-alien,0,0,0,0,0
2021-05-11,angel-mother,0,0,0,0,0
2021-05-11,angel-family,0,0,0,0,0
2021-05-12,criminal-alien,0,0,0,0,0
2021-05-12,illegal-alien,0,0,0,0,0
2021-05-12,angel-mother,0,0,0,0,0
2021-05-12,angel-family,0,0,0,0,0
2021-05-13,criminal-alien,0,0,0,0,0
2021-05-13,illegal-alien,0,0,0,0,0
2021-05-13,angel-mother,0,0,0,0,0
2021-05-13,angel-family,0,0,0,0,0
2021-05-14,criminal-alien,0,0,0,0,0
2021-05-14,illegal-alien,0,0,0,0,0
2021-05-14,angel-mother,0,0,0,0,0
2021-05-14,angel-family,0,0,0,0,0
2021-05-15,criminal-alien,0,0,0,0,0
2021-05-15,illegal-alien,0,0,0,0,0
2021-05-15,angel-mother,0,0,0,0,0
2021-05-15,angel-family,0,0,0,0,0
2021-05-16,criminal-alien,0,0,0,0,0
2021-05-16,illegal-alien,0,0,0,0,0
2021-05-16,angel-mother,0,0,0,0,0
2021-05-16,angel-family,0,0,0,0,0
2021-05-17,criminal-alien,0,0,0,0,0
2021-05-17,illegal-alien,0,0,0,0,0
2021-05-17,angel-mother,0,0,0,0,0
2021-05-17,angel-family,0,0,0,0,0
2021-05-18,criminal-alien,0,0,0,0,0
2021-05-18,illegal-alien,0,0,0,0,0
2021-05-18,angel-mother,0,0,0,0,0
2021-05-18,angel-family,0,0,0,0,0
2021-05-19,criminal-alien,0,0,0,0,0
2021-05-19,illegal-alien,0,0,0,0,0
2021-05-19,angel-mother,0,0,0,0,0
2021-05-19,angel-family,0,0,0,0,0
2021-05-20,criminal-alien,0,0,0,0,0
2021-05-20,illegal-alien,0,0,0,0,0
2021-05-20,angel-mother,0,0,0,0,0
2021-05-20,angel-family,0,0,0,0,0
2021-05-21,criminal-alien,0,0,0,0,0
2021-05-21,illegal-alien,0,0,0,0,0
2021-05-21,angel-mother,0,0,0,0,0
2021-05-21,angel-family,0,0,0,0,0
2021-05-22,criminal-alien,0,0,0,0,0
2021-05-22,illegal-alien,0,0,0,0,0
2021-05-22,angel-mother,0,0,0,0,0
2021-05-22,angel-family,0,0,0,0,0
2021-05-23,criminal-alien,0,0,0,0,0
2021-05-23,illegal-alien,0,0,0,0,0
2021-05-23,angel-mother,0,0,0,0,0
2021-05-23,angel-family,0,0,0,0,0
2021-05-24,criminal-alien,0,0,0,0,0
2021-05-24,illegal-alien,0,0,0,0,0
2021-05-24,angel-mother,0,0,0,0,0
2021-05-24,angel-family,0,0,0,0,0
2021-05-25,criminal-alien,0,0,0,0,0
2021-05-25,illegal-alien,0,0,0,0,0
2021-05-25,angel-mother,0,0,0,0,0
2021-05-25,angel-family,0,0,0,0,0
2021-05-26,criminal-alien,0,0,0,0,0
2021-05-26,illegal-alien,0,0,0,0,0
2021-05-26,angel-mother,0,0,0,0,0
2021-05-26,angel-family,0,0,0,0,0
2021-05-27,criminal-alien,0,0,0,0,0
2021-05-27,illegal-alien,0,0,0,0,0
2021-05-27,angel-mother,0,0,0,0,0
2021-05-27,angel-family,0,0,0,0,0
2021-05-28,criminal-alien,0,0,0,0,0
2021-05-28,illegal-alien,0,0,0,0,0
2021-05-28,angel-mother,0,0,0,0,0
2021-05-28,angel-family,0,0,0,0,0
2021-05-29,criminal-alien,0,0,0,0,0
2021-05-29,illegal-alien,0,0,0,0,0
2021-05-29,angel-mother,0,0,0,0,0
2021-05-29,angel-family,0,0,0,0,0
2021-05-30,criminal-alien,0,0,0,0,0
2021-05-30,illegal-alien,0,0,0,0,0
2021-05-30,angel-mother,0,0,0,0,0
2021-05-30,angel-family,0,0,0,0,0
2021-05-31,criminal-alien,0,0,0,0,0
2021-05-31,illegal-alien,0,0,0,0,0
2021-05-31,angel-mother,0,0,0,0,0
2021-05-31,angel-family,0,0,0,0,0
2021-06-01,criminal-alien,0,0,0,0,0
2021-06-01,illegal-alien,0,0,0,0,0
2021-06-01,angel-mother,0,0,0,0,0
2021-06-01,angel-family,0,0,0,0,0
2021-06-02,criminal-alien,0,0,0,0,0
2021-06-02,illegal-alien,0,0,0,0,0
2021-06-02,angel-mother,0,0,0,0,0
2021-06-02,angel-family,0,0,0,0,0
2021-06-03,criminal-alien,0,0,0,0,0
2021-06-03,illegal-alien,0,0,0,0,0
2021-06-03,angel-mother,0,0,0,0,0
2021-06-03,angel-family,0,0,0,0,0
2021-06-04,criminal-alien,0,0,0,0,0
2021-06-04,illegal-alien,0,0,0,0,0
2021-06-04,angel-mother,0,0,0,0,0
2021-06-04,angel-family,0,0,0,0,0
2021-06-05,criminal-alien,0,0,0,0,0
2021-06-05,illegal-alien,0,0,0,0,0
2021-06-05,angel-mother,0,0,0,0,0
2021-06-05,angel-family,0,0,0,0,0
2021-06-06,criminal-alien,0,0,0,0,0
2021-06-06,illegal-alien,0,0,0,0,0
2021-06-06,angel-mother,0,0,0,0,0
2021-06-06,angel-family,0,0,0,0,0
2021-06-07,criminal-alien,0,0,0,0,0
2021-06-07,illegal-alien,0,0,0,0,0
2021-06-07,angel-mother,0,0,0,0,0
2021-06-07,angel-family,0,0,0,0,0
2021-06-08,criminal-alien,0,0,0,0,0
2021-06-08,illegal-alien,0,0,0,0,0
2021-06-08,angel-mother,0,0,0,0,0
2021-06-08,angel-family,0,0,0,0,0
2021-06-09,criminal-alien,0,0,0,0,0
2021-06-09,illegal-alien,0,0,0,0,0
2021-06-09,angel-mother,0,0,0,0,0
2021-06-09,angel-family,0,0,0,0,0
2021-06-10,criminal-alien,0,0,0,0,0
2021-06-10,illegal-alien,0,0,0,0,0
2021-06-10,angel-mother,0,0,0,0,0
2021-06-10,angel-family,0,0,0,0,0
2021-06-11,criminal-alien,0,0,0,0,0
2021-06-11,illegal-alien,0,0,0,0,0
2021-06-11,angel-mother,0,0,0,0,0
2021-06-11,angel-family,0,0,0,0,0
2021-06-12,criminal-alien,0,0,0,0,0
2021-06-12,illegal-alien,0,0,0,0,0
2021-06-12,angel-mother,0,0,0,0,0
2021-06-12,angel-family,0,0,0,0,0
2021-06-13,criminal-alien,0,0,0,0,0
2021-06-13,illegal-alien,0,0,0,0,0
2021-06-13,angel-mother,0,0,0,0,0
2021-06-13,angel-family,0,0,0,0,0
2021-06-14,criminal-alien,0,0,0,0,0
2021-06-14,illegal-alien,0,0,0,0,0
2021-06-14,angel-mother,0,0,0,0,0
2021-06-14,angel-family,0,0,0,0,0
2021-06-15,criminal-alien,0,0,0,0,0
2021-06-15,illegal-alien,0,0,0,0,0
2021-06-15,angel-mother,0,0,0,0,0
2021-06-15,angel-family,0,0,0,0,0
2021-06-16,criminal-alien,0,0,0,0,0
2021-06-16,illegal-alien,0,0,0,0,0
2021-06-16,angel-mother,0,0,0,0,0
2021-06-16,angel-family,0,0,0,0,0
2021-06-17,criminal-alien,0,0,0,0,0
2021-06-17,illegal-alien,0,0,0,0,0
2021-06-17,angel-mother,0,0,0,0,0
2021-06-17,angel-family,0,0,0,0,0
2021-06-18,criminal-alien,0,0,0,0,0
2021-06-18,illegal-alien,0,0,0,0,0
2021-06-18,angel-mother,0,0,0,0,0
2021-06-18,angel-family,0,0,0,0,0
2021-06-19,criminal-alien,0,0,0,0,0
2021-06-19,illegal-alien,0,0,0,0,0
2021-06-19,angel-mother,0,0,0,0,0
2021-06-19,angel-family,0,0,0,0,0
2021-06-20,criminal-alien,0,0,0,0,0
2021-06-20,illegal-alien,0,0,0,0,0
2021-06-20,angel-mother,0,0,0,0,0
2021-06-20,angel-family,0,0,0,0,0
2021-06-21,criminal-alien,0,0,0,0,0
2021-06-21,illegal-alien,0,0,0,0,0
2021-06-21,angel-mother,0,0,0,0,0
2021-06-21,angel-family,0,0,0,0,0
2021-06-22,criminal-alien,0,0,0,0,0
2021-06-22,illegal-alien,0,0,0,0,0
2021-06-22,angel-mother,0,0,0,0,0
2021-06-22,angel-family,0,0,0,0,0
2021-06-23,criminal-alien,0,0,0,0,0
2021-06-23,illegal-alien,0,0,0,0,0
2021-06-23,angel-mother,0,0,0,0,0
2021-06-23,angel-family,0,0,0,0,0
2021-06-24,criminal-alien,0,0,0,0,0
2021-06-24,illegal-alien,0,0,0,0,0
2021-06-24,angel-mother,0,0,0,0,0
2021-06-24,angel-family,0,0,0,0,0
2021-06-25,criminal-alien,0,0,0,0,0
2021-06-25,illegal-alien,0,0,0,0,0
2021-06-25,angel-mother,0,0,0,0,0
2021-06-25,angel-family,0,0,0,0,0
2021-06-26,criminal-alien,0,0,0,0,0
2021-06-26,illegal-alien,0,0,0,0,0
2021-06-26,angel-mother,0,0,0,0,0
2021-06-26,angel-family,0,0,0,0,0
2021-06-27,criminal-alien,0,0,0,0,0
2021-06-27,illegal-alien,0,0,0,0,0
2021-06-27,angel-mother,0,0,0,0,0
2021-06-27,angel-family,0,0,0,0,0
2021-06-28,criminal-alien,0,0,0,0,0
2021-06-28,illegal-alien,0,0,0,0,0
2021-06-28,angel-mother,0,0,0,0,0
2021-06-28,angel-family,0,0,0,0,0
2021-06-29,criminal-alien,0,0,0,0,0
2021-06-29,illegal-alien,0,0,0,0,0
2021-06-29,angel-mother,0,0,0,0,0
2021-06-29,angel-family,0,0,0,0,0
2021-06-30,criminal-alien,0,0,0,0,0
2021-06-30,illegal-alien,0,0,0,0,0
2021-06-30,angel-mother,0,0,0,0,0
2021-06-30,angel-family,0,0,0,0,0
2021-07-01,criminal-alien,0,0,0,0,0
2021-07-01,illegal-alien,0,0,0,0,0
2021-07-01,angel-mother,0,0,0,0,0
2021-07-01,angel-family,0,0,0,0,0
2021-07-02,criminal-alien,0,0,0,0,0
2021-07-02,illegal-alien,0,0,0,0,0
2021-07-02,angel-mother,0,0,0,0,0
2021-07-02,angel-family,0,0,0,0,0
2021-07-03,criminal-alien,0,0,0,0,0
2021-07-03,illegal-alien,0,0,0,0,0
2021-07-03,angel-mother,0,0,0,0,0
2021-07-03,angel-family,0,0,0,0,0
2021-07-04,criminal-alien,0,0,0,0,0
2021-07-04,illegal-alien,0,0,0,0,0
2021-07-04,angel-mother,0,0,0,0,0
2021-07-04,angel-family,0,0,0,0,0
2021-07-05,criminal-alien,0,0,0,0,0
2021-07-05,illegal-alien,0,0,0,0,0
2021-07-05,angel-mother,0,0,0,0,0
2021-07-05,angel-family,0,0,0,0,0
2021-07-06,criminal-alien,0,0,0,0,0
2021-07-06,illegal-alien,0,0,0,0,0
2021-07-06,angel-mother,0,0,0,0,0
2021-07-06,angel-family,0,0,0,0,0
2021-07-07,criminal-alien,0,0,0,0,0
2021-07-07,illegal-alien,0,0,0,0,0
2021-07-07,angel-mother,0,0,0,0,0
2021-07-07,angel-family,0,0,0,0,0
2021-07-08,criminal-alien,0,0,0,0,0
2021-07-08,illegal-alien,0,0,0,0,0
2021-07-08,angel-mother,0,0,0,0,0
2021-07-08,angel-family,0,0,0,0,0
2021-07-09,criminal-alien,0,0,0,0,0
2021-07-09,illegal-alien,0,0,0,0,0
2021-07-09,angel-mother,0,0,0,0,0
2021-07-09,angel-family,0,0,0,0,0
2021-07-10,criminal-alien,0,0,0,0,0
2021-07-10,illegal-alien,0,0,0,0,0
2021-07-10,angel-mother,0,0,0,0,0
2021-07-10,angel-family,0,0,0,0,0
2021-07-11,criminal-alien,0,0,0,0,0
2021-07-11,illegal-alien,0,0,0,0,0
2021-07-11,angel-mother,0,0,0,0,0
2021-07-11,angel-family,0,0,0,0,0
2021-07-12,criminal-alien,0,0,0,0,0
2021-07-12,illegal-alien,0,0,0,0,0
2021-07-12,angel-mother,0,0,0,0,0
2021-07-12,angel-family,0,0,0,0,0
2021-07-13,criminal-alien,0,0,0,0,0
2021-07-13,illegal-alien,0,0,0,0,0
2021-07-13,angel-mother,0,0,0,0,0
2021-07-13,angel-family,0,0,0,0,0
2021-07-14,criminal-alien,0,0,0,0,0
2021-07-14,illegal-alien,0,0,0,0,0
2021-07-14,angel-mother,0,0,0,0,0
2021-07-14,angel-family,0,0,0,0,0
2021-07-15,criminal-alien,0,0,0,0,0
2021-07-15,illegal-alien,0,0,0,0,0
2021-07-15,angel-mother,0,0,0,0,0
2021-07-15,angel-family,0,0,0,0,0
2021-07-16,criminal-alien,0,0,0,0,0
2021-07-16,illegal-alien,0,0,0,0,0
2021-07-16,angel-mother,0,0,0,0,0
2021-07-16,angel-family,0,0,0,0,0
2021-07-17,criminal-alien,0,0,0,0,0
2021-07-17,illegal-alien,0,0,0,0,0
2021-07-17,angel-mother,0,0,0,0,0
2021-07-17,angel-family,0,0,0,0,0
2021-07-18,criminal-alien,0,0,0,0,0
2021-07-18,illegal-alien,0,0,0,0,0
2021-07-18,angel-mother,0,0,0,0,0
2021-07-18,angel-family,0,0,0,0,0
2021-07-19,criminal-alien,0,0,0,0,0
2021-07-19,illegal-alien,0,0,0,0,0
2021-07-19,angel-mother,0,0,0,0,0
2021-07-19,angel-family,0,0,0,0,0
2021-07-20,criminal-alien,0,0,0,0,0
2021-07-20,illegal-alien,0,0,0,0,0
2021-07-20,angel-mother,0,0,0,0,0
2021-07-20,angel-family,0,0,0,0,0
2021-07-21,criminal-alien,0,0,0,0,0
2021-07-21,illegal-alien,0,0,0,0,0
2021-07-21,angel-mother,0,0,0,0,0
2021-07-21,angel-family,0,0,0,0,0
2021-07-22,criminal-alien,0,0,0,0,0
2021-07-22,illegal-alien,0,0,0,0,0
2021-07-22,angel-mother,0,0,0,0,0
2021-07-22,angel-family,0,0,0,0,0
2021-07-23,criminal-alien,0,0,0,0,0
2021-07-23,illegal-alien,0,0,0,0,0
2021-07-23,angel-mother,0,0,0,0,0
2021-07-23,angel-family,0,0,0,0,0
2021-07-24,criminal-alien,0,0,0,0,0
2021-07-24,illegal-alien,0,0,0,0,0
2021-07-24,angel-mother,0,0,0,0,0
2021-07-24,angel-family,0,0,0,0,0
2021-07-25,criminal-alien,0,0,0,0,0
2021-07-25,illegal-alien,0,0,0,0,0
2021-07-25,angel-mother,0,0,0,0,0
2021-07-25,angel-family,0,0,0,0,0
2021-07-26,criminal-alien,0,0,0,0,0
2021-07-26,illegal-alien,0,0,0,0,0
2021-07-26,angel-mother,0,0,0,0,0
2021-07-26,angel-family,0,0,0,0,0
2021-07-27,criminal-alien,0,0,0,0,0
2021-07-27,illegal-alien,0,0,0,0,0
2021-07-27,angel-mother,0,0,0,0,0
2021-07-27,angel-family,0,0,0,0,0
2021-07-28,criminal-alien,0,0,0,0,0
2021-07-28,illegal-alien,0,0,0,0,0
2021-07-28,angel-mother,0,0,0,0,0
2021-07-28,angel-family,0,0,0,0,0
2021-07-29,criminal-alien,0,0,0,0,0
2021-07-29,illegal-alien,0,0,0,0,0
2021-07-29,angel-mother,0,0,0,0,0
2021-07-29,angel-family,0,0,0,0,0
2021-07-30,criminal-alien,0,0,0,0,0
2021-07-30,illegal-alien,0,0,0,0,0
2021-07-30,angel-mother,0,0,0,0,0
2021-07-30,angel-family,0,0,0,0,0
2021-07-31,criminal-alien,0,0,0,0,0
2021-07-31,illegal-alien,0,0,0,0,0
2021-07-31,angel-mother,0,0,0,0,0
2021-07-31,angel-family,0,0,0,0,0
2021-08-01,criminal-alien,0,0,0,0,0
2021-08-01,illegal-alien,0,0,0,0,0
2021-08-01,angel-mother,0,0,0,0,0
2021-08-01,angel-family,0,0,0,0,0
2021-08-02,criminal-alien,0,0,0,0,0
2021-08-02,illegal-alien,0,0,0,0,0
2021-08-02,angel-mother,0,0,0,0,0
2021-08-02,angel-family,0,0,0,0,0
2021-08-03,criminal-alien,0,0,0,0,0
2021-08-03,illegal-alien,0,0,0,0,0
2021-08-03,angel-mother,0,0,0,0,0
2021-08-03,angel-family,0,0,0,0,0
2021-08-04,criminal-alien,0,0,0,0,0
2021-08-04,illegal-alien,0,0,0,0,0
2021-08-04,angel-mother,0,0,0,0,0
2021-08-04,angel-family,0,0,0,0,0
2021-08-05,criminal-alien,0,0,0,0,0
2021-08-05,illegal-alien,0,0,0,0,0
2021-08-05,angel-mother,0,0,0,0,0
2021-08-05,angel-family,0,0,0,0,0
2021-08-06,criminal-alien,0,0,0,0,0
2021-08-06,illegal-alien,0,0,0,0,0
2021-08-06,angel-mother,0,0,0,0,0
2021-08-06,angel-family,0,0,0,0,0
2021-08-07,criminal-alien,0,0,0,0,0
2021-08-07,illegal-alien,0,0,0,0,0
2021-08-07,angel-mother,0,0,0,0,0
2021-08-07,angel-family,0,0,0,0,0
2021-08-08,criminal-alien,0,0,0,0,0
2021-08-08,illegal-alien,0,0,0,0,0
2021-08-08,angel-mother,0,0,0,0,0
2021-08-08,angel-family,0,0,0,0,0
2021-08-09,criminal-alien,0,0,0,0,0
2021-08-09,illegal-alien,0,0,0,0,0
2021-08-09,angel-mother,0,0,0,0,0
2021-08-09,angel-family,0,0,0,0,0
2021-08-10,criminal-alien,0,0,0,0,0
2021-08-10,illegal-alien,0,0,0,0,0
2021-08-10,angel-mother,0,0,0,0,0
2021-08-10,angel-family,0,0,0,0,0
2021-08-11,criminal-alien,0,0,0,0,0
2021-08-11,illegal-alien,0,0,0,0,0
2021-08-11,angel-mother,0,0,0,0,0
2021-08-11,angel-family,0,0,0,0,0
2021-08-12,criminal-alien,0,0,0,0,0
2021-08-12,illegal-alien,0,0,0,0,0
2021-08-12,angel-mother,0,0,0,0,0
2021-08-12,angel-family,0,0,0,0,0
2021-08-13,criminal-alien,0,0,0,0,0
2021-08-13,illegal-alien,0,0,0,0,0
2021-08-13,angel-mother,0,0,0,0,0
2021-08-13,angel-family,0,0,0,0,0
2021-08-14,criminal-alien,0,0,0,0,0
2021-08-14,illegal-alien,0,0,0,0,0
2021-08-14,angel-mother,0,0,0,0,0
2021-08-14,angel-family,0,0,0,0,0
2021-08-15,criminal-alien,0,0,0,0,0
2021-08-15,illegal-alien,0,0,0,0,0
2021-08-15,angel-mother,0,0,0,0,0
2021-08-15,angel-family,0,0,0,0,0
2021-08-16,criminal-alien,0,0,0,0,0
2021-08-16,illegal-alien,0,0,0,0,0
2021-08-16,angel-mother,0,0,0,0,0
2021-08-16,angel-family,0,0,0,0,0
2021-08-17,criminal-alien,0,0,0,0,0
2021-08-17,illegal-alien,0,0,0,0,0
2021-08-17,angel-mother,0,0,0,0,0
2021-08-17,angel-family,0,0,0,0,0
2021-08-18,criminal-alien,0,0,0,0,0
2021-08-18,illegal-alien,0,0,0,0,0
2021-08-18,angel-mother,0,0,0,0,0
2021-08-18,angel-family,0,0,0,0,0
2021-08-19,criminal-alien,0,0,0,0,0
2021-08-19,illegal-alien,0,0,0,0,0
2021-08-19,angel-mother,0,0,0,0,0
2021-08-19,angel-family,0,0,0,0,0
2021-08-20,criminal-alien,0,0,0,0,0
2021-08-20,illegal-alien,0,0,0,0,0
2021-08-20,angel-mother,0,0,0,0,0
2021-08-20,angel-family,0,0,0,0,0
2021-08-21,criminal-alien,0,0,0,0,0
2021-08-21,illegal-alien,0,0,0,0,0
2021-08-21,angel-mother,0,0,0,0,0
2021-08-21,angel-family,0,0,0,0,0
2021-08-22,criminal-alien,0,0,0,0,0
2021-08-22,illegal-alien,0,0,0,0,0
2021-08-22,angel-mother,0,0,0,0,0
2021-08-22,angel-family,0,0,0,0,0
2021-08-23,criminal-alien,0,0,0,0,0
2021-08-23,illegal-alien,0,0,0,0,0
2021-08-23,angel-mother,0,0,0,0,0
2021-08-23,angel-family,0,0,0,0,0
2021-08-24,criminal-alien,0,0,0,0,0
2021-08-24,illegal-alien,0,0,0,0,0
2021-08-24,angel-mother,0,0,0,0,0
2021-08-24,angel-family,0,0,0,0,0
2021-08-25,criminal-alien,0,0,0,0,0
2021-08-25,illegal-alien,0,0,0,0,0
2021-08-25,angel-mother,0,0,0,0,0
2021-08-25,angel-family,0,0,0,0,0
2021-08-26,criminal-alien,0,0,0,0,0
2021-08-26,illegal-alien,0,0,0,0,0
2021-08-26,angel-mother,0,0,0,0,0
2021-08-26,angel-family,0,0,0,0,0
2021-08-27,criminal-alien,0,0,0,0,0
2021-08-27,illegal-alien,0,0,0,0,0
2021-08-27,angel-mother,0,0,0,0,0
2021-08-27,angel-family,0,0,0,0,0
2021-08-28,criminal-alien,0,0,0,0,0
2021-08-28,illegal-alien,0,0,0,0,0
2021-08-28,angel-mother,0,0,0,0,0
2021-08-28,angel-family,0,0,0,0,0
2021-08-29,criminal-alien,0,0,0,0,0
2021-08-29,illegal-alien,0,0,0,0,0
2021-08-29,angel-mother,0,0,0,0,0
2021-08-29,angel-family,0,0,0,0,0
2021-08-30,criminal-alien,0,0,0,0,0
2021-08-30,illegal-alien,0,0,0,0,0
2021-08-30,angel-mother,0,0,0,0,0
2021-08-30,angel-family,0,0,0,0,0
2021-08-31,criminal-alien,0,0,0,0,0
2021-08-31,illegal-alien,0,0,0,0,0
2021-08-31,angel-mother,0,0,0,0,0
2021-08-31,angel-family,0,0,0,0,0
2021-09-01,criminal-alien,0,0,0,0,0
2021-09-01,illegal-alien,0,0,0,0,0
2021-09-01,angel-mother,0,0,0,0,0
2021-09-01,angel-family,0,0,0,0,0
2021-09-02,criminal-alien,0,0,0,0,0
2021-09-02,illegal-alien,0,0,0,0,0
2021-09-02,angel-mother,0,0,0,0,0
2021-09-02,angel-family,0,0,0,0,0
2021-09-03,criminal-alien,0,0,0,0,0
2021-09-03,illegal-alien,0,0,0,0,0
2021-09-03,angel-mother,0,0,0,0,0
2021-09-03,angel-family,0,0,0,0,0
2021-09-04,criminal-alien,0,0,0,0,0
2021-09-04,illegal-alien,0,0,0,0,0
2021-09-04,angel-mother,0,0,0,0,0
2021-09-04,angel-family,0,0,0,0,0
2021-09-05,criminal-alien,0,0,0,0,0
2021-09-05,illegal-alien,0,0,0,0,0
2021-09-05,angel-mother,0,0,0,0,0
2021-09-05,angel-family,0,0,0,0,0
2021-09-06,criminal-alien,0,0,0,0,0
2021-09-06,illegal-alien,0,0,0,0,0
2021-09-06,angel-mother,0,0,0,0,0
2021-09-06,angel-family,0,0,0,0,0
2021-09-07,criminal-alien,0,0,0,0,0
2021-09-07,illegal-alien,0,0,0,0,0
2021-09-07,angel-mother,0,0,0,0,0
2021-09-07,angel-family,0,0,0,0,0
2021-09-08,criminal-alien,0,0,0,0,0
2021-09-08,illegal-alien,0,0,0,0,0
2021-09-08,angel-mother,0,0,0,0,0
2021-09-08,angel-family,0,0,0,0,0
2021-09-09,criminal-alien,0,0,0,0,0
2021-09-09,illegal-alien,0,0,0,0,0
2021-09-09,angel-mother,0,0,0,0,0
2021-09-09,angel-family,0,0,0,0,0
2021-09-10,criminal-alien,0,0,0,0,0
2021-09-10,illegal-alien,0,0,0,0,0
2021-09-10,angel-mother,0,0,0,0,0
2021-09-10,angel-family,0,0,0,0,0
2021-09-11,criminal-alien,0,0,0,0,0
2021-09-11,illegal-alien,0,0,0,0,0
2021-09-11,angel-mother,0,0,0,0,0
2021-09-11,angel-family,0,0,0,0,0
2021-09-12,criminal-alien,0,0,0,0,0
2021-09-12,illegal-alien,0,0,0,0,0
2021-09-12,angel-mother,0,0,0,0,0
2021-09-12,angel-family,0,0,0,0,0
2021-09-13,criminal-alien,0,0,0,0,0
2021-09-13,illegal-alien,0,0,0,0,0
2021-09-13,angel-mother,0,0,0,0,0
2021-09-13,angel-family,0,0,0,0,0
2021-09-14,criminal-alien,0,0,0,0,0
2021-09-14,illegal-alien,0,0,0,0,0
2021-09-14,angel-mother,0,0,0,0,0
2021-09-14,angel-family,0,0,0,0,0
2021-09-15,criminal-alien,0,0,0,0,0
2021-09-15,illegal-alien,0,0,0,0,0
2021-09-15,angel-mother,0,0,0,0,0
2021-09-15,angel-family,0,0,0,0,0
2021-09-16,criminal-alien,0,0,0,0,0
2021-09-16,illegal-alien,0,0,0,0,0
2021-09-16,angel-mother,0,0,0,0,0
2021-09-16,angel-family,0,0,0,0,0
2021-09-17,criminal-alien,0,0,0,0,0
2021-09-17,illegal-alien,0,0,0,0,0
2021-09-17,angel-mother,0,0,0,0,0
2021-09-17,angel-family,0,0,0,0,0
2021-09-18,criminal-alien,0,0,0,0,0
2021-09-18,illegal-alien,0,0,0,0,0
2021-09-18,angel-mother,0,0,0,0,0
2021-09-18,angel-family,0,0,0,0,0
2021-09-19,criminal-alien,0,0,0,0,0
2021-09-19,illegal-alien,0,0,0,0,0
2021-09-19,angel-mother,0,0,0,0,0
2021-09-19,angel-family,0,0,0,0,0
2021-09-20,criminal-alien,0,0,0,0,0
2021-09-20,illegal-alien,0,0,0,0,0
2021-09-20,angel-mother,0,0,0,0,0
2021-09-20,angel-family,0,0,0,0,0
2021-09-21,criminal-alien,0,0,0,0,0
2021-09-21,illegal-alien,0,0,0,0,0
2021-09-21,angel-mother,0,0,0,0,0
2021-09-21,angel-family,0,0,0,0,0
2021-09-22,criminal-alien,0,0,0,0,0
2021-09-22,illegal-alien,0,0,0,0,0
2021-09-22,angel-mother,0,0,0,0,0
2021-09-22,angel-family,0,0,0,0,0
2021-09-23,criminal-alien,0,0,0,0,0
2021-09-23,illegal-alien,0,0,0,0,0
2021-09-23,angel-mother,0,0,0,0,0
2021-09-23,angel-family,0,0,0,0,0
2021-09-24,criminal-alien,0,0,0,0,0
2021-09-24,illegal-alien,0,0,0,0,0
2021-09-24,angel-mother,0,0,0,0,0
2021-09-24,angel-family,0,0,0,0,0
2021-09-25,criminal-alien,0,0,0,0,0
2021-09-25,illegal-alien,0,0,0,0,0
2021-09-25,angel-mother,0,0,0,0,0
2021-09-25,angel-family,0,0,0,0,0
2021-09-26,criminal-alien,0,0,0,0,0
2021-09-26,illegal-alien,0,0,0,0,0
2021-09-26,angel-mother,0,0,0,0,0
2021-09-26,angel-family,0,0,0,0,0
2021-09-27,criminal-alien,0,0,0,0,0
2021-09-27,illegal-alien,0,0,0,0,0
2021-09-27,angel-mother,0,0,0,0,0
2021-09-27,angel-family,0,0,0,0,0
2021-09-28,criminal-alien,0,0,0,0,0
2021-09-28,illegal-alien,0,0,0,0,0
2021-09-28,angel-mother,0,0,0,0,0
2021-09-28,angel-family,0,0,0,0,0
2021-09-29,criminal-alien,0,0,0,0,0
2021-09-29,illegal-alien,0,0,0,0,0
2021-09-29,angel-mother,0,0,0,0,0
2021-09-29,angel-family,0,0,0,0,0
2021-09-30,criminal-alien,0,0,0,0,0
2021-09-30,illegal-alien,0,0,0,0,0
2021-09-30,angel-mother,0,0,0,0,0
2021-09-30,angel-family,0,0,0,0,0
2021-10-01,criminal-alien,0,0,0,0,0
2021-10-01,illegal-alien,0,0,0,0,0
2021-10-01,angel-mother,0,0,0,0,0
2021-10-01,angel-family,0,0,0,0,0
2021-10-02,criminal-alien,0,0,0,0,0
2021-10-02,illegal-alien,0,0,0,0,0
2021-10-02,angel-mother,0,0,0,0,0
2021-10-02,angel-family,0,0,0,0,0
2021-10-03,criminal-alien,0,0,0,0,0
2021-10-03,illegal-alien,0,0,0,0,0
2021-10-03,angel-mother,0,0,0,0,0
2021-10-03,angel-family,0,0,0,0,0
2021-10-04,criminal-alien,0,0,0,0,0
2021-10-04,illegal-alien,0,0,0,0,0
2021-10-04,angel-mother,0,0,0,0,0
2021-10-04,angel-family,0,0,0,0,0
2021-10-05,criminal-alien,0,0,0,0,0
2021-10-05,illegal-alien,0,0,0,0,0
2021-10-05,angel-mother,0,0,0,0,0
2021-10-05,angel-family,0,0,0,0,0
2021-10-06,criminal-alien,0,0,0,0,0
2021-10-06,illegal-alien,0,0,0,0,0
2021-10-06,angel-mother,0,0,0,0,0
2021-10-06,angel-family,0,0,0,0,0
2021-10-07,criminal-alien,0,0,0,0,0
2021-10-07,illegal-alien,0,0,0,0,0
2021-10-07,angel-mother,0,0,0,0,0
2021-10-07,angel-family,0,0,0,0,0
2021-10-08,criminal-alien,0,0,0,0,0
2021-10-08,illegal-alien,0,0,0,0,0
2021-10-08,angel-mother,0,0,0,0,0
2021-10-08,angel-family,0,0,0,0,0
2021-10-09,criminal-alien,0,0,0,0,0
2021-10-09,illegal-alien,0,0,0,0,0
2021-10-09,angel-mother,0,0,0,0,0
2021-10-09,angel-family,0,0,0,0,0
2021-10-10,criminal-alien,0,0,0,0,0
2021-10-10,illegal-alien,0,0,0,0,0
2021-10-10,angel-mother,0,0,0,0,0
2021-10-10,angel-family,0,0,0,0,0
2021-10-11,criminal-alien,0,0,0,0,0
2021-10-11,illegal-alien,0,0,1,0,1
2021-10-11,angel-mother,0,0,0,0,0
2021-10-11,angel-family,0,0,0,0,0
2021-10-12,criminal-alien,0,0,0,0,0
2021-10-12,illegal-alien,0,0,0,0,0
2021-10-12,angel-mother,0,0,0,0,0
2021-10-12,angel-family,0,0,0,0,0
2021-10-13,criminal-alien,0,0,0,0,0
2021-10-13,illegal-alien,0,0,0,0,0
2021-10-13,angel-mother,0,0,0,0,0
2021-10-13,angel-family,0,0,0,0,0
2021-10-14,criminal-alien,0,0,0,0,0
2021-10-14,illegal-alien,0,0,0,0,0
2021-10-14,angel-mother,0,0,0,0,0
2021-10-14,angel-family,0,0,0,0,0
2021-10-15,criminal-alien,0,0,0,0,0
2021-10-15,illegal-alien,0,0,0,0,0
2021-10-15,angel-mother,0,0,0,0,0
2021-10-15,angel-family,0,0,0,0,0
2021-10-16,criminal-alien,0,0,0,0,0
2021-10-16,illegal-alien,0,0,0,0,0
2021-10-16,angel-mother,0,0,0,0,0
2021-10-16,angel-family,0,0,0,0,0
2021-10-17,criminal-alien,0,0,0,0,0
2021-10-17,illegal-alien,0,0,0,0,0
2021-10-17,angel-mother,0,0,0,0,0
2021-10-17,angel-family,0,0,0,0,0
2021-10-18,criminal-alien,0,0,0,0,0
2021-10-18,illegal-alien,0,0,0,0,0
2021-10-18,angel-mother,0,0,0,0,0
2021-10-18,angel-family,0,0,0,0,0
2021-10-19,criminal-alien,0,0,0,0,0
2021-10-19,illegal-alien,0,0,0,0,0
2021-10-19,angel-mother,0,0,0,0,0
2021-10-19,angel-family,0,0,0,0,0
2021-10-20,criminal-alien,0,0,0,0,0
2021-10-20,illegal-alien,0,0,0,0,0
2021-10-20,angel-mother,0,0,0,0,0
2021-10-20,angel-family,0,0,0,0,0
2021-10-21,criminal-alien,0,0,0,0,0
2021-10-21,illegal-alien,0,0,0,0,0
2021-10-21,angel-mother,0,0,0,0,0
2021-10-21,angel-family,0,0,0,0,0
2021-10-22,criminal-alien,0,0,0,0,0
2021-10-22,illegal-alien,0,0,0,0,0
2021-10-22,angel-mother,0,0,0,0,0
2021-10-22,angel-family,0,0,0,0,0
2021-10-23,criminal-alien,0,0,0,0,0
2021-10-23,illegal-alien,0,0,0,0,0
2021-10-23,angel-mother,0,0,0,0,0
2021-10-23,angel-family,0,0,0,0,0
2021-10-24,criminal-alien,0,0,0,0,0
2021-10-24,illegal-alien,0,0,0,0,0
2021-10-24,angel-mother,0,0,0,0,0
2021-10-24,angel-family,0,0,0,0,0
2021-10-25,criminal-alien,0,0,0,0,0
2021-10-25,illegal-alien,0,0,0,0,0
2021-10-25,angel-mother,0,0,0,0,0
2021-10-25,angel-family,0,0,0,0,0
2021-10-26,criminal-alien,0,0,0,0,0
2021-10-26,illegal-alien,0,0,0,0,0
2021-10-26,angel-mother,0,0,0,0,0
2021-10-26,angel-family,0,0,0,0,0
2021-10-27,criminal-alien,0,0,0,0,0
2021-10-27,illegal-alien,0,0,0,0,0
2021-10-27,angel-mother,0,0,0,0,0
2021-10-27,angel-family,0,0,0,0,0
2021-10-28,criminal-alien,0,0,0,0,0
2021-10-28,illegal-alien,0,0,0,0,0
2021-10-28,angel-mother,0,0,0,0,0
2021-10-28,angel-family,0,0,0,0,0
2021-10-29,criminal-alien,0,0,0,0,0
2021-10-29,illegal-alien,0,0,0,0,0
2021-10-29,angel-mother,0,0,0,0,0
2021-10-29,angel-family,0,0,0,0,0
2021-10-30,criminal-alien,0,0,0,0,0
2021-10-30,illegal-alien,0,0,0,0,0
2021-10-30,angel-mother,0,0,0,0,0
2021-10-30,angel-family,0,0,0,0,0
2021-10-31,criminal-alien,0,0,0,0,0
2021-10-31,illegal-alien,0,0,0,0,0
2021-10-31,angel-mother,0,0,0,0,0
2021-10-31,angel-family,0,0,0,0,0
2021-11-01,criminal-alien,0,0,0,0,0
2021-11-01,illegal-alien,0,0,0,0,0
2021-11-01,angel-mother,0,0,0,0,0
2021-11-01,angel-family,0,0,0,0,0
2021-11-02,criminal-alien,0,0,0,0,0
2021-11-02,illegal-alien,0,0,0,0,0
2021-11-02,angel-mother,0,0,0,0,0
2021-11-02,angel-family,0,0,0,0,0
2021-11-03,criminal-alien,0,0,0,0,0
2021-11-03,illegal-alien,0,0,0,0,0
2021-11-03,angel-mother,0,0,0,0,0
2021-11-03,angel-family,0,0,0,0,0
2021-11-04,criminal-alien,0,0,0,0,0
2021-11-04,illegal-alien,0,0,0,0,0
2021-11-04,angel-mother,0,0,0,0,0
2021-11-04,angel-family,0,0,0,0,0
2021-11-05,criminal-alien,0,0,0,0,0
2021-11-05,illegal-alien,0,0,0,0,0
2021-11-05,angel-mother,0,0,0,0,0
2021-11-05,angel-family,0,0,0,0,0
2021-11-06,criminal-alien,0,0,0,0,0
2021-11-06,illegal-alien,0,0,0,0,0
2021-11-06,angel-mother,0,0,0,0,0
2021-11-06,angel-family,0,0,0,0,0
2021-11-07,criminal-alien,0,0,0,0,0
2021-11-07,illegal-alien,0,0,0,0,0
2021-11-07,angel-mother,0,0,0,0,0
2021-11-07,angel-family,0,0,0,0,0
2021-11-08,criminal-alien,0,0,0,0,0
2021-11-08,illegal-alien,0,0,0,0,0
2021-11-08,angel-mother,0,0,0,0,0
2021-11-08,angel-family,0,0,0,0,0
2021-11-09,criminal-alien,0,0,0,0,0
2021-11-09,illegal-alien,0,0,0,0,0
2021-11-09,angel-mother,0,0,0,0,0
2021-11-09,angel-family,0,0,0,0,0
2021-11-10,criminal-alien,0,0,0,0,0
2021-11-10,illegal-alien,0,0,0,0,0
2021-11-10,angel-mother,0,0,0,0,0
2021-11-10,angel-family,0,0,0,0,0
2021-11-11,criminal-alien,0,0,0,0,0
2021-11-11,illegal-alien,0,0,0,0,0
2021-11-11,angel-mother,0,0,0,0,0
2021-11-11,angel-family,0,0,0,0,0
2021-11-12,criminal-alien,0,0,0,0,0
2021-11-12,illegal-alien,0,0,0,0,0
2021-11-12,angel-mother,0,0,0,0,0
2021-11-12,angel-family,0,0,0,0,0
2021-11-13,criminal-alien,0,0,0,0,0
2021-11-13,illegal-alien,0,0,0,0,0
2021-11-13,angel-mother,0,0,0,0,0
2021-11-13,angel-family,0,0,0,0,0
2021-11-14,criminal-alien,0,0,0,0,0
2021-11-14,illegal-alien,0,0,0,0,0
2021-11-14,angel-mother,0,0,0,0,0
2021-11-14,angel-family,0,0,0,0,0
2021-11-15,criminal-alien,0,0,0,0,0
2021-11-15,illegal-alien,0,0,1,0,1
2021-11-15,angel-mother,0,0,0,0,0
2021-11-15,angel-family,0,0,0,0,0
2021-11-16,criminal-alien,0,0,0,0,0
2021-11-16,illegal-alien,0,0,0,0,0
2021-11-16,angel-mother,0,0,0,0,0
2021-11-16,angel-family,0,0,0,0,0
2021-11-17,criminal-alien,0,0,0,0,0
2021-11-17,illegal-alien,0,0,0,0,0
2021-11-17,angel-mother,0,0,0,0,0
2021-11-17,angel-family,0,0,0,0,0
2021-11-18,criminal-alien,0,0,0,0,0
2021-11-18,illegal-alien,0,0,0,0,0
2021-11-18,angel-mother,0,0,0,0,0
2021-11-18,angel-family,0,0,0,0,0
2021-11-19,criminal-alien,0,0,0,0,0
2021-11-19,illegal-alien,0,0,0,0,0
2021-11-19,angel-mother,0,0,0,0,0
2021-11-19,angel-family,0,0,0,0,0
2021-11-20,criminal-alien,0,0,0,0,0
2021-11-20,illegal-alien,0,0,0,0,0
2021-11-20,angel-mother,0,0,0,0,0
2021-11-20,angel-family,0,0,0,0,0
2021-11-21,criminal-alien,0,0,0,0,0
2021-11-21,illegal-alien,0,0,0,0,0
2021-11-21,angel-mother,0,0,0,0,0
2021-11-21,angel-family,0,0,0,0,0
2021-11-22,criminal-alien,0,0,0,0,0
2021-11-22,illegal-alien,0,0,0,0,0
2021-11-22,angel-mother,0,0,0,0,0
2021-11-22,angel-family,0,0,0,0,0
2021-11-23,criminal-alien,0,0,0,0,0
2021-11-23,illegal-alien,0,0,0,0,0
2021-11-23,angel-mother,0,0,0,0,0
2021-11-23,angel-family,0,0,0,0,0
2021-11-24,criminal-alien,0,0,0,0,0
2021-11-24,illegal-alien,0,0,0,0,0
2021-11-24,angel-mother,0,0,0,0,0
2021-11-24,angel-family,0,0,0,0,0
2021-11-25,criminal-alien,0,0,0,0,0
2021-11-25,illegal-alien,0,0,0,0,0
2021-11-25,angel-mother,0,0,0,0,0
2021-11-25,angel-family,0,0,0,0,0
2021-11-26,criminal-alien,0,0,0,0,0
2021-11-26,illegal-alien,0,0,0,0,0
2021-11-26,angel-mother,0,0,0,0,0
2021-11-26,angel-family,0,0,0,0,0
2021-11-27,criminal-alien,0,0,0,0,0
2021-11-27,illegal-alien,0,0,0,0,0
2021-11-27,angel-mother,0,0,0,0,0
2021-11-27,angel-family,0,0,0,0,0
2021-11-28,criminal-alien,0,0,0,0,0
2021-11-28,illegal-alien,0,0,0,0,0
2021-11-28,angel-mother,0,0,0,0,0
2021-11-28,angel-family,0,0,0,0,0
2021-11-29,criminal-alien,0,0,0,0,0
2021-11-29,illegal-alien,0,0,0,0,0
2021-11-29,angel-mother,0,0,0,0,0
2021-11-29,angel-family,0,0,0,0,0
2021-11-30,criminal-alien,0,0,0,0,0
2021-11-30,illegal-alien,0,0,0,0,0
2021-11-30,angel-mother,0,0,0,0,0
2021-11-30,angel-family,0,0,0,0,0
2021-12-01,criminal-alien,0,0,0,0,0
2021-12-01,illegal-alien,0,0,0,0,0
2021-12-01,angel-mother,0,0,0,0,0
2021-12-01,angel-family,0,0,0,0,0
2021-12-02,criminal-alien,0,0,0,0,0
2021-12-02,illegal-alien,0,0,0,0,0
2021-12-02,angel-mother,0,0,0,0,0
2021-12-02,angel-family,0,0,0,0,0
2021-12-03,criminal-alien,0,0,0,0,0
2021-12-03,illegal-alien,0,0,0,0,0
2021-12-03,angel-mother,0,0,0,0,0
2021-12-03,angel-family,0,0,0,0,0
2021-12-04,criminal-alien,0,0,0,0,0
2021-12-04,illegal-alien,0,0,0,0,0
2021-12-04,angel-mother,0,0,0,0,0
2021-12-04,angel-family,0,0,0,0,0
2021-12-05,criminal-alien,0,0,0,0,0
2021-12-05,illegal-alien,0,0,0,0,0
2021-12-05,angel-mother,0,0,0,0,0
2021-12-05,angel-family,0,0,0,0,0
2021-12-06,criminal-alien,0,0,0,0,0
2021-12-06,illegal-alien,0,0,0,0,0
2021-12-06,angel-mother,0,0,0,0,0
2021-12-06,angel-family,0,0,0,0,0
2021-12-07,criminal-alien,0,0,0,0,0
2021-12-07,illegal-alien,0,0,0,0,0
2021-12-07,angel-mother,0,0,0,0,0
2021-12-07,angel-family,0,0,0,0,0
2021-12-08,criminal-alien,0,0,0,0,0
2021-12-08,illegal-alien,0,0,0,0,0
2021-12-08,angel-mother,0,0,0,0,0
2021-12-08,angel-family,0,0,0,0,0
2021-12-09,criminal-alien,0,0,0,0,0
2021-12-09,illegal-alien,0,0,0,0,0
2021-12-09,angel-mother,0,0,0,0,0
2021-12-09,angel-family,0,0,0,0,0
2021-12-10,criminal-alien,0,0,0,0,0
2021-12-10,illegal-alien,0,0,0,0,0
2021-12-10,angel-mother,0,0,0,0,0
2021-12-10,angel-family,0,0,0,0,0
2021-12-11,criminal-alien,0,0,0,0,0
2021-12-11,illegal-alien,0,0,0,0,0
2021-12-11,angel-mother,0,0,0,0,0
2021-12-11,angel-family,0,0,0,0,0
2021-12-12,criminal-alien,0,0,0,0,0
2021-12-12,illegal-alien,0,0,0,0,0
2021-12-12,angel-mother,0,0,0,0,0
2021-12-12,angel-family,0,0,0,0,0
2021-12-13,criminal-alien,0,0,0,0,0
2021-12-13,illegal-alien,0,0,0,0,0
2021-12-13,angel-mother,0,0,0,0,0
2021-12-13,angel-family,0,0,0,0,0
2021-12-14,criminal-alien,0,0,0,0,0
2021-12-14,illegal-alien,0,0,0,0,0
2021-12-14,angel-mother,0,0,0,0,0
2021-12-14,angel-family,0,0,0,0,0
2021-12-15,criminal-alien,0,0,0,0,0
2021-12-15,illegal-alien,0,0,0,0,0
2021-12-15,angel-mother,0,0,0,0,0
2021-12-15,angel-family,0,0,0,0,0
2021-12-16,criminal-alien,0,0,0,0,0
2021-12-16,illegal-alien,0,0,0,0,0
2021-12-16,angel-mother,0,0,0,0,0
2021-12-16,angel-family,0,0,0,0,0
2021-12-17,criminal-alien,0,0,0,0,0
2021-12-17,illegal-alien,0,0,0,0,0
2021-12-17,angel-mother,0,0,0,0,0
2021-12-17,angel-family,0,0,0,0,0
2021-12-18,criminal-alien,0,0,0,0,0
2021-12-18,illegal-alien,0,0,0,0,0
2021-12-18,angel-mother,0,0,0,0,0
2021-12-18,angel-family,0,0,0,0,0
2021-12-19,criminal-alien,0,0,0,0,0
2021-12-19,illegal-alien,0,0,0,0,0
2021-12-19,angel-mother,0,0,0,0,0
2021-12-19,angel-family,0,0,0,0,0
2021-12-20,criminal-alien,0,0,0,0,0
2021-12-20,illegal-alien,0,0,0,0,0
2021-12-20,angel-mother,0,0,0,0,0
2021-12-20,angel-family,0,0,0,0,0
2021-12-21,criminal-alien,0,0,0,0,0
2021-12-21,illegal-alien,0,0,0,0,0
2021-12-21,angel-mother,0,0,0,0,0
2021-12-21,angel-family,0,0,0,0,0
2021-12-22,criminal-alien,0,0,0,0,0
2021-12-22,illegal-alien,0,0,0,0,0
2021-12-22,angel-mother,0,0,0,0,0
2021-12-22,angel-family,0,0,0,0,0
2021-12-23,criminal-alien,0,0,0,0,0
2021-12-23,illegal-alien,0,0,0,0,0
2021-12-23,angel-mother,0,0,0,0,0
2021-12-23,angel-family,0,0,0,0,0
2021-12-24,criminal-alien,0,0,0,0,0
2021-12-24,illegal-alien,0,0,0,0,0
2021-12-24,angel-mother,0,0,0,0,0
2021-12-24,angel-family,0,0,0,0,0
2021-12-25,criminal-alien,0,0,0,0,0
2021-12-25,illegal-alien,0,0,0,0,0
2021-12-25,angel-mother,0,0,0,0,0
2021-12-25,angel-family,0,0,0,0,0
2021-12-26,criminal-alien,0,0,0,0,0
2021-12-26,illegal-alien,0,0,0,0,0
2021-12-26,angel-mother,0,0,0,0,0
2021-12-26,angel-family,0,0,0,0,0
2021-12-27,criminal-alien,0,0,0,0,0
2021-12-27,illegal-alien,0,0,0,0,0
2021-12-27,angel-mother,0,0,0,0,0
2021-12-27,angel-family,0,0,0,0,0
2021-12-28,criminal-alien,0,0,0,0,0
2021-12-28,illegal-alien,0,0,0,0,0
2021-12-28,angel-mother,0,0,0,0,0
2021-12-28,angel-family,0,0,0,0,0
2021-12-29,criminal-alien,0,0,0,0,0
2021-12-29,illegal-alien,0,0,0,0,0
2021-12-29,angel-mother,0,0,0,0,0
2021-12-29,angel-family,0,0,0,0,0
2021-12-30,criminal-alien,0,0,0,0,0
2021-12-30,illegal-alien,0,0,0,0,0
2021-12-30,angel-mother,0,0,0,0,0
2021-12-30,angel-family,0,0,0,0,0
2021-12-31,criminal-alien,0,0,0,0,0
2021-12-31,illegal-alien,0,0,0,0,0
2021-12-31,angel-mother,0,0,0,0,0
2021-12-31,angel-family,0,0,0,0,0
2022-01-01,criminal-alien,0,0,0,0,0
2022-01-01,illegal-alien,0,0,0,0,0
2022-01-01,angel-mother,0,0,0,0,0
2022-01-01,angel-family,0,0,0,0,0
2022-01-02,criminal-alien,0,0,0,0,0
2022-01-02,illegal-alien,0,0,0,0,0
2022-01-02,angel-mother,0,0,0,0,0
2022-01-02,angel-family,0,0,0,0,0
2022-01-03,criminal-alien,0,0,0,0,0
2022-01-03,illegal-alien,0,0,0,0,0
2022-01-03,angel-mother,0,0,0,0,0
2022-01-03,angel-family,0,0,0,0,0
2022-01-04,criminal-alien,0,0,0,0,0
2022-01-04,illegal-alien,0,0,0,0,0
2022-01-04,angel-mother,0,0,0,0,0
2022-01-04,angel-family,0,0,0,0,0
2022-01-05,criminal-alien,0,0,0,0,0
2022-01-05,illegal-alien,0,0,0,0,0
2022-01-05,angel-mother,0,0,0,0,0
2022-01-05,angel-family,0,0,0,0,0
2022-01-06,criminal-alien,0,0,0,0,0
2022-01-06,illegal-alien,0,0,0,0,0
2022-01-06,angel-mother,0,0,0,0,0
2022-01-06,angel-family,0,0,0,0,0
2022-01-07,criminal-alien,0,0,0,0,0
2022-01-07,illegal-alien,0,0,0,0,0
2022-01-07,angel-mother,0,0,0,0,0
2022-01-07,angel-family,0,0,0,0,0
2022-01-08,criminal-alien,0,0,0,0,0
2022-01-08,illegal-alien,0,0,0,0,0
2022-01-08,angel-mother,0,0,0,0,0
2022-01-08,angel-family,0,0,0,0,0
2022-01-09,criminal-alien,0,0,0,0,0
2022-01-09,illegal-alien,0,0,0,0,0
2022-01-09,angel-mother,0,0,0,0,0
2022-01-09,angel-family,0,0,0,0,0
2022-01-10,criminal-alien,0,0,0,0,0
2022-01-10,illegal-alien,0,0,0,0,0
2022-01-10,angel-mother,0,0,0,0,0
2022-01-10,angel-family,0,0,0,0,0
2022-01-11,criminal-alien,0,0,0,0,0
2022-01-11,illegal-alien,0,0,0,0,0
2022-01-11,angel-mother,0,0,0,0,0
2022-01-11,angel-family,0,0,0,0,0
2022-01-12,criminal-alien,0,0,0,0,0
2022-01-12,illegal-alien,0,0,0,0,0
2022-01-12,angel-mother,0,0,0,0,0
2022-01-12,angel-family,0,0,0,0,0
2022-01-13,criminal-alien,0,0,0,0,0
2022-01-13,illegal-alien,0,0,0,0,0
2022-01-13,angel-mother,0,0,0,0,0
2022-01-13,angel-family,0,0,0,0,0
2022-01-14,criminal-alien,0,0,0,0,0
2022-01-14,illegal-alien,0,0,0,0,0
2022-01-14,angel-mother,0,0,0,0,0
2022-01-14,angel-family,0,0,0,0,0
2022-01-15,criminal-alien,0,0,0,0,0
2022-01-15,illegal-alien,0,0,0,0,0
2022-01-15,angel-mother,0,0,0,0,0
2022-01-15,angel-family,0,0,0,0,0
2022-01-16,criminal-alien,0,0,0,0,0
2022-01-16,illegal-alien,0,0,0,0,0
2022-01-16,angel-mother,0,0,0,0,0
2022-01-16,angel-family,0,0,0,0,0
2022-01-17,criminal-alien,0,0,0,0,0
2022-01-17,illegal-alien,0,0,0,0,0
2022-01-17,angel-mother,0,0,0,0,0
2022-01-17,angel-family,0,0,0,0,0
2022-01-18,criminal-alien,0,0,0,0,0
2022-01-18,illegal-alien,0,0,0,0,0
2022-01-18,angel-mother,0,0,0,0,0
2022-01-18,angel-family,0,0,0,0,0
2022-01-19,criminal-alien,0,0,0,0,0
2022-01-19,illegal-alien,0,0,0,0,0
2022-01-19,angel-mother,0,0,0,0,0
2022-01-19,angel-family,0,0,0,0,0
2022-01-20,criminal-alien,0,0,0,0,0
2022-01-20,illegal-alien,0,0,0,0,0
2022-01-20,angel-mother,0,0,0,0,0
2022-01-20,angel-family,0,0,0,0,0
2022-01-21,criminal-alien,0,0,0,0,0
2022-01-21,illegal-alien,0,0,0,0,0
2022-01-21,angel-mother,0,0,0,0,0
2022-01-21,angel-family,0,0,0,0,0
2022-01-22,criminal-alien,0,0,0,0,0
2022-01-22,illegal-alien,0,0,0,0,0
2022-01-22,angel-mother,0,0,0,0,0
2022-01-22,angel-family,0,0,0,0,0
2022-01-23,criminal-alien,0,0,0,0,0
2022-01-23,illegal-alien,0,0,0,0,0
2022-01-23,angel-mother,0,0,0,0,0
2022-01-23,angel-family,0,0,0,0,0
2022-01-24,criminal-alien,0,0,0,0,0
2022-01-24,illegal-alien,0,0,0,0,0
2022-01-24,angel-mother,0,0,0,0,0
2022-01-24,angel-family,0,0,0,0,0
2022-01-25,criminal-alien,0,0,0,0,0
2022-01-25,illegal-alien,0,0,0,0,0
2022-01-25,angel-mother,0,0,0,0,0
2022-01-25,angel-family,0,0,0,0,0
2022-01-26,criminal-alien,0,0,0,0,0
2022-01-26,illegal-alien,0,0,0,0,0
2022-01-26,angel-mother,0,0,0,0,0
2022-01-26,angel-family,0,0,0,0,0
2022-01-27,criminal-alien,0,0,0,0,0
2022-01-27,illegal-alien,0,0,0,0,0
2022-01-27,angel-mother,0,0,0,0,0
2022-01-27,angel-family,0,0,0,0,0
2022-01-28,criminal-alien,0,0,0,0,0
2022-01-28,illegal-alien,0,0,0,0,0
2022-01-28,angel-mother,0,0,0,0,0
2022-01-28,angel-family,0,0,0,0,0
2022-01-29,criminal-alien,0,0,0,0,0
2022-01-29,illegal-alien,0,0,0,0,0
2022-01-29,angel-mother,0,0,0,0,0
2022-01-29,angel-family,0,0,0,0,0
2022-01-30,criminal-alien,0,0,0,0,0
2022-01-30,illegal-alien,0,0,0,0,0
2022-01-30,angel-mother,0,0,0,0,0
2022-01-30,angel-family,0,0,0,0,0
2022-01-31,criminal-alien,0,0,0,0,0
2022-01-31,illegal-alien,0,0,0,0,0
2022-01-31,angel-mother,0,0,0,0,0
2022-01-31,angel-family,0,0,0,0,0
2022-02-01,criminal-alien,0,0,0,0,0
2022-02-01,illegal-alien,0,0,0,0,0
2022-02-01,angel-mother,0,0,0,0,0
2022-02-01,angel-family,0,0,0,0,0
2022-02-02,criminal-alien,0,0,0,0,0
2022-02-02,illegal-alien,0,0,0,0,0
2022-02-02,angel-mother,0,0,0,0,0
2022-02-02,angel-family,0,0,0,0,0
2022-02-03,criminal-alien,0,0,0,0,0
2022-02-03,illegal-alien,0,0,0,0,0
2022-02-03,angel-mother,0,0,0,0,0
2022-02-03,angel-family,0,0,0,0,0
2022-02-04,criminal-alien,0,0,0,0,0
2022-02-04,illegal-alien,0,0,0,0,0
2022-02-04,angel-mother,0,0,0,0,0
2022-02-04,angel-family,0,0,0,0,0
2022-02-05,criminal-alien,0,0,0,0,0
2022-02-05,illegal-alien,0,0,0,0,0
2022-02-05,angel-mother,0,0,0,0,0
2022-02-05,angel-family,0,0,0,0,0
2022-02-06,criminal-alien,0,0,0,0,0
2022-02-06,illegal-alien,0,0,0,0,0
2022-02-06,angel-mother,0,0,0,0,0
2022-02-06,angel-family,0,0,0,0,0
2022-02-07,criminal-alien,0,0,0,0,0
2022-02-07,illegal-alien,0,0,0,0,0
2022-02-07,angel-mother,0,0,0,0,0
2022-02-07,angel-family,0,0,0,0,0
2022-02-08,criminal-alien,0,0,0,0,0
2022-02-08,illegal-alien,0,0,0,0,0
2022-02-08,angel-mother,0,0,0,0,0
2022-02-08,angel-family,0,0,0,0,0
2022-02-09,criminal-alien,0,0,0,0,0
2022-02-09,illegal-alien,0,0,0,0,0
2022-02-09,angel-mother,0,0,0,0,0
2022-02-09,angel-family,0,0,0,0,0
2022-02-10,criminal-alien,0,0,0,0,0
2022-02-10,illegal-alien,0,0,0,0,0
2022-02-10,angel-mother,0,0,0,0,0
2022-02-10,angel-family,0,0,0,0,0
2022-02-11,criminal-alien,0,0,0,0,0
2022-02-11,illegal-alien,0,0,0,0,0
2022-02-11,angel-mother,0,0,0,0,0
2022-02-11,angel-family,0,0,0,0,0
2022-02-12,criminal-alien,0,0,0,0,0
2022-02-12,illegal-alien,0,0,0,0,0
2022-02-12,angel-mother,0,0,0,0,0
2022-02-12,angel-family,0,0,0,0,0
2022-02-13,criminal-alien,0,0,0,0,0
2022-02-13,illegal-alien,0,0,0,0,0
2022-02-13,angel-mother,0,0,0,0,0
2022-02-13,angel-family,0,0,0,0,0
2022-02-14,criminal-alien,0,0,0,0,0
2022-02-14,illegal-alien,0,0,0,0,0
2022-02-14,angel-mother,0,0,0,0,0
2022-02-14,angel-family,0,0,0,0,0
2022-02-15,criminal-alien,0,0,0,0,0
2022-02-15,illegal-alien,0,0,0,0,0
2022-02-15,angel-mother,0,0,0,0,0
2022-02-15,angel-family,0,0,0,0,0
2022-02-16,criminal-alien,0,0,0,0,0
2022-02-16,illegal-alien,0,0,0,0,0
2022-02-16,angel-mother,0,0,0,0,0
2022-02-16,angel-family,0,0,0,0,0
2022-02-17,criminal-alien,0,0,0,0,0
2022-02-17,illegal-alien,0,0,0,0,0
2022-02-17,angel-mother,0,0,0,0,0
2022-02-17,angel-family,0,0,0,0,0
2022-02-18,criminal-alien,0,0,0,0,0
2022-02-18,illegal-alien,0,0,0,0,0
2022-02-18,angel-mother,0,0,0,0,0
2022-02-18,angel-family,0,0,0,0,0
2022-02-19,criminal-alien,0,0,0,0,0
2022-02-19,illegal-alien,0,0,0,0,0
2022-02-19,angel-mother,0,0,0,0,0
2022-02-19,angel-family,0,0,0,0,0
2022-02-20,criminal-alien,0,0,0,0,0
2022-02-20,illegal-alien,0,0,0,0,0
2022-02-20,angel-mother,0,0,0,0,0
2022-02-20,angel-family,0,0,0,0,0
2022-02-21,criminal-alien,0,0,0,0,0
2022-02-21,illegal-alien,0,0,0,0,0
2022-02-21,angel-mother,0,0,0,0,0
2022-02-21,angel-family,0,0,0,0,0
2022-02-22,criminal-alien,0,0,0,0,0
2022-02-22,illegal-alien,0,0,0,0,0
2022-02-22,angel-mother,0,0,0,0,0
2022-02-22,angel-family,0,0,0,0,0
2022-02-23,criminal-alien,0,0,0,0,0
2022-02-23,illegal-alien,0,0,0,0,0
2022-02-23,angel-mother,0,0,0,0,0
2022-02-23,angel-family,0,0,0,0,0
2022-02-24,criminal-alien,0,0,0,0,0
2022-02-24,illegal-alien,0,0,0,0,0
2022-02-24,angel-mother,0,0,0,0,0
2022-02-24,angel-family,0,0,0,0,0
2022-02-25,criminal-alien,0,0,0,0,0
2022-02-25,illegal-alien,0,0,0,0,0
2022-02-25,angel-mother,0,0,0,0,0
2022-02-25,angel-family,0,0,0,0,0
2022-02-26,criminal-alien,0,0,0,0,0
2022-02-26,illegal-alien,0,0,0,0,0
2022-02-26,angel-mother,0,0,0,0,0
2022-02-26,angel-family,0,0,0,0,0
2022-02-27,criminal-alien,0,0,0,0,0
2022-02-27,illegal-alien,0,0,0,0,0
2022-02-27,angel-mother,0,0,0,0,0
2022-02-27,angel-family,0,0,0,0,0
2022-02-28,criminal-alien,0,0,0,0,0
2022-02-28,illegal-alien,0,0,0,0,0
2022-02-28,angel-mother,0,0,0,0,0
2022-02-28,angel-family,0,0,0,0,0
2022-03-01,criminal-alien,0,0,0,0,0
2022-03-01,illegal-alien,0,0,0,0,0
2022-03-01,angel-mother,0,0,0,0,0
2022-03-01,angel-family,0,0,0,0,0
2022-03-02,criminal-alien,0,0,0,0,0
2022-03-02,illegal-alien,0,0,0,0,0
2022-03-02,angel-mother,0,0,0,0,0
2022-03-02,angel-family,0,0,0,0,0
2022-03-03,criminal-alien,0,0,0,0,0
2022-03-03,illegal-alien,0,0,0,0,0
2022-03-03,angel-mother,0,0,0,0,0
2022-03-03,angel-family,0,0,0,0,0
2022-03-04,criminal-alien,0,0,0,0,0
2022-03-04,illegal-alien,0,0,0,0,0
2022-03-04,angel-mother,0,0,0,0,0
2022-03-04,angel-family,0,0,0,0,0
2022-03-05,criminal-alien,0,0,0,0,0
2022-03-05,illegal-alien,0,0,0,0,0
2022-03-05,angel-mother,0,0,0,0,0
2022-03-05,angel-family,0,0,0,0,0
2022-03-06,criminal-alien,0,0,0,0,0
2022-03-06,illegal-alien,0,0,0,0,0
2022-03-06,angel-mother,0,0,0,0,0
2022-03-06,angel-family,0,0,0,0,0
2022-03-07,criminal-alien,0,0,0,0,0
2022-03-07,illegal-alien,0,0,0,0,0
2022-03-07,angel-mother,0,0,0,0,0
2022-03-07,angel-family,0,0,0,0,0
2022-03-08,criminal-alien,0,0,0,0,0
2022-03-08,illegal-alien,0,0,0,0,0
2022-03-08,angel-mother,0,0,0,0,0
2022-03-08,angel-family,0,0,0,0,0
2022-03-09,criminal-alien,0,0,0,0,0
2022-03-09,illegal-alien,0,0,0,0,0
2022-03-09,angel-mother,0,0,0,0,0
2022-03-09,angel-family,0,0,0,0,0
2022-03-10,criminal-alien,0,0,0,0,0
2022-03-10,illegal-alien,0,0,0,0,0
2022-03-10,angel-mother,0,0,0,0,0
2022-03-10,angel-family,0,0,0,0,0
2022-03-11,criminal-alien,0,0,0,0,0
2022-03-11,illegal-alien,0,0,0,0,0
2022-03-11,angel-mother,0,0,0,0,0
2022-03-11,angel-family,0,0,0,0,0
2022-03-12,criminal-alien,0,0,0,0,0
2022-03-12,illegal-alien,0,0,0,0,0
2022-03-12,angel-mother,0,0,0,0,0
2022-03-12,angel-family,0,0,0,0,0
2022-03-13,criminal-alien,0,0,0,0,0
2022-03-13,illegal-alien,0,0,0,0,0
2022-03-13,angel-mother,0,0,0,0,0
2022-03-13,angel-family,0,0,0,0,0
2022-03-14,criminal-alien,0,0,0,0,0
2022-03-14,illegal-alien,0,0,0,0,0
2022-03-14,angel-mother,0,0,0,0,0
2022-03-14,angel-family,0,0,0,0,0
2022-03-15,criminal-alien,0,0,0,0,0
2022-03-15,illegal-alien,0,0,0,0,0
2022-03-15,angel-mother,0,0,0,0,0
2022-03-15,angel-family,0,0,0,0,0
2022-03-16,criminal-alien,0,0,0,0,0
2022-03-16,illegal-alien,0,0,0,0,0
2022-03-16,angel-mother,0,0,0,0,0
2022-03-16,angel-family,0,0,0,0,0
2022-03-17,criminal-alien,0,0,0,0,0
2022-03-17,illegal-alien,0,0,0,0,0
2022-03-17,angel-mother,0,0,0,0,0
2022-03-17,angel-family,0,0,0,0,0
2022-03-18,criminal-alien,0,0,0,0,0
2022-03-18,illegal-alien,0,0,0,0,0
2022-03-18,angel-mother,0,0,0,0,0
2022-03-18,angel-family,0,0,0,0,0
2022-03-19,criminal-alien,0,0,0,0,0
2022-03-19,illegal-alien,0,0,0,0,0
2022-03-19,angel-mother,0,0,0,0,0
2022-03-19,angel-family,0,0,0,0,0
2022-03-20,criminal-alien,0,0,0,0,0
2022-03-20,illegal-alien,0,0,0,0,0
2022-03-20,angel-mother,0,0,0,0,0
2022-03-20,angel-family,0,0,0,0,0
2022-03-21,criminal-alien,0,0,0,0,0
2022-03-21,illegal-alien,0,0,0,0,0
2022-03-21,angel-mother,0,0,0,0,0
2022-03-21,angel-family,0,0,0,0,0
2022-03-22,criminal-alien,0,0,0,0,0
2022-03-22,illegal-alien,0,0,0,0,0
2022-03-22,angel-mother,0,0,0,0,0
2022-03-22,angel-family,0,0,0,0,0
2022-03-23,criminal-alien,0,0,0,0,0
2022-03-23,illegal-alien,0,0,0,0,0
2022-03-23,angel-mother,0,0,0,0,0
2022-03-23,angel-family,0,0,0,0,0
2022-03-24,criminal-alien,0,0,0,0,0
2022-03-24,illegal-alien,0,0,0,0,0
2022-03-24,angel-mother,0,0,0,0,0
2022-03-24,angel-family,0,0,0,0,0
2022-03-25,criminal-alien,0,0,0,0,0
2022-03-25,illegal-alien,0,0,0,0,0
2022-03-25,angel-mother,0,0,0,0,0
2022-03-25,angel-family,0,0,0,0,0
2022-03-26,criminal-alien,0,0,0,0,0
2022-03-26,illegal-alien,0,0,0,0,0
2022-03-26,angel-mother,0,0,0,0,0
2022-03-26,angel-family,0,0,0,0,0
2022-03-27,criminal-alien,0,0,0,0,0
2022-03-27,illegal-alien,0,0,0,0,0
2022-03-27,angel-mother,0,0,0,0,0
2022-03-27,angel-family,0,0,0,0,0
2022-03-28,criminal-alien,0,0,0,0,0
2022-03-28,illegal-alien,0,0,0,0,0
2022-03-28,angel-mother,0,0,0,0,0
2022-03-28,angel-family,0,0,0,0,0
2022-03-29,criminal-alien,0,0,0,0,0
2022-03-29,illegal-alien,0,0,0,0,0
2022-03-29,angel-mother,0,0,0,0,0
2022-03-29,angel-family,0,0,0,0,0
2022-03-30,criminal-alien,0,0,0,0,0
2022-03-30,illegal-alien,0,0,0,0,0
2022-03-30,angel-mother,0,0,0,0,0
2022-03-30,angel-family,0,0,0,0,0
2022-03-31,criminal-alien,0,0,0,0,0
2022-03-31,illegal-alien,0,0,0,0,0
2022-03-31,angel-mother,0,0,0,0,0
2022-03-31,angel-family,0,0,0,0,0
2022-04-01,criminal-alien,0,0,0,0,0
2022-04-01,illegal-alien,0,0,0,0,0
2022-04-01,angel-mother,0,0,0,0,0
2022-04-01,angel-family,0,0,0,0,0
2022-04-02,criminal-alien,0,0,0,0,0
2022-04-02,illegal-alien,0,0,0,0,0
2022-04-02,angel-mother,0,0,0,0,0
2022-04-02,angel-family,0,0,0,0,0
2022-04-03,criminal-alien,0,0,0,0,0
2022-04-03,illegal-alien,0,0,0,0,0
2022-04-03,angel-mother,0,0,0,0,0
2022-04-03,angel-family,0,0,0,0,0
2022-04-04,criminal-alien,0,0,0,0,0
2022-04-04,illegal-alien,0,0,0,0,0
2022-04-04,angel-mother,0,0,0,0,0
2022-04-04,angel-family,0,0,0,0,0
2022-04-05,criminal-alien,0,0,0,0,0
2022-04-05,illegal-alien,0,0,0,0,0
2022-04-05,angel-mother,0,0,0,0,0
2022-04-05,angel-family,0,0,0,0,0
2022-04-06,criminal-alien,0,0,0,0,0
2022-04-06,illegal-alien,0,0,0,0,0
2022-04-06,angel-mother,0,0,0,0,0
2022-04-06,angel-family,0,0,0,0,0
2022-04-07,criminal-alien,0,0,0,0,0
2022-04-07,illegal-alien,0,0,0,0,0
2022-04-07,angel-mother,0,0,0,0,0
2022-04-07,angel-family,0,0,0,0,0
2022-04-08,criminal-alien,0,0,0,0,0
2022-04-08,illegal-alien,0,0,0,0,0
2022-04-08,angel-mother,0,0,0,0,0
2022-04-08,angel-family,0,0,0,0,0
2022-04-09,criminal-alien,0,0,0,0,0
2022-04-09,illegal-alien,0,0,0,0,0
2022-04-09,angel-mother,0,0,0,0,0
2022-04-09,angel-family,0,0,0,0,0
2022-04-10,criminal-alien,0,0,0,0,0
2022-04-10,illegal-alien,0,0,0,0,0
2022-04-10,angel-mother,0,0,0,0,0
2022-04-10,angel-family,0,0,0,0,0
2022-04-11,criminal-alien,0,0,0,0,0
2022-04-11,illegal-alien,0,0,0,0,0
2022-04-11,angel-mother,0,0,0,0,0
2022-04-11,angel-family,0,0,0,0,0
2022-04-12,criminal-alien,0,0,0,0,0
2022-04-12,illegal-alien,0,0,0,0,0
2022-04-12,angel-mother,0,0,0,0,0
2022-04-12,angel-family,0,0,0,0,0
2022-04-13,criminal-alien,0,0,0,0,0
2022-04-13,illegal-alien,0,0,0,0,0
2022-04-13,angel-mother,0,0,0,0,0
2022-04-13,angel-family,0,0,0,0,0
2022-04-14,criminal-alien,0,0,0,0,0
2022-04-14,illegal-alien,0,0,0,0,0
2022-04-14,angel-mother,0,0,0,0,0
2022-04-14,angel-family,0,0,0,0,0
2022-04-15,criminal-alien,0,0,0,0,0
2022-04-15,illegal-alien,0,0,0,0,0
2022-04-15,angel-mother,0,0,0,0,0
2022-04-15,angel-family,0,0,0,0,0
2022-04-16,criminal-alien,0,0,0,0,0
2022-04-16,illegal-alien,0,0,0,0,0
2022-04-16,angel-mother,0,0,0,0,0
2022-04-16,angel-family,0,0,0,0,0
2022-04-17,criminal-alien,0,0,0,0,0
2022-04-17,illegal-alien,0,0,0,0,0
2022-04-17,angel-mother,0,0,0,0,0
2022-04-17,angel-family,0,0,0,0,0
2022-04-18,criminal-alien,0,0,0,0,0
2022-04-18,illegal-alien,0,0,0,0,0
2022-04-18,angel-mother,0,0,0,0,0
2022-04-18,angel-family,0,0,0,0,0
2022-04-19,criminal-alien,0,0,0,0,0
2022-04-19,illegal-alien,0,0,0,0,0
2022-04-19,angel-mother,0,0,0,0,0
2022-04-19,angel-family,0,0,0,0,0
2022-04-20,criminal-alien,0,0,0,0,0
2022-04-20,illegal-alien,0,0,0,0,0
2022-04-20,angel-mother,0,0,0,0,0
2022-04-20,angel-family,0,0,0,0,0
2022-04-21,criminal-alien,0,0,0,0,0
2022-04-21,illegal-alien,0,0,0,0,0
2022-04-21,angel-mother,0,0,0,0,0
2022-04-21,angel-family,0,0,0,0,0
2022-04-22,criminal-alien,0,0,0,0,0
2022-04-22,illegal-alien,0,0,0,0,0
2022-04-22,angel-mother,0,0,0,0,0
2022-04-22,angel-family,0,0,0,0,0
2022-04-23,criminal-alien,0,0,0,0,0
2022-04-23,illegal-alien,0,0,0,0,0
2022-04-23,angel-mother,0,0,0,0,0
2022-04-23,angel-family,0,0,0,0,0
2022-04-24,criminal-alien,0,0,0,0,0
2022-04-24,illegal-alien,0,0,0,0,0
2022-04-24,angel-mother,0,0,0,0,0
2022-04-24,angel-family,0,0,0,0,0
2022-04-25,criminal-alien,0,0,0,0,0
2022-04-25,illegal-alien,0,0,0,0,0
2022-04-25,angel-mother,0,0,0,0,0
2022-04-25,angel-family,0,0,0,0,0
2022-04-26,criminal-alien,0,0,0,0,0
2022-04-26,illegal-alien,0,0,0,0,0
2022-04-26,angel-mother,0,0,0,0,0
2022-04-26,angel-family,0,0,0,0,0
2022-04-27,criminal-alien,0,0,0,0,0
2022-04-27,illegal-alien,0,0,0,0,0
2022-04-27,angel-mother,0,0,0,0,0
2022-04-27,angel-family,0,0,0,0,0
2022-04-28,criminal-alien,0,0,0,0,0
2022-04-28,illegal-alien,0,0,0,0,0
2022-04-28,angel-mother,0,0,0,0,0
2022-04-28,angel-family,0,0,0,0,0
2022-04-29,criminal-alien,0,0,0,0,0
2022-04-29,illegal-alien,0,0,0,0,0
2022-04-29,angel-mother,0,0,0,0,0
2022-04-29,angel-family,0,0,0,0,0
2022-04-30,criminal-alien,0,0,0,0,0
2022-04-30,illegal-alien,0,0,0,0,0
2022-04-30,angel-mother,0,0,0,0,0
2022-04-30,angel-family,0,0,0,0,0
2022-05-01,criminal-alien,0,0,0,0,0
2022-05-01,illegal-alien,0,0,0,0,0
2022-05-01,angel-mother,0,0,0,0,0
2022-05-01,angel-family,0,0,0,0,0
2022-05-02,criminal-alien,0,0,0,0,0
2022-05-02,illegal-alien,0,0,0,0,0
2022-05-02,angel-mother,0,0,0,0,0
2022-05-02,angel-family,0,0,0,0,0
2022-05-03,criminal-alien,0,0,0,0,0
2022-05-03,illegal-alien,0,0,0,0,0
2022-05-03,angel-mother,0,0,0,0,0
2022-05-03,angel-family,0,0,0,0,0
2022-05-04,criminal-alien,0,0,0,0,0
2022-05-04,illegal-alien,0,0,0,0,0
2022-05-04,angel-mother,0,0,0,0,0
2022-05-04,angel-family,0,0,0,0,0
2022-05-05,criminal-alien,0,0,0,0,0
2022-05-05,illegal-alien,0,0,0,0,0
2022-05-05,angel-mother,0,0,0,0,0
2022-05-05,angel-family,0,0,0,0,0
2022-05-06,criminal-alien,0,0,0,0,0
2022-05-06,illegal-alien,0,0,0,0,0
2022-05-06,angel-mother,0,0,0,0,0
2022-05-06,angel-family,0,0,0,0,0
2022-05-07,criminal-alien,0,0,0,0,0
2022-05-07,illegal-alien,0,0,0,0,0
2022-05-07,angel-mother,0,0,0,0,0
2022-05-07,angel-family,0,0,0,0,0
2022-05-08,criminal-alien,0,0,0,0,0
2022-05-08,illegal-alien,0,0,0,0,0
2022-05-08,angel-mother,0,0,0,0,0
2022-05-08,angel-family,0,0,0,0,0
2022-05-09,criminal-alien,0,0,0,0,0
2022-05-09,illegal-alien,0,0,0,0,0
2022-05-09,angel-mother,0,0,0,0,0
2022-05-09,angel-family,0,0,0,0,0
2022-05-10,criminal-alien,0,0,0,0,0
2022-05-10,illegal-alien,0,0,0,0,0
2022-05-10,angel-mother,0,0,0,0,0
2022-05-10,angel-family,0,0,0,0,0
2022-05-11,criminal-alien,0,0,0,0,0
2022-05-11,illegal-alien,0,0,0,0,0
2022-05-11,angel-mother,0,0,0,0,0
2022-05-11,angel-family,0,0,0,0,0
2022-05-12,criminal-alien,0,0,0,0,0
2022-05-12,illegal-alien,0,0,0,0,0
2022-05-12,angel-mother,0,0,0,0,0
2022-05-12,angel-family,0,0,0,0,0
2022-05-13,criminal-alien,0,0,0,0,0
2022-05-13,illegal-alien,0,0,0,0,0
2022-05-13,angel-mother,0,0,0,0,0
2022-05-13,angel-family,0,0,0,0,0
2022-05-14,criminal-alien,0,0,0,0,0
2022-05-14,illegal-alien,0,0,0,0,0
2022-05-14,angel-mother,0,0,0,0,0
2022-05-14,angel-family,0,0,0,0,0
2022-05-15,criminal-alien,0,0,0,0,0
2022-05-15,illegal-alien,0,0,0,0,0
2022-05-15,angel-mother,0,0,0,0,0
2022-05-15,angel-family,0,0,0,0,0
2022-05-16,criminal-alien,0,0,0,0,0
2022-05-16,illegal-alien,0,0,0,0,0
2022-05-16,angel-mother,0,0,0,0,0
2022-05-16,angel-family,0,0,0,0,0
2022-05-17,criminal-alien,0,0,0,0,0
2022-05-17,illegal-alien,0,0,0,0,0
2022-05-17,angel-mother,0,0,0,0,0
2022-05-17,angel-family,0,0,0,0,0
2022-05-18,criminal-alien,0,0,0,0,0
2022-05-18,illegal-alien,0,0,0,0,0
2022-05-18,angel-mother,0,0,0,0,0
2022-05-18,angel-family,0,0,0,0,0
2022-05-19,criminal-alien,0,0,0,0,0
2022-05-19,illegal-alien,0,0,0,0,0
2022-05-19,angel-mother,0,0,0,0,0
2022-05-19,angel-family,0,0,0,0,0
2022-05-20,criminal-alien,0,0,0,0,0
2022-05-20,illegal-alien,0,0,0,0,0
2022-05-20,angel-mother,0,0,0,0,0
2022-05-20,angel-family,0,0,0,0,0
2022-05-21,criminal-alien,0,0,0,0,0
2022-05-21,illegal-alien,0,0,0,0,0
2022-05-21,angel-mother,0,0,0,0,0
2022-05-21,angel-family,0,0,0,0,0
2022-05-22,criminal-alien,0,0,0,0,0
2022-05-22,illegal-alien,0,0,0,0,0
2022-05-22,angel-mother,0,0,0,0,0
2022-05-22,angel-family,0,0,0,0,0
2022-05-23,criminal-alien,0,0,0,0,0
2022-05-23,illegal-alien,0,0,0,0,0
2022-05-23,angel-mother,0,0,0,0,0
2022-05-23,angel-family,0,0,0,0,0
2022-05-24,criminal-alien,0,0,0,0,0
2022-05-24,illegal-alien,0,0,0,0,0
2022-05-24,angel-mother,0,0,0,0,0
2022-05-24,angel-family,0,0,0,0,0
2022-05-25,criminal-alien,0,0,0,0,0
2022-05-25,illegal-alien,0,0,0,0,0
2022-05-25,angel-mother,0,0,0,0,0
2022-05-25,angel-family,0,0,0,0,0
2022-05-26,criminal-alien,0,0,0,0,0
2022-05-26,illegal-alien,0,0,0,0,0
2022-05-26,angel-mother,0,0,0,0,0
2022-05-26,angel-family,0,0,0,0,0
2022-05-27,criminal-alien,0,0,0,0,0
2022-05-27,illegal-alien,0,0,0,0,0
2022-05-27,angel-mother,0,0,0,0,0
2022-05-27,angel-family,0,0,0,0,0
2022-05-28,criminal-alien,0,0,0,0,0
2022-05-28,illegal-alien,0,0,0,0,0
2022-05-28,angel-mother,0,0,0,0,0
2022-05-28,angel-family,0,0,0,0,0
2022-05-29,criminal-alien,0,0,0,0,0
2022-05-29,illegal-alien,0,0,0,0,0
2022-05-29,angel-mother,0,0,0,0,0
2022-05-29,angel-family,0,0,0,0,0
2022-05-30,criminal-alien,0,0,0,0,0
2022-05-30,illegal-alien,0,0,0,0,0
2022-05-30,angel-mother,0,0,0,0,0
2022-05-30,angel-family,0,0,0,0,0
2022-05-31,criminal-alien,0,0,0,0,0
2022-05-31,illegal-alien,0,0,0,0,0
2022-05-31,angel-mother,0,0,0,0,0
2022-05-31,angel-family,0,0,0,0,0
2022-06-01,criminal-alien,0,0,0,0,0
2022-06-01,illegal-alien,0,0,0,0,0
2022-06-01,angel-mother,0,0,0,0,0
2022-06-01,angel-family,0,0,0,0,0
2022-06-02,criminal-alien,0,0,0,0,0
2022-06-02,illegal-alien,0,0,0,0,0
2022-06-02,angel-mother,0,0,0,0,0
2022-06-02,angel-family,0,0,0,0,0
2022-06-03,criminal-alien,0,0,0,0,0
2022-06-03,illegal-alien,0,0,0,0,0
2022-06-03,angel-mother,0,0,0,0,0
2022-06-03,angel-family,0,0,0,0,0
2022-06-04,criminal-alien,0,0,0,0,0
2022-06-04,illegal-alien,0,0,0,0,0
2022-06-04,angel-mother,0,0,0,0,0
2022-06-04,angel-family,0,0,0,0,0
2022-06-05,criminal-alien,0,0,0,0,0
2022-06-05,illegal-alien,0,0,0,0,0
2022-06-05,angel-mother,0,0,0,0,0
2022-06-05,angel-family,0,0,0,0,0
2022-06-06,criminal-alien,0,0,0,0,0
2022-06-06,illegal-alien,0,0,0,0,0
2022-06-06,angel-mother,0,0,0,0,0
2022-06-06,angel-family,0,0,0,0,0
2022-06-07,criminal-alien,0,0,0,0,0
2022-06-07,illegal-alien,0,0,0,0,0
2022-06-07,angel-mother,0,0,0,0,0
2022-06-07,angel-family,0,0,0,0,0
2022-06-08,criminal-alien,0,0,0,0,0
2022-06-08,illegal-alien,0,0,0,0,0
2022-06-08,angel-mother,0,0,0,0,0
2022-06-08,angel-family,0,0,0,0,0
2022-06-09,criminal-alien,0,0,0,0,0
2022-06-09,illegal-alien,0,0,0,0,0
2022-06-09,angel-mother,0,0,0,0,0
2022-06-09,angel-family,0,0,0,0,0
2022-06-10,criminal-alien,0,0,0,0,0
2022-06-10,illegal-alien,0,0,0,0,0
2022-06-10,angel-mother,0,0,0,0,0
2022-06-10,angel-family,0,0,0,0,0
2022-06-11,criminal-alien,0,0,0,0,0
2022-06-11,illegal-alien,0,0,0,0,0
2022-06-11,angel-mother,0,0,0,0,0
2022-06-11,angel-family,0,0,0,0,0
2022-06-12,criminal-alien,0,0,0,0,0
2022-06-12,illegal-alien,0,0,0,0,0
2022-06-12,angel-mother,0,0,0,0,0
2022-06-12,angel-family,0,0,0,0,0
2022-06-13,criminal-alien,0,0,0,0,0
2022-06-13,illegal-alien,0,0,0,0,0
2022-06-13,angel-mother,0,0,0,0,0
2022-06-13,angel-family,0,0,0,0,0
2022-06-14,criminal-alien,0,0,0,0,0
2022-06-14,illegal-alien,0,0,0,0,0
2022-06-14,angel-mother,0,0,0,0,0
2022-06-14,angel-family,0,0,0,0,0
2022-06-15,criminal-alien,0,0,0,0,0
2022-06-15,illegal-alien,0,0,0,0,0
2022-06-15,angel-mother,0,0,0,0,0
2022-06-15,angel-family,0,0,0,0,0
2022-06-16,criminal-alien,0,0,0,0,0
2022-06-16,illegal-alien,0,0,0,0,0
2022-06-16,angel-mother,0,0,0,0,0
2022-06-16,angel-family,0,0,0,0,0
2022-06-17,criminal-alien,0,0,0,0,0
2022-06-17,illegal-alien,0,0,0,0,0
2022-06-17,angel-mother,0,0,0,0,0
2022-06-17,angel-family,0,0,0,0,0
2022-06-18,criminal-alien,0,0,0,0,0
2022-06-18,illegal-alien,0,0,0,0,0
2022-06-18,angel-mother,0,0,0,0,0
2022-06-18,angel-family,0,0,0,0,0
2022-06-19,criminal-alien,0,0,0,0,0
2022-06-19,illegal-alien,0,0,0,0,0
2022-06-19,angel-mother,0,0,0,0,0
2022-06-19,angel-family,0,0,0,0,0
2022-06-20,criminal-alien,0,0,0,0,0
2022-06-20,illegal-alien,0,0,0,0,0
2022-06-20,angel-mother,0,0,0,0,0
2022-06-20,angel-family,0,0,0,0,0
2022-06-21,criminal-alien,0,0,0,0,0
2022-06-21,illegal-alien,0,0,0,0,0
2022-06-21,angel-mother,0,0,0,0,0
2022-06-21,angel-family,0,0,0,0,0
2022-06-22,criminal-alien,0,0,0,0,0
2022-06-22,illegal-alien,0,0,0,0,0
2022-06-22,angel-mother,0,0,0,0,0
2022-06-22,angel-family,0,0,0,0,0
2022-06-23,criminal-alien,0,0,0,0,0
2022-06-23,illegal-alien,0,0,0,0,0
2022-06-23,angel-mother,0,0,0,0,0
2022-06-23,angel-family,0,0,0,0,0
2022-06-24,criminal-alien,0,0,0,0,0
2022-06-24,illegal-alien,0,0,0,0,0
2022-06-24,angel-mother,0,0,0,0,0
2022-06-24,angel-family,0,0,0,0,0
2022-06-25,criminal-alien,0,0,0,0,0
2022-06-25,illegal-alien,0,0,0,0,0
2022-06-25,angel-mother,0,0,0,0,0
2022-06-25,angel-family,0,0,0,0,0
2022-06-26,criminal-alien,0,0,0,0,0
2022-06-26,illegal-alien,0,0,0,0,0
2022-06-26,angel-mother,0,0,0,0,0
2022-06-26,angel-family,0,0,0,0,0
2022-06-27,criminal-alien,0,0,0,0,0
2022-06-27,illegal-alien,0,0,0,0,0
2022-06-27,angel-mother,0,0,0,0,0
2022-06-27,angel-family,0,0,0,0,0
2022-06-28,criminal-alien,0,0,0,0,0
2022-06-28,illegal-alien,0,0,0,0,0
2022-06-28,angel-mother,0,0,0,0,0
2022-06-28,angel-family,0,0,0,0,0
2022-06-29,criminal-alien,0,0,0,0,0
2022-06-29,illegal-alien,0,0,0,0,0
2022-06-29,angel-mother,0,0,0,0,0
2022-06-29,angel-family,0,0,0,0,0
2022-06-30,criminal-alien,0,0,0,0,0
2022-06-30,illegal-alien,0,0,0,0,0
2022-06-30,angel-mother,0,0,0,0,0
2022-06-30,angel-family,0,0,0,0,0
2022-07-01,criminal-alien,0,0,0,0,0
2022-07-01,illegal-alien,0,0,0,0,0
2022-07-01,angel-mother,0,0,0,0,0
2022-07-01,angel-family,0,0,0,0,0
2022-07-02,criminal-alien,0,0,0,0,0
2022-07-02,illegal-alien,0,0,0,0,0
2022-07-02,angel-mother,0,0,0,0,0
2022-07-02,angel-family,0,0,0,0,0
2022-07-03,criminal-alien,0,0,0,0,0
2022-07-03,illegal-alien,0,0,0,0,0
2022-07-03,angel-mother,0,0,0,0,0
2022-07-03,angel-family,0,0,0,0,0
2022-07-04,criminal-alien,0,0,0,0,0
2022-07-04,illegal-alien,0,0,0,0,0
2022-07-04,angel-mother,0,0,0,0,0
2022-07-04,angel-family,0,0,0,0,0
2022-07-05,criminal-alien,0,0,0,0,0
2022-07-05,illegal-alien,0,0,0,0,0
2022-07-05,angel-mother,0,0,0,0,0
2022-07-05,angel-family,0,0,0,0,0
2022-07-06,criminal-alien,0,0,0,0,0
2022-07-06,illegal-alien,0,0,0,0,0
2022-07-06,angel-mother,0,0,0,0,0
2022-07-06,angel-family,0,0,0,0,0
2022-07-07,criminal-alien,0,0,0,0,0
2022-07-07,illegal-alien,0,0,0,0,0
2022-07-07,angel-mother,0,0,0,0,0
2022-07-07,angel-family,0,0,0,0,0
2022-07-08,criminal-alien,0,0,0,0,0
2022-07-08,illegal-alien,0,0,0,0,0
2022-07-08,angel-mother,0,0,0,0,0
2022-07-08,angel-family,0,0,0,0,0
2022-07-09,criminal-alien,0,0,0,0,0
2022-07-09,illegal-alien,0,0,0,0,0
2022-07-09,angel-mother,0,0,0,0,0
2022-07-09,angel-family,0,0,0,0,0
2022-07-10,criminal-alien,0,0,0,0,0
2022-07-10,illegal-alien,0,0,0,0,0
2022-07-10,angel-mother,0,0,0,0,0
2022-07-10,angel-family,0,0,0,0,0
2022-07-11,criminal-alien,0,0,0,0,0
2022-07-11,illegal-alien,0,0,0,0,0
2022-07-11,angel-mother,0,0,0,0,0
2022-07-11,angel-family,0,0,0,0,0
2022-07-12,criminal-alien,0,0,0,0,0
2022-07-12,illegal-alien,0,0,0,0,0
2022-07-12,angel-mother,0,0,0,0,0
2022-07-12,angel-family,0,0,0,0,0
2022-07-13,criminal-alien,0,0,0,0,0
2022-07-13,illegal-alien,0,0,0,0,0
2022-07-13,angel-mother,0,0,0,0,0
2022-07-13,angel-family,0,0,0,0,0
2022-07-14,criminal-alien,0,0,0,0,0
2022-07-14,illegal-alien,0,0,0,0,0
2022-07-14,angel-mother,0,0,0,0,0
2022-07-14,angel-family,0,0,0,0,0
2022-07-15,criminal-alien,0,0,0,0,0
2022-07-15,illegal-alien,0,0,0,0,0
2022-07-15,angel-mother,0,0,0,0,0
2022-07-15,angel-family,0,0,0,0,0
2022-07-16,criminal-alien,0,0,0,0,0
2022-07-16,illegal-alien,0,0,0,0,0
2022-07-16,angel-mother,0,0,0,0,0
2022-07-16,angel-family,0,0,0,0,0
2022-07-17,criminal-alien,0,0,0,0,0
2022-07-17,illegal-alien,0,0,0,0,0
2022-07-17,angel-mother,0,0,0,0,0
2022-07-17,angel-family,0,0,0,0,0
2022-07-18,criminal-alien,0,0,0,0,0
2022-07-18,illegal-alien,0,0,0,0,0
2022-07-18,angel-mother,0,0,0,0,0
2022-07-18,angel-family,0,0,0,0,0
2022-07-19,criminal-alien,0,0,0,0,0
2022-07-19,illegal-alien,0,0,0,0,0
2022-07-19,angel-mother,0,0,0,0,0
2022-07-19,angel-family,0,0,0,0,0
2022-07-20,criminal-alien,0,0,0,0,0
2022-07-20,illegal-alien,0,0,0,0,0
2022-07-20,angel-mother,0,0,0,0,0
2022-07-20,angel-family,0,0,0,0,0
2022-07-21,criminal-alien,0,0,0,0,0
2022-07-21,illegal-alien,0,0,0,0,0
2022-07-21,angel-mother,0,0,0,0,0
2022-07-21,angel-family,0,0,0,0,0
2022-07-22,criminal-alien,0,0,0,0,0
2022-07-22,illegal-alien,0,0,0,0,0
2022-07-22,angel-mother,0,0,0,0,0
2022-07-22,angel-family,0,0,0,0,0
2022-07-23,criminal-alien,0,0,0,0,0
2022-07-23,illegal-alien,0,0,0,0,0
2022-07-23,angel-mother,0,0,0,0,0
2022-07-23,angel-family,0,0,0,0,0
2022-07-24,criminal-alien,0,0,0,0,0
2022-07-24,illegal-alien,0,0,0,0,0
2022-07-24,angel-mother,0,0,0,0,0
2022-07-24,angel-family,0,0,0,0,0
2022-07-25,criminal-alien,0,0,0,0,0
2022-07-25,illegal-alien,0,0,0,0,0
2022-07-25,angel-mother,0,0,0,0,0
2022-07-25,angel-family,0,0,0,0,0
2022-07-26,criminal-alien,0,0,0,0,0
2022-07-26,illegal-alien,0,0,0,0,0
2022-07-26,angel-mother,0,0,0,0,0
2022-07-26,angel-family,0,0,0,0,0
2022-07-27,criminal-alien,0,0,0,0,0
2022-07-27,illegal-alien,0,0,0,0,0
2022-07-27,angel-mother,0,0,0,0,0
2022-07-27,angel-family,0,0,0,0,0
2022-07-28,criminal-alien,0,0,0,0,0
2022-07-28,illegal-alien,0,0,0,0,0
2022-07-28,angel-mother,0,0,0,0,0
2022-07-28,angel-family,0,0,0,0,0
2022-07-29,criminal-alien,0,0,0,0,0
2022-07-29,illegal-alien,0,0,0,0,0
2022-07-29,angel-mother,0,0,0,0,0
2022-07-29,angel-family,0,0,0,0,0
2022-07-30,criminal-alien,0,0,0,0,0
2022-07-30,illegal-alien,0,0,0,0,0
2022-07-30,angel-mother,0,0,0,0,0
2022-07-30,angel-family,0,0,0,0,0
2022-07-31,criminal-alien,0,0,0,0,0
2022-07-31,illegal-alien,0,0,0,0,0
2022-07-31,angel-mother,0,0,0,0,0
2022-07-31,angel-family,0,0,0,0,0
2022-08-01,criminal-alien,0,0,0,0,0
2022-08-01,illegal-alien,0,0,0,0,0
2022-08-01,angel-mother,0,0,0,0,0
2022-08-01,angel-family,0,0,0,0,0
2022-08-02,criminal-alien,0,0,0,0,0
2022-08-02,illegal-alien,0,0,0,0,0
2022-08-02,angel-mother,0,0,0,0,0
2022-08-02,angel-family,0,0,0,0,0
2022-08-03,criminal-alien,0,0,0,0,0
2022-08-03,illegal-alien,0,0,0,0,0
2022-08-03,angel-mother,0,0,0,0,0
2022-08-03,angel-family,0,0,0,0,0
2022-08-04,criminal-alien,0,0,0,0,0
2022-08-04,illegal-alien,0,0,0,0,0
2022-08-04,angel-mother,0,0,0,0,0
2022-08-04,angel-family,0,0,0,0,0
2022-08-05,criminal-alien,0,0,0,0,0
2022-08-05,illegal-alien,0,0,0,0,0
2022-08-05,angel-mother,0,0,0,0,0
2022-08-05,angel-family,0,0,0,0,0
2022-08-06,criminal-alien,0,0,0,0,0
2022-08-06,illegal-alien,0,0,0,0,0
2022-08-06,angel-mother,0,0,0,0,0
2022-08-06,angel-family,0,0,0,0,0
2022-08-07,criminal-alien,0,0,0,0,0
2022-08-07,illegal-alien,0,0,0,0,0
2022-08-07,angel-mother,0,0,0,0,0
2022-08-07,angel-family,0,0,0,0,0
2022-08-08,criminal-alien,0,0,0,0,0
2022-08-08,illegal-alien,0,0,0,0,0
2022-08-08,angel-mother,0,0,0,0,0
2022-08-08,angel-family,0,0,0,0,0
2022-08-09,criminal-alien,0,0,0,0,0
2022-08-09,illegal-alien,0,0,0,0,0
2022-08-09,angel-mother,0,0,0,0,0
2022-08-09,angel-family,0,0,0,0,0
2022-08-10,criminal-alien,0,0,0,0,0
2022-08-10,illegal-alien,0,0,0,0,0
2022-08-10,angel-mother,0,0,0,0,0
2022-08-10,angel-family,0,0,0,0,0
2022-08-11,criminal-alien,0,0,0,0,0
2022-08-11,illegal-alien,0,0,0,0,0
2022-08-11,angel-mother,0,0,0,0,0
2022-08-11,angel-family,0,0,0,0,0
2022-08-12,criminal-alien,0,0,0,0,0
2022-08-12,illegal-alien,0,0,0,0,0
2022-08-12,angel-mother,0,0,0,0,0
2022-08-12,angel-family,0,0,0,0,0
2022-08-13,criminal-alien,0,0,0,0,0
2022-08-13,illegal-alien,0,0,0,0,0
2022-08-13,angel-mother,0,0,0,0,0
2022-08-13,angel-family,0,0,0,0,0
2022-08-14,criminal-alien,0,0,0,0,0
2022-08-14,illegal-alien,0,0,0,0,0
2022-08-14,angel-mother,0,0,0,0,0
2022-08-14,angel-family,0,0,0,0,0
2022-08-15,criminal-alien,0,0,0,0,0
2022-08-15,illegal-alien,0,0,0,0,0
2022-08-15,angel-mother,0,0,0,0,0
2022-08-15,angel-family,0,0,0,0,0
2022-08-16,criminal-alien,0,0,0,0,0
2022-08-16,illegal-alien,0,0,0,0,0
2022-08-16,angel-mother,0,0,0,0,0
2022-08-16,angel-family,0,0,0,0,0
2022-08-17,criminal-alien,0,0,0,0,0
2022-08-17,illegal-alien,0,0,0,0,0
2022-08-17,angel-mother,0,0,0,0,0
2022-08-17,angel-family,0,0,0,0,0
2022-08-18,criminal-alien,0,0,0,0,0
2022-08-18,illegal-alien,0,0,0,0,0
2022-08-18,angel-mother,0,0,0,0,0
2022-08-18,angel-family,0,0,0,0,0
2022-08-19,criminal-alien,0,0,0,0,0
2022-08-19,illegal-alien,0,0,0,0,0
2022-08-19,angel-mother,0,0,0,0,0
2022-08-19,angel-family,0,0,0,0,0
2022-08-20,criminal-alien,0,0,0,0,0
2022-08-20,illegal-alien,0,0,0,0,0
2022-08-20,angel-mother,0,0,0,0,0
2022-08-20,angel-family,0,0,0,0,0
2022-08-21,criminal-alien,0,0,0,0,0
2022-08-21,illegal-alien,0,0,0,0,0
2022-08-21,angel-mother,0,0,0,0,0
2022-08-21,angel-family,0,0,0,0,0
2022-08-22,criminal-alien,0,0,0,0,0
2022-08-22,illegal-alien,0,0,0,0,0
2022-08-22,angel-mother,0,0,0,0,0
2022-08-22,angel-family,0,0,0,0,0
2022-08-23,criminal-alien,0,0,0,0,0
2022-08-23,illegal-alien,0,0,0,0,0
2022-08-23,angel-mother,0,0,0,0,0
2022-08-23,angel-family,0,0,0,0,0
2022-08-24,criminal-alien,0,0,0,0,0
2022-08-24,illegal-alien,0,0,0,0,0
2022-08-24,angel-mother,0,0,0,0,0
2022-08-24,angel-family,0,0,0,0,0
2022-08-25,criminal-alien,0,0,0,0,0
2022-08-25,illegal-alien,0,0,0,0,0
2022-08-25,angel-mother,0,0,0,0,0
2022-08-25,angel-family,0,0,0,0,0
2022-08-26,criminal-alien,0,0,0,0,0
2022-08-26,illegal-alien,0,0,0,0,0
2022-08-26,angel-mother,0,0,0,0,0
2022-08-26,angel-family,0,0,0,0,0
2022-08-27,criminal-alien,0,0,0,0,0
2022-08-27,illegal-alien,0,0,0,0,0
2022-08-27,angel-mother,0,0,0,0,0
2022-08-27,angel-family,0,0,0,0,0
2022-08-28,criminal-alien,0,0,0,0,0
2022-08-28,illegal-alien,0,0,0,0,0
2022-08-28,angel-mother,0,0,0,0,0
2022-08-28,angel-family,0,0,0,0,0
2022-08-29,criminal-alien,0,0,0,0,0
2022-08-29,illegal-alien,0,0,0,0,0
2022-08-29,angel-mother,0,0,0,0,0
2022-08-29,angel-family,0,0,0,0,0
2022-08-30,criminal-alien,0,0,0,0,0
2022-08-30,illegal-alien,0,0,0,0,0
2022-08-30,angel-mother,0,0,0,0,0
2022-08-30,angel-family,0,0,0,0,0
2022-08-31,criminal-alien,0,0,0,0,0
2022-08-31,illegal-alien,0,0,0,0,0
2022-08-31,angel-mother,0,0,0,0,0
2022-08-31,angel-family,0,0,0,0,0
2022-09-01,criminal-alien,0,0,0,0,0
2022-09-01,illegal-alien,0,0,0,0,0
2022-09-01,angel-mother,0,0,0,0,0
2022-09-01,angel-family,0,0,0,0,0
2022-09-02,criminal-alien,0,0,0,0,0
2022-09-02,illegal-alien,0,0,0,0,0
2022-09-02,angel-mother,0,0,0,0,0
2022-09-02,angel-family,0,0,0,0,0
2022-09-03,criminal-alien,0,0,0,0,0
2022-09-03,illegal-alien,0,0,0,0,0
2022-09-03,angel-mother,0,0,0,0,0
2022-09-03,angel-family,0,0,0,0,0
2022-09-04,criminal-alien,0,0,0,0,0
2022-09-04,illegal-alien,0,0,0,0,0
2022-09-04,angel-mother,0,0,0,0,0
2022-09-04,angel-family,0,0,0,0,0
2022-09-05,criminal-alien,0,0,0,0,0
2022-09-05,illegal-alien,0,0,0,0,0
2022-09-05,angel-mother,0,0,0,0,0
2022-09-05,angel-family,0,0,0,0,0
2022-09-06,criminal-alien,0,0,0,0,0
2022-09-06,illegal-alien,0,0,0,0,0
2022-09-06,angel-mother,0,0,0,0,0
2022-09-06,angel-family,0,0,0,0,0
2022-09-07,criminal-alien,0,0,0,0,0
2022-09-07,illegal-alien,0,0,0,0,0
2022-09-07,angel-mother,0,0,0,0,0
2022-09-07,angel-family,0,0,0,0,0
2022-09-08,criminal-alien,0,0,0,0,0
2022-09-08,illegal-alien,0,0,0,0,0
2022-09-08,angel-mother,0,0,0,0,0
2022-09-08,angel-family,0,0,0,0,0
2022-09-09,criminal-alien,0,0,0,0,0
2022-09-09,illegal-alien,0,0,0,0,0
2022-09-09,angel-mother,0,0,0,0,0
2022-09-09,angel-family,0,0,0,0,0
2022-09-10,criminal-alien,0,0,0,0,0
2022-09-10,illegal-alien,0,1,0,0,1
2022-09-10,angel-mother,0,0,0,0,0
2022-09-10,angel-family,0,0,0,0,0
2022-09-11,criminal-alien,0,0,0,0,0
2022-09-11,illegal-alien,0,0,0,0,0
2022-09-11,angel-mother,0,0,0,0,0
2022-09-11,angel-family,0,0,0,0,0
2022-09-12,criminal-alien,0,0,0,0,0
2022-09-12,illegal-alien,0,0,0,0,0
2022-09-12,angel-mother,0,0,0,0,0
2022-09-12,angel-family,0,0,0,0,0
2022-09-13,criminal-alien,0,0,0,0,0
2022-09-13,illegal-alien,0,0,0,0,0
2022-09-13,angel-mother,0,0,0,0,0
2022-09-13,angel-family,0,0,0,0,0
2022-09-14,criminal-alien,0,0,0,0,0
2022-09-14,illegal-alien,0,0,0,0,0
2022-09-14,angel-mother,0,0,0,0,0
2022-09-14,angel-family,0,0,0,0,0
2022-09-15,criminal-alien,0,0,0,0,0
2022-09-15,illegal-alien,0,0,0,0,0
2022-09-15,angel-mother,0,0,0,0,0
2022-09-15,angel-family,0,0,0,0,0
2022-09-16,criminal-alien,0,0,0,0,0
2022-09-16,illegal-alien,0,0,0,0,0
2022-09-16,angel-mother,0,0,0,0,0
2022-09-16,angel-family,0,0,0,0,0
2022-09-17,criminal-alien,0,0,0,0,0
2022-09-17,illegal-alien,0,0,0,0,0
2022-09-17,angel-mother,0,0,0,0,0
2022-09-17,angel-family,0,0,0,0,0
2022-09-18,criminal-alien,0,0,0,0,0
2022-09-18,illegal-alien,0,0,0,0,0
2022-09-18,angel-mother,0,0,0,0,0
2022-09-18,angel-family,0,0,0,0,0
2022-09-19,criminal-alien,0,0,0,0,0
2022-09-19,illegal-alien,0,0,0,0,0
2022-09-19,angel-mother,0,0,0,0,0
2022-09-19,angel-family,0,0,0,0,0
2022-09-20,criminal-alien,0,0,0,0,0
2022-09-20,illegal-alien,0,0,0,0,0
2022-09-20,angel-mother,0,0,0,0,0
2022-09-20,angel-family,0,0,0,0,0
2022-09-21,criminal-alien,0,0,0,0,0
2022-09-21,illegal-alien,0,0,0,0,0
2022-09-21,angel-mother,0,0,0,0,0
2022-09-21,angel-family,0,0,0,0,0
2022-09-22,criminal-alien,0,0,0,0,0
2022-09-22,illegal-alien,0,0,0,0,0
2022-09-22,angel-mother,0,0,0,0,0
2022-09-22,angel-family,0,0,0,0,0
2022-09-23,criminal-alien,0,0,0,0,0
2022-09-23,illegal-alien,0,0,0,0,0
2022-09-23,angel-mother,0,0,0,0,0
2022-09-23,angel-family,0,0,0,0,0
2022-09-24,criminal-alien,0,0,0,0,0
2022-09-24,illegal-alien,0,0,0,0,0
2022-09-24,angel-mother,0,0,0,0,0
2022-09-24,angel-family,0,0,0,0,0
2022-09-25,criminal-alien,0,0,0,0,0
2022-09-25,illegal-alien,0,0,0,0,0
2022-09-25,angel-mother,0,0,0,0,0
2022-09-25,angel-family,0,0,0,0,0
2022-09-26,criminal-alien,0,0,0,0,0
2022-09-26,illegal-alien,0,0,0,0,0
2022-09-26,angel-mother,0,0,0,0,0
2022-09-26,angel-family,0,0,0,0,0
2022-09-27,criminal-alien,0,0,0,0,0
2022-09-27,illegal-alien,0,0,0,0,0
2022-09-27,angel-mother,0,0,0,0,0
2022-09-27,angel-family,0,0,0,0,0
2022-09-28,criminal-alien,0,0,0,0,0
2022-09-28,illegal-alien,0,0,0,0,0
2022-09-28,angel-mother,0,0,0,0,0
2022-09-28,angel-family,0,0,0,0,0
2022-09-29,criminal-alien,0,0,0,0,0
2022-09-29,illegal-alien,0,0,0,0,0
2022-09-29,angel-mother,0,0,0,0,0
2022-09-29,angel-family,0,0,0,0,0
2022-09-30,criminal-alien,0,0,0,0,0
2022-09-30,illegal-alien,0,0,0,0,0
2022-09-30,angel-mother,0,0,0,0,0
2022-09-30,angel-family,0,0,0,0,0
2022-10-01,criminal-alien,0,0,0,0,0
2022-10-01,illegal-alien,0,0,0,0,0
2022-10-01,angel-mother,0,0,0,0,0
2022-10-01,angel-family,0,0,0,0,0
2022-10-02,criminal-alien,0,0,0,0,0
2022-10-02,illegal-alien,0,0,0,0,0
2022-10-02,angel-mother,0,0,0,0,0
2022-10-02,angel-family,0,0,0,0,0
2022-10-03,criminal-alien,0,0,0,0,0
2022-10-03,illegal-alien,0,0,0,0,0
2022-10-03,angel-mother,0,0,0,0,0
2022-10-03,angel-family,0,0,0,0,0
2022-10-04,criminal-alien,0,0,0,0,0
2022-10-04,illegal-alien,0,0,0,0,0
2022-10-04,angel-mother,0,0,0,0,0
2022-10-04,angel-family,0,0,0,0,0
2022-10-05,criminal-alien,0,0,0,0,0
2022-10-05,illegal-alien,0,0,0,0,0
2022-10-05,angel-mother,0,0,0,0,0
2022-10-05,angel-family,0,0,0,0,0
2022-10-06,criminal-alien,0,0,0,0,0
2022-10-06,illegal-alien,0,0,0,0,0
2022-10-06,angel-mother,0,0,0,0,0
2022-10-06,angel-family,0,0,0,0,0
2022-10-07,criminal-alien,0,0,0,0,0
2022-10-07,illegal-alien,0,0,0,0,0
2022-10-07,angel-mother,0,0,0,0,0
2022-10-07,angel-family,0,0,0,0,0
2022-10-08,criminal-alien,0,0,0,0,0
2022-10-08,illegal-alien,0,0,0,0,0
2022-10-08,angel-mother,0,0,0,0,0
2022-10-08,angel-family,0,0,0,0,0
2022-10-09,criminal-alien,0,0,0,0,0
2022-10-09,illegal-alien,0,0,0,0,0
2022-10-09,angel-mother,0,0,0,0,0
2022-10-09,angel-family,0,0,0,0,0
2022-10-10,criminal-alien,0,0,0,0,0
2022-10-10,illegal-alien,0,0,0,0,0
2022-10-10,angel-mother,0,0,0,0,0
2022-10-10,angel-family,0,0,0,0,0
2022-10-11,criminal-alien,0,0,0,0,0
2022-10-11,illegal-alien,0,0,0,0,0
2022-10-11,angel-mother,0,0,0,0,0
2022-10-11,angel-family,0,0,0,0,0
2022-10-12,criminal-alien,0,0,0,0,0
2022-10-12,illegal-alien,0,0,0,0,0
2022-10-12,angel-mother,0,0,0,0,0
2022-10-12,angel-family,0,0,0,0,0
2022-10-13,criminal-alien,0,0,0,0,0
2022-10-13,illegal-alien,0,0,0,0,0
2022-10-13,angel-mother,0,0,0,0,0
2022-10-13,angel-family,0,0,0,0,0
2022-10-14,criminal-alien,0,0,0,0,0
2022-10-14,illegal-alien,0,0,0,0,0
2022-10-14,angel-mother,0,0,0,0,0
2022-10-14,angel-family,0,0,0,0,0
2022-10-15,criminal-alien,0,0,0,0,0
2022-10-15,illegal-alien,0,0,0,0,0
2022-10-15,angel-mother,0,0,0,0,0
2022-10-15,angel-family,0,0,0,0,0
2022-10-16,criminal-alien,0,0,0,0,0
2022-10-16,illegal-alien,0,0,0,0,0
2022-10-16,angel-mother,0,0,0,0,0
2022-10-16,angel-family,0,0,0,0,0
2022-10-17,criminal-alien,0,0,0,0,0
2022-10-17,illegal-alien,0,0,0,0,0
2022-10-17,angel-mother,0,0,0,0,0
2022-10-17,angel-family,0,0,0,0,0
2022-10-18,criminal-alien,0,0,0,0,0
2022-10-18,illegal-alien,0,0,0,0,0
2022-10-18,angel-mother,0,0,0,0,0
2022-10-18,angel-family,0,0,0,0,0
2022-10-19,criminal-alien,0,0,0,0,0
2022-10-19,illegal-alien,0,0,0,0,0
2022-10-19,angel-mother,0,0,0,0,0
2022-10-19,angel-family,0,0,0,0,0
2022-10-20,criminal-alien,0,0,0,0,0
2022-10-20,illegal-alien,0,0,0,0,0
2022-10-20,angel-mother,0,0,0,0,0
2022-10-20,angel-family,0,0,0,0,0
2022-10-21,criminal-alien,0,0,0,0,0
2022-10-21,illegal-alien,0,0,0,0,0
2022-10-21,angel-mother,0,0,0,0,0
2022-10-21,angel-family,0,0,0,0,0
2022-10-22,criminal-alien,0,0,0,0,0
2022-10-22,illegal-alien,0,0,0,0,0
2022-10-22,angel-mother,0,0,0,0,0
2022-10-22,angel-family,0,0,0,0,0
2022-10-23,criminal-alien,0,0,0,0,0
2022-10-23,illegal-alien,0,0,0,0,0
2022-10-23,angel-mother,0,0,0,0,0
2022-10-23,angel-family,0,0,0,0,0
2022-10-24,criminal-alien,0,0,0,0,0
2022-10-24,illegal-alien,0,0,0,0,0
2022-10-24,angel-mother,0,0,0,0,0
2022-10-24,angel-family,0,0,0,0,0
2022-10-25,criminal-alien,0,0,0,0,0
2022-10-25,illegal-alien,0,0,0,0,0
2022-10-25,angel-mother,0,0,0,0,0
2022-10-25,angel-family,0,0,0,0,0
2022-10-26,criminal-alien,0,0,0,0,0
2022-10-26,illegal-alien,0,0,0,0,0
2022-10-26,angel-mother,0,0,0,0,0
2022-10-26,angel-family,0,0,0,0,0
2022-10-27,criminal-alien,0,0,0,0,0
2022-10-27,illegal-alien,0,0,0,0,0
2022-10-27,angel-mother,0,0,0,0,0
2022-10-27,angel-family,0,0,0,0,0
2022-10-28,criminal-alien,0,0,0,0,0
2022-10-28,illegal-alien,0,0,0,0,0
2022-10-28,angel-mother,0,0,0,0,0
2022-10-28,angel-family,0,0,0,0,0
2022-10-29,criminal-alien,0,0,0,0,0
2022-10-29,illegal-alien,0,0,0,0,0
2022-10-29,angel-mother,0,0,0,0,0
2022-10-29,angel-family,0,0,0,0,0
2022-10-30,criminal-alien,0,0,0,0,0
2022-10-30,illegal-alien,0,0,0,0,0
2022-10-30,angel-mother,0,0,0,0,0
2022-10-30,angel-family,0,0,0,0,0
2022-10-31,criminal-alien,0,0,0,0,0
2022-10-31,illegal-alien,0,0,0,0,0
2022-10-31,angel-mother,0,0,0,0,0
2022-10-31,angel-family,0,0,0,0,0
2022-11-01,criminal-alien,0,0,0,0,0
2022-11-01,illegal-alien,0,0,0,0,0
2022-11-01,angel-mother,0,0,0,0,0
2022-11-01,angel-family,0,0,0,0,0
2022-11-02,criminal-alien,0,0,0,0,0
2022-11-02,illegal-alien,0,0,0,0,0
2022-11-02,angel-mother,0,0,0,0,0
2022-11-02,angel-family,0,0,0,0,0
2022-11-03,criminal-alien,0,0,0,0,0
2022-11-03,illegal-alien,0,0,0,0,0
2022-11-03,angel-mother,0,0,0,0,0
2022-11-03,angel-family,0,0,0,0,0
2022-11-04,criminal-alien,0,0,0,0,0
2022-11-04,illegal-alien,0,0,0,0,0
2022-11-04,angel-mother,0,0,0,0,0
2022-11-04,angel-family,0,0,0,0,0
2022-11-05,criminal-alien,0,0,0,0,0
2022-11-05,illegal-alien,0,0,0,0,0
2022-11-05,angel-mother,0,0,0,0,0
2022-11-05,angel-family,0,0,0,0,0
2022-11-06,criminal-alien,0,0,0,0,0
2022-11-06,illegal-alien,0,0,0,0,0
2022-11-06,angel-mother,0,0,0,0,0
2022-11-06,angel-family,0,0,0,0,0
2022-11-07,criminal-alien,0,0,0,0,0
2022-11-07,illegal-alien,0,0,0,0,0
2022-11-07,angel-mother,0,0,0,0,0
2022-11-07,angel-family,0,0,0,0,0
2022-11-08,criminal-alien,0,0,0,0,0
2022-11-08,illegal-alien,0,0,0,0,0
2022-11-08,angel-mother,0,0,0,0,0
2022-11-08,angel-family,0,0,0,0,0
2022-11-09,criminal-alien,0,0,0,0,0
2022-11-09,illegal-alien,0,0,0,0,0
2022-11-09,angel-mother,0,0,0,0,0
2022-11-09,angel-family,0,0,0,0,0
2022-11-10,criminal-alien,0,0,0,0,0
2022-11-10,illegal-alien,0,0,0,0,0
2022-11-10,angel-mother,0,0,0,0,0
2022-11-10,angel-family,0,0,0,0,0
2022-11-11,criminal-alien,0,0,0,0,0
2022-11-11,illegal-alien,0,0,0,0,0
2022-11-11,angel-mother,0,0,0,0,0
2022-11-11,angel-family,0,0,0,0,0
2022-11-12,criminal-alien,0,0,0,0,0
2022-11-12,illegal-alien,0,0,0,0,0
2022-11-12,angel-mother,0,0,0,0,0
2022-11-12,angel-family,0,0,0,0,0
2022-11-13,criminal-alien,0,0,0,0,0
2022-11-13,illegal-alien,0,0,0,0,0
2022-11-13,angel-mother,0,0,0,0,0
2022-11-13,angel-family,0,0,0,0,0
2022-11-14,criminal-alien,0,0,0,0,0
2022-11-14,illegal-alien,0,0,0,0,0
2022-11-14,angel-mother,0,0,0,0,0
2022-11-14,angel-family,0,0,0,0,0
2022-11-15,criminal-alien,0,0,0,0,0
2022-11-15,illegal-alien,0,0,0,0,0
2022-11-15,angel-mother,0,0,0,0,0
2022-11-15,angel-family,0,0,0,0,0
2022-11-16,criminal-alien,0,0,0,0,0
2022-11-16,illegal-alien,0,0,0,0,0
2022-11-16,angel-mother,0,0,0,0,0
2022-11-16,angel-family,0,0,0,0,0
2022-11-17,criminal-alien,0,0,0,0,0
2022-11-17,illegal-alien,0,0,0,0,0
2022-11-17,angel-mother,0,0,0,0,0
2022-11-17,angel-family,0,0,0,0,0
2022-11-18,criminal-alien,0,0,0,0,0
2022-11-18,illegal-alien,0,0,0,0,0
2022-11-18,angel-mother,0,0,0,0,0
2022-11-18,angel-family,0,0,0,0,0
2022-11-19,criminal-alien,0,0,0,0,0
2022-11-19,illegal-alien,0,0,0,0,0
2022-11-19,angel-mother,0,0,0,0,0
2022-11-19,angel-family,0,0,0,0,0
2022-11-20,criminal-alien,0,0,0,0,0
2022-11-20,illegal-alien,0,0,0,0,0
2022-11-20,angel-mother,0,0,0,0,0
2022-11-20,angel-family,0,0,0,0,0
2022-11-21,criminal-alien,0,0,0,0,0
2022-11-21,illegal-alien,0,0,0,0,0
2022-11-21,angel-mother,0,0,0,0,0
2022-11-21,angel-family,0,0,0,0,0
2022-11-22,criminal-alien,0,0,0,0,0
2022-11-22,illegal-alien,0,0,0,0,0
2022-11-22,angel-mother,0,0,0,0,0
2022-11-22,angel-family,0,0,0,0,0
2022-11-23,criminal-alien,0,0,0,0,0
2022-11-23,illegal-alien,0,0,0,0,0
2022-11-23,angel-mother,0,0,0,0,0
2022-11-23,angel-family,0,0,0,0,0
2022-11-24,criminal-alien,0,0,0,0,0
2022-11-24,illegal-alien,0,0,0,0,0
2022-11-24,angel-mother,0,0,0,0,0
2022-11-24,angel-family,0,0,0,0,0
2022-11-25,criminal-alien,0,0,0,0,0
2022-11-25,illegal-alien,0,0,0,0,0
2022-11-25,angel-mother,0,0,0,0,0
2022-11-25,angel-family,0,0,0,0,0
2022-11-26,criminal-alien,0,0,0,0,0
2022-11-26,illegal-alien,0,0,0,0,0
2022-11-26,angel-mother,0,0,0,0,0
2022-11-26,angel-family,0,0,0,0,0
2022-11-27,criminal-alien,0,0,0,0,0
2022-11-27,illegal-alien,0,1,0,0,1
2022-11-27,angel-mother,0,0,0,0,0
2022-11-27,angel-family,0,0,0,0,0
2022-11-28,criminal-alien,0,0,0,0,0
2022-11-28,illegal-alien,0,0,0,0,0
2022-11-28,angel-mother,0,0,0,0,0
2022-11-28,angel-family,0,0,0,0,0
2022-11-29,criminal-alien,0,0,0,0,0
2022-11-29,illegal-alien,0,0,0,0,0
2022-11-29,angel-mother,0,0,0,0,0
2022-11-29,angel-family,0,0,0,0,0
2022-11-30,criminal-alien,0,0,0,0,0
2022-11-30,illegal-alien,0,0,0,0,0
2022-11-30,angel-mother,0,0,0,0,0
2022-11-30,angel-family,0,0,0,0,0
2022-12-01,criminal-alien,0,0,0,0,0
2022-12-01,illegal-alien,0,0,0,0,0
2022-12-01,angel-mother,0,0,0,0,0
2022-12-01,angel-family,0,0,0,0,0
2022-12-02,criminal-alien,0,0,0,0,0
2022-12-02,illegal-alien,0,0,0,0,0
2022-12-02,angel-mother,0,0,0,0,0
2022-12-02,angel-family,0,0,0,0,0
2022-12-03,criminal-alien,0,0,0,0,0
2022-12-03,illegal-alien,0,0,0,0,0
2022-12-03,angel-mother,0,0,0,0,0
2022-12-03,angel-family,0,0,0,0,0
2022-12-04,criminal-alien,0,0,0,0,0
2022-12-04,illegal-alien,0,0,0,0,0
2022-12-04,angel-mother,0,0,0,0,0
2022-12-04,angel-family,0,0,0,0,0
2022-12-05,criminal-alien,0,0,0,0,0
2022-12-05,illegal-alien,0,0,0,0,0
2022-12-05,angel-mother,0,0,0,0,0
2022-12-05,angel-family,0,0,0,0,0
2022-12-06,criminal-alien,0,0,0,0,0
2022-12-06,illegal-alien,0,0,0,0,0
2022-12-06,angel-mother,0,0,0,0,0
2022-12-06,angel-family,0,0,0,0,0
2022-12-07,criminal-alien,0,0,0,0,0
2022-12-07,illegal-alien,0,0,0,0,0
2022-12-07,angel-mother,0,0,0,0,0
2022-12-07,angel-family,0,0,0,0,0
2022-12-08,criminal-alien,0,0,0,0,0
2022-12-08,illegal-alien,0,0,0,0,0
2022-12-08,angel-mother,0,0,0,0,0
2022-12-08,angel-family,0,0,0,0,0
2022-12-09,criminal-alien,0,0,0,0,0
2022-12-09,illegal-alien,0,0,0,0,0
2022-12-09,angel-mother,0,0,0,0,0
2022-12-09,angel-family,0,0,0,0,0
2022-12-10,criminal-alien,0,0,0,0,0
2022-12-10,illegal-alien,0,0,0,0,0
2022-12-10,angel-mother,0,0,0,0,0
2022-12-10,angel-family,0,0,0,0,0
2022-12-11,criminal-alien,0,0,0,0,0
2022-12-11,illegal-alien,0,0,0,0,0
2022-12-11,angel-mother,0,0,0,0,0
2022-12-11,angel-family,0,0,0,0,0
2022-12-12,criminal-alien,0,0,0,0,0
2022-12-12,illegal-alien,0,0,0,0,0
2022-12-12,angel-mother,0,0,0,0,0
2022-12-12,angel-family,0,0,0,0,0
2022-12-13,criminal-alien,0,0,0,0,0
2022-12-13,illegal-alien,0,0,0,0,0
2022-12-13,angel-mother,0,0,0,0,0
2022-12-13,angel-family,0,0,0,0,0
2022-12-14,criminal-alien,0,0,0,0,0
2022-12-14,illegal-alien,0,0,0,0,0
2022-12-14,angel-mother,0,0,0,0,0
2022-12-14,angel-family,0,0,0,0,0
2022-12-15,criminal-alien,0,0,0,0,0
2022-12-15,illegal-alien,0,0,0,0,0
2022-12-15,angel-mother,0,0,0,0,0
2022-12-15,angel-family,0,0,0,0,0
2022-12-16,criminal-alien,0,0,0,0,0
2022-12-16,illegal-alien,0,0,0,0,0
2022-12-16,angel-mother,0,0,0,0,0
2022-12-16,angel-family,0,0,0,0,0
2022-12-17,criminal-alien,0,0,0,0,0
2022-12-17,illegal-alien,0,0,0,0,0
2022-12-17,angel-mother,0,0,0,0,0
2022-12-17,angel-family,0,0,0,0,0
2022-12-18,criminal-alien,0,0,0,0,0
2022-12-18,illegal-alien,0,0,0,0,0
2022-12-18,angel-mother,0,0,0,0,0
2022-12-18,angel-family,0,0,0,0,0
2022-12-19,criminal-alien,0,0,0,0,0
2022-12-19,illegal-alien,0,0,0,0,0
2022-12-19,angel-mother,0,0,0,0,0
2022-12-19,angel-family,0,0,0,0,0
2022-12-20,criminal-alien,0,0,0,0,0
2022-12-20,illegal-alien,0,0,0,0,0
2022-12-20,angel-mother,0,0,0,0,0
2022-12-20,angel-family,0,0,0,0,0
2022-12-21,criminal-alien,0,0,0,0,0
2022-12-21,illegal-alien,0,0,0,0,0
2022-12-21,angel-mother,0,0,0,0,0
2022-12-21,angel-family,0,0,0,0,0
2022-12-22,criminal-alien,0,0,0,0,0
2022-12-22,illegal-alien,0,0,0,0,0
2022-12-22,angel-mother,0,0,0,0,0
2022-12-22,angel-family,0,0,0,0,0
2022-12-23,criminal-alien,0,0,0,0,0
2022-12-23,illegal-alien,0,0,0,0,0
2022-12-23,angel-mother,0,0,0,0,0
2022-12-23,angel-family,0,0,0,0,0
2022-12-24,criminal-alien,0,0,0,0,0
2022-12-24,illegal-alien,0,0,0,0,0
2022-12-24,angel-mother,0,0,0,0,0
2022-12-24,angel-family,0,0,0,0,0
2022-12-25,criminal-alien,0,0,0,0,0
2022-12-25,illegal-alien,0,0,0,0,0
2022-12-25,angel-mother,0,0,0,0,0
2022-12-25,angel-family,0,0,0,0,0
2022-12-26,criminal-alien,0,0,0,0,0
2022-12-26,illegal-alien,0,0,0,0,0
2022-12-26,angel-mother,0,0,0,0,0
2022-12-26,angel-family,0,0,0,0,0
2022-12-27,criminal-alien,0,0,0,0,0
2022-12-27,illegal-alien,0,0,0,0,0
2022-12-27,angel-mother,0,0,0,0,0
2022-12-27,angel-family,0,0,0,0,0
2022-12-28,criminal-alien,0,0,0,0,0
2022-12-28,illegal-alien,0,0,0,0,0
2022-12-28,angel-mother,0,0,0,0,0
2022-12-28,angel-family,0,0,0,0,0
2022-12-29,criminal-alien,0,0,0,0,0
2022-12-29,illegal-alien,0,0,0,0,0
2022-12-29,angel-mother,0,0,0,0,0
2022-12-29,angel-family,0,0,0,0,0
2022-12-30,criminal-alien,0,0,0,0,0
2022-12-30,illegal-alien,0,0,0,0,0
2022-12-30,angel-mother,0,0,0,0,0
2022-12-30,angel-family,0,0,0,0,0
2022-12-31,criminal-alien,0,0,0,0,0
2022-12-31,illegal-alien,0,0,0,0,0
2022-12-31,angel-mother,0,0,0,0,0
2022-12-31,angel-family,0,0,0,0,0
2023-01-01,criminal-alien,0,0,0,0,0
2023-01-01,illegal-alien,0,0,0,0,0
2023-01-01,angel-mother,0,0,0,0,0
2023-01-01,angel-family,0,0,0,0,0
2023-01-02,criminal-alien,0,0,0,0,0
2023-01-02,illegal-alien,0,0,0,0,0
2023-01-02,angel-mother,0,0,0,0,0
2023-01-02,angel-family,0,0,0,0,0
2023-01-03,criminal-alien,0,0,0,0,0
2023-01-03,illegal-alien,0,0,0,0,0
2023-01-03,angel-mother,0,0,0,0,0
2023-01-03,angel-family,0,0,0,0,0
2023-01-04,criminal-alien,0,0,0,0,0
2023-01-04,illegal-alien,0,0,0,0,0
2023-01-04,angel-mother,0,0,0,0,0
2023-01-04,angel-family,0,0,0,0,0
2023-01-05,criminal-alien,0,0,0,0,0
2023-01-05,illegal-alien,0,0,0,0,0
2023-01-05,angel-mother,0,0,0,0,0
2023-01-05,angel-family,0,0,0,0,0
2023-01-06,criminal-alien,0,0,0,0,0
2023-01-06,illegal-alien,0,0,0,0,0
2023-01-06,angel-mother,0,0,0,0,0
2023-01-06,angel-family,0,0,0,0,0
2023-01-07,criminal-alien,0,0,0,0,0
2023-01-07,illegal-alien,0,0,0,0,0
2023-01-07,angel-mother,0,0,0,0,0
2023-01-07,angel-family,0,0,0,0,0
2023-01-08,criminal-alien,0,0,0,0,0
2023-01-08,illegal-alien,0,0,0,0,0
2023-01-08,angel-mother,0,0,0,0,0
2023-01-08,angel-family,0,0,0,0,0
2023-01-09,criminal-alien,0,0,0,0,0
2023-01-09,illegal-alien,0,0,0,0,0
2023-01-09,angel-mother,0,0,0,0,0
2023-01-09,angel-family,0,0,0,0,0
2023-01-10,criminal-alien,0,0,0,0,0
2023-01-10,illegal-alien,0,0,0,0,0
2023-01-10,angel-mother,0,0,0,0,0
2023-01-10,angel-family,0,0,0,0,0
2023-01-11,criminal-alien,0,0,0,0,0
2023-01-11,illegal-alien,0,0,0,0,0
2023-01-11,angel-mother,0,0,0,0,0
2023-01-11,angel-family,0,0,0,0,0
2023-01-12,criminal-alien,0,0,0,0,0
2023-01-12,illegal-alien,0,0,0,0,0
2023-01-12,angel-mother,0,0,0,0,0
2023-01-12,angel-family,0,0,0,0,0
2023-01-13,criminal-alien,0,0,0,0,0
2023-01-13,illegal-alien,0,0,0,0,0
2023-01-13,angel-mother,0,0,0,0,0
2023-01-13,angel-family,0,0,0,0,0
2023-01-14,criminal-alien,0,0,0,0,0
2023-01-14,illegal-alien,0,0,0,0,0
2023-01-14,angel-mother,0,0,0,0,0
2023-01-14,angel-family,0,0,0,0,0
2023-01-15,criminal-alien,0,0,0,0,0
2023-01-15,illegal-alien,0,0,0,0,0
2023-01-15,angel-mother,0,0,0,0,0
2023-01-15,angel-family,0,0,0,0,0
2023-01-16,criminal-alien,0,0,0,0,0
2023-01-16,illegal-alien,0,0,0,0,0
2023-01-16,angel-mother,0,0,0,0,0
2023-01-16,angel-family,0,0,0,0,0
2023-01-17,criminal-alien,0,0,0,0,0
2023-01-17,illegal-alien,0,0,0,0,0
2023-01-17,angel-mother,0,0,0,0,0
2023-01-17,angel-family,0,0,0,0,0
2023-01-18,criminal-alien,0,0,0,0,0
2023-01-18,illegal-alien,0,0,0,0,0
2023-01-18,angel-mother,0,0,0,0,0
2023-01-18,angel-family,0,0,0,0,0
2023-01-19,criminal-alien,0,0,0,0,0
2023-01-19,illegal-alien,0,0,0,0,0
2023-01-19,angel-mother,0,0,0,0,0
2023-01-19,angel-family,0,0,0,0,0
2023-01-20,criminal-alien,0,0,0,0,0
2023-01-20,illegal-alien,0,0,0,0,0
2023-01-20,angel-mother,0,0,0,0,0
2023-01-20,angel-family,0,0,0,0,0
2023-01-21,criminal-alien,0,0,0,0,0
2023-01-21,illegal-alien,0,0,0,0,0
2023-01-21,angel-mother,0,0,0,0,0
2023-01-21,angel-family,0,0,0,0,0
2023-01-22,criminal-alien,0,0,0,0,0
2023-01-22,illegal-alien,0,0,0,0,0
2023-01-22,angel-mother,0,0,0,0,0
2023-01-22,angel-family,0,0,0,0,0
2023-01-23,criminal-alien,0,0,0,0,0
2023-01-23,illegal-alien,0,0,0,0,0
2023-01-23,angel-mother,0,0,0,0,0
2023-01-23,angel-family,0,0,0,0,0
2023-01-24,criminal-alien,0,0,0,0,0
2023-01-24,illegal-alien,0,0,0,0,0
2023-01-24,angel-mother,0,0,0,0,0
2023-01-24,angel-family,0,0,0,0,0
2023-01-25,criminal-alien,0,0,0,0,0
2023-01-25,illegal-alien,0,0,0,0,0
2023-01-25,angel-mother,0,0,0,0,0
2023-01-25,angel-family,0,0,0,0,0
2023-01-26,criminal-alien,0,0,0,0,0
2023-01-26,illegal-alien,0,0,0,0,0
2023-01-26,angel-mother,0,0,0,0,0
2023-01-26,angel-family,0,0,0,0,0
2023-01-27,criminal-alien,0,0,0,0,0
2023-01-27,illegal-alien,0,0,0,0,0
2023-01-27,angel-mother,0,0,0,0,0
2023-01-27,angel-family,0,0,0,0,0
2023-01-28,criminal-alien,0,0,0,0,0
2023-01-28,illegal-alien,0,0,0,0,0
2023-01-28,angel-mother,0,0,0,0,0
2023-01-28,angel-family,0,0,0,0,0
2023-01-29,criminal-alien,0,0,0,0,0
2023-01-29,illegal-alien,0,0,0,0,0
2023-01-29,angel-mother,0,0,0,0,0
2023-01-29,angel-family,0,0,0,0,0
2023-01-30,criminal-alien,0,0,0,0,0
2023-01-30,illegal-alien,0,0,0,0,0
2023-01-30,angel-mother,0,0,0,0,0
2023-01-30,angel-family,0,0,0,0,0
2023-01-31,criminal-alien,0,0,0,0,0
2023-01-31,illegal-alien,0,0,0,0,0
2023-01-31,angel-mother,0,0,0,0,0
2023-01-31,angel-family,0,0,0,0,0
2023-02-01,criminal-alien,0,0,0,0,0
2023-02-01,illegal-alien,0,0,0,0,0
2023-02-01,angel-mother,0,0,0,0,0
2023-02-01,angel-family,0,0,0,0,0
2023-02-02,criminal-alien,0,0,0,0,0
2023-02-02,illegal-alien,0,0,0,0,0
2023-02-02,angel-mother,0,0,0,0,0
2023-02-02,angel-family,0,0,0,0,0
2023-02-03,criminal-alien,0,0,0,0,0
2023-02-03,illegal-alien,0,0,0,0,0
2023-02-03,angel-mother,0,0,0,0,0
2023-02-03,angel-family,0,0,0,0,0
2023-02-04,criminal-alien,0,0,0,0,0
2023-02-04,illegal-alien,0,0,0,0,0
2023-02-04,angel-mother,0,0,0,0,0
2023-02-04,angel-family,0,0,0,0,0
2023-02-05,criminal-alien,0,0,0,0,0
2023-02-05,illegal-alien,0,0,0,0,0
2023-02-05,angel-mother,0,0,0,0,0
2023-02-05,angel-family,0,0,0,0,0
2023-02-06,criminal-alien,0,0,0,0,0
2023-02-06,illegal-alien,0,0,0,0,0
2023-02-06,angel-mother,0,0,0,0,0
2023-02-06,angel-family,0,0,0,0,0
2023-02-07,criminal-alien,0,0,0,0,0
2023-02-07,illegal-alien,0,0,0,0,0
2023-02-07,angel-mother,0,0,0,0,0
2023-02-07,angel-family,0,0,0,0,0
2023-02-08,criminal-alien,0,0,0,0,0
2023-02-08,illegal-alien,0,0,0,0,0
2023-02-08,angel-mother,0,0,0,0,0
2023-02-08,angel-family,0,0,0,0,0
2023-02-09,criminal-alien,0,0,0,0,0
2023-02-09,illegal-alien,0,0,0,0,0
2023-02-09,angel-mother,0,0,0,0,0
2023-02-09,angel-family,0,0,0,0,0
2023-02-10,criminal-alien,0,0,0,0,0
2023-02-10,illegal-alien,0,0,0,0,0
2023-02-10,angel-mother,0,0,0,0,0
2023-02-10,angel-family,0,0,0,0,0
2023-02-11,criminal-alien,0,0,0,0,0
2023-02-11,illegal-alien,0,0,0,0,0
2023-02-11,angel-mother,0,0,0,0,0
2023-02-11,angel-family,0,0,0,0,0
2023-02-12,criminal-alien,0,0,0,0,0
2023-02-12,illegal-alien,0,0,0,0,0
2023-02-12,angel-mother,0,0,0,0,0
2023-02-12,angel-family,0,0,0,0,0
2023-02-13,criminal-alien,0,0,0,0,0
2023-02-13,illegal-alien,0,0,0,0,0
2023-02-13,angel-mother,0,0,0,0,0
2023-02-13,angel-family,0,0,0,0,0
2023-02-14,criminal-alien,0,0,0,0,0
2023-02-14,illegal-alien,0,0,0,0,0
2023-02-14,angel-mother,0,0,0,0,0
2023-02-14,angel-family,0,0,0,0,0
2023-02-15,criminal-alien,0,0,0,0,0
2023-02-15,illegal-alien,0,0,0,0,0
2023-02-15,angel-mother,0,0,0,0,0
2023-02-15,angel-family,0,0,0,0,0
2023-02-16,criminal-alien,0,0,0,0,0
2023-02-16,illegal-alien,0,0,0,0,0
2023-02-16,angel-mother,0,0,0,0,0
2023-02-16,angel-family,0,0,0,0,0
2023-02-17,criminal-alien,0,0,0,0,0
2023-02-17,illegal-alien,0,0,0,0,0
2023-02-17,angel-mother,0,0,0,0,0
2023-02-17,angel-family,0,0,0,0,0
2023-02-18,criminal-alien,0,0,0,0,0
2023-02-18,illegal-alien,0,0,0,0,0
2023-02-18,angel-mother,0,0,0,0,0
2023-02-18,angel-family,0,0,0,0,0
2023-02-19,criminal-alien,0,0,0,0,0
2023-02-19,illegal-alien,0,0,0,0,0
2023-02-19,angel-mother,0,0,0,0,0
2023-02-19,angel-family,0,0,0,0,0
2023-02-20,criminal-alien,0,0,0,0,0
2023-02-20,illegal-alien,0,0,0,0,0
2023-02-20,angel-mother,0,0,0,0,0
2023-02-20,angel-family,0,0,0,0,0
2023-02-21,criminal-alien,0,0,0,0,0
2023-02-21,illegal-alien,0,0,0,0,0
2023-02-21,angel-mother,0,0,0,0,0
2023-02-21,angel-family,0,0,0,0,0
2023-02-22,criminal-alien,0,0,0,0,0
2023-02-22,illegal-alien,0,0,0,0,0
2023-02-22,angel-mother,0,0,0,0,0
2023-02-22,angel-family,0,0,0,0,0
2023-02-23,criminal-alien,0,0,0,0,0
2023-02-23,illegal-alien,0,0,0,0,0
2023-02-23,angel-mother,0,0,0,0,0
2023-02-23,angel-family,0,0,0,0,0
2023-02-24,criminal-alien,0,0,0,0,0
2023-02-24,illegal-alien,0,0,0,0,0
2023-02-24,angel-mother,0,0,0,0,0
2023-02-24,angel-family,0,0,0,0,0
2023-02-25,criminal-alien,0,0,0,0,0
2023-02-25,illegal-alien,0,0,0,0,0
2023-02-25,angel-mother,0,0,0,0,0
2023-02-25,angel-family,0,0,0,0,0
2023-02-26,criminal-alien,0,0,0,0,0
2023-02-26,illegal-alien,0,0,0,0,0
2023-02-26,angel-mother,0,0,0,0,0
2023-02-26,angel-family,0,0,0,0,0
2023-02-27,criminal-alien,0,0,0,0,0
2023-02-27,illegal-alien,0,0,0,0,0
2023-02-27,angel-mother,0,0,0,0,0
2023-02-27,angel-family,0,0,0,0,0
2023-02-28,criminal-alien,0,0,0,0,0
2023-02-28,illegal-alien,0,0,0,0,0
2023-02-28,angel-mother,0,0,0,0,0
2023-02-28,angel-family,0,0,0,0,0
2023-03-01,criminal-alien,0,0,0,0,0
2023-03-01,illegal-alien,0,0,0,0,0
2023-03-01,angel-mother,0,0,0,0,0
2023-03-01,angel-family,0,0,0,0,0
2023-03-02,criminal-alien,0,0,0,0,0
2023-03-02,illegal-alien,0,0,0,0,0
2023-03-02,angel-mother,0,0,0,0,0
2023-03-02,angel-family,0,0,0,0,0
2023-03-03,criminal-alien,0,0,0,0,0
2023-03-03,illegal-alien,0,0,0,0,0
2023-03-03,angel-mother,0,0,0,0,0
2023-03-03,angel-family,0,0,0,0,0
2023-03-04,criminal-alien,0,0,0,0,0
2023-03-04,illegal-alien,0,0,0,0,0
2023-03-04,angel-mother,0,0,0,0,0
2023-03-04,angel-family,0,0,0,0,0
2023-03-05,criminal-alien,0,0,0,0,0
2023-03-05,illegal-alien,0,0,0,0,0
2023-03-05,angel-mother,0,0,0,0,0
2023-03-05,angel-family,0,0,0,0,0
2023-03-06,criminal-alien,0,0,0,0,0
2023-03-06,illegal-alien,0,0,0,0,0
2023-03-06,angel-mother,0,0,0,0,0
2023-03-06,angel-family,0,0,0,0,0
2023-03-07,criminal-alien,0,0,0,0,0
2023-03-07,illegal-alien,0,0,0,0,0
2023-03-07,angel-mother,0,0,0,0,0
2023-03-07,angel-family,0,0,0,0,0
2023-03-08,criminal-alien,0,0,0,0,0
2023-03-08,illegal-alien,0,0,0,0,0
2023-03-08,angel-mother,0,0,0,0,0
2023-03-08,angel-family,0,0,0,0,0
2023-03-09,criminal-alien,0,0,0,0,0
2023-03-09,illegal-alien,0,0,0,0,0
2023-03-09,angel-mother,0,0,0,0,0
2023-03-09,angel-family,0,0,0,0,0
2023-03-10,criminal-alien,0,0,0,0,0
2023-03-10,illegal-alien,0,0,0,0,0
2023-03-10,angel-mother,0,0,0,0,0
2023-03-10,angel-family,0,0,0,0,0
2023-03-11,criminal-alien,0,0,0,0,0
2023-03-11,illegal-alien,0,0,0,0,0
2023-03-11,angel-mother,0,0,0,0,0
2023-03-11,angel-family,0,0,0,0,0
2023-03-12,criminal-alien,0,0,0,0,0
2023-03-12,illegal-alien,0,0,0,0,0
2023-03-12,angel-mother,0,0,0,0,0
2023-03-12,angel-family,0,0,0,0,0
2023-03-13,criminal-alien,0,0,0,0,0
2023-03-13,illegal-alien,0,0,0,0,0
2023-03-13,angel-mother,0,0,0,0,0
2023-03-13,angel-family,0,0,0,0,0
2023-03-14,criminal-alien,0,0,0,0,0
2023-03-14,illegal-alien,0,0,0,0,0
2023-03-14,angel-mother,0,0,0,0,0
2023-03-14,angel-family,0,0,0,0,0
2023-03-15,criminal-alien,0,0,0,0,0
2023-03-15,illegal-alien,0,0,0,0,0
2023-03-15,angel-mother,0,0,0,0,0
2023-03-15,angel-family,0,0,0,0,0
2023-03-16,criminal-alien,0,0,0,0,0
2023-03-16,illegal-alien,0,0,0,0,0
2023-03-16,angel-mother,0,0,0,0,0
2023-03-16,angel-family,0,0,0,0,0
2023-03-17,criminal-alien,0,0,0,0,0
2023-03-17,illegal-alien,0,0,0,0,0
2023-03-17,angel-mother,0,0,0,0,0
2023-03-17,angel-family,0,0,0,0,0
2023-03-18,criminal-alien,0,0,0,0,0
2023-03-18,illegal-alien,0,0,0,0,0
2023-03-18,angel-mother,0,0,0,0,0
2023-03-18,angel-family,0,0,0,0,0
2023-03-19,criminal-alien,0,0,0,0,0
2023-03-19,illegal-alien,0,0,0,0,0
2023-03-19,angel-mother,0,0,0,0,0
2023-03-19,angel-family,0,0,0,0,0
2023-03-20,criminal-alien,0,0,0,0,0
2023-03-20,illegal-alien,0,0,0,0,0
2023-03-20,angel-mother,0,0,0,0,0
2023-03-20,angel-family,0,0,0,0,0
2023-03-21,criminal-alien,0,0,0,0,0
2023-03-21,illegal-alien,0,0,0,0,0
2023-03-21,angel-mother,0,0,0,0,0
2023-03-21,angel-family,0,0,0,0,0
2023-03-22,criminal-alien,0,0,0,0,0
2023-03-22,illegal-alien,0,0,0,0,0
2023-03-22,angel-mother,0,0,0,0,0
2023-03-22,angel-family,0,0,0,0,0
2023-03-23,criminal-alien,0,0,0,0,0
2023-03-23,illegal-alien,0,0,0,0,0
2023-03-23,angel-mother,0,0,0,0,0
2023-03-23,angel-family,0,0,0,0,0
2023-03-24,criminal-alien,0,0,0,0,0
2023-03-24,illegal-alien,0,0,0,0,0
2023-03-24,angel-mother,0,0,0,0,0
2023-03-24,angel-family,0,0,0,0,0
2023-03-25,criminal-alien,0,0,0,0,0
2023-03-25,illegal-alien,0,0,0,0,0
2023-03-25,angel-mother,0,0,0,0,0
2023-03-25,angel-family,0,0,0,0,0
2023-03-26,criminal-alien,0,0,0,0,0
2023-03-26,illegal-alien,0,0,0,0,0
2023-03-26,angel-mother,0,0,0,0,0
2023-03-26,angel-family,0,0,0,0,0
2023-03-27,criminal-alien,0,0,0,0,0
2023-03-27,illegal-alien,0,0,0,0,0
2023-03-27,angel-mother,0,0,0,0,0
2023-03-27,angel-family,0,0,0,0,0
2023-03-28,criminal-alien,0,0,0,0,0
2023-03-28,illegal-alien,0,0,0,0,0
2023-03-28,angel-mother,0,0,0,0,0
2023-03-28,angel-family,0,0,0,0,0
2023-03-29,criminal-alien,0,0,0,0,0
2023-03-29,illegal-alien,0,0,0,0,0
2023-03-29,angel-mother,0,0,0,0,0
2023-03-29,angel-family,0,0,0,0,0
2023-03-30,criminal-alien,0,0,0,0,0
2023-03-30,illegal-alien,0,0,0,0,0
2023-03-30,angel-mother,0,0,0,0,0
2023-03-30,angel-family,0,0,0,0,0
2023-03-31,criminal-alien,0,0,0,0,0
2023-03-31,illegal-alien,0,0,0,0,0
2023-03-31,angel-mother,0,0,0,0,0
2023-03-31,angel-family,0,0,0,0,0
2023-04-01,criminal-alien,0,0,0,0,0
2023-04-01,illegal-alien,0,0,0,0,0
2023-04-01,angel-mother,0,0,0,0,0
2023-04-01,angel-family,0,0,0,0,0
2023-04-02,criminal-alien,0,0,0,0,0
2023-04-02,illegal-alien,0,0,0,0,0
2023-04-02,angel-mother,0,0,0,0,0
2023-04-02,angel-family,0,0,0,0,0
2023-04-03,criminal-alien,0,0,0,0,0
2023-04-03,illegal-alien,0,0,0,0,0
2023-04-03,angel-mother,0,0,0,0,0
2023-04-03,angel-family,0,0,0,0,0
2023-04-04,criminal-alien,0,0,0,0,0
2023-04-04,illegal-alien,0,0,0,0,0
2023-04-04,angel-mother,0,0,0,0,0
2023-04-04,angel-family,0,0,0,0,0
2023-04-05,criminal-alien,0,0,0,0,0
2023-04-05,illegal-alien,0,0,0,0,0
2023-04-05,angel-mother,0,0,0,0,0
2023-04-05,angel-family,0,0,0,0,0
2023-04-06,criminal-alien,0,0,0,0,0
2023-04-06,illegal-alien,0,0,0,0,0
2023-04-06,angel-mother,0,0,0,0,0
2023-04-06,angel-family,0,0,0,0,0
2023-04-07,criminal-alien,0,0,0,0,0
2023-04-07,illegal-alien,0,0,0,0,0
2023-04-07,angel-mother,0,0,0,0,0
2023-04-07,angel-family,0,0,0,0,0
2023-04-08,criminal-alien,0,0,0,0,0
2023-04-08,illegal-alien,0,0,0,0,0
2023-04-08,angel-mother,0,0,0,0,0
2023-04-08,angel-family,0,0,0,0,0
2023-04-09,criminal-alien,0,0,0,0,0
2023-04-09,illegal-alien,0,0,0,0,0
2023-04-09,angel-mother,0,0,0,0,0
2023-04-09,angel-family,0,0,0,0,0
2023-04-10,criminal-alien,0,0,0,0,0
2023-04-10,illegal-alien,0,0,0,0,0
2023-04-10,angel-mother,0,0,0,0,0
2023-04-10,angel-family,0,0,0,0,0
2023-04-11,criminal-alien,0,0,0,0,0
2023-04-11,illegal-alien,0,0,0,0,0
2023-04-11,angel-mother,0,0,0,0,0
2023-04-11,angel-family,0,0,0,0,0
2023-04-12,criminal-alien,0,0,0,0,0
2023-04-12,illegal-alien,0,0,0,0,0
2023-04-12,angel-mother,0,0,0,0,0
2023-04-12,angel-family,0,0,0,0,0
2023-04-13,criminal-alien,0,0,0,0,0
2023-04-13,illegal-alien,0,0,0,0,0
2023-04-13,angel-mother,0,0,0,0,0
2023-04-13,angel-family,0,0,0,0,0
2023-04-14,criminal-alien,0,0,0,0,0
2023-04-14,illegal-alien,0,0,0,0,0
2023-04-14,angel-mother,0,0,0,0,0
2023-04-14,angel-family,0,0,0,0,0
2023-04-15,criminal-alien,0,0,0,0,0
2023-04-15,illegal-alien,0,0,0,0,0
2023-04-15,angel-mother,0,0,0,0,0
2023-04-15,angel-family,0,0,0,0,0
2023-04-16,criminal-alien,0,0,0,0,0
2023-04-16,illegal-alien,0,0,0,0,0
2023-04-16,angel-mother,0,0,0,0,0
2023-04-16,angel-family,0,0,0,0,0
2023-04-17,criminal-alien,0,0,0,0,0
2023-04-17,illegal-alien,0,0,0,0,0
2023-04-17,angel-mother,0,0,0,0,0
2023-04-17,angel-family,0,0,0,0,0
2023-04-18,criminal-alien,0,0,0,0,0
2023-04-18,illegal-alien,0,0,0,0,0
2023-04-18,angel-mother,0,0,0,0,0
2023-04-18,angel-family,0,0,0,0,0
2023-04-19,criminal-alien,0,0,0,0,0
2023-04-19,illegal-alien,0,0,0,0,0
2023-04-19,angel-mother,0,0,0,0,0
2023-04-19,angel-family,0,0,0,0,0
2023-04-20,criminal-alien,0,0,0,0,0
2023-04-20,illegal-alien,0,0,0,0,0
2023-04-20,angel-mother,0,0,0,0,0
2023-04-20,angel-family,0,0,0,0,0
2023-04-21,criminal-alien,0,0,0,0,0
2023-04-21,illegal-alien,0,0,0,0,0
2023-04-21,angel-mother,0,0,0,0,0
2023-04-21,angel-family,0,0,0,0,0
2023-04-22,criminal-alien,0,0,0,0,0
2023-04-22,illegal-alien,0,0,0,0,0
2023-04-22,angel-mother,0,0,0,0,0
2023-04-22,angel-family,0,0,0,0,0
2023-04-23,criminal-alien,0,0,0,0,0
2023-04-23,illegal-alien,0,0,0,0,0
2023-04-23,angel-mother,0,0,0,0,0
2023-04-23,angel-family,0,0,0,0,0
2023-04-24,criminal-alien,0,0,0,0,0
2023-04-24,illegal-alien,0,0,0,0,0
2023-04-24,angel-mother,0,0,0,0,0
2023-04-24,angel-family,0,0,0,0,0
2023-04-25,criminal-alien,0,0,0,0,0
2023-04-25,illegal-alien,0,0,0,0,0
2023-04-25,angel-mother,0,0,0,0,0
2023-04-25,angel-family,0,0,0,0,0
2023-04-26,criminal-alien,0,0,0,0,0
2023-04-26,illegal-alien,0,0,0,0,0
2023-04-26,angel-mother,0,0,0,0,0
2023-04-26,angel-family,0,0,0,0,0
2023-04-27,criminal-alien,0,0,0,0,0
2023-04-27,illegal-alien,0,0,0,0,0
2023-04-27,angel-mother,0,0,0,0,0
2023-04-27,angel-family,0,0,0,0,0
2023-04-28,criminal-alien,0,0,0,0,0
2023-04-28,illegal-alien,0,0,0,0,0
2023-04-28,angel-mother,0,0,0,0,0
2023-04-28,angel-family,0,0,0,0,0
2023-04-29,criminal-alien,0,0,0,0,0
2023-04-29,illegal-alien,0,0,0,0,0
2023-04-29,angel-mother,0,0,0,0,0
2023-04-29,angel-family,0,0,0,0,0
2023-04-30,criminal-alien,0,0,0,0,0
2023-04-30,illegal-alien,0,0,0,0,0
2023-04-30,angel-mother,0,0,0,0,0
2023-04-30,angel-family,0,0,0,0,0
2023-05-01,criminal-alien,0,0,0,0,0
2023-05-01,illegal-alien,0,0,0,0,0
2023-05-01,angel-mother,0,0,0,0,0
2023-05-01,angel-family,0,0,0,0,0
2023-05-02,criminal-alien,0,0,0,0,0
2023-05-02,illegal-alien,0,0,0,0,0
2023-05-02,angel-mother,0,0,0,0,0
2023-05-02,angel-family,0,0,0,0,0
2023-05-03,criminal-alien,0,0,0,0,0
2023-05-03,illegal-alien,0,0,0,0,0
2023-05-03,angel-mother,0,0,0,0,0
2023-05-03,angel-family,0,0,0,0,0
2023-05-04,criminal-alien,0,0,0,0,0
2023-05-04,illegal-alien,0,0,0,0,0
2023-05-04,angel-mother,0,0,0,0,0
2023-05-04,angel-family,0,0,0,0,0
2023-05-05,criminal-alien,0,0,0,0,0
2023-05-05,illegal-alien,0,0,0,0,0
2023-05-05,angel-mother,0,0,0,0,0
2023-05-05,angel-family,0,0,0,0,0
2023-05-06,criminal-alien,0,0,0,0,0
2023-05-06,illegal-alien,0,0,0,0,0
2023-05-06,angel-mother,0,0,0,0,0
2023-05-06,angel-family,0,0,0,0,0
2023-05-07,criminal-alien,0,0,0,0,0
2023-05-07,illegal-alien,0,0,0,0,0
2023-05-07,angel-mother,0,0,0,0,0
2023-05-07,angel-family,0,0,0,0,0
2023-05-08,criminal-alien,0,0,0,0,0
2023-05-08,illegal-alien,0,0,0,0,0
2023-05-08,angel-mother,0,0,0,0,0
2023-05-08,angel-family,0,0,0,0,0
2023-05-09,criminal-alien,0,0,0,0,0
2023-05-09,illegal-alien,0,0,0,0,0
2023-05-09,angel-mother,0,0,0,0,0
2023-05-09,angel-family,0,0,0,0,0
2023-05-10,criminal-alien,0,0,0,0,0
2023-05-10,illegal-alien,0,0,0,0,0
2023-05-10,angel-mother,0,0,0,0,0
2023-05-10,angel-family,0,0,0,0,0
2023-05-11,criminal-alien,0,0,0,0,0
2023-05-11,illegal-alien,0,0,0,0,0
2023-05-11,angel-mother,0,0,0,0,0
2023-05-11,angel-family,0,0,0,0,0
2023-05-12,criminal-alien,0,0,0,0,0
2023-05-12,illegal-alien,0,0,0,0,0
2023-05-12,angel-mother,0,0,0,0,0
2023-05-12,angel-family,0,0,0,0,0
2023-05-13,criminal-alien,0,0,0,0,0
2023-05-13,illegal-alien,0,0,0,0,0
2023-05-13,angel-mother,0,0,0,0,0
2023-05-13,angel-family,0,0,0,0,0
2023-05-14,criminal-alien,0,0,0,0,0
2023-05-14,illegal-alien,0,0,0,0,0
2023-05-14,angel-mother,0,0,0,0,0
2023-05-14,angel-family,0,0,0,0,0
2023-05-15,criminal-alien,0,0,0,0,0
2023-05-15,illegal-alien,0,0,0,0,0
2023-05-15,angel-mother,0,0,0,0,0
2023-05-15,angel-family,0,0,0,0,0
2023-05-16,criminal-alien,0,0,0,0,0
2023-05-16,illegal-alien,0,0,0,0,0
2023-05-16,angel-mother,0,0,0,0,0
2023-05-16,angel-family,0,0,0,0,0
2023-05-17,criminal-alien,0,0,0,0,0
2023-05-17,illegal-alien,0,0,0,0,0
2023-05-17,angel-mother,0,0,0,0,0
2023-05-17,angel-family,0,0,0,0,0
2023-05-18,criminal-alien,0,0,0,0,0
2023-05-18,illegal-alien,0,0,0,0,0
2023-05-18,angel-mother,0,0,0,0,0
2023-05-18,angel-family,0,0,0,0,0
2023-05-19,criminal-alien,0,0,0,0,0
2023-05-19,illegal-alien,0,0,0,0,0
2023-05-19,angel-mother,0,0,0,0,0
2023-05-19,angel-family,0,0,0,0,0
2023-05-20,criminal-alien,0,0,0,0,0
2023-05-20,illegal-alien,0,0,0,0,0
2023-05-20,angel-mother,0,0,0,0,0
2023-05-20,angel-family,0,0,0,0,0
2023-05-21,criminal-alien,0,0,0,0,0
2023-05-21,illegal-alien,0,0,0,0,0
2023-05-21,angel-mother,0,0,0,0,0
2023-05-21,angel-family,0,0,0,0,0
2023-05-22,criminal-alien,0,0,0,0,0
2023-05-22,illegal-alien,0,0,0,0,0
2023-05-22,angel-mother,0,0,0,0,0
2023-05-22,angel-family,0,0,0,0,0
2023-05-23,criminal-alien,0,0,0,0,0
2023-05-23,illegal-alien,0,0,0,0,0
2023-05-23,angel-mother,0,0,0,0,0
2023-05-23,angel-family,0,0,0,0,0
2023-05-24,criminal-alien,0,0,0,0,0
2023-05-24,illegal-alien,0,0,0,0,0
2023-05-24,angel-mother,0,0,0,0,0
2023-05-24,angel-family,0,0,0,0,0
2023-05-25,criminal-alien,0,0,0,0,0
2023-05-25,illegal-alien,0,0,0,0,0
2023-05-25,angel-mother,0,0,0,0,0
2023-05-25,angel-family,0,0,0,0,0
2023-05-26,criminal-alien,0,0,0,0,0
2023-05-26,illegal-alien,0,0,0,0,0
2023-05-26,angel-mother,0,0,0,0,0
2023-05-26,angel-family,0,0,0,0,0
2023-05-27,criminal-alien,0,0,0,0,0
2023-05-27,illegal-alien,0,0,0,0,0
2023-05-27,angel-mother,0,0,0,0,0
2023-05-27,angel-family,0,0,0,0,0
2023-05-28,criminal-alien,0,0,0,0,0
2023-05-28,illegal-alien,0,0,0,0,0
2023-05-28,angel-mother,0,0,0,0,0
2023-05-28,angel-family,0,0,0,0,0
2023-05-29,criminal-alien,0,0,0,0,0
2023-05-29,illegal-alien,0,0,0,0,0
2023-05-29,angel-mother,0,0,0,0,0
2023-05-29,angel-family,0,0,0,0,0
2023-05-30,criminal-alien,0,0,0,0,0
2023-05-30,illegal-alien,0,0,0,0,0
2023-05-30,angel-mother,0,0,0,0,0
2023-05-30,angel-family,0,0,0,0,0
2023-05-31,criminal-alien,0,0,0,0,0
2023-05-31,illegal-alien,0,0,0,0,0
2023-05-31,angel-mother,0,0,0,0,0
2023-05-31,angel-family,0,0,0,0,0
2023-06-01,criminal-alien,0,0,0,0,0
2023-06-01,illegal-alien,0,0,0,0,0
2023-06-01,angel-mother,0,0,0,0,0
2023-06-01,angel-family,0,0,0,0,0
2023-06-02,criminal-alien,0,0,0,0,0
2023-06-02,illegal-alien,0,0,0,0,0
2023-06-02,angel-mother,0,0,0,0,0
2023-06-02,angel-family,0,0,0,0,0
2023-06-03,criminal-alien,0,0,0,0,0
2023-06-03,illegal-alien,0,0,0,0,0
2023-06-03,angel-mother,0,0,0,0,0
2023-06-03,angel-family,0,0,0,0,0
2023-06-04,criminal-alien,0,0,0,0,0
2023-06-04,illegal-alien,0,0,0,0,0
2023-06-04,angel-mother,0,0,0,0,0
2023-06-04,angel-family,0,0,0,0,0
2023-06-05,criminal-alien,0,0,0,0,0
2023-06-05,illegal-alien,0,0,0,0,0
2023-06-05,angel-mother,0,0,0,0,0
2023-06-05,angel-family,0,0,0,0,0
2023-06-06,criminal-alien,0,0,0,0,0
2023-06-06,illegal-alien,0,0,0,0,0
2023-06-06,angel-mother,0,0,0,0,0
2023-06-06,angel-family,0,0,0,0,0
2023-06-07,criminal-alien,0,0,0,0,0
2023-06-07,illegal-alien,0,0,0,0,0
2023-06-07,angel-mother,0,0,0,0,0
2023-06-07,angel-family,0,0,0,0,0
2023-06-08,criminal-alien,0,0,0,0,0
2023-06-08,illegal-alien,0,0,0,0,0
2023-06-08,angel-mother,0,0,0,0,0
2023-06-08,angel-family,0,0,0,0,0
2023-06-09,criminal-alien,0,0,0,0,0
2023-06-09,illegal-alien,0,0,0,0,0
2023-06-09,angel-mother,0,0,0,0,0
2023-06-09,angel-family,0,0,0,0,0
2023-06-10,criminal-alien,0,0,0,0,0
2023-06-10,illegal-alien,0,0,0,0,0
2023-06-10,angel-mother,0,0,0,0,0
2023-06-10,angel-family,0,0,0,0,0
2023-06-11,criminal-alien,0,0,0,0,0
2023-06-11,illegal-alien,0,0,0,0,0
2023-06-11,angel-mother,0,0,0,0,0
2023-06-11,angel-family,0,0,0,0,0
2023-06-12,criminal-alien,0,0,0,0,0
2023-06-12,illegal-alien,0,0,0,0,0
2023-06-12,angel-mother,0,0,0,0,0
2023-06-12,angel-family,0,0,0,0,0
2023-06-13,criminal-alien,0,0,0,0,0
2023-06-13,illegal-alien,0,0,0,0,0
2023-06-13,angel-mother,0,0,0,0,0
2023-06-13,angel-family,0,0,0,0,0
2023-06-14,criminal-alien,0,0,0,0,0
2023-06-14,illegal-alien,0,0,0,0,0
2023-06-14,angel-mother,0,0,0,0,0
2023-06-14,angel-family,0,0,0,0,0
2023-06-15,criminal-alien,0,0,0,0,0
2023-06-15,illegal-alien,0,0,0,0,0
2023-06-15,angel-mother,0,0,0,0,0
2023-06-15,angel-family,0,0,0,0,0
2023-06-16,criminal-alien,0,0,0,0,0
2023-06-16,illegal-alien,0,0,0,0,0
2023-06-16,angel-mother,0,0,0,0,0
2023-06-16,angel-family,0,0,0,0,0
2023-06-17,criminal-alien,0,0,0,0,0
2023-06-17,illegal-alien,0,0,0,0,0
2023-06-17,angel-mother,0,0,0,0,0
2023-06-17,angel-family,0,0,0,0,0
2023-06-18,criminal-alien,0,0,0,0,0
2023-06-18,illegal-alien,0,0,0,0,0
2023-06-18,angel-mother,0,0,0,0,0
2023-06-18,angel-family,0,0,0,0,0
2023-06-19,criminal-alien,0,0,0,0,0
2023-06-19,illegal-alien,0,0,0,0,0
2023-06-19,angel-mother,0,0,0,0,0
2023-06-19,angel-family,0,0,0,0,0
2023-06-20,criminal-alien,0,0,0,0,0
2023-06-20,illegal-alien,0,0,0,0,0
2023-06-20,angel-mother,0,0,0,0,0
2023-06-20,angel-family,0,0,0,0,0
2023-06-21,criminal-alien,0,0,0,0,0
2023-06-21,illegal-alien,0,0,0,0,0
2023-06-21,angel-mother,0,0,0,0,0
2023-06-21,angel-family,0,0,0,0,0
2023-06-22,criminal-alien,0,0,0,0,0
2023-06-22,illegal-alien,0,0,0,0,0
2023-06-22,angel-mother,0,0,0,0,0
2023-06-22,angel-family,0,0,0,0,0
2023-06-23,criminal-alien,0,0,0,0,0
2023-06-23,illegal-alien,0,0,0,0,0
2023-06-23,angel-mother,0,0,0,0,0
2023-06-23,angel-family,0,0,0,0,0
2023-06-24,criminal-alien,0,0,0,0,0
2023-06-24,illegal-alien,0,0,0,0,0
2023-06-24,angel-mother,0,0,0,0,0
2023-06-24,angel-family,0,0,0,0,0
2023-06-25,criminal-alien,0,0,0,0,0
2023-06-25,illegal-alien,0,0,0,0,0
2023-06-25,angel-mother,0,0,0,0,0
2023-06-25,angel-family,0,0,0,0,0
2023-06-26,criminal-alien,0,0,0,0,0
2023-06-26,illegal-alien,0,0,0,0,0
2023-06-26,angel-mother,0,0,0,0,0
2023-06-26,angel-family,0,0,0,0,0
2023-06-27,criminal-alien,0,0,0,0,0
2023-06-27,illegal-alien,0,0,0,0,0
2023-06-27,angel-mother,0,0,0,0,0
2023-06-27,angel-family,0,0,0,0,0
2023-06-28,criminal-alien,0,0,0,0,0
2023-06-28,illegal-alien,0,0,0,0,0
2023-06-28,angel-mother,0,0,0,0,0
2023-06-28,angel-family,0,0,0,0,0
2023-06-29,criminal-alien,0,0,0,0,0
2023-06-29,illegal-alien,0,0,0,0,0
2023-06-29,angel-mother,0,0,0,0,0
2023-06-29,angel-family,0,0,0,0,0
2023-06-30,criminal-alien,0,0,0,0,0
2023-06-30,illegal-alien,0,0,0,0,0
2023-06-30,angel-mother,0,0,0,0,0
2023-06-30,angel-family,0,0,0,0,0
2023-07-01,criminal-alien,0,0,0,0,0
2023-07-01,illegal-alien,0,0,0,0,0
2023-07-01,angel-mother,0,0,0,0,0
2023-07-01,angel-family,0,0,0,0,0
2023-07-02,criminal-alien,0,0,0,0,0
2023-07-02,illegal-alien,0,0,0,0,0
2023-07-02,angel-mother,0,0,0,0,0
2023-07-02,angel-family,0,0,0,0,0
2023-07-03,criminal-alien,0,0,0,0,0
2023-07-03,illegal-alien,0,0,0,0,0
2023-07-03,angel-mother,0,0,0,0,0
2023-07-03,angel-family,0,0,0,0,0
2023-07-04,criminal-alien,0,0,0,0,0
2023-07-04,illegal-alien,0,0,0,0,0
2023-07-04,angel-mother,0,0,0,0,0
2023-07-04,angel-family,0,0,0,0,0
2023-07-05,criminal-alien,0,0,0,0,0
2023-07-05,illegal-alien,0,0,0,0,0
2023-07-05,angel-mother,0,0,0,0,0
2023-07-05,angel-family,0,0,0,0,0
2023-07-06,criminal-alien,0,0,0,0,0
2023-07-06,illegal-alien,0,0,0,0,0
2023-07-06,angel-mother,0,0,0,0,0
2023-07-06,angel-family,0,0,0,0,0
2023-07-07,criminal-alien,0,0,0,0,0
2023-07-07,illegal-alien,0,0,0,0,0
2023-07-07,angel-mother,0,0,0,0,0
2023-07-07,angel-family,0,0,0,0,0
2023-07-08,criminal-alien,0,0,0,0,0
2023-07-08,illegal-alien,0,0,0,0,0
2023-07-08,angel-mother,0,0,0,0,0
2023-07-08,angel-family,0,0,0,0,0
2023-07-09,criminal-alien,0,0,0,0,0
2023-07-09,illegal-alien,0,0,0,0,0
2023-07-09,angel-mother,0,0,0,0,0
2023-07-09,angel-family,0,0,0,0,0
2023-07-10,criminal-alien,0,0,0,0,0
2023-07-10,illegal-alien,0,0,0,0,0
2023-07-10,angel-mother,0,0,0,0,0
2023-07-10,angel-family,0,0,0,0,0
2023-07-11,criminal-alien,0,0,0,0,0
2023-07-11,illegal-alien,0,0,0,0,0
2023-07-11,angel-mother,0,0,0,0,0
2023-07-11,angel-family,0,0,0,0,0
2023-07-12,criminal-alien,0,0,0,0,0
2023-07-12,illegal-alien,0,0,0,0,0
2023-07-12,angel-mother,0,0,0,0,0
2023-07-12,angel-family,0,0,0,0,0
2023-07-13,criminal-alien,0,0,0,0,0
2023-07-13,illegal-alien,0,0,0,0,0
2023-07-13,angel-mother,0,0,0,0,0
2023-07-13,angel-family,0,0,0,0,0
2023-07-14,criminal-alien,0,0,0,0,0
2023-07-14,illegal-alien,0,0,0,0,0
2023-07-14,angel-mother,0,0,0,0,0
2023-07-14,angel-family,0,0,0,0,0
2023-07-15,criminal-alien,0,0,0,0,0
2023-07-15,illegal-alien,0,0,0,0,0
2023-07-15,angel-mother,0,0,0,0,0
2023-07-15,angel-family,0,0,0,0,0
2023-07-16,criminal-alien,0,0,0,0,0
2023-07-16,illegal-alien,0,0,0,0,0
2023-07-16,angel-mother,0,0,0,0,0
2023-07-16,angel-family,0,0,0,0,0
2023-07-17,criminal-alien,0,0,0,0,0
2023-07-17,illegal-alien,0,0,0,0,0
2023-07-17,angel-mother,0,0,0,0,0
2023-07-17,angel-family,0,0,0,0,0
2023-07-18,criminal-alien,0,0,0,0,0
2023-07-18,illegal-alien,0,0,0,0,0
2023-07-18,angel-mother,0,0,0,0,0
2023-07-18,angel-family,0,0,0,0,0
2023-07-19,criminal-alien,0,0,0,0,0
2023-07-19,illegal-alien,0,0,0,0,0
2023-07-19,angel-mother,0,0,0,0,0
2023-07-19,angel-family,0,0,0,0,0
2023-07-20,criminal-alien,0,0,0,0,0
2023-07-20,illegal-alien,0,0,0,0,0
2023-07-20,angel-mother,0,0,0,0,0
2023-07-20,angel-family,0,0,0,0,0
2023-07-21,criminal-alien,0,0,0,0,0
2023-07-21,illegal-alien,0,0,0,0,0
2023-07-21,angel-mother,0,0,0,0,0
2023-07-21,angel-family,0,0,0,0,0
2023-07-22,criminal-alien,0,0,0,0,0
2023-07-22,illegal-alien,0,0,0,0,0
2023-07-22,angel-mother,0,0,0,0,0
2023-07-22,angel-family,0,0,0,0,0
2023-07-23,criminal-alien,0,0,0,0,0
2023-07-23,illegal-alien,0,0,0,0,0
2023-07-23,angel-mother,0,0,0,0,0
2023-07-23,angel-family,0,0,0,0,0
2023-07-24,criminal-alien,0,0,0,0,0
2023-07-24,illegal-alien,0,0,0,0,0
2023-07-24,angel-mother,0,0,0,0,0
2023-07-24,angel-family,0,0,0,0,0
2023-07-25,criminal-alien,0,0,0,0,0
2023-07-25,illegal-alien,0,0,0,0,0
2023-07-25,angel-mother,0,0,0,0,0
2023-07-25,angel-family,0,0,0,0,0
2023-07-26,criminal-alien,0,0,0,0,0
2023-07-26,illegal-alien,0,0,0,0,0
2023-07-26,angel-mother,0,0,0,0,0
2023-07-26,angel-family,0,0,0,0,0
2023-07-27,criminal-alien,0,0,0,0,0
2023-07-27,illegal-alien,0,0,0,0,0
2023-07-27,angel-mother,0,0,0,0,0
2023-07-27,angel-family,0,0,0,0,0
2023-07-28,criminal-alien,0,0,0,0,0
2023-07-28,illegal-alien,0,0,0,0,0
2023-07-28,angel-mother,0,0,0,0,0
2023-07-28,angel-family,0,0,0,0,0
2023-07-29,criminal-alien,0,0,0,0,0
2023-07-29,illegal-alien,0,0,0,0,0
2023-07-29,angel-mother,0,0,0,0,0
2023-07-29,angel-family,0,0,0,0,0
2023-07-30,criminal-alien,0,0,0,0,0
2023-07-30,illegal-alien,0,0,0,0,0
2023-07-30,angel-mother,0,0,0,0,0
2023-07-30,angel-family,0,0,0,0,0
2023-07-31,criminal-alien,0,0,0,0,0
2023-07-31,illegal-alien,0,0,0,0,0
2023-07-31,angel-mother,0,0,0,0,0
2023-07-31,angel-family,0,0,0,0,0
2023-08-01,criminal-alien,0,0,0,0,0
2023-08-01,illegal-alien,0,0,0,0,0
2023-08-01,angel-mother,0,0,0,0,0
2023-08-01,angel-family,0,0,0,0,0
2023-08-02,criminal-alien,0,0,0,0,0
2023-08-02,illegal-alien,0,0,0,0,0
2023-08-02,angel-mother,0,0,0,0,0
2023-08-02,angel-family,0,0,0,0,0
2023-08-03,criminal-alien,0,0,0,0,0
2023-08-03,illegal-alien,0,0,0,0,0
2023-08-03,angel-mother,0,0,0,0,0
2023-08-03,angel-family,0,0,0,0,0
2023-08-04,criminal-alien,0,0,0,0,0
2023-08-04,illegal-alien,0,0,0,0,0
2023-08-04,angel-mother,0,0,0,0,0
2023-08-04,angel-family,0,0,0,0,0
2023-08-05,criminal-alien,0,0,0,0,0
2023-08-05,illegal-alien,0,0,0,0,0
2023-08-05,angel-mother,0,0,0,0,0
2023-08-05,angel-family,0,0,0,0,0
2023-08-06,criminal-alien,0,0,0,0,0
2023-08-06,illegal-alien,0,0,0,0,0
2023-08-06,angel-mother,0,0,0,0,0
2023-08-06,angel-family,0,0,0,0,0
2023-08-07,criminal-alien,0,0,0,0,0
2023-08-07,illegal-alien,0,0,0,0,0
2023-08-07,angel-mother,0,0,0,0,0
2023-08-07,angel-family,0,0,0,0,0
2023-08-08,criminal-alien,0,0,0,0,0
2023-08-08,illegal-alien,0,0,0,0,0
2023-08-08,angel-mother,0,0,0,0,0
2023-08-08,angel-family,0,0,0,0,0
2023-08-09,criminal-alien,0,0,0,0,0
2023-08-09,illegal-alien,0,0,0,0,0
2023-08-09,angel-mother,0,0,0,0,0
2023-08-09,angel-family,0,0,0,0,0
2023-08-10,criminal-alien,0,0,0,0,0
2023-08-10,illegal-alien,0,0,0,0,0
2023-08-10,angel-mother,0,0,0,0,0
2023-08-10,angel-family,0,0,0,0,0
2023-08-11,criminal-alien,0,0,0,0,0
2023-08-11,illegal-alien,0,0,0,0,0
2023-08-11,angel-mother,0,0,0,0,0
2023-08-11,angel-family,0,0,0,0,0
2023-08-12,criminal-alien,0,0,0,0,0
2023-08-12,illegal-alien,0,0,0,0,0
2023-08-12,angel-mother,0,0,0,0,0
2023-08-12,angel-family,0,0,0,0,0
2023-08-13,criminal-alien,0,0,0,0,0
2023-08-13,illegal-alien,0,0,0,0,0
2023-08-13,angel-mother,0,0,0,0,0
2023-08-13,angel-family,0,0,0,0,0
2023-08-14,criminal-alien,0,0,0,0,0
2023-08-14,illegal-alien,0,0,0,0,0
2023-08-14,angel-mother,0,0,0,0,0
2023-08-14,angel-family,0,0,0,0,0
2023-08-15,criminal-alien,0,0,0,0,0
2023-08-15,illegal-alien,0,0,0,0,0
2023-08-15,angel-mother,0,0,0,0,0
2023-08-15,angel-family,0,0,0,0,0
2023-08-16,criminal-alien,0,0,0,0,0
2023-08-16,illegal-alien,0,0,0,0,0
2023-08-16,angel-mother,0,0,0,0,0
2023-08-16,angel-family,0,0,0,0,0
2023-08-17,criminal-alien,0,0,0,0,0
2023-08-17,illegal-alien,0,0,0,0,0
2023-08-17,angel-mother,0,0,0,0,0
2023-08-17,angel-family,0,0,0,0,0
2023-08-18,criminal-alien,0,0,0,0,0
2023-08-18,illegal-alien,0,0,0,0,0
2023-08-18,angel-mother,0,0,0,0,0
2023-08-18,angel-family,0,0,0,0,0
2023-08-19,criminal-alien,0,0,0,0,0
2023-08-19,illegal-alien,0,0,0,0,0
2023-08-19,angel-mother,0,0,0,0,0
2023-08-19,angel-family,0,0,0,0,0
2023-08-20,criminal-alien,0,0,0,0,0
2023-08-20,illegal-alien,0,0,0,0,0
2023-08-20,angel-mother,0,0,0,0,0
2023-08-20,angel-family,0,0,0,0,0
2023-08-21,criminal-alien,0,0,0,0,0
2023-08-21,illegal-alien,0,0,0,0,0
2023-08-21,angel-mother,0,0,0,0,0
2023-08-21,angel-family,0,0,0,0,0
2023-08-22,criminal-alien,0,0,0,0,0
2023-08-22,illegal-alien,0,0,0,0,0
2023-08-22,angel-mother,0,0,0,0,0
2023-08-22,angel-family,0,0,0,0,0
2023-08-23,criminal-alien,0,0,0,0,0
2023-08-23,illegal-alien,0,0,0,0,0
2023-08-23,angel-mother,0,0,0,0,0
2023-08-23,angel-family,0,0,0,0,0
2023-08-24,criminal-alien,0,0,0,0,0
2023-08-24,illegal-alien,0,0,0,0,0
2023-08-24,angel-mother,0,0,0,0,0
2023-08-24,angel-family,0,0,0,0,0
2023-08-25,criminal-alien,0,0,0,0,0
2023-08-25,illegal-alien,0,0,0,0,0
2023-08-25,angel-mother,0,0,0,0,0
2023-08-25,angel-family,0,0,0,0,0
2023-08-26,criminal-alien,0,0,0,0,0
2023-08-26,illegal-alien,0,0,0,0,0
2023-08-26,angel-mother,0,0,0,0,0
2023-08-26,angel-family,0,0,0,0,0
2023-08-27,criminal-alien,0,0,0,0,0
2023-08-27,illegal-alien,0,0,0,0,0
2023-08-27,angel-mother,0,0,0,0,0
2023-08-27,angel-family,0,0,0,0,0
2023-08-28,criminal-alien,0,0,0,0,0
2023-08-28,illegal-alien,0,0,0,0,0
2023-08-28,angel-mother,0,0,0,0,0
2023-08-28,angel-family,0,0,0,0,0
2023-08-29,criminal-alien,0,0,0,0,0
2023-08-29,illegal-alien,0,0,0,0,0
2023-08-29,angel-mother,0,0,0,0,0
2023-08-29,angel-family,0,0,0,0,0
2023-08-30,criminal-alien,0,0,0,0,0
2023-08-30,illegal-alien,0,0,0,0,0
2023-08-30,angel-mother,0,0,0,0,0
2023-08-30,angel-family,0,0,0,0,0
2023-08-31,criminal-alien,0,0,0,0,0
2023-08-31,illegal-alien,0,0,0,0,0
2023-08-31,angel-mother,0,0,0,0,0
2023-08-31,angel-family,0,0,0,0,0
2023-09-01,criminal-alien,0,0,0,0,0
2023-09-01,illegal-alien,0,0,0,0,0
2023-09-01,angel-mother,0,0,0,0,0
2023-09-01,angel-family,0,0,0,0,0
2023-09-02,criminal-alien,0,0,0,0,0
2023-09-02,illegal-alien,0,0,0,0,0
2023-09-02,angel-mother,0,0,0,0,0
2023-09-02,angel-family,0,0,0,0,0
2023-09-03,criminal-alien,0,0,0,0,0
2023-09-03,illegal-alien,0,0,0,0,0
2023-09-03,angel-mother,0,0,0,0,0
2023-09-03,angel-family,0,0,0,0,0
2023-09-04,criminal-alien,0,0,0,0,0
2023-09-04,illegal-alien,0,0,0,0,0
2023-09-04,angel-mother,0,0,0,0,0
2023-09-04,angel-family,0,0,0,0,0
2023-09-05,criminal-alien,0,0,0,0,0
2023-09-05,illegal-alien,0,0,0,0,0
2023-09-05,angel-mother,0,0,0,0,0
2023-09-05,angel-family,0,0,0,0,0
2023-09-06,criminal-alien,0,0,0,0,0
2023-09-06,illegal-alien,0,0,0,0,0
2023-09-06,angel-mother,0,0,0,0,0
2023-09-06,angel-family,0,0,0,0,0
2023-09-07,criminal-alien,0,0,0,0,0
2023-09-07,illegal-alien,0,0,0,0,0
2023-09-07,angel-mother,0,0,0,0,0
2023-09-07,angel-family,0,0,0,0,0
2023-09-08,criminal-alien,0,0,0,0,0
2023-09-08,illegal-alien,0,0,0,0,0
2023-09-08,angel-mother,0,0,0,0,0
2023-09-08,angel-family,0,0,0,0,0
2023-09-09,criminal-alien,0,0,0,0,0
2023-09-09,illegal-alien,0,0,0,0,0
2023-09-09,angel-mother,0,0,0,0,0
2023-09-09,angel-family,0,0,0,0,0
2023-09-10,criminal-alien,0,0,0,0,0
2023-09-10,illegal-alien,0,0,0,0,0
2023-09-10,angel-mother,0,0,0,0,0
2023-09-10,angel-family,0,0,0,0,0
2023-09-11,criminal-alien,0,0,0,0,0
2023-09-11,illegal-alien,0,0,0,0,0
2023-09-11,angel-mother,0,0,0,0,0
2023-09-11,angel-family,0,0,0,0,0
2023-09-12,criminal-alien,0,0,0,0,0
2023-09-12,illegal-alien,0,0,0,0,0
2023-09-12,angel-mother,0,0,0,0,0
2023-09-12,angel-family,0,0,0,0,0
2023-09-13,criminal-alien,0,0,0,0,0
2023-09-13,illegal-alien,0,0,0,0,0
2023-09-13,angel-mother,0,0,0,0,0
2023-09-13,angel-family,0,0,0,0,0
2023-09-14,criminal-alien,0,0,0,0,0
2023-09-14,illegal-alien,0,0,0,0,0
2023-09-14,angel-mother,0,0,0,0,0
2023-09-14,angel-family,0,0,0,0,0
2023-09-15,criminal-alien,0,0,0,0,0
2023-09-15,illegal-alien,0,0,0,0,0
2023-09-15,angel-mother,0,0,0,0,0
2023-09-15,angel-family,0,0,0,0,0
2023-09-16,criminal-alien,0,0,0,0,0
2023-09-16,illegal-alien,0,0,0,0,0
2023-09-16,angel-mother,0,0,0,0,0
2023-09-16,angel-family,0,0,0,0,0
2023-09-17,criminal-alien,0,0,0,0,0
2023-09-17,illegal-alien,0,0,0,0,0
2023-09-17,angel-mother,0,0,0,0,0
2023-09-17,angel-family,0,0,0,0,0
2023-09-18,criminal-alien,0,0,0,0,0
2023-09-18,illegal-alien,0,0,0,0,0
2023-09-18,angel-mother,0,0,0,0,0
2023-09-18,angel-family,0,0,0,0,0
2023-09-19,criminal-alien,0,0,0,0,0
2023-09-19,illegal-alien,0,0,0,0,0
2023-09-19,angel-mother,0,0,0,0,0
2023-09-19,angel-family,0,0,0,0,0
2023-09-20,criminal-alien,0,0,0,0,0
2023-09-20,illegal-alien,0,0,0,0,0
2023-09-20,angel-mother,0,0,0,0,0
2023-09-20,angel-family,0,0,0,0,0
2023-09-21,criminal-alien,0,0,0,0,0
2023-09-21,illegal-alien,0,0,0,0,0
2023-09-21,angel-mother,0,0,0,0,0
2023-09-21,angel-family,0,0,0,0,0
2023-09-22,criminal-alien,0,0,0,0,0
2023-09-22,illegal-alien,0,0,0,0,0
2023-09-22,angel-mother,0,0,0,0,0
2023-09-22,angel-family,0,0,0,0,0
2023-09-23,criminal-alien,0,0,0,0,0
2023-09-23,illegal-alien,0,0,0,0,0
2023-09-23,angel-mother,0,0,0,0,0
2023-09-23,angel-family,0,0,0,0,0
2023-09-24,criminal-alien,0,0,0,0,0
2023-09-24,illegal-alien,0,0,0,0,0
2023-09-24,angel-mother,0,0,0,0,0
2023-09-24,angel-family,0,0,0,0,0
2023-09-25,criminal-alien,0,0,0,0,0
2023-09-25,illegal-alien,0,0,0,0,0
2023-09-25,angel-mother,0,0,0,0,0
2023-09-25,angel-family,0,0,0,0,0
2023-09-26,criminal-alien,0,0,0,0,0
2023-09-26,illegal-alien,0,0,0,0,0
2023-09-26,angel-mother,0,0,0,0,0
2023-09-26,angel-family,0,0,0,0,0
2023-09-27,criminal-alien,0,0,0,0,0
2023-09-27,illegal-alien,0,0,0,0,0
2023-09-27,angel-mother,0,0,0,0,0
2023-09-27,angel-family,0,0,0,0,0
2023-09-28,criminal-alien,0,0,0,0,0
2023-09-28,illegal-alien,0,0,0,0,0
2023-09-28,angel-mother,0,0,0,0,0
2023-09-28,angel-family,0,0,0,0,0
2023-09-29,criminal-alien,0,0,0,0,0
2023-09-29,illegal-alien,0,0,0,0,0
2023-09-29,angel-mother,0,0,0,0,0
2023-09-29,angel-family,0,0,0,0,0
2023-09-30,criminal-alien,0,0,0,0,0
2023-09-30,illegal-alien,0,0,0,0,0
2023-09-30,angel-mother,0,0,0,0,0
2023-09-30,angel-family,0,0,0,0,0
2023-10-01,criminal-alien,0,0,0,0,0
2023-10-01,illegal-alien,0,0,0,0,0
2023-10-01,angel-mother,0,0,0,0,0
2023-10-01,angel-family,0,0,0,0,0
2023-10-02,criminal-alien,0,0,0,0,0
2023-10-02,illegal-alien,0,0,0,0,0
2023-10-02,angel-mother,0,0,0,0,0
2023-10-02,angel-family,0,0,0,0,0
2023-10-03,criminal-alien,0,0,0,0,0
2023-10-03,illegal-alien,0,0,0,0,0
2023-10-03,angel-mother,0,0,0,0,0
2023-10-03,angel-family,0,0,0,0,0
2023-10-04,criminal-alien,0,0,0,0,0
2023-10-04,illegal-alien,0,0,0,0,0
2023-10-04,angel-mother,0,0,0,0,0
2023-10-04,angel-family,0,0,0,0,0
2023-10-05,criminal-alien,0,0,0,0,0
2023-10-05,illegal-alien,0,0,0,0,0
2023-10-05,angel-mother,0,0,0,0,0
2023-10-05,angel-family,0,0,0,0,0
2023-10-06,criminal-alien,0,0,0,0,0
2023-10-06,illegal-alien,0,0,0,0,0
2023-10-06,angel-mother,0,0,0,0,0
2023-10-06,angel-family,0,0,0,0,0
2023-10-07,criminal-alien,0,0,0,0,0
2023-10-07,illegal-alien,0,0,0,0,0
2023-10-07,angel-mother,0,0,0,0,0
2023-10-07,angel-family,0,0,0,0,0
2023-10-08,criminal-alien,0,0,0,0,0
2023-10-08,illegal-alien,0,0,0,0,0
2023-10-08,angel-mother,0,0,0,0,0
2023-10-08,angel-family,0,0,0,0,0
2023-10-09,criminal-alien,0,0,0,0,0
2023-10-09,illegal-alien,0,0,0,0,0
2023-10-09,angel-mother,0,0,0,0,0
2023-10-09,angel-family,0,0,0,0,0
2023-10-10,criminal-alien,0,0,0,0,0
2023-10-10,illegal-alien,0,0,0,0,0
2023-10-10,angel-mother,0,0,0,0,0
2023-10-10,angel-family,0,0,0,0,0
2023-10-11,criminal-alien,0,0,0,0,0
2023-10-11,illegal-alien,0,0,0,0,0
2023-10-11,angel-mother,0,0,0,0,0
2023-10-11,angel-family,0,0,0,0,0
2023-10-12,criminal-alien,0,0,0,0,0
2023-10-12,illegal-alien,0,0,0,0,0
2023-10-12,angel-mother,0,0,0,0,0
2023-10-12,angel-family,0,0,0,0,0
2023-10-13,criminal-alien,0,0,0,0,0
2023-10-13,illegal-alien,0,0,0,0,0
2023-10-13,angel-mother,0,0,0,0,0
2023-10-13,angel-family,0,0,0,0,0
2023-10-14,criminal-alien,0,0,0,0,0
2023-10-14,illegal-alien,0,0,0,0,0
2023-10-14,angel-mother,0,0,0,0,0
2023-10-14,angel-family,0,0,0,0,0
2023-10-15,criminal-alien,0,0,0,0,0
2023-10-15,illegal-alien,0,0,0,0,0
2023-10-15,angel-mother,0,0,0,0,0
2023-10-15,angel-family,0,0,0,0,0
2023-10-16,criminal-alien,0,0,0,0,0
2023-10-16,illegal-alien,0,0,0,0,0
2023-10-16,angel-mother,0,0,0,0,0
2023-10-16,angel-family,0,0,0,0,0
2023-10-17,criminal-alien,0,0,0,0,0
2023-10-17,illegal-alien,0,0,0,0,0
2023-10-17,angel-mother,0,0,0,0,0
2023-10-17,angel-family,0,0,0,0,0
2023-10-18,criminal-alien,0,0,0,0,0
2023-10-18,illegal-alien,0,0,0,0,0
2023-10-18,angel-mother,0,0,0,0,0
2023-10-18,angel-family,0,0,0,0,0
2023-10-19,criminal-alien,0,0,0,0,0
2023-10-19,illegal-alien,0,0,0,0,0
2023-10-19,angel-mother,0,0,0,0,0
2023-10-19,angel-family,0,0,0,0,0
2023-10-20,criminal-alien,0,0,0,0,0
2023-10-20,illegal-alien,0,0,0,0,0
2023-10-20,angel-mother,0,0,0,0,0
2023-10-20,angel-family,0,0,0,0,0
2023-10-21,criminal-alien,0,0,0,0,0
2023-10-21,illegal-alien,0,0,0,0,0
2023-10-21,angel-mother,0,0,0,0,0
2023-10-21,angel-family,0,0,0,0,0
2023-10-22,criminal-alien,0,0,0,0,0
2023-10-22,illegal-alien,0,0,0,0,0
2023-10-22,angel-mother,0,0,0,0,0
2023-10-22,angel-family,0,0,0,0,0
2023-10-23,criminal-alien,0,0,0,0,0
2023-10-23,illegal-alien,0,0,0,0,0
2023-10-23,angel-mother,0,0,0,0,0
2023-10-23,angel-family,0,0,0,0,0
2023-10-24,criminal-alien,0,0,0,0,0
2023-10-24,illegal-alien,0,0,0,0,0
2023-10-24,angel-mother,0,0,0,0,0
2023-10-24,angel-family,0,0,0,0,0
2023-10-25,criminal-alien,0,0,0,0,0
2023-10-25,illegal-alien,0,0,0,0,0
2023-10-25,angel-mother,0,0,0,0,0
2023-10-25,angel-family,0,0,0,0,0
2023-10-26,criminal-alien,0,0,0,0,0
2023-10-26,illegal-alien,0,0,0,0,0
2023-10-26,angel-mother,0,0,0,0,0
2023-10-26,angel-family,0,0,0,0,0
2023-10-27,criminal-alien,0,0,0,0,0
2023-10-27,illegal-alien,0,0,0,0,0
2023-10-27,angel-mother,0,0,0,0,0
2023-10-27,angel-family,0,0,0,0,0
2023-10-28,criminal-alien,0,0,0,0,0
2023-10-28,illegal-alien,0,0,0,0,0
2023-10-28,angel-mother,0,0,0,0,0
2023-10-28,angel-family,0,0,0,0,0
2023-10-29,criminal-alien,0,0,0,0,0
2023-10-29,illegal-alien,0,0,0,0,0
2023-10-29,angel-mother,0,0,0,0,0
2023-10-29,angel-family,0,0,0,0,0
2023-10-30,criminal-alien,0,0,0,0,0
2023-10-30,illegal-alien,0,0,0,0,0
2023-10-30,angel-mother,0,0,0,0,0
2023-10-30,angel-family,0,0,0,0,0
2023-10-31,criminal-alien,0,0,0,0,0
2023-10-31,illegal-alien,0,0,0,0,0
2023-10-31,angel-mother,0,0,0,0,0
2023-10-31,angel-family,0,0,0,0,0
2023-11-01,criminal-alien,0,0,0,0,0
2023-11-01,illegal-alien,0,0,0,0,0
2023-11-01,angel-mother,0,0,0,0,0
2023-11-01,angel-family,0,0,0,0,0
2023-11-02,criminal-alien,0,0,0,0,0
2023-11-02,illegal-alien,0,0,0,0,0
2023-11-02,angel-mother,0,0,0,0,0
2023-11-02,angel-family,0,0,0,0,0
2023-11-03,criminal-alien,0,0,0,0,0
2023-11-03,illegal-alien,0,0,0,0,0
2023-11-03,angel-mother,0,0,0,0,0
2023-11-03,angel-family,0,0,0,0,0
2023-11-04,criminal-alien,0,0,0,0,0
2023-11-04,illegal-alien,0,0,0,0,0
2023-11-04,angel-mother,0,0,0,0,0
2023-11-04,angel-family,0,0,0,0,0
2023-11-05,criminal-alien,0,0,0,0,0
2023-11-05,illegal-alien,0,0,0,0,0
2023-11-05,angel-mother,0,0,0,0,0
2023-11-05,angel-family,0,0,0,0,0
2023-11-06,criminal-alien,0,0,0,0,0
2023-11-06,illegal-alien,0,0,0,0,0
2023-11-06,angel-mother,0,0,0,0,0
2023-11-06,angel-family,0,0,0,0,0
2023-11-07,criminal-alien,0,0,0,0,0
2023-11-07,illegal-alien,0,0,0,0,0
2023-11-07,angel-mother,0,0,0,0,0
2023-11-07,angel-family,0,0,0,0,0
2023-11-08,criminal-alien,0,0,0,0,0
2023-11-08,illegal-alien,0,0,0,0,0
2023-11-08,angel-mother,0,0,0,0,0
2023-11-08,angel-family,0,0,0,0,0
2023-11-09,criminal-alien,0,0,0,0,0
2023-11-09,illegal-alien,0,0,0,0,0
2023-11-09,angel-mother,0,0,0,0,0
2023-11-09,angel-family,0,0,0,0,0
2023-11-10,criminal-alien,0,0,0,0,0
2023-11-10,illegal-alien,0,0,0,0,0
2023-11-10,angel-mother,0,0,0,0,0
2023-11-10,angel-family,0,0,0,0,0
2023-11-11,criminal-alien,0,0,0,0,0
2023-11-11,illegal-alien,0,0,0,0,0
2023-11-11,angel-mother,0,0,0,0,0
2023-11-11,angel-family,0,0,0,0,0
2023-11-12,criminal-alien,0,0,0,0,0
2023-11-12,illegal-alien,0,0,0,0,0
2023-11-12,angel-mother,0,0,0,0,0
2023-11-12,angel-family,0,0,0,0,0
2023-11-13,criminal-alien,0,0,0,0,0
2023-11-13,illegal-alien,0,0,0,0,0
2023-11-13,angel-mother,0,0,0,0,0
2023-11-13,angel-family,0,0,0,0,0
2023-11-14,criminal-alien,0,0,0,0,0
2023-11-14,illegal-alien,0,0,0,0,0
2023-11-14,angel-mother,0,0,0,0,0
2023-11-14,angel-family,0,0,0,0,0
2023-11-15,criminal-alien,0,0,0,0,0
2023-11-15,illegal-alien,0,0,0,0,0
2023-11-15,angel-mother,0,0,0,0,0
2023-11-15,angel-family,0,0,0,0,0
2023-11-16,criminal-alien,0,0,0,0,0
2023-11-16,illegal-alien,0,0,0,0,0
2023-11-16,angel-mother,0,0,0,0,0
2023-11-16,angel-family,0,0,0,0,0
2023-11-17,criminal-alien,0,0,0,0,0
2023-11-17,illegal-alien,0,0,0,0,0
2023-11-17,angel-mother,0,0,0,0,0
2023-11-17,angel-family,0,0,0,0,0
2023-11-18,criminal-alien,0,0,0,0,0
2023-11-18,illegal-alien,0,0,0,0,0
2023-11-18,angel-mother,0,0,0,0,0
2023-11-18,angel-family,0,0,0,0,0
2023-11-19,criminal-alien,0,0,0,0,0
2023-11-19,illegal-alien,0,0,0,0,0
2023-11-19,angel-mother,0,0,0,0,0
2023-11-19,angel-family,0,0,0,0,0
2023-11-20,criminal-alien,0,0,0,0,0
2023-11-20,illegal-alien,0,0,0,0,0
2023-11-20,angel-mother,0,0,0,0,0
2023-11-20,angel-family,0,0,0,0,0
2023-11-21,criminal-alien,0,0,0,0,0
2023-11-21,illegal-alien,0,0,0,0,0
2023-11-21,angel-mother,0,0,0,0,0
2023-11-21,angel-family,0,0,0,0,0
2023-11-22,criminal-alien,0,0,0,0,0
2023-11-22,illegal-alien,0,0,0,0,0
2023-11-22,angel-mother,0,0,0,0,0
2023-11-22,angel-family,0,0,0,0,0
2023-11-23,criminal-alien,0,0,0,0,0
2023-11-23,illegal-alien,0,0,0,0,0
2023-11-23,angel-mother,0,0,0,0,0
2023-11-23,angel-family,0,0,0,0,0
2023-11-24,criminal-alien,0,0,0,0,0
2023-11-24,illegal-alien,0,0,0,0,0
2023-11-24,angel-mother,0,0,0,0,0
2023-11-24,angel-family,0,0,0,0,0
2023-11-25,criminal-alien,0,0,0,0,0
2023-11-25,illegal-alien,0,0,0,0,0
2023-11-25,angel-mother,0,0,0,0,0
2023-11-25,angel-family,0,0,0,0,0
2023-11-26,criminal-alien,0,0,0,0,0
2023-11-26,illegal-alien,0,0,0,0,0
2023-11-26,angel-mother,0,0,0,0,0
2023-11-26,angel-family,0,0,0,0,0
2023-11-27,criminal-alien,0,0,0,0,0
2023-11-27,illegal-alien,0,0,0,0,0
2023-11-27,angel-mother,0,0,0,0,0
2023-11-27,angel-family,0,0,0,0,0
2023-11-28,criminal-alien,0,0,0,0,0
2023-11-28,illegal-alien,0,0,0,0,0
2023-11-28,angel-mother,0,0,0,0,0
2023-11-28,angel-family,0,0,0,0,0
2023-11-29,criminal-alien,0,0,0,0,0
2023-11-29,illegal-alien,0,0,0,0,0
2023-11-29,angel-mother,0,0,0,0,0
2023-11-29,angel-family,0,0,0,0,0
2023-11-30,criminal-alien,0,0,0,0,0
2023-11-30,illegal-alien,0,0,0,0,0
2023-11-30,angel-mother,0,0,0,0,0
2023-11-30,angel-family,0,0,0,0,0
2023-12-01,criminal-alien,0,0,0,0,0
2023-12-01,illegal-alien,0,0,0,0,0
2023-12-01,angel-mother,0,0,0,0,0
2023-12-01,angel-family,0,0,0,0,0
2023-12-02,criminal-alien,0,0,0,0,0
2023-12-02,illegal-alien,0,0,0,0,0
2023-12-02,angel-mother,0,0,0,0,0
2023-12-02,angel-family,0,0,0,0,0
2023-12-03,criminal-alien,0,0,0,0,0
2023-12-03,illegal-alien,0,0,0,0,0
2023-12-03,angel-mother,0,0,0,0,0
2023-12-03,angel-family,0,0,0,0,0
2023-12-04,criminal-alien,0,0,0,0,0
2023-12-04,illegal-alien,0,0,0,0,0
2023-12-04,angel-mother,0,0,0,0,0
2023-12-04,angel-family,0,0,0,0,0
2023-12-05,criminal-alien,0,0,0,0,0
2023-12-05,illegal-alien,0,0,0,0,0
2023-12-05,angel-mother,0,0,0,0,0
2023-12-05,angel-family,0,0,0,0,0
2023-12-06,criminal-alien,0,0,0,0,0
2023-12-06,illegal-alien,0,0,0,0,0
2023-12-06,angel-mother,0,0,0,0,0
2023-12-06,angel-family,0,0,0,0,0
2023-12-07,criminal-alien,0,0,0,0,0
2023-12-07,illegal-alien,0,0,0,0,0
2023-12-07,angel-mother,0,0,0,0,0
2023-12-07,angel-family,0,0,0,0,0
2023-12-08,criminal-alien,0,0,0,0,0
2023-12-08,illegal-alien,0,0,0,0,0
2023-12-08,angel-mother,0,0,0,0,0
2023-12-08,angel-family,0,0,0,0,0
2023-12-09,criminal-alien,0,0,0,0,0
2023-12-09,illegal-alien,0,0,0,0,0
2023-12-09,angel-mother,0,0,0,0,0
2023-12-09,angel-family,0,0,0,0,0
2023-12-10,criminal-alien,0,0,0,0,0
2023-12-10,illegal-alien,0,0,0,0,0
2023-12-10,angel-mother,0,0,0,0,0
2023-12-10,angel-family,0,0,0,0,0
2023-12-11,criminal-alien,0,0,0,0,0
2023-12-11,illegal-alien,0,0,0,0,0
2023-12-11,angel-mother,0,0,0,0,0
2023-12-11,angel-family,0,0,0,0,0
2023-12-12,criminal-alien,0,0,0,0,0
2023-12-12,illegal-alien,0,0,0,0,0
2023-12-12,angel-mother,0,0,0,0,0
2023-12-12,angel-family,0,0,0,0,0
2023-12-13,criminal-alien,0,0,0,0,0
2023-12-13,illegal-alien,0,0,0,0,0
2023-12-13,angel-mother,0,0,0,0,0
2023-12-13,angel-family,0,0,0,0,0
2023-12-14,criminal-alien,0,0,0,0,0
2023-12-14,illegal-alien,0,0,0,0,0
2023-12-14,angel-mother,0,0,0,0,0
2023-12-14,angel-family,0,0,0,0,0
2023-12-15,criminal-alien,0,0,0,0,0
2023-12-15,illegal-alien,0,0,0,0,0
2023-12-15,angel-mother,0,0,0,0,0
2023-12-15,angel-family,0,0,0,0,0
2023-12-16,criminal-alien,0,0,0,0,0
2023-12-16,illegal-alien,0,0,0,0,0
2023-12-16,angel-mother,0,0,0,0,0
2023-12-16,angel-family,0,0,0,0,0
2023-12-17,criminal-alien,0,0,0,0,0
2023-12-17,illegal-alien,0,0,0,0,0
2023-12-17,angel-mother,0,0,0,0,0
2023-12-17,angel-family,0,0,0,0,0
2023-12-18,criminal-alien,0,0,0,0,0
2023-12-18,illegal-alien,0,0,0,0,0
2023-12-18,angel-mother,0,0,0,0,0
2023-12-18,angel-family,0,0,0,0,0
2023-12-19,criminal-alien,0,0,0,0,0
2023-12-19,illegal-alien,0,0,0,0,0
2023-12-19,angel-mother,0,0,0,0,0
2023-12-19,angel-family,0,0,0,0,0
2023-12-20,criminal-alien,0,0,0,0,0
2023-12-20,illegal-alien,0,0,0,0,0
2023-12-20,angel-mother,0,0,0,0,0
2023-12-20,angel-family,0,0,0,0,0
2023-12-21,criminal-alien,0,0,0,0,0
2023-12-21,illegal-alien,0,0,0,0,0
2023-12-21,angel-mother,0,0,0,0,0
2023-12-21,angel-family,0,0,0,0,0
2023-12-22,criminal-alien,0,0,0,0,0
2023-12-22,illegal-alien,0,0,0,0,0
2023-12-22,angel-mother,0,0,0,0,0
2023-12-22,angel-family,0,0,0,0,0
2023-12-23,criminal-alien,0,0,0,0,0
2023-12-23,illegal-alien,0,0,0,0,0
2023-12-23,angel-mother,0,0,0,0,0
2023-12-23,angel-family,0,0,0,0,0
2023-12-24,criminal-alien,0,0,0,0,0
2023-12-24,illegal-alien,0,0,0,0,0
2023-12-24,angel-mother,0,0,0,0,0
2023-12-24,angel-family,0,0,0,0,0
2023-12-25,criminal-alien,0,0,0,0,0
2023-12-25,illegal-alien,0,0,0,0,0
2023-12-25,angel-mother,0,0,0,0,0
2023-12-25,angel-family,0,0,0,0,0
2023-12-26,criminal-alien,0,0,0,0,0
2023-12-26,illegal-alien,0,0,0,0,0
2023-12-26,angel-mother,0,0,0,0,0
2023-12-26,angel-family,0,0,0,0,0
2023-12-27,criminal-alien,0,0,0,0,0
2023-12-27,illegal-alien,0,0,0,0,0
2023-12-27,angel-mother,0,0,0,0,0
2023-12-27,angel-family,0,0,0,0,0
2023-12-28,criminal-alien,0,0,0,0,0
2023-12-28,illegal-alien,0,0,0,0,0
2023-12-28,angel-mother,0,0,0,0,0
2023-12-28,angel-family,0,0,0,0,0
2023-12-29,criminal-alien,0,0,0,0,0
2023-12-29,illegal-alien,0,0,0,0,0
2023-12-29,angel-mother,0,0,0,0,0
2023-12-29,angel-family,0,0,0,0,0
2023-12-30,criminal-alien,0,0,0,0,0
2023-12-30,illegal-alien,0,0,0,0,0
2023-12-30,angel-mother,0,0,0,0,0
2023-12-30,angel-family,0,0,0,0,0
2023-12-31,criminal-alien,0,0,0,0,0
2023-12-31,illegal-alien,0,0,0,0,0
2023-12-31,angel-mother,0,0,0,0,0
2023-12-31,angel-family,0,0,0,0,0
2024-01-01,criminal-alien,0,0,0,0,0
2024-01-01,illegal-alien,0,0,0,0,0
2024-01-01,angel-mother,0,0,0,0,0
2024-01-01,angel-family,0,0,0,0,0
2024-01-02,criminal-alien,0,0,0,0,0
2024-01-02,illegal-alien,0,0,0,0,0
2024-01-02,angel-mother,0,0,0,0,0
2024-01-02,angel-family,0,0,0,0,0
2024-01-03,criminal-alien,0,0,0,0,0
2024-01-03,illegal-alien,0,0,0,0,0
2024-01-03,angel-mother,0,0,0,0,0
2024-01-03,angel-family,0,0,0,0,0
2024-01-04,criminal-alien,0,0,0,0,0
2024-01-04,illegal-alien,0,0,0,0,0
2024-01-04,angel-mother,0,0,0,0,0
2024-01-04,angel-family,0,0,0,0,0
2024-01-05,criminal-alien,0,0,0,0,0
2024-01-05,illegal-alien,0,0,0,0,0
2024-01-05,angel-mother,0,0,0,0,0
2024-01-05,angel-family,0,0,0,0,0
2024-01-06,criminal-alien,0,0,0,0,0
2024-01-06,illegal-alien,0,0,0,0,0
2024-01-06,angel-mother,0,0,0,0,0
2024-01-06,angel-family,0,0,0,0,0
2024-01-07,criminal-alien,0,0,0,0,0
2024-01-07,illegal-alien,0,0,0,0,0
2024-01-07,angel-mother,0,0,0,0,0
2024-01-07,angel-family,0,0,0,0,0
2024-01-08,criminal-alien,0,0,0,0,0
2024-01-08,illegal-alien,0,0,0,0,0
2024-01-08,angel-mother,0,0,0,0,0
2024-01-08,angel-family,0,0,0,0,0
2024-01-09,criminal-alien,0,0,0,0,0
2024-01-09,illegal-alien,0,0,0,0,0
2024-01-09,angel-mother,0,0,0,0,0
2024-01-09,angel-family,0,0,0,0,0
2024-01-10,criminal-alien,0,0,0,0,0
2024-01-10,illegal-alien,0,0,0,0,0
2024-01-10,angel-mother,0,0,0,0,0
2024-01-10,angel-family,0,0,0,0,0
2024-01-11,criminal-alien,0,0,0,0,0
2024-01-11,illegal-alien,0,0,0,0,0
2024-01-11,angel-mother,0,0,0,0,0
2024-01-11,angel-family,0,0,0,0,0
2024-01-12,criminal-alien,0,0,0,0,0
2024-01-12,illegal-alien,0,0,0,0,0
2024-01-12,angel-mother,0,0,0,0,0
2024-01-12,angel-family,0,0,0,0,0
2024-01-13,criminal-alien,0,0,0,0,0
2024-01-13,illegal-alien,0,0,0,0,0
2024-01-13,angel-mother,0,0,0,0,0
2024-01-13,angel-family,0,0,0,0,0
2024-01-14,criminal-alien,0,0,0,0,0
2024-01-14,illegal-alien,0,0,0,0,0
2024-01-14,angel-mother,0,0,0,0,0
2024-01-14,angel-family,0,0,0,0,0
2024-01-15,criminal-alien,0,0,0,0,0
2024-01-15,illegal-alien,0,0,0,0,0
2024-01-15,angel-mother,0,0,0,0,0
2024-01-15,angel-family,0,0,0,0,0
2024-01-16,criminal-alien,0,0,0,0,0
2024-01-16,illegal-alien,0,0,0,0,0
2024-01-16,angel-mother,0,0,0,0,0
2024-01-16,angel-family,0,0,0,0,0
2024-01-17,criminal-alien,0,0,0,0,0
2024-01-17,illegal-alien,0,0,0,0,0
2024-01-17,angel-mother,0,0,0,0,0
2024-01-17,angel-family,0,0,0,0,0
2024-01-18,criminal-alien,0,0,0,0,0
2024-01-18,illegal-alien,0,0,0,0,0
2024-01-18,angel-mother,0,0,0,0,0
2024-01-18,angel-family,0,0,0,0,0
2024-01-19,criminal-alien,0,0,0,0,0
2024-01-19,illegal-alien,0,0,0,0,0
2024-01-19,angel-mother,0,0,0,0,0
2024-01-19,angel-family,0,0,0,0,0
2024-01-20,criminal-alien,0,0,0,0,0
2024-01-20,illegal-alien,0,0,0,0,0
2024-01-20,angel-mother,0,0,0,0,0
2024-01-20,angel-family,0,0,0,0,0
2024-01-21,criminal-alien,0,0,0,0,0
2024-01-21,illegal-alien,0,0,0,0,0
2024-01-21,angel-mother,0,0,0,0,0
2024-01-21,angel-family,0,0,0,0,0
2024-01-22,criminal-alien,0,0,0,0,0
2024-01-22,illegal-alien,0,0,0,0,0
2024-01-22,angel-mother,0,0,0,0,0
2024-01-22,angel-family,0,0,0,0,0
2024-01-23,criminal-alien,0,0,0,0,0
2024-01-23,illegal-alien,0,0,0,0,0
2024-01-23,angel-mother,0,0,0,0,0
2024-01-23,angel-family,0,0,0,0,0
2024-01-24,criminal-alien,0,0,0,0,0
2024-01-24,illegal-alien,0,0,0,0,0
2024-01-24,angel-mother,0,0,0,0,0
2024-01-24,angel-family,0,0,0,0,0
2024-01-25,criminal-alien,0,0,0,0,0
2024-01-25,illegal-alien,0,0,0,0,0
2024-01-25,angel-mother,0,0,0,0,0
2024-01-25,angel-family,0,0,0,0,0
2024-01-26,criminal-alien,0,0,0,0,0
2024-01-26,illegal-alien,0,0,0,0,0
2024-01-26,angel-mother,0,0,0,0,0
2024-01-26,angel-family,0,0,0,0,0
2024-01-27,criminal-alien,0,0,0,0,0
2024-01-27,illegal-alien,0,0,0,0,0
2024-01-27,angel-mother,0,0,0,0,0
2024-01-27,angel-family,0,0,0,0,0
2024-01-28,criminal-alien,0,0,0,0,0
2024-01-28,illegal-alien,0,0,0,0,0
2024-01-28,angel-mother,0,0,0,0,0
2024-01-28,angel-family,0,0,0,0,0
2024-01-29,criminal-alien,0,0,0,0,0
2024-01-29,illegal-alien,0,0,0,0,0
2024-01-29,angel-mother,0,0,0,0,0
2024-01-29,angel-family,0,0,0,0,0
2024-01-30,criminal-alien,0,0,0,0,0
2024-01-30,illegal-alien,0,0,0,0,0
2024-01-30,angel-mother,0,0,0,0,0
2024-01-30,angel-family,0,0,0,0,0
2024-01-31,criminal-alien,0,0,0,0,0
2024-01-31,illegal-alien,0,0,0,0,0
2024-01-31,angel-mother,0,0,0,0,0
2024-01-31,angel-family,0,0,0,0,0
2024-02-01,criminal-alien,0,0,0,0,0
2024-02-01,illegal-alien,0,0,0,0,0
2024-02-01,angel-mother,0,0,0,0,0
2024-02-01,angel-family,0,0,0,0,0
2024-02-02,criminal-alien,0,0,0,0,0
2024-02-02,illegal-alien,0,0,0,0,0
2024-02-02,angel-mother,0,0,0,0,0
2024-02-02,angel-family,0,0,0,0,0
2024-02-03,criminal-alien,0,0,0,0,0
2024-02-03,illegal-alien,0,0,0,0,0
2024-02-03,angel-mother,0,0,0,0,0
2024-02-03,angel-family,0,0,0,0,0
2024-02-04,criminal-alien,0,0,0,0,0
2024-02-04,illegal-alien,0,0,0,0,0
2024-02-04,angel-mother,0,0,0,0,0
2024-02-04,angel-family,0,0,0,0,0
2024-02-05,criminal-alien,0,0,0,0,0
2024-02-05,illegal-alien,0,0,0,0,0
2024-02-05,angel-mother,0,0,0,0,0
2024-02-05,angel-family,0,0,0,0,0
2024-02-06,criminal-alien,0,0,0,0,0
2024-02-06,illegal-alien,0,0,0,0,0
2024-02-06,angel-mother,0,0,0,0,0
2024-02-06,angel-family,0,0,0,0,0
2024-02-07,criminal-alien,0,0,0,0,0
2024-02-07,illegal-alien,0,0,0,0,0
2024-02-07,angel-mother,0,0,0,0,0
2024-02-07,angel-family,0,0,0,0,0
2024-02-08,criminal-alien,0,0,0,0,0
2024-02-08,illegal-alien,0,0,0,0,0
2024-02-08,angel-mother,0,0,0,0,0
2024-02-08,angel-family,0,0,0,0,0
2024-02-09,criminal-alien,0,0,0,0,0
2024-02-09,illegal-alien,0,0,0,0,0
2024-02-09,angel-mother,0,0,0,0,0
2024-02-09,angel-family,0,0,0,0,0
2024-02-10,criminal-alien,0,0,0,0,0
2024-02-10,illegal-alien,0,0,0,0,0
2024-02-10,angel-mother,0,0,0,0,0
2024-02-10,angel-family,0,0,0,0,0
2024-02-11,criminal-alien,0,0,0,0,0
2024-02-11,illegal-alien,0,0,0,0,0
2024-02-11,angel-mother,0,0,0,0,0
2024-02-11,angel-family,0,0,0,0,0
2024-02-12,criminal-alien,0,0,0,0,0
2024-02-12,illegal-alien,0,0,0,0,0
2024-02-12,angel-mother,0,0,0,0,0
2024-02-12,angel-family,0,0,0,0,0
2024-02-13,criminal-alien,0,0,0,0,0
2024-02-13,illegal-alien,0,0,0,0,0
2024-02-13,angel-mother,0,0,0,0,0
2024-02-13,angel-family,0,0,0,0,0
2024-02-14,criminal-alien,0,0,0,0,0
2024-02-14,illegal-alien,0,0,0,0,0
2024-02-14,angel-mother,0,0,0,0,0
2024-02-14,angel-family,0,0,0,0,0
2024-02-15,criminal-alien,0,0,0,0,0
2024-02-15,illegal-alien,0,0,0,0,0
2024-02-15,angel-mother,0,0,0,0,0
2024-02-15,angel-family,0,0,0,0,0
2024-02-16,criminal-alien,0,0,0,0,0
2024-02-16,illegal-alien,0,0,0,0,0
2024-02-16,angel-mother,0,0,0,0,0
2024-02-16,angel-family,0,0,0,0,0
2024-02-17,criminal-alien,0,0,0,0,0
2024-02-17,illegal-alien,0,0,0,0,0
2024-02-17,angel-mother,0,0,0,0,0
2024-02-17,angel-family,0,0,0,0,0
2024-02-18,criminal-alien,0,0,0,0,0
2024-02-18,illegal-alien,0,0,0,0,0
2024-02-18,angel-mother,0,0,0,0,0
2024-02-18,angel-family,0,0,0,0,0
2024-02-19,criminal-alien,0,0,0,0,0
2024-02-19,illegal-alien,0,0,0,0,0
2024-02-19,angel-mother,0,0,0,0,0
2024-02-19,angel-family,0,0,0,0,0
2024-02-20,criminal-alien,0,0,0,0,0
2024-02-20,illegal-alien,0,0,0,0,0
2024-02-20,angel-mother,0,0,0,0,0
2024-02-20,angel-family,0,0,0,0,0
2024-02-21,criminal-alien,0,0,0,0,0
2024-02-21,illegal-alien,0,0,0,0,0
2024-02-21,angel-mother,0,0,0,0,0
2024-02-21,angel-family,0,0,0,0,0
2024-02-22,criminal-alien,0,0,0,0,0
2024-02-22,illegal-alien,0,0,0,0,0
2024-02-22,angel-mother,0,0,0,0,0
2024-02-22,angel-family,0,0,0,0,0
2024-02-23,criminal-alien,0,0,0,0,0
2024-02-23,illegal-alien,0,0,0,0,0
2024-02-23,angel-mother,0,0,0,0,0
2024-02-23,angel-family,0,0,0,0,0
2024-02-24,criminal-alien,0,0,0,0,0
2024-02-24,illegal-alien,0,0,0,0,0
2024-02-24,angel-mother,0,0,0,0,0
2024-02-24,angel-family,0,0,0,0,0
2024-02-25,criminal-alien,0,0,0,0,0
2024-02-25,illegal-alien,0,0,0,0,0
2024-02-25,angel-mother,0,0,0,0,0
2024-02-25,angel-family,0,0,0,0,0
2024-02-26,criminal-alien,0,0,0,0,0
2024-02-26,illegal-alien,0,0,0,0,0
2024-02-26,angel-mother,0,0,0,0,0
2024-02-26,angel-family,0,0,0,0,0
2024-02-27,criminal-alien,0,0,0,0,0
2024-02-27,illegal-alien,0,0,0,0,0
2024-02-27,angel-mother,0,0,0,0,0
2024-02-27,angel-family,0,0,0,0,0
2024-02-28,criminal-alien,0,0,0,0,0
2024-02-28,illegal-alien,0,0,0,0,0
2024-02-28,angel-mother,0,0,0,0,0
2024-02-28,angel-family,0,0,0,0,0
2024-02-29,criminal-alien,0,0,0,0,0
2024-02-29,illegal-alien,0,0,0,0,0
2024-02-29,angel-mother,0,0,0,0,0
2024-02-29,angel-family,0,0,0,0,0
2024-03-01,criminal-alien,0,0,0,0,0
2024-03-01,illegal-alien,0,0,0,0,0
2024-03-01,angel-mother,0,0,0,0,0
2024-03-01,angel-family,0,0,0,0,0
2024-03-02,criminal-alien,0,0,0,0,0
2024-03-02,illegal-alien,0,0,0,0,0
2024-03-02,angel-mother,0,0,0,0,0
2024-03-02,angel-family,0,0,0,0,0
2024-03-03,criminal-alien,0,0,0,0,0
2024-03-03,illegal-alien,0,0,0,0,0
2024-03-03,angel-mother,0,0,0,0,0
2024-03-03,angel-family,0,0,0,0,0
2024-03-04,criminal-alien,0,0,0,0,0
2024-03-04,illegal-alien,0,0,0,0,0
2024-03-04,angel-mother,0,0,0,0,0
2024-03-04,angel-family,0,0,0,0,0
2024-03-05,criminal-alien,0,0,0,0,0
2024-03-05,illegal-alien,0,0,0,0,0
2024-03-05,angel-mother,0,0,0,0,0
2024-03-05,angel-family,0,0,0,0,0
2024-03-06,criminal-alien,0,0,0,0,0
2024-03-06,illegal-alien,0,0,0,0,0
2024-03-06,angel-mother,0,0,0,0,0
2024-03-06,angel-family,0,0,0,0,0
2024-03-07,criminal-alien,0,0,0,0,0
2024-03-07,illegal-alien,0,0,0,0,0
2024-03-07,angel-mother,0,0,0,0,0
2024-03-07,angel-family,0,0,0,0,0
2024-03-08,criminal-alien,0,0,0,0,0
2024-03-08,illegal-alien,0,0,0,0,0
2024-03-08,angel-mother,0,0,0,0,0
2024-03-08,angel-family,0,0,0,0,0
2024-03-09,criminal-alien,0,0,0,0,0
2024-03-09,illegal-alien,0,0,0,0,0
2024-03-09,angel-mother,0,0,0,0,0
2024-03-09,angel-family,0,0,0,0,0
2024-03-10,criminal-alien,0,0,0,0,0
2024-03-10,illegal-alien,0,0,0,0,0
2024-03-10,angel-mother,0,0,0,0,0
2024-03-10,angel-family,0,0,0,0,0
2024-03-11,criminal-alien,0,0,0,0,0
2024-03-11,illegal-alien,0,0,0,0,0
2024-03-11,angel-mother,0,0,0,0,0
2024-03-11,angel-family,0,0,0,0,0
2024-03-12,criminal-alien,0,0,0,0,0
2024-03-12,illegal-alien,0,0,0,0,0
2024-03-12,angel-mother,0,0,0,0,0
2024-03-12,angel-family,0,0,0,0,0
2024-03-13,criminal-alien,0,0,0,0,0
2024-03-13,illegal-alien,0,0,0,0,0
2024-03-13,angel-mother,0,0,0,0,0
2024-03-13,angel-family,0,0,0,0,0
2024-03-14,criminal-alien,0,0,0,0,0
2024-03-14,illegal-alien,0,0,0,0,0
2024-03-14,angel-mother,0,0,0,0,0
2024-03-14,angel-family,0,0,0,0,0
2024-03-15,criminal-alien,0,0,0,0,0
2024-03-15,illegal-alien,0,0,0,0,0
2024-03-15,angel-mother,0,0,0,0,0
2024-03-15,angel-family,0,0,0,0,0
2024-03-16,criminal-alien,0,0,0,0,0
2024-03-16,illegal-alien,0,0,0,0,0
2024-03-16,angel-mother,0,0,0,0,0
2024-03-16,angel-family,0,0,0,0,0
2024-03-17,criminal-alien,0,0,0,0,0
2024-03-17,illegal-alien,0,0,0,0,0
2024-03-17,angel-mother,0,0,0,0,0
2024-03-17,angel-family,0,0,0,0,0
2024-03-18,criminal-alien,0,0,0,0,0
2024-03-18,illegal-alien,0,0,0,0,0
2024-03-18,angel-mother,0,0,0,0,0
2024-03-18,angel-family,0,0,0,0,0
2024-03-19,criminal-alien,0,0,0,0,0
2024-03-19,illegal-alien,0,0,0,0,0
2024-03-19,angel-mother,0,0,0,0,0
2024-03-19,angel-family,0,0,0,0,0
2024-03-20,criminal-alien,0,0,0,0,0
2024-03-20,illegal-alien,0,0,0,0,0
2024-03-20,angel-mother,0,0,0,0,0
2024-03-20,angel-family,0,0,0,0,0
2024-03-21,criminal-alien,0,0,0,0,0
2024-03-21,illegal-alien,0,0,0,0,0
2024-03-21,angel-mother,0,0,0,0,0
2024-03-21,angel-family,0,0,0,0,0
2024-03-22,criminal-alien,0,0,0,0,0
2024-03-22,illegal-alien,0,0,0,0,0
2024-03-22,angel-mother,0,0,0,0,0
2024-03-22,angel-family,0,0,0,0,0
2024-03-23,criminal-alien,0,0,0,0,0
2024-03-23,illegal-alien,0,0,0,0,0
2024-03-23,angel-mother,0,0,0,0,0
2024-03-23,angel-family,0,0,0,0,0
2024-03-24,criminal-alien,0,0,0,0,0
2024-03-24,illegal-alien,0,0,0,0,0
2024-03-24,angel-mother,0,0,0,0,0
2024-03-24,angel-family,0,0,0,0,0
2024-03-25,criminal-alien,0,0,0,0,0
2024-03-25,illegal-alien,0,0,0,0,0
2024-03-25,angel-mother,0,0,0,0,0
2024-03-25,angel-family,0,0,0,0,0
2024-03-26,criminal-alien,0,0,0,0,0
2024-03-26,illegal-alien,0,0,0,0,0
2024-03-26,angel-mother,0,0,0,0,0
2024-03-26,angel-family,0,0,0,0,0
2024-03-27,criminal-alien,0,0,0,0,0
2024-03-27,illegal-alien,0,0,0,0,0
2024-03-27,angel-mother,0,0,0,0,0
2024-03-27,angel-family,0,0,0,0,0
2024-03-28,criminal-alien,0,0,0,0,0
2024-03-28,illegal-alien,0,0,0,0,0
2024-03-28,angel-mother,0,0,0,0,0
2024-03-28,angel-family,0,0,0,0,0
2024-03-29,criminal-alien,0,0,0,0,0
2024-03-29,illegal-alien,0,0,0,0,0
2024-03-29,angel-mother,0,0,0,0,0
2024-03-29,angel-family,0,0,0,0,0
2024-03-30,criminal-alien,0,0,0,0,0
2024-03-30,illegal-alien,0,0,0,0,0
2024-03-30,angel-mother,0,0,0,0,0
2024-03-30,angel-family,0,0,0,0,0
2024-03-31,criminal-alien,0,0,0,0,0
2024-03-31,illegal-alien,0,0,0,0,0
2024-03-31,angel-mother,0,0,0,0,0
2024-03-31,angel-family,0,0,0,0,0
2024-04-01,criminal-alien,0,0,0,0,0
2024-04-01,illegal-alien,0,0,0,0,0
2024-04-01,angel-mother,0,0,0,0,0
2024-04-01,angel-family,0,0,0,0,0
2024-04-02,criminal-alien,0,0,0,0,0
2024-04-02,illegal-alien,0,0,0,0,0
2024-04-02,angel-mother,0,0,0,0,0
2024-04-02,angel-family,0,0,0,0,0
2024-04-03,criminal-alien,0,0,0,0,0
2024-04-03,illegal-alien,0,0,0,0,0
2024-04-03,angel-mother,0,0,0,0,0
2024-04-03,angel-family,0,0,0,0,0
2024-04-04,criminal-alien,0,0,0,0,0
2024-04-04,illegal-alien,0,0,0,0,0
2024-04-04,angel-mother,0,0,0,0,0
2024-04-04,angel-family,0,0,0,0,0
2024-04-05,criminal-alien,0,0,0,0,0
2024-04-05,illegal-alien,0,0,0,0,0
2024-04-05,angel-mother,0,0,0,0,0
2024-04-05,angel-family,0,0,0,0,0
2024-04-06,criminal-alien,0,0,0,0,0
2024-04-06,illegal-alien,0,0,0,0,0
2024-04-06,angel-mother,0,0,0,0,0
2024-04-06,angel-family,0,0,0,0,0
2024-04-07,criminal-alien,0,0,0,0,0
2024-04-07,illegal-alien,0,0,0,0,0
2024-04-07,angel-mother,0,0,0,0,0
2024-04-07,angel-family,0,0,0,0,0
2024-04-08,criminal-alien,0,0,0,0,0
2024-04-08,illegal-alien,0,0,0,0,0
2024-04-08,angel-mother,0,0,0,0,0
2024-04-08,angel-family,0,0,0,0,0
2024-04-09,criminal-alien,0,0,0,0,0
2024-04-09,illegal-alien,0,0,0,0,0
2024-04-09,angel-mother,0,0,0,0,0
2024-04-09,angel-family,0,0,0,0,0
2024-04-10,criminal-alien,0,0,0,0,0
2024-04-10,illegal-alien,0,0,0,0,0
2024-04-10,angel-mother,0,0,0,0,0
2024-04-10,angel-family,0,0,0,0,0
2024-04-11,criminal-alien,0,0,0,0,0
2024-04-11,illegal-alien,0,0,0,0,0
2024-04-11,angel-mother,0,0,0,0,0
2024-04-11,angel-family,0,0,0,0,0
2024-04-12,criminal-alien,0,0,0,0,0
2024-04-12,illegal-alien,0,0,0,0,0
2024-04-12,angel-mother,0,0,0,0,0
2024-04-12,angel-family,0,0,0,0,0
2024-04-13,criminal-alien,0,0,0,0,0
2024-04-13,illegal-alien,0,0,0,0,0
2024-04-13,angel-mother,0,0,0,0,0
2024-04-13,angel-family,0,0,0,0,0
2024-04-14,criminal-alien,0,0,0,0,0
2024-04-14,illegal-alien,0,0,0,0,0
2024-04-14,angel-mother,0,0,0,0,0
2024-04-14,angel-family,0,0,0,0,0
2024-04-15,criminal-alien,0,0,0,0,0
2024-04-15,illegal-alien,0,0,0,0,0
2024-04-15,angel-mother,0,0,0,0,0
2024-04-15,angel-family,0,0,0,0,0
2024-04-16,criminal-alien,0,0,0,0,0
2024-04-16,illegal-alien,0,0,0,0,0
2024-04-16,angel-mother,0,0,0,0,0
2024-04-16,angel-family,0,0,0,0,0
2024-04-17,criminal-alien,0,0,0,0,0
2024-04-17,illegal-alien,0,0,0,0,0
2024-04-17,angel-mother,0,0,0,0,0
2024-04-17,angel-family,0,0,0,0,0
2024-04-18,criminal-alien,0,0,0,0,0
2024-04-18,illegal-alien,0,0,0,0,0
2024-04-18,angel-mother,0,0,0,0,0
2024-04-18,angel-family,0,0,0,0,0
2024-04-19,criminal-alien,0,0,0,0,0
2024-04-19,illegal-alien,0,0,0,0,0
2024-04-19,angel-mother,0,0,0,0,0
2024-04-19,angel-family,0,0,0,0,0
2024-04-20,criminal-alien,0,0,0,0,0
2024-04-20,illegal-alien,0,0,0,0,0
2024-04-20,angel-mother,0,0,0,0,0
2024-04-20,angel-family,0,0,0,0,0
2024-04-21,criminal-alien,0,0,0,0,0
2024-04-21,illegal-alien,0,0,0,0,0
2024-04-21,angel-mother,0,0,0,0,0
2024-04-21,angel-family,0,0,0,0,0
2024-04-22,criminal-alien,0,0,0,0,0
2024-04-22,illegal-alien,0,0,0,0,0
2024-04-22,angel-mother,0,0,0,0,0
2024-04-22,angel-family,0,0,0,0,0
2024-04-23,criminal-alien,0,0,0,0,0
2024-04-23,illegal-alien,0,0,0,0,0
2024-04-23,angel-mother,0,0,0,0,0
2024-04-23,angel-family,0,0,0,0,0
2024-04-24,criminal-alien,0,0,0,0,0
2024-04-24,illegal-alien,0,0,0,0,0
2024-04-24,angel-mother,0,0,0,0,0
2024-04-24,angel-family,0,0,0,0,0
2024-04-25,criminal-alien,0,0,0,0,0
2024-04-25,illegal-alien,0,0,0,0,0
2024-04-25,angel-mother,0,0,0,0,0
2024-04-25,angel-family,0,0,0,0,0
2024-04-26,criminal-alien,0,0,0,0,0
2024-04-26,illegal-alien,0,0,0,0,0
2024-04-26,angel-mother,0,0,0,0,0
2024-04-26,angel-family,0,0,0,0,0
2024-04-27,criminal-alien,0,0,0,0,0
2024-04-27,illegal-alien,0,0,0,0,0
2024-04-27,angel-mother,0,0,0,0,0
2024-04-27,angel-family,0,0,0,0,0
2024-04-28,criminal-alien,0,0,0,0,0
2024-04-28,illegal-alien,0,0,0,0,0
2024-04-28,angel-mother,0,0,0,0,0
2024-04-28,angel-family,0,0,0,0,0
2024-04-29,criminal-alien,0,0,0,0,0
2024-04-29,illegal-alien,0,0,0,0,0
2024-04-29,angel-mother,0,0,0,0,0
2024-04-29,angel-family,0,0,0,0,0
2024-04-30,criminal-alien,0,0,0,0,0
2024-04-30,illegal-alien,0,0,0,0,0
2024-04-30,angel-mother,0,0,0,0,0
2024-04-30,angel-family,0,0,0,0,0
2024-05-01,criminal-alien,0,0,0,0,0
2024-05-01,illegal-alien,0,0,0,0,0
2024-05-01,angel-mother,0,0,0,0,0
2024-05-01,angel-family,0,0,0,0,0
2024-05-02,criminal-alien,0,0,0,0,0
2024-05-02,illegal-alien,0,0,0,0,0
2024-05-02,angel-mother,0,0,0,0,0
2024-05-02,angel-family,0,0,0,0,0
2024-05-03,criminal-alien,0,0,0,0,0
2024-05-03,illegal-alien,0,0,0,0,0
2024-05-03,angel-mother,0,0,0,0,0
2024-05-03,angel-family,0,0,0,0,0
2024-05-04,criminal-alien,0,0,0,0,0
2024-05-04,illegal-alien,0,0,0,0,0
2024-05-04,angel-mother,0,0,0,0,0
2024-05-04,angel-family,0,0,0,0,0
2024-05-05,criminal-alien,0,0,0,0,0
2024-05-05,illegal-alien,0,0,0,0,0
2024-05-05,angel-mother,0,0,0,0,0
2024-05-05,angel-family,0,0,0,0,0
2024-05-06,criminal-alien,0,0,0,0,0
2024-05-06,illegal-alien,0,0,0,0,0
2024-05-06,angel-mother,0,0,0,0,0
2024-05-06,angel-family,0,0,0,0,0
2024-05-07,criminal-alien,0,0,0,0,0
2024-05-07,illegal-alien,0,0,0,0,0
2024-05-07,angel-mother,0,0,0,0,0
2024-05-07,angel-family,0,0,0,0,0
2024-05-08,criminal-alien,0,0,0,0,0
2024-05-08,illegal-alien,0,0,0,0,0
2024-05-08,angel-mother,0,0,0,0,0
2024-05-08,angel-family,0,0,0,0,0
2024-05-09,criminal-alien,0,0,0,0,0
2024-05-09,illegal-alien,0,0,0,0,0
2024-05-09,angel-mother,0,0,0,0,0
2024-05-09,angel-family,0,0,0,0,0
2024-05-10,criminal-alien,0,0,0,0,0
2024-05-10,illegal-alien,0,0,0,0,0
2024-05-10,angel-mother,0,0,0,0,0
2024-05-10,angel-family,0,0,0,0,0
2024-05-11,criminal-alien,0,0,0,0,0
2024-05-11,illegal-alien,0,0,0,0,0
2024-05-11,angel-mother,0,0,0,0,0
2024-05-11,angel-family,0,0,0,0,0
2024-05-12,criminal-alien,0,0,0,0,0
2024-05-12,illegal-alien,0,0,0,0,0
2024-05-12,angel-mother,0,0,0,0,0
2024-05-12,angel-family,0,0,0,0,0
2024-05-13,criminal-alien,0,0,0,0,0
2024-05-13,illegal-alien,0,0,0,0,0
2024-05-13,angel-mother,0,0,0,0,0
2024-05-13,angel-family,0,0,0,0,0
2024-05-14,criminal-alien,0,0,0,0,0
2024-05-14,illegal-alien,0,0,0,0,0
2024-05-14,angel-mother,0,0,0,0,0
2024-05-14,angel-family,0,0,0,0,0
2024-05-15,criminal-alien,0,0,0,0,0
2024-05-15,illegal-alien,0,0,0,0,0
2024-05-15,angel-mother,0,0,0,0,0
2024-05-15,angel-family,0,0,0,0,0
2024-05-16,criminal-alien,0,0,0,0,0
2024-05-16,illegal-alien,0,0,0,0,0
2024-05-16,angel-mother,0,0,0,0,0
2024-05-16,angel-family,0,0,0,0,0
2024-05-17,criminal-alien,0,0,0,0,0
2024-05-17,illegal-alien,0,0,0,0,0
2024-05-17,angel-mother,0,0,0,0,0
2024-05-17,angel-family,0,0,0,0,0
2024-05-18,criminal-alien,0,0,0,0,0
2024-05-18,illegal-alien,0,0,0,0,0
2024-05-18,angel-mother,0,0,0,0,0
2024-05-18,angel-family,0,0,0,0,0
2024-05-19,criminal-alien,0,0,0,0,0
2024-05-19,illegal-alien,0,0,0,0,0
2024-05-19,angel-mother,0,0,0,0,0
2024-05-19,angel-family,0,0,0,0,0
2024-05-20,criminal-alien,0,0,0,0,0
2024-05-20,illegal-alien,0,0,0,0,0
2024-05-20,angel-mother,0,0,0,0,0
2024-05-20,angel-family,0,0,0,0,0
2024-05-21,criminal-alien,0,0,0,0,0
2024-05-21,illegal-alien,0,0,0,0,0
2024-05-21,angel-mother,0,0,0,0,0
2024-05-21,angel-family,0,0,0,0,0
2024-05-22,criminal-alien,0,0,0,0,0
2024-05-22,illegal-alien,0,0,0,0,0
2024-05-22,angel-mother,0,0,0,0,0
2024-05-22,angel-family,0,0,0,0,0
2024-05-23,criminal-alien,0,0,0,0,0
2024-05-23,illegal-alien,0,0,0,0,0
2024-05-23,angel-mother,0,0,0,0,0
2024-05-23,angel-family,0,0,0,0,0
2024-05-24,criminal-alien,0,0,0,0,0
2024-05-24,illegal-alien,0,0,0,0,0
2024-05-24,angel-mother,0,0,0,0,0
2024-05-24,angel-family,0,0,0,0,0
2024-05-25,criminal-alien,0,0,0,0,0
2024-05-25,illegal-alien,0,0,0,0,0
2024-05-25,angel-mother,0,0,0,0,0
2024-05-25,angel-family,0,0,0,0,0
2024-05-26,criminal-alien,0,0,0,0,0
2024-05-26,illegal-alien,0,0,0,0,0
2024-05-26,angel-mother,0,0,0,0,0
2024-05-26,angel-family,0,0,0,0,0
2024-05-27,criminal-alien,0,0,0,0,0
2024-05-27,illegal-alien,0,0,0,0,0
2024-05-27,angel-mother,0,0,0,0,0
2024-05-27,angel-family,0,0,0,0,0
2024-05-28,criminal-alien,0,0,0,0,0
2024-05-28,illegal-alien,0,0,0,0,0
2024-05-28,angel-mother,0,0,0,0,0
2024-05-28,angel-family,0,0,0,0,0
2024-05-29,criminal-alien,0,0,0,0,0
2024-05-29,illegal-alien,0,0,0,0,0
2024-05-29,angel-mother,0,0,0,0,0
2024-05-29,angel-family,0,0,0,0,0
2024-05-30,criminal-alien,0,0,0,0,0
2024-05-30,illegal-alien,0,0,0,0,0
2024-05-30,angel-mother,0,0,0,0,0
2024-05-30,angel-family,0,0,0,0,0
2024-05-31,criminal-alien,0,0,0,0,0
2024-05-31,illegal-alien,0,0,0,0,0
2024-05-31,angel-mother,0,0,0,0,0
2024-05-31,angel-family,0,0,0,0,0
2024-06-01,criminal-alien,0,0,0,0,0
2024-06-01,illegal-alien,0,0,0,0,0
2024-06-01,angel-mother,0,0,0,0,0
2024-06-01,angel-family,0,0,0,0,0
2024-06-02,criminal-alien,0,0,0,0,0
2024-06-02,illegal-alien,0,0,0,0,0
2024-06-02,angel-mother,0,0,0,0,0
2024-06-02,angel-family,0,0,0,0,0
2024-06-03,criminal-alien,0,0,0,0,0
2024-06-03,illegal-alien,0,0,0,0,0
2024-06-03,angel-mother,0,0,0,0,0
2024-06-03,angel-family,0,0,0,0,0
2024-06-04,criminal-alien,0,0,0,0,0
2024-06-04,illegal-alien,0,0,0,0,0
2024-06-04,angel-mother,0,0,0,0,0
2024-06-04,angel-family,0,0,0,0,0
2024-06-05,criminal-alien,0,0,0,0,0
2024-06-05,illegal-alien,0,0,0,0,0
2024-06-05,angel-mother,0,0,0,0,0
2024-06-05,angel-family,0,0,0,0,0
2024-06-06,criminal-alien,0,0,0,0,0
2024-06-06,illegal-alien,0,0,0,0,0
2024-06-06,angel-mother,0,0,0,0,0
2024-06-06,angel-family,0,0,0,0,0
2024-06-07,criminal-alien,0,0,0,0,0
2024-06-07,illegal-alien,0,0,0,0,0
2024-06-07,angel-mother,0,0,0,0,0
2024-06-07,angel-family,0,0,0,0,0
2024-06-08,criminal-alien,0,0,0,0,0
2024-06-08,illegal-alien,0,0,0,0,0
2024-06-08,angel-mother,0,0,0,0,0
2024-06-08,angel-family,0,0,0,0,0
2024-06-09,criminal-alien,0,0,0,0,0
2024-06-09,illegal-alien,0,0,0,0,0
2024-06-09,angel-mother,0,0,0,0,0
2024-06-09,angel-family,0,0,0,0,0
2024-06-10,criminal-alien,0,0,0,0,0
2024-06-10,illegal-alien,0,0,0,0,0
2024-06-10,angel-mother,0,0,0,0,0
2024-06-10,angel-family,0,0,0,0,0
2024-06-11,criminal-alien,0,0,0,0,0
2024-06-11,illegal-alien,0,0,0,0,0
2024-06-11,angel-mother,0,0,0,0,0
2024-06-11,angel-family,0,0,0,0,0
2024-06-12,criminal-alien,0,0,0,0,0
2024-06-12,illegal-alien,0,0,0,0,0
2024-06-12,angel-mother,0,0,0,0,0
2024-06-12,angel-family,0,0,0,0,0
2024-06-13,criminal-alien,0,0,0,0,0
2024-06-13,illegal-alien,0,0,0,0,0
2024-06-13,angel-mother,0,0,0,0,0
2024-06-13,angel-family,0,0,0,0,0
2024-06-14,criminal-alien,0,0,0,0,0
2024-06-14,illegal-alien,0,0,0,0,0
2024-06-14,angel-mother,0,0,0,0,0
2024-06-14,angel-family,0,0,0,0,0
2024-06-15,criminal-alien,0,0,0,0,0
2024-06-15,illegal-alien,0,0,0,0,0
2024-06-15,angel-mother,0,0,0,0,0
2024-06-15,angel-family,0,0,0,0,0
2024-06-16,criminal-alien,0,0,0,0,0
2024-06-16,illegal-alien,0,0,0,0,0
2024-06-16,angel-mother,0,0,0,0,0
2024-06-16,angel-family,0,0,0,0,0
2024-06-17,criminal-alien,0,0,0,0,0
2024-06-17,illegal-alien,0,0,0,0,0
2024-06-17,angel-mother,0,0,0,0,0
2024-06-17,angel-family,0,0,0,0,0
2024-06-18,criminal-alien,0,0,0,0,0
2024-06-18,illegal-alien,0,0,0,0,0
2024-06-18,angel-mother,0,0,0,0,0
2024-06-18,angel-family,0,0,0,0,0
2024-06-19,criminal-alien,0,0,0,0,0
2024-06-19,illegal-alien,0,0,0,0,0
2024-06-19,angel-mother,0,0,0,0,0
2024-06-19,angel-family,0,0,0,0,0
2024-06-20,criminal-alien,0,0,0,0,0
2024-06-20,illegal-alien,0,0,0,0,0
2024-06-20,angel-mother,0,0,0,0,0
2024-06-20,angel-family,0,0,0,0,0
2024-06-21,criminal-alien,0,0,0,0,0
2024-06-21,illegal-alien,0,0,0,0,0
2024-06-21,angel-mother,0,0,0,0,0
2024-06-21,angel-family,0,0,0,0,0
2024-06-22,criminal-alien,0,0,0,0,0
2024-06-22,illegal-alien,0,0,0,0,0
2024-06-22,angel-mother,0,0,0,0,0
2024-06-22,angel-family,0,0,0,0,0
2024-06-23,criminal-alien,0,0,0,0,0
2024-06-23,illegal-alien,0,0,0,0,0
2024-06-23,angel-mother,0,0,0,0,0
2024-06-23,angel-family,0,0,0,0,0
2024-06-24,criminal-alien,0,0,0,0,0
2024-06-24,illegal-alien,0,0,0,0,0
2024-06-24,angel-mother,0,0,0,0,0
2024-06-24,angel-family,0,0,0,0,0
2024-06-25,criminal-alien,0,0,0,0,0
2024-06-25,illegal-alien,0,0,0,0,0
2024-06-25,angel-mother,0,0,0,0,0
2024-06-25,angel-family,0,0,0,0,0
2024-06-26,criminal-alien,0,0,0,0,0
2024-06-26,illegal-alien,0,0,0,0,0
2024-06-26,angel-mother,0,0,0,0,0
2024-06-26,angel-family,0,0,0,0,0
2024-06-27,criminal-alien,0,0,0,0,0
2024-06-27,illegal-alien,0,0,0,0,0
2024-06-27,angel-mother,0,0,0,0,0
2024-06-27,angel-family,0,0,0,0,0
2024-06-28,criminal-alien,0,0,0,0,0
2024-06-28,illegal-alien,0,0,0,0,0
2024-06-28,angel-mother,0,0,0,0,0
2024-06-28,angel-family,0,0,0,0,0
2024-06-29,criminal-alien,0,0,0,0,0
2024-06-29,illegal-alien,0,0,0,0,0
2024-06-29,angel-mother,0,0,0,0,0
2024-06-29,angel-family,0,0,0,0,0
2024-06-30,criminal-alien,0,0,0,0,0
2024-06-30,illegal-alien,0,0,0,0,0
2024-06-30,angel-mother,0,0,0,0,0
2024-06-30,angel-family,0,0,0,0,0
2024-07-01,criminal-alien,0,0,0,0,0
2024-07-01,illegal-alien,0,0,0,0,0
2024-07-01,angel-mother,0,0,0,0,0
2024-07-01,angel-family,0,0,0,0,0
2024-07-02,criminal-alien,0,0,0,0,0
2024-07-02,illegal-alien,0,0,0,0,0
2024-07-02,angel-mother,0,0,0,0,0
2024-07-02,angel-family,0,0,0,0,0
2024-07-03,criminal-alien,0,0,0,0,0
2024-07-03,illegal-alien,0,0,0,0,0
2024-07-03,angel-mother,0,0,0,0,0
2024-07-03,angel-family,0,0,0,0,0
2024-07-04,criminal-alien,0,0,0,0,0
2024-07-04,illegal-alien,0,0,0,0,0
2024-07-04,angel-mother,0,0,0,0,0
2024-07-04,angel-family,0,0,0,0,0
2024-07-05,criminal-alien,0,0,0,0,0
2024-07-05,illegal-alien,0,0,0,0,0
2024-07-05,angel-mother,0,0,0,0,0
2024-07-05,angel-family,0,0,0,0,0
2024-07-06,criminal-alien,0,0,0,0,0
2024-07-06,illegal-alien,0,0,0,0,0
2024-07-06,angel-mother,0,0,0,0,0
2024-07-06,angel-family,0,0,0,0,0
2024-07-07,criminal-alien,0,0,0,0,0
2024-07-07,illegal-alien,0,0,0,0,0
2024-07-07,angel-mother,0,0,0,0,0
2024-07-07,angel-family,0,0,0,0,0
2024-07-08,criminal-alien,0,0,0,0,0
2024-07-08,illegal-alien,0,0,0,0,0
2024-07-08,angel-mother,0,0,0,0,0
2024-07-08,angel-family,0,0,0,0,0
2024-07-09,criminal-alien,0,0,0,0,0
2024-07-09,illegal-alien,0,0,0,0,0
2024-07-09,angel-mother,0,0,0,0,0
2024-07-09,angel-family,0,0,0,0,0
2024-07-10,criminal-alien,0,0,0,0,0
2024-07-10,illegal-alien,0,0,0,0,0
2024-07-10,angel-mother,0,0,0,0,0
2024-07-10,angel-family,0,0,0,0,0
2024-07-11,criminal-alien,0,0,0,0,0
2024-07-11,illegal-alien,0,0,0,0,0
2024-07-11,angel-mother,0,0,0,0,0
2024-07-11,angel-family,0,0,0,0,0
2024-07-12,criminal-alien,0,0,0,0,0
2024-07-12,illegal-alien,0,0,0,0,0
2024-07-12,angel-mother,0,0,0,0,0
2024-07-12,angel-family,0,0,0,0,0
2024-07-13,criminal-alien,0,0,0,0,0
2024-07-13,illegal-alien,0,0,0,0,0
2024-07-13,angel-mother,0,0,0,0,0
2024-07-13,angel-family,0,0,0,0,0
2024-07-14,criminal-alien,0,0,0,0,0
2024-07-14,illegal-alien,0,0,0,0,0
2024-07-14,angel-mother,0,0,0,0,0
2024-07-14,angel-family,0,0,0,0,0
2024-07-15,criminal-alien,0,0,0,0,0
2024-07-15,illegal-alien,0,0,0,0,0
2024-07-15,angel-mother,0,0,0,0,0
2024-07-15,angel-family,0,0,0,0,0
2024-07-16,criminal-alien,0,0,0,0,0
2024-07-16,illegal-alien,0,0,0,0,0
2024-07-16,angel-mother,0,0,0,0,0
2024-07-16,angel-family,0,0,0,0,0
2024-07-17,criminal-alien,0,0,0,0,0
2024-07-17,illegal-alien,0,0,0,0,0
2024-07-17,angel-mother,0,0,0,0,0
2024-07-17,angel-family,0,0,0,0,0
2024-07-18,criminal-alien,0,0,0,0,0
2024-07-18,illegal-alien,0,0,0,0,0
2024-07-18,angel-mother,0,0,0,0,0
2024-07-18,angel-family,0,0,0,0,0
2024-07-19,criminal-alien,0,0,0,0,0
2024-07-19,illegal-alien,0,0,0,0,0
2024-07-19,angel-mother,0,0,0,0,0
2024-07-19,angel-family,0,0,0,0,0
2024-07-20,criminal-alien,0,0,0,0,0
2024-07-20,illegal-alien,0,0,0,0,0
2024-07-20,angel-mother,0,0,0,0,0
2024-07-20,angel-family,0,0,0,0,0
2024-07-21,criminal-alien,0,0,0,0,0
2024-07-21,illegal-alien,0,0,0,0,0
2024-07-21,angel-mother,0,0,0,0,0
2024-07-21,angel-family,0,0,0,0,0
2024-07-22,criminal-alien,0,0,0,0,0
2024-07-22,illegal-alien,0,0,0,0,0
2024-07-22,angel-mother,0,0,0,0,0
2024-07-22,angel-family,0,0,0,0,0
2024-07-23,criminal-alien,0,0,0,0,0
2024-07-23,illegal-alien,0,0,0,0,0
2024-07-23,angel-mother,0,0,0,0,0
2024-07-23,angel-family,0,0,0,0,0
2024-07-24,criminal-alien,0,0,0,0,0
2024-07-24,illegal-alien,0,0,0,0,0
2024-07-24,angel-mother,0,0,0,0,0
2024-07-24,angel-family,0,0,0,0,0
2024-07-25,criminal-alien,0,0,0,0,0
2024-07-25,illegal-alien,0,0,0,0,0
2024-07-25,angel-mother,0,0,0,0,0
2024-07-25,angel-family,0,0,0,0,0
2024-07-26,criminal-alien,0,0,0,0,0
2024-07-26,illegal-alien,0,0,0,0,0
2024-07-26,angel-mother,0,0,0,0,0
2024-07-26,angel-family,0,0,0,0,0
2024-07-27,criminal-alien,0,0,0,0,0
2024-07-27,illegal-alien,0,0,0,0,0
2024-07-27,angel-mother,0,0,0,0,0
2024-07-27,angel-family,0,0,0,0,0
2024-07-28,criminal-alien,0,0,0,0,0
2024-07-28,illegal-alien,0,0,0,0,0
2024-07-28,angel-mother,0,0,0,0,0
2024-07-28,angel-family,0,0,0,0,0
2024-07-29,criminal-alien,0,0,0,0,0
2024-07-29,illegal-alien,0,0,0,0,0
2024-07-29,angel-mother,0,0,0,0,0
2024-07-29,angel-family,0,0,0,0,0
2024-07-30,criminal-alien,0,0,0,0,0
2024-07-30,illegal-alien,0,0,0,0,0
2024-07-30,angel-mother,0,0,0,0,0
2024-07-30,angel-family,0,0,0,0,0
2024-07-31,criminal-alien,0,0,0,0,0
2024-07-31,illegal-alien,0,0,0,0,0
2024-07-31,angel-mother,0,0,0,0,0
2024-07-31,angel-family,0,0,0,0,0
2024-08-01,criminal-alien,0,0,0,0,0
2024-08-01,illegal-alien,0,0,0,0,0
2024-08-01,angel-mother,0,0,0,0,0
2024-08-01,angel-family,0,0,0,0,0
2024-08-02,criminal-alien,0,0,0,0,0
2024-08-02,illegal-alien,0,0,0,0,0
2024-08-02,angel-mother,0,0,0,0,0
2024-08-02,angel-family,0,0,0,0,0
2024-08-03,criminal-alien,0,0,0,0,0
2024-08-03,illegal-alien,0,0,0,0,0
2024-08-03,angel-mother,0,0,0,0,0
2024-08-03,angel-family,0,0,0,0,0
2024-08-04,criminal-alien,0,0,0,0,0
2024-08-04,illegal-alien,0,0,0,0,0
2024-08-04,angel-mother,0,0,0,0,0
2024-08-04,angel-family,0,0,0,0,0
2024-08-05,criminal-alien,0,0,0,0,0
2024-08-05,illegal-alien,0,0,0,0,0
2024-08-05,angel-mother,0,0,0,0,0
2024-08-05,angel-family,0,0,0,0,0
2024-08-06,criminal-alien,0,0,0,0,0
2024-08-06,illegal-alien,0,0,0,0,0
2024-08-06,angel-mother,0,0,0,0,0
2024-08-06,angel-family,0,0,0,0,0
2024-08-07,criminal-alien,0,0,0,0,0
2024-08-07,illegal-alien,0,0,0,0,0
2024-08-07,angel-mother,0,0,0,0,0
2024-08-07,angel-family,0,0,0,0,0
2024-08-08,criminal-alien,0,0,0,0,0
2024-08-08,illegal-alien,0,0,0,0,0
2024-08-08,angel-mother,0,0,0,0,0
2024-08-08,angel-family,0,0,0,0,0
2024-08-09,criminal-alien,0,0,0,0,0
2024-08-09,illegal-alien,0,0,0,0,0
2024-08-09,angel-mother,0,0,0,0,0
2024-08-09,angel-family,0,0,0,0,0
2024-08-10,criminal-alien,0,0,0,0,0
2024-08-10,illegal-alien,0,0,0,0,0
2024-08-10,angel-mother,0,0,0,0,0
2024-08-10,angel-family,0,0,0,0,0
2024-08-11,criminal-alien,0,0,0,0,0
2024-08-11,illegal-alien,0,0,0,0,0
2024-08-11,angel-mother,0,0,0,0,0
2024-08-11,angel-family,0,0,0,0,0
2024-08-12,criminal-alien,0,0,0,0,0
2024-08-12,illegal-alien,0,0,0,0,0
2024-08-12,angel-mother,0,0,0,0,0
2024-08-12,angel-family,0,0,0,0,0
2024-08-13,criminal-alien,0,0,0,0,0
2024-08-13,illegal-alien,0,0,0,0,0
2024-08-13,angel-mother,0,0,0,0,0
2024-08-13,angel-family,0,0,0,0,0
2024-08-14,criminal-alien,0,0,0,0,0
2024-08-14,illegal-alien,0,0,0,0,0
2024-08-14,angel-mother,0,0,0,0,0
2024-08-14,angel-family,0,0,0,0,0
2024-08-15,criminal-alien,0,0,0,0,0
2024-08-15,illegal-alien,0,0,0,0,0
2024-08-15,angel-mother,0,0,0,0,0
2024-08-15,angel-family,0,0,0,0,0
2024-08-16,criminal-alien,0,0,0,0,0
2024-08-16,illegal-alien,0,0,0,0,0
2024-08-16,angel-mother,0,0,0,0,0
2024-08-16,angel-family,0,0,0,0,0
2024-08-17,criminal-alien,0,0,0,0,0
2024-08-17,illegal-alien,0,0,0,0,0
2024-08-17,angel-mother,0,0,0,0,0
2024-08-17,angel-family,0,0,0,0,0
2024-08-18,criminal-alien,0,0,0,0,0
2024-08-18,illegal-alien,0,0,0,0,0
2024-08-18,angel-mother,0,0,0,0,0
2024-08-18,angel-family,0,0,0,0,0
2024-08-19,criminal-alien,0,0,0,0,0
2024-08-19,illegal-alien,0,0,0,0,0
2024-08-19,angel-mother,0,0,0,0,0
2024-08-19,angel-family,0,0,0,0,0
2024-08-20,criminal-alien,0,0,0,0,0
2024-08-20,illegal-alien,0,0,0,0,0
2024-08-20,angel-mother,0,0,0,0,0
2024-08-20,angel-family,0,0,0,0,0
2024-08-21,criminal-alien,0,0,0,0,0
2024-08-21,illegal-alien,0,0,0,0,0
2024-08-21,angel-mother,0,0,0,0,0
2024-08-21,angel-family,0,0,0,0,0
2024-08-22,criminal-alien,0,0,0,0,0
2024-08-22,illegal-alien,0,0,0,0,0
2024-08-22,angel-mother,0,0,0,0,0
2024-08-22,angel-family,0,0,0,0,0
2024-08-23,criminal-alien,0,0,0,0,0
2024-08-23,illegal-alien,0,0,0,0,0
2024-08-23,angel-mother,0,0,0,0,0
2024-08-23,angel-family,0,0,0,0,0
2024-08-24,criminal-alien,0,0,0,0,0
2024-08-24,illegal-alien,0,0,0,0,0
2024-08-24,angel-mother,0,0,0,0,0
2024-08-24,angel-family,0,0,0,0,0
2024-08-25,criminal-alien,0,0,0,0,0
2024-08-25,illegal-alien,0,0,0,0,0
2024-08-25,angel-mother,0,0,0,0,0
2024-08-25,angel-family,0,0,0,0,0
2024-08-26,criminal-alien,0,0,0,0,0
2024-08-26,illegal-alien,0,0,0,0,0
2024-08-26,angel-mother,0,0,0,0,0
2024-08-26,angel-family,0,0,0,0,0
2024-08-27,criminal-alien,0,0,0,0,0
2024-08-27,illegal-alien,0,0,0,0,0
2024-08-27,angel-mother,0,0,0,0,0
2024-08-27,angel-family,0,0,0,0,0
2024-08-28,criminal-alien,0,0,0,0,0
2024-08-28,illegal-alien,0,0,0,0,0
2024-08-28,angel-mother,0,0,0,0,0
2024-08-28,angel-family,0,0,0,0,0
2024-08-29,criminal-alien,0,0,0,0,0
2024-08-29,illegal-alien,0,0,0,0,0
2024-08-29,angel-mother,0,0,0,0,0
2024-08-29,angel-family,0,0,0,0,0
2024-08-30,criminal-alien,0,0,0,0,0
2024-08-30,illegal-alien,0,0,0,0,0
2024-08-30,angel-mother,0,0,0,0,0
2024-08-30,angel-family,0,0,0,0,0
2024-08-31,criminal-alien,0,0,0,0,0
2024-08-31,illegal-alien,0,0,0,0,0
2024-08-31,angel-mother,0,0,0,0,0
2024-08-31,angel-family,0,0,0,0,0
2024-09-01,criminal-alien,0,0,0,0,0
2024-09-01,illegal-alien,0,0,0,0,0
2024-09-01,angel-mother,0,0,0,0,0
2024-09-01,angel-family,0,0,0,0,0
2024-09-02,criminal-alien,0,0,0,0,0
2024-09-02,illegal-alien,0,0,0,0,0
2024-09-02,angel-mother,0,0,0,0,0
2024-09-02,angel-family,0,0,0,0,0
2024-09-03,criminal-alien,0,0,0,0,0
2024-09-03,illegal-alien,0,0,0,0,0
2024-09-03,angel-mother,0,0,0,0,0
2024-09-03,angel-family,0,0,0,0,0
2024-09-04,criminal-alien,0,0,0,0,0
2024-09-04,illegal-alien,0,0,0,0,0
2024-09-04,angel-mother,0,0,0,0,0
2024-09-04,angel-family,0,0,0,0,0
2024-09-05,criminal-alien,0,0,0,0,0
2024-09-05,illegal-alien,0,0,0,0,0
2024-09-05,angel-mother,0,0,0,0,0
2024-09-05,angel-family,0,0,0,0,0
2024-09-06,criminal-alien,0,0,0,0,0
2024-09-06,illegal-alien,0,0,0,0,0
2024-09-06,angel-mother,0,0,0,0,0
2024-09-06,angel-family,0,0,0,0,0
2024-09-07,criminal-alien,0,0,0,0,0
2024-09-07,illegal-alien,0,0,0,0,0
2024-09-07,angel-mother,0,0,0,0,0
2024-09-07,angel-family,0,0,0,0,0
2024-09-08,criminal-alien,0,0,0,0,0
2024-09-08,illegal-alien,0,0,0,0,0
2024-09-08,angel-mother,0,0,0,0,0
2024-09-08,angel-family,0,0,0,0,0
2024-09-09,criminal-alien,0,0,0,0,0
2024-09-09,illegal-alien,0,0,0,0,0
2024-09-09,angel-mother,0,0,0,0,0
2024-09-09,angel-family,0,0,0,0,0
2024-09-10,criminal-alien,0,0,0,0,0
2024-09-10,illegal-alien,0,0,0,0,0
2024-09-10,angel-mother,0,0,0,0,0
2024-09-10,angel-family,0,0,0,0,0
2024-09-11,criminal-alien,0,0,0,0,0
2024-09-11,illegal-alien,0,0,0,0,0
2024-09-11,angel-mother,0,0,0,0,0
2024-09-11,angel-family,0,0,0,0,0
2024-09-12,criminal-alien,0,0,0,0,0
2024-09-12,illegal-alien,0,0,0,0,0
2024-09-12,angel-mother,0,0,0,0,0
2024-09-12,angel-family,0,0,0,0,0
2024-09-13,criminal-alien,0,0,0,0,0
2024-09-13,illegal-alien,0,0,0,0,0
2024-09-13,angel-mother,0,0,0,0,0
2024-09-13,angel-family,0,0,0,0,0
2024-09-14,criminal-alien,0,0,0,0,0
2024-09-14,illegal-alien,0,0,0,0,0
2024-09-14,angel-mother,0,0,0,0,0
2024-09-14,angel-family,0,0,0,0,0
2024-09-15,criminal-alien,0,0,0,0,0
2024-09-15,illegal-alien,0,0,0,0,0
2024-09-15,angel-mother,0,0,0,0,0
2024-09-15,angel-family,0,0,0,0,0
2024-09-16,criminal-alien,0,0,0,0,0
2024-09-16,illegal-alien,0,0,0,0,0
2024-09-16,angel-mother,0,0,0,0,0
2024-09-16,angel-family,0,0,0,0,0
2024-09-17,criminal-alien,0,0,0,0,0
2024-09-17,illegal-alien,0,0,0,0,0
2024-09-17,angel-mother,0,0,0,0,0
2024-09-17,angel-family,0,0,0,0,0
2024-09-18,criminal-alien,0,0,0,0,0
2024-09-18,illegal-alien,0,0,0,0,0
2024-09-18,angel-mother,0,0,0,0,0
2024-09-18,angel-family,0,0,0,0,0
2024-09-19,criminal-alien,0,0,0,0,0
2024-09-19,illegal-alien,0,0,0,0,0
2024-09-19,angel-mother,0,0,0,0,0
2024-09-19,angel-family,0,0,0,0,0
2024-09-20,criminal-alien,0,0,0,0,0
2024-09-20,illegal-alien,0,0,0,0,0
2024-09-20,angel-mother,0,0,0,0,0
2024-09-20,angel-family,0,0,0,0,0
2024-09-21,criminal-alien,0,0,0,0,0
2024-09-21,illegal-alien,0,0,0,0,0
2024-09-21,angel-mother,0,0,0,0,0
2024-09-21,angel-family,0,0,0,0,0
2024-09-22,criminal-alien,0,0,0,0,0
2024-09-22,illegal-alien,0,0,0,0,0
2024-09-22,angel-mother,0,0,0,0,0
2024-09-22,angel-family,0,0,0,0,0
2024-09-23,criminal-alien,0,0,0,0,0
2024-09-23,illegal-alien,0,0,0,0,0
2024-09-23,angel-mother,0,0,0,0,0
2024-09-23,angel-family,0,0,0,0,0
2024-09-24,criminal-alien,0,0,0,0,0
2024-09-24,illegal-alien,0,0,0,0,0
2024-09-24,angel-mother,0,0,0,0,0
2024-09-24,angel-family,0,0,0,0,0
2024-09-25,criminal-alien,0,0,0,0,0
2024-09-25,illegal-alien,0,0,0,0,0
2024-09-25,angel-mother,0,0,0,0,0
2024-09-25,angel-family,0,0,0,0,0
2024-09-26,criminal-alien,0,0,0,0,0
2024-09-26,illegal-alien,0,0,0,0,0
2024-09-26,angel-mother,0,0,0,0,0
2024-09-26,angel-family,0,0,0,0,0
2024-09-27,criminal-alien,0,0,0,0,0
2024-09-27,illegal-alien,0,0,0,0,0
2024-09-27,angel-mother,0,0,0,0,0
2024-09-27,angel-family,0,0,0,0,0
2024-09-28,criminal-alien,0,0,0,0,0
2024-09-28,illegal-alien,0,0,0,0,0
2024-09-28,angel-mother,0,0,0,0,0
2024-09-28,angel-family,0,0,0,0,0
2024-09-29,criminal-alien,0,0,0,0,0
2024-09-29,illegal-alien,0,0,0,0,0
2024-09-29,angel-mother,0,0,0,0,0
2024-09-29,angel-family,0,0,0,0,0
2024-09-30,criminal-alien,0,0,0,0,0
2024-09-30,illegal-alien,0,0,0,0,0
2024-09-30,angel-mother,0,0,0,0,0
2024-09-30,angel-family,0,0,0,0,0
2024-10-01,criminal-alien,0,0,0,0,0
2024-10-01,illegal-alien,0,0,0,0,0
2024-10-01,angel-mother,0,0,0,0,0
2024-10-01,angel-family,0,0,0,0,0
2024-10-02,criminal-alien,0,0,0,0,0
2024-10-02,illegal-alien,0,0,0,0,0
2024-10-02,angel-mother,0,0,0,0,0
2024-10-02,angel-family,0,0,0,0,0
2024-10-03,criminal-alien,0,0,0,0,0
2024-10-03,illegal-alien,0,0,0,0,0
2024-10-03,angel-mother,0,0,0,0,0
2024-10-03,angel-family,0,0,0,0,0
2024-10-04,criminal-alien,0,0,0,0,0
2024-10-04,illegal-alien,0,0,0,0,0
2024-10-04,angel-mother,0,0,0,0,0
2024-10-04,angel-family,0,0,0,0,0
2024-10-05,criminal-alien,0,0,0,0,0
2024-10-05,illegal-alien,0,0,0,0,0
2024-10-05,angel-mother,0,0,0,0,0
2024-10-05,angel-family,0,0,0,0,0
2024-10-06,criminal-alien,0,0,0,0,0
2024-10-06,illegal-alien,0,0,0,0,0
2024-10-06,angel-mother,0,0,0,0,0
2024-10-06,angel-family,0,0,0,0,0
2024-10-07,criminal-alien,0,0,0,0,0
2024-10-07,illegal-alien,0,0,0,0,0
2024-10-07,angel-mother,0,0,0,0,0
2024-10-07,angel-family,0,0,0,0,0
2024-10-08,criminal-alien,0,0,0,0,0
2024-10-08,illegal-alien,0,0,0,0,0
2024-10-08,angel-mother,0,0,0,0,0
2024-10-08,angel-family,0,0,0,0,0
2024-10-09,criminal-alien,0,0,0,0,0
2024-10-09,illegal-alien,0,0,0,0,0
2024-10-09,angel-mother,0,0,0,0,0
2024-10-09,angel-family,0,0,0,0,0
2024-10-10,criminal-alien,0,0,0,0,0
2024-10-10,illegal-alien,0,0,0,0,0
2024-10-10,angel-mother,0,0,0,0,0
2024-10-10,angel-family,0,0,0,0,0
2024-10-11,criminal-alien,0,0,0,0,0
2024-10-11,illegal-alien,0,0,0,0,0
2024-10-11,angel-mother,0,0,0,0,0
2024-10-11,angel-family,0,0,0,0,0
2024-10-12,criminal-alien,0,0,0,0,0
2024-10-12,illegal-alien,0,0,0,0,0
2024-10-12,angel-mother,0,0,0,0,0
2024-10-12,angel-family,0,0,0,0,0
2024-10-13,criminal-alien,0,0,0,0,0
2024-10-13,illegal-alien,0,0,0,0,0
2024-10-13,angel-mother,0,0,0,0,0
2024-10-13,angel-family,0,0,0,0,0
2024-10-14,criminal-alien,0,0,0,0,0
2024-10-14,illegal-alien,0,0,0,0,0
2024-10-14,angel-mother,0,0,0,0,0
2024-10-14,angel-family,0,0,0,0,0
2024-10-15,criminal-alien,0,0,0,0,0
2024-10-15,illegal-alien,0,0,0,0,0
2024-10-15,angel-mother,0,0,0,0,0
2024-10-15,angel-family,0,0,0,0,0
2024-10-16,criminal-alien,0,0,0,0,0
2024-10-16,illegal-alien,0,0,0,0,0
2024-10-16,angel-mother,0,0,0,0,0
2024-10-16,angel-family,0,0,0,0,0
2024-10-17,criminal-alien,0,0,0,0,0
2024-10-17,illegal-alien,0,0,0,0,0
2024-10-17,angel-mother,0,0,0,0,0
2024-10-17,angel-family,0,0,0,0,0
2024-10-18,criminal-alien,0,0,0,0,0
2024-10-18,illegal-alien,0,0,0,0,0
2024-10-18,angel-mother,0,0,0,0,0
2024-10-18,angel-family,0,0,0,0,0
2024-10-19,criminal-alien,0,0,0,0,0
2024-10-19,illegal-alien,0,0,0,0,0
2024-10-19,angel-mother,0,0,0,0,0
2024-10-19,angel-family,0,0,0,0,0
2024-10-20,criminal-alien,0,0,0,0,0
2024-10-20,illegal-alien,0,0,0,0,0
2024-10-20,angel-mother,0,0,0,0,0
2024-10-20,angel-family,0,0,0,0,0
2024-10-21,criminal-alien,0,0,0,0,0
2024-10-21,illegal-alien,0,0,0,0,0
2024-10-21,angel-mother,0,0,0,0,0
2024-10-21,angel-family,0,0,0,0,0
2024-10-22,criminal-alien,0,0,0,0,0
2024-10-22,illegal-alien,0,0,0,0,0
2024-10-22,angel-mother,0,0,0,0,0
2024-10-22,angel-family,0,0,0,0,0
2024-10-23,criminal-alien,0,0,0,0,0
2024-10-23,illegal-alien,0,0,0,0,0
2024-10-23,angel-mother,0,0,0,0,0
2024-10-23,angel-family,0,0,0,0,0
2024-10-24,criminal-alien,0,0,0,0,0
2024-10-24,illegal-alien,0,0,0,0,0
2024-10-24,angel-mother,0,0,0,0,0
2024-10-24,angel-family,0,0,0,0,0
2024-10-25,criminal-alien,0,0,0,0,0
2024-10-25,illegal-alien,0,0,0,0,0
2024-10-25,angel-mother,0,0,0,0,0
2024-10-25,angel-family,0,0,0,0,0
2024-10-26,criminal-alien,0,0,0,0,0
2024-10-26,illegal-alien,0,0,0,0,0
2024-10-26,angel-mother,0,0,0,0,0
2024-10-26,angel-family,0,0,0,0,0
2024-10-27,criminal-alien,0,0,0,0,0
2024-10-27,illegal-alien,0,0,0,0,0
2024-10-27,angel-mother,0,0,0,0,0
2024-10-27,angel-family,0,0,0,0,0
2024-10-28,criminal-alien,0,0,0,0,0
2024-10-28,illegal-alien,0,0,0,0,0
2024-10-28,angel-mother,0,0,0,0,0
2024-10-28,angel-family,0,0,0,0,0
2024-10-29,criminal-alien,0,0,0,0,0
2024-10-29,illegal-alien,0,0,0,0,0
2024-10-29,angel-mother,0,0,0,0,0
2024-10-29,angel-family,0,0,0,0,0
2024-10-30,criminal-alien,0,0,0,0,0
2024-10-30,illegal-alien,0,0,0,0,0
2024-10-30,angel-mother,0,0,0,0,0
2024-10-30,angel-family,0,0,0,0,0
2024-10-31,criminal-alien,0,0,0,0,0
2024-10-31,illegal-alien,0,0,0,0,0
2024-10-31,angel-mother,0,0,0,0,0
2024-10-31,angel-family,0,0,0,0,0
2024-11-01,criminal-alien,0,0,0,0,0
2024-11-01,illegal-alien,0,0,0,0,0
2024-11-01,angel-mother,0,0,0,0,0
2024-11-01,angel-family,0,0,0,0,0
2024-11-02,criminal-alien,0,0,0,0,0
2024-11-02,illegal-alien,0,0,0,0,0
2024-11-02,angel-mother,0,0,0,0,0
2024-11-02,angel-family,0,0,0,0,0
2024-11-03,criminal-alien,0,0,0,0,0
2024-11-03,illegal-alien,0,0,0,0,0
2024-11-03,angel-mother,0,0,0,0,0
2024-11-03,angel-family,0,0,0,0,0
2024-11-04,criminal-alien,0,0,0,0,0
2024-11-04,illegal-alien,0,0,0,0,0
2024-11-04,angel-mother,0,0,0,0,0
2024-11-04,angel-family,0,0,0,0,0
2024-11-05,criminal-alien,0,0,0,0,0
2024-11-05,illegal-alien,0,0,0,0,0
2024-11-05,angel-mother,0,0,0,0,0
2024-11-05,angel-family,0,0,0,0,0
2024-11-06,criminal-alien,0,0,0,0,0
2024-11-06,illegal-alien,0,0,0,0,0
2024-11-06,angel-mother,0,0,0,0,0
2024-11-06,angel-family,0,0,0,0,0
2024-11-07,criminal-alien,0,0,0,0,0
2024-11-07,illegal-alien,0,0,0,0,0
2024-11-07,angel-mother,0,0,0,0,0
2024-11-07,angel-family,0,0,0,0,0
2024-11-08,criminal-alien,0,0,0,0,0
2024-11-08,illegal-alien,0,0,0,0,0
2024-11-08,angel-mother,0,0,0,0,0
2024-11-08,angel-family,0,0,0,0,0
2024-11-09,criminal-alien,0,0,0,0,0
2024-11-09,illegal-alien,0,0,0,0,0
2024-11-09,angel-mother,0,0,0,0,0
2024-11-09,angel-family,0,0,0,0,0
2024-11-10,criminal-alien,0,0,0,0,0
2024-11-10,illegal-alien,0,0,0,0,0
2024-11-10,angel-mother,0,0,0,0,0
2024-11-10,angel-family,0,0,0,0,0
2024-11-11,criminal-alien,0,0,0,0,0
2024-11-11,illegal-alien,0,0,0,0,0
2024-11-11,angel-mother,0,0,0,0,0
2024-11-11,angel-family,0,0,0,0,0
2024-11-12,criminal-alien,0,0,0,0,0
2024-11-12,illegal-alien,0,0,0,0,0
2024-11-12,angel-mother,0,0,0,0,0
2024-11-12,angel-family,0,0,0,0,0
2024-11-13,criminal-alien,0,0,0,0,0
2024-11-13,illegal-alien,0,0,0,0,0
2024-11-13,angel-mother,0,0,0,0,0
2024-11-13,angel-family,0,0,0,0,0
2024-11-14,criminal-alien,0,0,0,0,0
2024-11-14,illegal-alien,0,0,0,0,0
2024-11-14,angel-mother,0,0,0,0,0
2024-11-14,angel-family,0,0,0,0,0
2024-11-15,criminal-alien,0,0,0,0,0
2024-11-15,illegal-alien,0,0,0,0,0
2024-11-15,angel-mother,0,0,0,0,0
2024-11-15,angel-family,0,0,0,0,0
2024-11-16,criminal-alien,0,0,0,0,0
2024-11-16,illegal-alien,0,0,0,0,0
2024-11-16,angel-mother,0,0,0,0,0
2024-11-16,angel-family,0,0,0,0,0
2024-11-17,criminal-alien,0,0,0,0,0
2024-11-17,illegal-alien,0,0,0,0,0
2024-11-17,angel-mother,0,0,0,0,0
2024-11-17,angel-family,0,0,0,0,0
2024-11-18,criminal-alien,0,0,0,0,0
2024-11-18,illegal-alien,0,0,0,0,0
2024-11-18,angel-mother,0,0,0,0,0
2024-11-18,angel-family,0,0,0,0,0
2024-11-19,criminal-alien,0,0,0,0,0
2024-11-19,illegal-alien,0,0,0,0,0
2024-11-19,angel-mother,0,0,0,0,0
2024-11-19,angel-family,0,0,0,0,0
2024-11-20,criminal-alien,0,0,0,0,0
2024-11-20,illegal-alien,0,0,0,0,0
2024-11-20,angel-mother,0,0,0,0,0
2024-11-20,angel-family,0,0,0,0,0
2024-11-21,criminal-alien,0,0,0,0,0
2024-11-21,illegal-alien,0,0,0,0,0
2024-11-21,angel-mother,0,0,0,0,0
2024-11-21,angel-family,0,0,0,0,0
2024-11-22,criminal-alien,0,0,0,0,0
2024-11-22,illegal-alien,0,0,0,0,0
2024-11-22,angel-mother,0,0,0,0,0
2024-11-22,angel-family,0,0,0,0,0
2024-11-23,criminal-alien,0,0,0,0,0
2024-11-23,illegal-alien,0,0,0,0,0
2024-11-23,angel-mother,0,0,0,0,0
2024-11-23,angel-family,0,0,0,0,0
2024-11-24,criminal-alien,0,0,0,0,0
2024-11-24,illegal-alien,0,0,0,0,0
2024-11-24,angel-mother,0,0,0,0,0
2024-11-24,angel-family,0,0,0,0,0
2024-11-25,criminal-alien,0,0,0,0,0
2024-11-25,illegal-alien,0,0,0,0,0
2024-11-25,angel-mother,0,0,0,0,0
2024-11-25,angel-family,0,0,0,0,0
2024-11-26,criminal-alien,0,0,0,0,0
2024-11-26,illegal-alien,0,0,0,0,0
2024-11-26,angel-mother,0,0,0,0,0
2024-11-26,angel-family,0,0,0,0,0
2024-11-27,criminal-alien,0,0,0,0,0
2024-11-27,illegal-alien,0,0,0,0,0
2024-11-27,angel-mother,0,0,0,0,0
2024-11-27,angel-family,0,0,0,0,0
2024-11-28,criminal-alien,0,0,0,0,0
2024-11-28,illegal-alien,0,0,0,0,0
2024-11-28,angel-mother,0,0,0,0,0
2024-11-28,angel-family,0,0,0,0,0
2024-11-29,criminal-alien,0,0,0,0,0
2024-11-29,illegal-alien,0,0,0,0,0
2024-11-29,angel-mother,0,0,0,0,0
2024-11-29,angel-family,0,0,0,0,0
2024-11-30,criminal-alien,0,0,0,0,0
2024-11-30,illegal-alien,0,0,0,0,0
2024-11-30,angel-mother,0,0,0,0,0
2024-11-30,angel-family,0,0,0,0,0
2024-12-01,criminal-alien,0,0,0,0,0
2024-12-01,illegal-alien,0,0,0,0,0
2024-12-01,angel-mother,0,0,0,0,0
2024-12-01,angel-family,0,0,0,0,0
2024-12-02,criminal-alien,0,0,0,0,0
2024-12-02,illegal-alien,0,0,0,0,0
2024-12-02,angel-mother,0,0,0,0,0
2024-12-02,angel-family,0,0,0,0,0
2024-12-03,criminal-alien,0,0,0,0,0
2024-12-03,illegal-alien,0,0,0,0,0
2024-12-03,angel-mother,0,0,0,0,0
2024-12-03,angel-family,0,0,0,0,0
2024-12-04,criminal-alien,0,0,0,0,0
2024-12-04,illegal-alien,0,0,0,0,0
2024-12-04,angel-mother,0,0,0,0,0
2024-12-04,angel-family,0,0,0,0,0
2024-12-05,criminal-alien,0,0,0,0,0
2024-12-05,illegal-alien,0,0,0,0,0
2024-12-05,angel-mother,0,0,0,0,0
2024-12-05,angel-family,0,0,0,0,0
2024-12-06,criminal-alien,0,0,0,0,0
2024-12-06,illegal-alien,0,0,0,0,0
2024-12-06,angel-mother,0,0,0,0,0
2024-12-06,angel-family,0,0,0,0,0
2024-12-07,criminal-alien,0,0,0,0,0
2024-12-07,illegal-alien,0,0,0,0,0
2024-12-07,angel-mother,0,0,0,0,0
2024-12-07,angel-family,0,0,0,0,0
2024-12-08,criminal-alien,0,0,0,0,0
2024-12-08,illegal-alien,0,0,0,0,0
2024-12-08,angel-mother,0,0,0,0,0
2024-12-08,angel-family,0,0,0,0,0
2024-12-09,criminal-alien,0,0,0,0,0
2024-12-09,illegal-alien,0,0,0,0,0
2024-12-09,angel-mother,0,0,0,0,0
2024-12-09,angel-family,0,0,0,0,0
2024-12-10,criminal-alien,0,0,0,0,0
2024-12-10,illegal-alien,0,0,0,0,0
2024-12-10,angel-mother,0,0,0,0,0
2024-12-10,angel-family,0,0,0,0,0
2024-12-11,criminal-alien,0,0,0,0,0
2024-12-11,illegal-alien,0,0,0,0,0
2024-12-11,angel-mother,0,0,0,0,0
2024-12-11,angel-family,0,0,0,0,0
2024-12-12,criminal-alien,0,0,0,0,0
2024-12-12,illegal-alien,0,0,0,0,0
2024-12-12,angel-mother,0,0,0,0,0
2024-12-12,angel-family,0,0,0,0,0
2024-12-13,criminal-alien,0,0,0,0,0
2024-12-13,illegal-alien,0,0,0,0,0
2024-12-13,angel-mother,0,0,0,0,0
2024-12-13,angel-family,0,0,0,0,0
2024-12-14,criminal-alien,0,0,0,0,0
2024-12-14,illegal-alien,0,0,0,0,0
2024-12-14,angel-mother,0,0,0,0,0
2024-12-14,angel-family,0,0,0,0,0
2024-12-15,criminal-alien,0,0,0,0,0
2024-12-15,illegal-alien,0,0,0,0,0
2024-12-15,angel-mother,0,0,0,0,0
2024-12-15,angel-family,0,0,0,0,0
2024-12-16,criminal-alien,0,0,0,0,0
2024-12-16,illegal-alien,0,0,0,0,0
2024-12-16,angel-mother,0,0,0,0,0
2024-12-16,angel-family,0,0,0,0,0
2024-12-17,criminal-alien,0,0,0,0,0
2024-12-17,illegal-alien,0,0,0,0,0
2024-12-17,angel-mother,0,0,0,0,0
2024-12-17,angel-family,0,0,0,0,0
2024-12-18,criminal-alien,0,0,0,0,0
2024-12-18,illegal-alien,0,0,0,0,0
2024-12-18,angel-mother,0,0,0,0,0
2024-12-18,angel-family,0,0,0,0,0
2024-12-19,criminal-alien,0,0,0,0,0
2024-12-19,illegal-alien,0,0,0,0,0
2024-12-19,angel-mother,0,0,0,0,0
2024-12-19,angel-family,0,0,0,0,0
2024-12-20,criminal-alien,0,0,0,0,0
2024-12-20,illegal-alien,0,0,0,0,0
2024-12-20,angel-mother,0,0,0,0,0
2024-12-20,angel-family,0,0,0,0,0
2024-12-21,criminal-alien,0,0,0,0,0
2024-12-21,illegal-alien,0,0,0,0,0
2024-12-21,angel-mother,0,0,0,0,0
2024-12-21,angel-family,0,0,0,0,0
2024-12-22,criminal-alien,0,0,0,0,0
2024-12-22,illegal-alien,0,0,0,0,0
2024-12-22,angel-mother,0,0,0,0,0
2024-12-22,angel-family,0,0,0,0,0
2024-12-23,criminal-alien,0,0,0,0,0
2024-12-23,illegal-alien,0,0,0,0,0
2024-12-23,angel-mother,0,0,0,0,0
2024-12-23,angel-family,0,0,0,0,0
2024-12-24,criminal-alien,0,0,0,0,0
2024-12-24,illegal-alien,0,0,0,0,0
2024-12-24,angel-mother,0,0,0,0,0
2024-12-24,angel-family,0,0,0,0,0
2024-12-25,criminal-alien,0,0,0,0,0
2024-12-25,illegal-alien,0,0,0,0,0
2024-12-25,angel-mother,0,0,0,0,0
2024-12-25,angel-family,0,0,0,0,0
2024-12-26,criminal-alien,0,0,0,0,0
2024-12-26,illegal-alien,0,0,0,0,0
2024-12-26,angel-mother,0,0,0,0,0
2024-12-26,angel-family,0,0,0,0,0
2024-12-27,criminal-alien,0,0,0,0,0
2024-12-27,illegal-alien,0,0,0,0,0
2024-12-27,angel-mother,0,0,0,0,0
2024-12-27,angel-family,0,0,0,0,0
2024-12-28,criminal-alien,0,0,0,0,0
2024-12-28,illegal-alien,0,0,0,0,0
2024-12-28,angel-mother,0,0,0,0,0
2024-12-28,angel-family,0,0,0,0,0
2024-12-29,criminal-alien,0,0,0,0,0
2024-12-29,illegal-alien,0,0,0,0,0
2024-12-29,angel-mother,0,0,0,0,0
2024-12-29,angel-family,0,0,0,0,0
2024-12-30,criminal-alien,0,0,0,0,0
2024-12-30,illegal-alien,0,0,0,0,0
2024-12-30,angel-mother,0,0,0,0,0
2024-12-30,angel-family,0,0,0,0,0
2024-12-31,criminal-alien,0,0,0,0,0
2024-12-31,illegal-alien,0,0,0,0,0
2024-12-31,angel-mother,0,0,0,0,0
2024-12-31,angel-family,0,0,0,0,0
2025-01-01,criminal-alien,0,0,0,0,0
2025-01-01,illegal-alien,0,0,0,0,0
2025-01-01,angel-mother,0,0,0,0,0
2025-01-01,angel-family,0,0,0,0,0
2025-01-02,criminal-alien,0,0,0,0,0
2025-01-02,illegal-alien,0,0,0,0,0
2025-01-02,angel-mother,0,0,0,0,0
2025-01-02,angel-family,0,0,0,0,0
2025-01-03,criminal-alien,0,0,0,0,0
2025-01-03,illegal-alien,0,0,0,0,0
2025-01-03,angel-mother,0,0,0,0,0
2025-01-03,angel-family,0,0,0,0,0
2025-01-04,criminal-alien,0,0,0,0,0
2025-01-04,illegal-alien,0,0,0,0,0
2025-01-04,angel-mother,0,0,0,0,0
2025-01-04,angel-family,0,0,0,0,0
2025-01-05,criminal-alien,0,0,0,0,0
2025-01-05,illegal-alien,0,0,0,0,0
2025-01-05,angel-mother,0,0,0,0,0
2025-01-05,angel-family,0,0,0,0,0
2025-01-06,criminal-alien,0,0,0,0,0
2025-01-06,illegal-alien,0,0,0,0,0
2025-01-06,angel-mother,0,0,0,0,0
2025-01-06,angel-family,0,0,0,0,0
2025-01-07,criminal-alien,0,0,0,0,0
2025-01-07,illegal-alien,0,0,0,0,0
2025-01-07,angel-mother,0,0,0,0,0
2025-01-07,angel-family,0,0,0,0,0
2025-01-08,criminal-alien,0,0,0,0,0
2025-01-08,illegal-alien,0,0,0,0,0
2025-01-08,angel-mother,0,0,0,0,0
2025-01-08,angel-family,0,0,0,0,0
2025-01-09,criminal-alien,0,0,0,0,0
2025-01-09,illegal-alien,0,0,0,0,0
2025-01-09,angel-mother,0,0,0,0,0
2025-01-09,angel-family,0,0,0,0,0
2025-01-10,criminal-alien,0,0,0,0,0
2025-01-10,illegal-alien,0,0,0,0,0
2025-01-10,angel-mother,0,0,0,0,0
2025-01-10,angel-family,0,0,0,0,0
2025-01-11,criminal-alien,0,0,0,0,0
2025-01-11,illegal-alien,0,0,0,0,0
2025-01-11,angel-mother,0,0,0,0,0
2025-01-11,angel-family,0,0,0,0,0
2025-01-12,criminal-alien,0,0,0,0,0
2025-01-12,illegal-alien,0,0,0,0,0
2025-01-12,angel-mother,0,0,0,0,0
2025-01-12,angel-family,0,0,0,0,0
2025-01-13,criminal-alien,0,0,0,0,0
2025-01-13,illegal-alien,0,0,0,0,0
2025-01-13,angel-mother,0,0,0,0,0
2025-01-13,angel-family,0,0,0,0,0
2025-01-14,criminal-alien,0,0,0,0,0
2025-01-14,illegal-alien,0,0,0,0,0
2025-01-14,angel-mother,0,0,0,0,0
2025-01-14,angel-family,0,0,0,0,0
2025-01-15,criminal-alien,0,0,0,0,0
2025-01-15,illegal-alien,0,0,0,0,0
2025-01-15,angel-mother,0,0,0,0,0
2025-01-15,angel-family,0,0,0,0,0
2025-01-16,criminal-alien,0,0,0,0,0
2025-01-16,illegal-alien,0,0,0,0,0
2025-01-16,angel-mother,0,0,0,0,0
2025-01-16,angel-family,0,0,0,0,0
2025-01-17,criminal-alien,0,0,0,0,0
2025-01-17,illegal-alien,0,0,0,0,0
2025-01-17,angel-mother,0,0,0,0,0
2025-01-17,angel-family,0,0,0,0,0
2025-01-18,criminal-alien,0,0,0,0,0
2025-01-18,illegal-alien,0,0,0,0,0
2025-01-18,angel-mother,0,0,0,0,0
2025-01-18,angel-family,0,0,0,0,0
2025-01-19,criminal-alien,0,0,0,0,0
2025-01-19,illegal-alien,0,0,0,0,0
2025-01-19,angel-mother,0,0,0,0,0
2025-01-19,angel-family,0,0,0,0,0
2025-01-20,criminal-alien,0,0,0,0,0
2025-01-20,illegal-alien,0,0,0,0,0
2025-01-20,angel-mother,0,0,0,0,0
2025-01-20,angel-family,0,0,0,0,0
2025-01-21,criminal-alien,0,0,0,0,0
2025-01-21,illegal-alien,0,0,0,0,0
2025-01-21,angel-mother,0,0,0,0,0
2025-01-21,angel-family,0,0,0,0,0
2025-01-22,criminal-alien,0,0,0,0,0
2025-01-22,illegal-alien,0,0,0,0,0
2025-01-22,angel-mother,0,0,0,0,0
2025-01-22,angel-family,0,0,0,0,0
2025-01-23,criminal-alien,0,0,0,0,0
2025-01-23,illegal-alien,0,0,0,0,0
2025-01-23,angel-mother,0,0,0,0,0
2025-01-23,angel-family,0,0,0,0,0
2025-01-24,criminal-alien,0,0,0,0,0
2025-01-24,illegal-alien,0,0,0,0,0
2025-01-24,angel-mother,0,0,0,0,0
2025-01-24,angel-family,0,0,0,0,0
2025-01-25,criminal-alien,0,1,0,0,1
2025-01-25,illegal-alien,0,0,0,0,0
2025-01-25,angel-mother,0,0,0,0,0
2025-01-25,angel-family,0,0,0,0,0
2025-01-26,criminal-alien,0,2,0,0,2
2025-01-26,illegal-alien,0,0,0,0,0
2025-01-26,angel-mother,0,0,0,0,0
2025-01-26,angel-family,0,0,0,0,0
2025-01-27,criminal-alien,0,0,0,0,0
2025-01-27,illegal-alien,1,0,1,0,2
2025-01-27,angel-mother,0,0,0,0,0
2025-01-27,angel-family,0,0,0,0,0
2025-01-28,criminal-alien,2,0,0,0,2
2025-01-28,illegal-alien,1,0,0,0,1
2025-01-28,angel-mother,0,0,0,0,0
2025-01-28,angel-family,0,0,0,0,0
2025-01-29,criminal-alien,1,0,0,0,1
2025-01-29,illegal-alien,1,0,0,0,1
2025-01-29,angel-mother,0,0,0,0,0
2025-01-29,angel-family,0,0,0,0,0
2025-01-30,criminal-alien,0,0,0,0,0
2025-01-30,illegal-alien,0,0,0,1,1
2025-01-30,angel-mother,0,0,0,0,0
2025-01-30,angel-family,0,0,0,0,0
2025-01-31,criminal-alien,1,0,0,1,2
2025-01-31,illegal-alien,1,0,0,2,3
2025-01-31,angel-mother,0,0,0,0,0
2025-01-31,angel-family,0,0,0,0,0
2025-02-01,criminal-alien,0,1,0,0,1
2025-02-01,illegal-alien,0,0,0,0,0
2025-02-01,angel-mother,0,0,0,0,0
2025-02-01,angel-family,0,0,0,0,0
2025-02-02,criminal-alien,0,0,0,0,0
2025-02-02,illegal-alien,0,0,0,0,0
2025-02-02,angel-mother,0,0,0,0,0
2025-02-02,angel-family,0,0,0,0,0
2025-02-03,criminal-alien,0,0,0,0,0
2025-02-03,illegal-alien,0,0,1,0,1
2025-02-03,angel-mother,0,0,0,0,0
2025-02-03,angel-family,0,0,0,0,0
2025-02-04,criminal-alien,0,2,0,2,4
2025-02-04,illegal-alien,0,0,0,2,2
2025-02-04,angel-mother,0,0,0,0,0
2025-02-04,angel-family,0,0,0,0,0
2025-02-05,criminal-alien,1,0,0,0,1
2025-02-05,illegal-alien,0,0,0,0,0
2025-02-05,angel-mother,0,0,0,0,0
2025-02-05,angel-family,0,0,0,0,0
2025-02-06,criminal-alien,0,0,0,0,0
2025-02-06,illegal-alien,0,0,0,0,0
2025-02-06,angel-mother,0,0,0,0,0
2025-02-06,angel-family,0,0,0,0,0
2025-02-07,criminal-alien,0,0,0,0,0
2025-02-07,illegal-alien,0,0,0,0,0
2025-02-07,angel-mother,0,0,0,0,0
2025-02-07,angel-family,0,0,0,0,0
2025-02-08,criminal-alien,0,1,0,0,1
2025-02-08,illegal-alien,0,0,0,0,0
2025-02-08,angel-mother,0,0,0,0,0
2025-02-08,angel-family,0,0,0,0,0
2025-02-09,criminal-alien,0,4,0,0,4
2025-02-09,illegal-alien,0,0,0,0,0
2025-02-09,angel-mother,0,0,0,0,0
2025-02-09,angel-family,0,0,0,0,0
2025-02-10,criminal-alien,0,1,0,0,1
2025-02-10,illegal-alien,0,0,0,0,0
2025-02-10,angel-mother,0,0,0,0,0
2025-02-10,angel-family,0,0,0,0,0
2025-02-11,criminal-alien,0,0,0,1,1
2025-02-11,illegal-alien,0,0,0,1,1
2025-02-11,angel-mother,0,0,0,0,0
2025-02-11,angel-family,0,0,0,0,0
2025-02-12,criminal-alien,1,0,0,0,1
2025-02-12,illegal-alien,0,0,0,0,0
2025-02-12,angel-mother,0,0,0,0,0
2025-02-12,angel-family,0,0,0,0,0
2025-02-13,criminal-alien,0,0,0,0,0
2025-02-13,illegal-alien,0,0,0,0,0
2025-02-13,angel-mother,0,0,0,0,0
2025-02-13,angel-family,0,0,0,0,0
2025-02-14,criminal-alien,1,0,0,0,1
2025-02-14,illegal-alien,0,0,0,0,0
2025-02-14,angel-mother,0,0,0,0,0
2025-02-14,angel-family,0,0,0,0,0
2025-02-15,criminal-alien,0,3,0,1,4
2025-02-15,illegal-alien,0,3,0,1,4
2025-02-15,angel-mother,0,0,0,0,0
2025-02-15,angel-family,0,0,0,0,0
2025-02-16,criminal-alien,0,2,0,0,2
2025-02-16,illegal-alien,0,0,0,0,0
2025-02-16,angel-mother,0,0,0,0,0
2025-02-16,angel-family,0,0,0,0,0
2025-02-17,criminal-alien,0,0,0,0,0
2025-02-17,illegal-alien,0,1,1,0,2
2025-02-17,angel-mother,0,0,0,0,0
2025-02-17,angel-family,0,0,0,0,0
2025-02-18,criminal-alien,1,4,0,0,5
2025-02-18,illegal-alien,2,2,0,2,6
2025-02-18,angel-mother,0,0,0,0,0
2025-02-18,angel-family,0,0,0,0,0
2025-02-19,criminal-alien,1,0,0,0,1
2025-02-19,illegal-alien,1,0,0,0,1
2025-02-19,angel-mother,0,0,0,0,0
2025-02-19,angel-family,0,0,0,0,0
2025-02-20,criminal-alien,1,0,0,0,1
2025-02-20,illegal-alien,0,1,0,0,1
2025-02-20,angel-mother,0,0,0,0,0
2025-02-20,angel-family,0,0,0,0,0
2025-02-21,criminal-alien,0,1,0,0,1
2025-02-21,illegal-alien,0,1,0,0,1
2025-02-21,angel-mother,0,0,0,0,0
2025-02-21,angel-family,0,0,0,0,0
2025-02-22,criminal-alien,1,1,0,0,2
2025-02-22,illegal-alien,1,0,0,0,1
2025-02-22,angel-mother,0,0,0,0,0
2025-02-22,angel-family,0,0,0,0,0
2025-02-23,criminal-alien,0,0,0,0,0
2025-02-23,illegal-alien,0,0,1,0,1
2025-02-23,angel-mother,0,0,0,0,0
2025-02-23,angel-family,0,0,0,0,0
2025-02-24,criminal-alien,0,0,0,0,0
2025-02-24,illegal-alien,0,0,0,0,0
2025-02-24,angel-mother,0,0,0,0,0
2025-02-24,angel-family,0,0,0,0,0
2025-02-25,criminal-alien,1,3,0,0,4
2025-02-25,illegal-alien,1,1,0,0,2
2025-02-25,angel-mother,0,0,0,0,0
2025-02-25,angel-family,0,0,0,0,0
2025-02-26,criminal-alien,1,0,0,0,1
2025-02-26,illegal-alien,3,1,0,0,4
2025-02-26,angel-mother,0,0,0,0,0
2025-02-26,angel-family,0,0,0,0,0
2025-02-27,criminal-alien,1,0,0,0,1
2025-02-27,illegal-alien,0,2,0,0,2
2025-02-27,angel-mother,0,0,0,0,0
2025-02-27,angel-family,0,0,0,0,0
2025-02-28,criminal-alien,2,2,0,0,4
2025-02-28,illegal-alien,1,0,0,0,1
2025-02-28,angel-mother,0,0,0,0,0
2025-02-28,angel-family,0,0,0,0,0
2025-03-01,criminal-alien,0,0,0,0,0
2025-03-01,illegal-alien,1,0,0,0,1
2025-03-01,angel-mother,0,0,0,0,0
2025-03-01,angel-family,0,0,0,0,0
2025-03-02,criminal-alien,0,0,0,0,0
2025-03-02,illegal-alien,1,0,0,0,1
2025-03-02,angel-mother,0,0,0,0,0
2025-03-02,angel-family,0,0,0,0,0
2025-03-03,criminal-alien,0,0,0,0,0
2025-03-03,illegal-alien,1,0,0,0,1
2025-03-03,angel-mother,0,0,0,0,0
2025-03-03,angel-family,0,0,0,0,0
2025-03-04,criminal-alien,1,1,0,0,2
2025-03-04,illegal-alien,1,1,0,0,2
2025-03-04,angel-mother,0,0,0,0,0
2025-03-04,angel-family,0,0,0,0,0
2025-03-05,criminal-alien,0,0,0,0,0
2025-03-05,illegal-alien,0,0,0,0,0
2025-03-05,angel-mother,0,0,0,0,0
2025-03-05,angel-family,0,0,0,0,0
2025-03-06,criminal-alien,0,0,0,0,0
2025-03-06,illegal-alien,0,0,0,0,0
2025-03-06,angel-mother,0,0,0,0,0
2025-03-06,angel-family,0,0,0,0,0
2025-03-07,criminal-alien,1,0,0,0,1
2025-03-07,illegal-alien,0,0,0,0,0
2025-03-07,angel-mother,0,0,0,0,0
2025-03-07,angel-family,0,0,0,0,0
2025-03-08,criminal-alien,1,0,0,0,1
2025-03-08,illegal-alien,1,1,0,0,2
2025-03-08,angel-mother,0,0,0,0,0
2025-03-08,angel-family,0,0,0,0,0
2025-03-09,criminal-alien,0,1,0,0,1
2025-03-09,illegal-alien,0,0,1,0,1
2025-03-09,angel-mother,0,0,0,0,0
2025-03-09,angel-family,0,0,0,0,0
2025-03-10,criminal-alien,1,1,1,0,3
2025-03-10,illegal-alien,3,0,1,0,4
2025-03-10,angel-mother,0,0,0,0,0
2025-03-10,angel-family,0,0,0,0,0
2025-03-11,criminal-alien,2,2,0,0,4
2025-03-11,illegal-alien,4,0,1,0,5
2025-03-11,angel-mother,0,0,0,0,0
2025-03-11,angel-family,0,0,0,0,0
2025-03-12,criminal-alien,0,0,0,0,0
2025-03-12,illegal-alien,0,0,0,0,0
2025-03-12,angel-mother,0,0,0,0,0
2025-03-12,angel-family,0,0,0,0,0
2025-03-13,criminal-alien,0,0,0,0,0
2025-03-13,illegal-alien,4,0,0,0,4
2025-03-13,angel-mother,0,0,0,0,0
2025-03-13,angel-family,0,0,0,0,0
2025-03-14,criminal-alien,0,1,0,0,1
2025-03-14,illegal-alien,3,0,0,0,3
2025-03-14,angel-mother,0,0,0,0,0
2025-03-14,angel-family,0,0,0,0,0
2025-03-15,criminal-alien,1,0,0,0,1
2025-03-15,illegal-alien,2,0,0,0,2
2025-03-15,angel-mother,0,0,0,0,0
2025-03-15,angel-family,0,0,0,0,0
2025-03-16,criminal-alien,0,0,0,0,0
2025-03-16,illegal-alien,0,0,0,0,0
2025-03-16,angel-mother,0,0,0,0,0
2025-03-16,angel-family,0,0,0,0,0
2025-03-17,criminal-alien,0,0,0,0,0
2025-03-17,illegal-alien,0,0,1,0,1
2025-03-17,angel-mother,0,0,0,0,0
2025-03-17,angel-family,0,0,0,0,0
2025-03-18,criminal-alien,1,1,0,1,3
2025-03-18,illegal-alien,1,1,0,2,4
2025-03-18,angel-mother,0,0,0,0,0
2025-03-18,angel-family,0,0,0,0,0
2025-03-19,criminal-alien,0,0,0,0,0
2025-03-19,illegal-alien,2,0,0,0,2
2025-03-19,angel-mother,0,0,0,0,0
2025-03-19,angel-family,0,0,0,0,0
2025-03-20,criminal-alien,1,0,0,0,1
2025-03-20,illegal-alien,2,0,0,0,2
2025-03-20,angel-mother,0,0,0,0,0
2025-03-20,angel-family,0,0,0,0,0
2025-03-21,criminal-alien,1,0,0,0,1
2025-03-21,illegal-alien,1,0,0,0,1
2025-03-21,angel-mother,0,0,0,0,0
2025-03-21,angel-family,0,0,0,0,0
2025-03-22,criminal-alien,1,0,0,0,1
2025-03-22,illegal-alien,1,0,0,0,1
2025-03-22,angel-mother,0,0,0,0,0
2025-03-22,angel-family,0,0,0,0,0
2025-03-23,criminal-alien,1,0,0,0,1
2025-03-23,illegal-alien,2,0,0,0,2
2025-03-23,angel-mother,0,0,0,0,0
2025-03-23,angel-family,0,0,0,0,0
2025-03-24,criminal-alien,3,0,1,0,4
2025-03-24,illegal-alien,4,1,0,1,6
2025-03-24,angel-mother,0,0,0,0,0
2025-03-24,angel-family,0,0,0,0,0
2025-03-25,criminal-alien,1,0,0,0,1
2025-03-25,illegal-alien,4,0,0,0,4
2025-03-25,angel-mother,0,0,0,0,0
2025-03-25,angel-family,0,0,0,0,0
2025-03-26,criminal-alien,2,1,0,0,3
2025-03-26,illegal-alien,3,0,0,0,3
2025-03-26,angel-mother,0,0,0,0,0
2025-03-26,angel-family,0,0,0,0,0
2025-03-27,criminal-alien,2,1,0,0,3
2025-03-27,illegal-alien,2,5,0,0,7
2025-03-27,angel-mother,0,0,0,0,0
2025-03-27,angel-family,0,0,0,0,0
2025-03-28,criminal-alien,3,0,0,0,3
2025-03-28,illegal-alien,2,2,0,0,4
2025-03-28,angel-mother,0,0,0,0,0
2025-03-28,angel-family,0,0,0,0,0
2025-03-29,criminal-alien,2,0,0,0,2
2025-03-29,illegal-alien,3,0,0,0,3
2025-03-29,angel-mother,0,0,0,0,0
2025-03-29,angel-family,0,0,0,0,0
2025-03-30,criminal-alien,1,2,0,0,3
2025-03-30,illegal-alien,1,1,1,0,3
2025-03-30,angel-mother,0,0,0,0,0
2025-03-30,angel-family,0,0,0,0,0
2025-03-31,criminal-alien,4,0,0,0,4
2025-03-31,illegal-alien,5,1,1,0,7
2025-03-31,angel-mother,0,0,0,0,0
2025-03-31,angel-family,0,0,0,0,0
2025-04-01,criminal-alien,0,2,0,0,2
2025-04-01,illegal-alien,1,1,1,0,3
2025-04-01,angel-mother,0,0,0,0,0
2025-04-01,angel-family,0,0,0,0,0
2025-04-02,criminal-alien,1,0,0,0,1
2025-04-02,illegal-alien,0,0,0,0,0
2025-04-02,angel-mother,0,0,0,0,0
2025-04-02,angel-family,0,0,0,0,0
2025-04-03,criminal-alien,1,0,0,0,1
2025-04-03,illegal-alien,1,0,0,0,1
2025-04-03,angel-mother,0,0,0,0,0
2025-04-03,angel-family,0,0,0,0,0
2025-04-04,criminal-alien,1,0,0,0,1
2025-04-04,illegal-alien,3,0,0,0,3
2025-04-04,angel-mother,0,0,0,0,0
2025-04-04,angel-family,0,0,0,0,0
2025-04-05,criminal-alien,1,0,0,0,1
2025-04-05,illegal-alien,2,2,0,0,4
2025-04-05,angel-mother,0,0,0,0,0
2025-04-05,angel-family,0,0,0,0,0
2025-04-06,criminal-alien,1,0,0,0,1
2025-04-06,illegal-alien,2,0,0,0,2
2025-04-06,angel-mother,0,0,0,0,0
2025-04-06,angel-family,0,0,0,0,0
2025-04-07,criminal-alien,0,1,0,0,1
2025-04-07,illegal-alien,0,0,0,0,0
2025-04-07,angel-mother,0,0,0,0,0
2025-04-07,angel-family,0,0,0,0,0
2025-04-08,criminal-alien,1,0,0,0,1
2025-04-08,illegal-alien,3,0,0,0,3
2025-04-08,angel-mother,0,0,0,0,0
2025-04-08,angel-family,0,0,0,0,0
2025-04-09,criminal-alien,1,5,0,0,6
2025-04-09,illegal-alien,3,3,0,0,6
2025-04-09,angel-mother,0,0,0,0,0
2025-04-09,angel-family,0,0,0,0,0
2025-04-10,criminal-alien,0,1,0,0,1
2025-04-10,illegal-alien,0,2,0,0,2
2025-04-10,angel-mother,0,0,0,0,0
2025-04-10,angel-family,0,0,0,0,0
2025-04-11,criminal-alien,0,0,0,0,0
2025-04-11,illegal-alien,0,2,0,0,2
2025-04-11,angel-mother,0,0,0,0,0
2025-04-11,angel-family,0,0,0,0,0
2025-04-12,criminal-alien,0,1,0,0,1
2025-04-12,illegal-alien,1,0,0,0,1
2025-04-12,angel-mother,0,0,0,0,0
2025-04-12,angel-family,0,0,0,0,0
2025-04-13,criminal-alien,1,1,0,0,2
2025-04-13,illegal-alien,3,1,0,0,4
2025-04-13,angel-mother,0,0,0,0,0
2025-04-13,angel-family,1,0,0,0,1
2025-04-14,criminal-alien,0,1,0,0,1
2025-04-14,illegal-alien,2,0,1,1,4
2025-04-14,angel-mother,0,0,0,0,0
2025-04-14,angel-family,0,0,0,0,0
2025-04-15,criminal-alien,1,2,0,0,3
2025-04-15,illegal-alien,3,2,0,0,5
2025-04-15,angel-mother,0,0,0,0,0
2025-04-15,angel-family,0,0,0,0,0
2025-04-16,criminal-alien,0,1,0,0,1
2025-04-16,illegal-alien,0,1,0,0,1
2025-04-16,angel-mother,0,1,0,0,1
2025-04-16,angel-family,0,0,0,0,0
2025-04-17,criminal-alien,0,0,0,0,0
2025-04-17,illegal-alien,0,0,0,0,0
2025-04-17,angel-mother,0,0,0,0,0
2025-04-17,angel-family,0,0,0,0,0
2025-04-18,criminal-alien,0,0,0,0,0
2025-04-18,illegal-alien,0,0,0,0,0
2025-04-18,angel-mother,0,0,0,0,0
2025-04-18,angel-family,0,0,0,0,0
2025-04-19,criminal-alien,0,0,0,0,0
2025-04-19,illegal-alien,0,0,0,0,0
2025-04-19,angel-mother,0,0,0,0,0
2025-04-19,angel-family,0,0,0,0,0
2025-04-20,criminal-alien,0,0,0,0,0
2025-04-20,illegal-alien,1,0,0,0,1
2025-04-20,angel-mother,0,0,0,0,0
2025-04-20,angel-family,0,0,0,0,0
2025-04-21,criminal-alien,0,1,0,0,1
2025-04-21,illegal-alien,0,0,0,0,0
2025-04-21,angel-mother,0,0,0,0,0
2025-04-21,angel-family,0,0,0,0,0
2025-04-22,criminal-alien,0,1,0,0,1
2025-04-22,illegal-alien,3,1,0,1,5
2025-04-22,angel-mother,0,0,0,0,0
2025-04-22,angel-family,0,0,0,0,0
2025-04-23,criminal-alien,0,0,0,0,0
2025-04-23,illegal-alien,0,0,0,0,0
2025-04-23,angel-mother,0,0,0,0,0
2025-04-23,angel-family,0,0,0,0,0
2025-04-24,criminal-alien,0,0,0,0,0
2025-04-24,illegal-alien,2,0,0,0,2
2025-04-24,angel-mother,0,0,0,0,0
2025-04-24,angel-family,0,0,0,0,0
2025-04-25,criminal-alien,0,1,0,0,1
2025-04-25,illegal-alien,4,1,0,0,5
2025-04-25,angel-mother,0,0,0,0,0
2025-04-25,angel-family,0,0,0,0,0
2025-04-26,criminal-alien,0,1,0,0,1
2025-04-26,illegal-alien,0,1,0,0,1
2025-04-26,angel-mother,0,0,0,0,0
2025-04-26,angel-family,0,0,0,0,0
2025-04-27,criminal-alien,3,0,0,0,3
2025-04-27,illegal-alien,3,0,0,0,3
2025-04-27,angel-mother,0,0,0,0,0
2025-04-27,angel-family,0,0,0,0,0
2025-04-28,criminal-alien,2,3,0,0,5
2025-04-28,illegal-alien,3,0,1,0,4
2025-04-28,angel-mother,0,0,0,0,0
2025-04-28,angel-family,0,0,0,0,0
2025-04-29,criminal-alien,1,2,0,0,3
2025-04-29,illegal-alien,0,5,0,0,5
2025-04-29,angel-mother,0,0,0,0,0
2025-04-29,angel-family,0,0,0,0,0
2025-04-30,criminal-alien,2,4,0,0,6
2025-04-30,illegal-alien,6,6,1,0,13
2025-04-30,angel-mother,0,0,0,0,0
2025-04-30,angel-family,0,0,0,0,0
2025-05-01,criminal-alien,1,0,0,0,1
2025-05-01,illegal-alien,1,0,0,0,1
2025-05-01,angel-mother,0,0,0,0,0
2025-05-01,angel-family,0,0,0,0,0
2025-05-02,criminal-alien,0,1,0,0,1
2025-05-02,illegal-alien,0,1,0,0,1
2025-05-02,angel-mother,0,0,0,0,0
2025-05-02,angel-family,0,0,0,0,0
2025-05-03,criminal-alien,0,0,0,0,0
2025-05-03,illegal-alien,0,0,0,0,0
2025-05-03,angel-mother,0,0,0,0,0
2025-05-03,angel-family,0,0,0,0,0
2025-05-04,criminal-alien,0,0,0,0,0
2025-05-04,illegal-alien,0,0,0,0,0
2025-05-04,angel-mother,0,0,0,0,0
2025-05-04,angel-family,0,0,0,0,0
2025-05-05,criminal-alien,1,0,0,0,1
2025-05-05,illegal-alien,4,0,2,0,6
2025-05-05,angel-mother,0,0,0,0,0
2025-05-05,angel-family,0,0,0,0,0
2025-05-06,criminal-alien,5,3,0,0,8
2025-05-06,illegal-alien,7,3,1,0,11
2025-05-06,angel-mother,0,0,0,0,0
2025-05-06,angel-family,0,0,0,0,0
2025-05-07,criminal-alien,0,0,0,0,0
2025-05-07,illegal-alien,0,0,0,0,0
2025-05-07,angel-mother,0,0,0,0,0
2025-05-07,angel-family,0,0,0,0,0
2025-05-08,criminal-alien,0,0,0,0,0
2025-05-08,illegal-alien,1,0,0,0,1
2025-05-08,angel-mother,0,0,0,0,0
2025-05-08,angel-family,0,0,0,0,0
2025-05-09,criminal-alien,0,0,0,0,0
2025-05-09,illegal-alien,0,0,0,0,0
2025-05-09,angel-mother,0,0,0,0,0
2025-05-09,angel-family,0,0,0,0,0
2025-05-10,criminal-alien,0,0,0,0,0
2025-05-10,illegal-alien,0,0,0,0,0
2025-05-10,angel-mother,0,0,0,0,0
2025-05-10,angel-family,0,0,0,0,0
2025-05-11,criminal-alien,0,0,0,0,0
2025-05-11,illegal-alien,0,0,0,0,0
2025-05-11,angel-mother,0,0,0,0,0
2025-05-11,angel-family,0,0,0,0,0
2025-05-12,criminal-alien,1,2,1,0,4
2025-05-12,illegal-alien,3,1,0,0,4
2025-05-12,angel-mother,0,0,0,0,0
2025-05-12,angel-family,0,0,0,0,0
2025-05-13,criminal-alien,1,3,1,0,5
2025-05-13,illegal-alien,9,4,1,0,14
2025-05-13,angel-mother,0,0,0,0,0
2025-05-13,angel-family,0,0,0,0,0
2025-05-14,criminal-alien,0,0,0,0,0
2025-05-14,illegal-alien,0,0,0,0,0
2025-05-14,angel-mother,0,0,0,0,0
2025-05-14,angel-family,0,0,0,0,0
2025-05-15,criminal-alien,0,0,0,0,0
2025-05-15,illegal-alien,0,0,0,0,0
2025-05-15,angel-mother,0,0,0,0,0
2025-05-15,angel-family,0,0,0,0,0
2025-05-16,criminal-alien,0,0,0,0,0
2025-05-16,illegal-alien,0,0,0,0,0
2025-05-16,angel-mother,0,0,0,0,0
2025-05-16,angel-family,0,0,0,0,0
2025-05-17,criminal-alien,0,0,0,0,0
2025-05-17,illegal-alien,0,0,0,0,0
2025-05-17,angel-mother,0,0,0,0,0
2025-05-17,angel-family,0,0,0,0,0
2025-05-18,criminal-alien,0,0,0,0,0
2025-05-18,illegal-alien,0,0,0,0,0
2025-05-18,angel-mother,0,0,0,0,0
2025-05-18,angel-family,0,0,0,0,0
2025-05-19,criminal-alien,0,0,0,0,0
2025-05-19,illegal-alien,1,1,0,0,2
2025-05-19,angel-mother,0,0,0,0,0
2025-05-19,angel-family,0,0,0,0,0
2025-05-20,criminal-alien,6,0,0,0,6
2025-05-20,illegal-alien,14,0,0,1,15
2025-05-20,angel-mother,0,0,0,0,0
2025-05-20,angel-family,0,0,0,0,0
2025-05-21,criminal-alien,4,0,0,1,5
2025-05-21,illegal-alien,6,0,0,1,7
2025-05-21,angel-mother,0,0,0,0,0
2025-05-21,angel-family,0,0,0,0,0
2025-05-22,criminal-alien,2,0,0,0,2
2025-05-22,illegal-alien,4,0,0,0,4
2025-05-22,angel-mother,0,0,0,0,0
2025-05-22,angel-family,0,0,0,0,0
2025-05-23,criminal-alien,3,1,0,0,4
2025-05-23,illegal-alien,6,1,0,0,7
2025-05-23,angel-mother,0,0,0,0,0
2025-05-23,angel-family,0,0,0,0,0
2025-05-24,criminal-alien,0,0,0,0,0
2025-05-24,illegal-alien,0,0,0,0,0
2025-05-24,angel-mother,0,0,0,0,0
2025-05-24,angel-family,0,0,0,0,0
2025-05-25,criminal-alien,1,0,0,0,1
2025-05-25,illegal-alien,0,0,0,0,0
2025-05-25,angel-mother,0,0,0,0,0
2025-05-25,angel-family,0,0,0,0,0
2025-05-26,criminal-alien,0,0,0,0,0
2025-05-26,illegal-alien,0,0,0,0,0
2025-05-26,angel-mother,0,0,0,0,0
2025-05-26,angel-family,0,0,0,0,0
2025-05-27,criminal-alien,2,0,0,0,2
2025-05-27,illegal-alien,5,0,0,0,5
2025-05-27,angel-mother,0,0,0,0,0
2025-05-27,angel-family,0,0,0,0,0
2025-05-28,criminal-alien,1,0,0,0,1
2025-05-28,illegal-alien,3,0,0,0,3
2025-05-28,angel-mother,0,0,0,0,0
2025-05-28,angel-family,0,0,0,0,0
2025-05-29,criminal-alien,2,3,0,0,5
2025-05-29,illegal-alien,5,4,0,0,9
2025-05-29,angel-mother,0,0,0,0,0
2025-05-29,angel-family,0,0,0,0,0
2025-05-30,criminal-alien,1,1,0,0,2
2025-05-30,illegal-alien,3,3,0,0,6
2025-05-30,angel-mother,0,0,0,0,0
2025-05-30,angel-family,0,0,0,0,0
2025-05-31,criminal-alien,0,3,0,0,3
2025-05-31,illegal-alien,0,0,0,0,0
2025-05-31,angel-mother,0,0,0,0,0
2025-05-31,angel-family,0,0,0,0,0
2025-06-01,criminal-alien,0,0,0,0,0
2025-06-01,illegal-alien,0,0,0,0,0
2025-06-01,angel-mother,0,0,0,0,0
2025-06-01,angel-family,0,0,0,0,0
2025-06-02,criminal-alien,0,0,1,0,1
2025-06-02,illegal-alien,3,0,1,1,5
2025-06-02,angel-mother,0,0,0,0,0
2025-06-02,angel-family,0,0,0,0,0
2025-06-03,criminal-alien,11,0,0,0,11
2025-06-03,illegal-alien,2,0,2,2,6
2025-06-03,angel-mother,0,0,0,0,0
2025-06-03,angel-family,0,0,0,0,0
2025-06-04,criminal-alien,0,0,0,0,0
2025-06-04,illegal-alien,0,0,0,0,0
2025-06-04,angel-mother,0,0,0,0,0
2025-06-04,angel-family,0,0,0,0,0
2025-06-05,criminal-alien,0,0,0,0,0
2025-06-05,illegal-alien,0,0,0,0,0
2025-06-05,angel-mother,0,0,0,0,0
2025-06-05,angel-family,0,0,0,0,0
2025-06-06,criminal-alien,0,0,0,0,0
2025-06-06,illegal-alien,0,0,0,0,0
2025-06-06,angel-mother,0,0,0,0,0
2025-06-06,angel-family,0,0,0,0,0
2025-06-07,criminal-alien,1,0,0,0,1
2025-06-07,illegal-alien,1,0,0,0,1
2025-06-07,angel-mother,0,0,0,0,0
2025-06-07,angel-family,0,0,0,0,0
2025-06-08,criminal-alien,0,0,0,0,0
2025-06-08,illegal-alien,0,0,0,0,0
2025-06-08,angel-mother,0,0,0,0,0
2025-06-08,angel-family,0,0,0,0,0
2025-06-09,criminal-alien,1,0,0,0,1
2025-06-09,illegal-alien,1,0,0,0,1
2025-06-09,angel-mother,0,0,0,0,0
2025-06-09,angel-family,0,0,0,0,0
2025-06-10,criminal-alien,2,0,0,0,2
2025-06-10,illegal-alien,2,0,0,0,2
2025-06-10,angel-mother,0,0,0,0,0
2025-06-10,angel-family,0,0,0,0,0
2025-06-11,criminal-alien,0,0,0,0,0
2025-06-11,illegal-alien,0,0,0,0,0
2025-06-11,angel-mother,0,0,0,0,0
2025-06-11,angel-family,0,0,0,0,0
2025-06-12,criminal-alien,0,0,0,0,0
2025-06-12,illegal-alien,0,0,0,0,0
2025-06-12,angel-mother,0,0,0,0,0
2025-06-12,angel-family,0,0,0,0,0
2025-06-13,criminal-alien,0,0,0,0,0
2025-06-13,illegal-alien,0,0,0,0,0
2025-06-13,angel-mother,0,0,0,0,0
2025-06-13,angel-family,0,0,0,0,0
2025-06-14,criminal-alien,0,0,0,0,0
2025-06-14,illegal-alien,0,1,0,0,1
2025-06-14,angel-mother,0,0,0,0,0
2025-06-14,angel-family,0,0,0,0,0
2025-06-15,criminal-alien,0,0,0,0,0
2025-06-15,illegal-alien,0,0,0,0,0
2025-06-15,angel-mother,0,0,0,0,0
2025-06-15,angel-family,0,0,0,0,0
2025-06-16,criminal-alien,5,0,0,0,5
2025-06-16,illegal-alien,5,0,0,0,5
2025-06-16,angel-mother,0,0,0,0,0
2025-06-16,angel-family,0,0,0,0,0
2025-06-17,criminal-alien,2,0,0,0,2
2025-06-17,illegal-alien,3,0,1,0,4
2025-06-17,angel-mother,0,0,0,0,0
2025-06-17,angel-family,0,0,0,1,1
2025-06-18,criminal-alien,0,0,0,0,0
2025-06-18,illegal-alien,0,0,0,0,0
2025-06-18,angel-mother,0,0,0,0,0
2025-06-18,angel-family,0,0,0,0,0
2025-06-19,criminal-alien,0,0,0,0,0
2025-06-19,illegal-alien,0,0,0,0,0
2025-06-19,angel-mother,0,0,0,0,0
2025-06-19,angel-family,0,0,0,0,0
2025-06-20,criminal-alien,0,0,0,0,0
2025-06-20,illegal-alien,0,0,0,0,0
2025-06-20,angel-mother,0,0,0,0,0
2025-06-20,angel-family,0,0,0,0,0
2025-06-21,criminal-alien,1,0,0,0,1
2025-06-21,illegal-alien,2,0,0,0,2
2025-06-21,angel-mother,0,0,0,0,0
2025-06-21,angel-family,0,0,0,0,0
2025-06-22,criminal-alien,0,0,0,0,0
2025-06-22,illegal-alien,0,0,0,0,0
2025-06-22,angel-mother,0,0,0,0,0
2025-06-22,angel-family,0,0,0,0,0
2025-06-23,criminal-alien,0,0,0,0,0
2025-06-23,illegal-alien,0,0,0,0,0
2025-06-23,angel-mother,0,0,0,0,0
2025-06-23,angel-family,0,0,0,0,0
2025-06-24,criminal-alien,2,0,0,0,2
2025-06-24,illegal-alien,3,0,2,0,5
2025-06-24,angel-mother,0,0,0,0,0
2025-06-24,angel-family,0,0,0,0,0
2025-06-25,criminal-alien,2,0,0,0,2
2025-06-25,illegal-alien,2,0,0,0,2
2025-06-25,angel-mother,0,0,0,0,0
2025-06-25,angel-family,0,0,0,0,0
2025-06-26,criminal-alien,21,0,0,0,21
2025-06-26,illegal-alien,25,0,0,0,25
2025-06-26,angel-mother,1,0,0,0,1
2025-06-26,angel-family,0,0,0,0,0
2025-06-27,criminal-alien,0,0,0,0,0
2025-06-27,illegal-alien,1,0,0,0,1
2025-06-27,angel-mother,0,0,0,0,0
2025-06-27,angel-family,0,0,0,0,0
2025-06-28,criminal-alien,0,0,0,0,0
2025-06-28,illegal-alien,0,0,0,0,0
2025-06-28,angel-mother,0,0,0,0,0
2025-06-28,angel-family,0,0,0,0,0
2025-06-29,criminal-alien,0,1,0,0,1
2025-06-29,illegal-alien,0,0,0,0,0
2025-06-29,angel-mother,0,0,0,0,0
2025-06-29,angel-family,0,0,0,0,0
2025-06-30,criminal-alien,0,8,0,0,8
2025-06-30,illegal-alien,5,2,0,0,7
2025-06-30,angel-mother,0,0,0,0,0
2025-06-30,angel-family,0,0,0,0,0
2025-07-01,criminal-alien,3,4,1,0,8
2025-07-01,illegal-alien,5,2,4,0,11
2025-07-01,angel-mother,0,0,0,0,0
2025-07-01,angel-family,0,0,0,0,0
2025-07-02,criminal-alien,0,0,0,0,0
2025-07-02,illegal-alien,0,0,0,0,0
2025-07-02,angel-mother,0,0,0,0,0
2025-07-02,angel-family,0,0,0,0,0
2025-07-03,criminal-alien,1,0,0,0,1
2025-07-03,illegal-alien,1,0,0,0,1
2025-07-03,angel-mother,0,0,0,0,0
2025-07-03,angel-family,0,0,0,0,0
2025-07-04,criminal-alien,0,0,0,0,0
2025-07-04,illegal-alien,0,0,0,0,0
2025-07-04,angel-mother,0,0,0,0,0
2025-07-04,angel-family,0,0,0,0,0
2025-07-05,criminal-alien,0,0,0,0,0
2025-07-05,illegal-alien,0,0,0,0,0
2025-07-05,angel-mother,0,0,0,0,0
2025-07-05,angel-family,0,0,0,0,0
2025-07-06,criminal-alien,0,0,0,0,0
2025-07-06,illegal-alien,0,0,0,0,0
2025-07-06,angel-mother,0,0,0,0,0
2025-07-06,angel-family,0,0,0,0,0
2025-07-07,criminal-alien,0,2,0,0,2
2025-07-07,illegal-alien,0,0,0,0,0
2025-07-07,angel-mother,0,0,0,0,0
2025-07-07,angel-family,0,0,0,0,0
2025-07-08,criminal-alien,4,2,0,0,6
2025-07-08,illegal-alien,4,2,2,0,8
2025-07-08,angel-mother,0,0,0,0,0
2025-07-08,angel-family,0,0,0,0,0
2025-07-09,criminal-alien,0,0,0,0,0
2025-07-09,illegal-alien,1,0,0,0,1
2025-07-09,angel-mother,0,0,0,0,0
2025-07-09,angel-family,0,0,0,0,0
2025-07-10,criminal-alien,0,0,1,0,1
2025-07-10,illegal-alien,0,0,1,0,1
2025-07-10,angel-mother,0,0,0,0,0
2025-07-10,angel-family,0,0,0,0,0
2025-07-11,criminal-alien,0,0,0,0,0
2025-07-11,illegal-alien,0,0,0,0,0
2025-07-11,angel-mother,0,0,0,0,0
2025-07-11,angel-family,0,0,0,0,0
2025-07-12,criminal-alien,0,0,0,0,0
2025-07-12,illegal-alien,0,0,1,0,1
2025-07-12,angel-mother,0,0,0,0,0
2025-07-12,angel-family,0,0,0,0,0
2025-07-13,criminal-alien,0,0,0,0,0
2025-07-13,illegal-alien,0,0,0,0,0
2025-07-13,angel-mother,0,0,0,0,0
2025-07-13,angel-family,0,0,0,0,0
2025-07-14,criminal-alien,0,0,0,0,0
2025-07-14,illegal-alien,4,0,0,0,4
2025-07-14,angel-mother,0,0,0,0,0
2025-07-14,angel-family,0,0,0,0,0
2025-07-15,criminal-alien,2,7,0,0,9
2025-07-15,illegal-alien,4,3,1,0,8
2025-07-15,angel-mother,0,0,0,0,0
2025-07-15,angel-family,0,0,0,0,0
2025-07-16,criminal-alien,0,0,0,0,0
2025-07-16,illegal-alien,0,0,1,0,1
2025-07-16,angel-mother,0,0,0,0,0
2025-07-16,angel-family,0,0,0,0,0
2025-07-17,criminal-alien,0,0,0,0,0
2025-07-17,illegal-alien,0,0,0,0,0
2025-07-17,angel-mother,0,0,0,0,0
2025-07-17,angel-family,0,0,0,0,0
2025-07-18,criminal-alien,0,0,1,0,1
2025-07-18,illegal-alien,0,0,1,0,1
2025-07-18,angel-mother,0,0,0,0,0
2025-07-18,angel-family,0,0,0,0,0
2025-07-19,criminal-alien,0,0,0,0,0
2025-07-19,illegal-alien,0,0,1,0,1
2025-07-19,angel-mother,0,0,0,0,0
2025-07-19,angel-family,0,0,0,0,0
2025-07-20,criminal-alien,0,0,0,0,0
2025-07-20,illegal-alien,1,0,0,0,1
2025-07-20,angel-mother,0,0,0,0,0
2025-07-20,angel-family,0,0,0,0,0
2025-07-21,criminal-alien,2,0,0,0,2
2025-07-21,illegal-alien,2,0,2,0,4
2025-07-21,angel-mother,0,0,0,0,0
2025-07-21,angel-family,0,0,0,0,0
2025-07-22,criminal-alien,5,5,0,0,10
2025-07-22,illegal-alien,5,2,1,0,8
2025-07-22,angel-mother,0,0,0,0,0
2025-07-22,angel-family,0,0,0,0,0
2025-07-23,criminal-alien,0,0,0,0,0
2025-07-23,illegal-alien,0,0,0,0,0
2025-07-23,angel-mother,0,0,0,0,0
2025-07-23,angel-family,0,0,0,0,0
2025-07-24,criminal-alien,0,0,0,0,0
2025-07-24,illegal-alien,0,0,0,0,0
2025-07-24,angel-mother,0,0,0,0,0
2025-07-24,angel-family,0,0,0,0,0
2025-07-25,criminal-alien,0,0,0,0,0
2025-07-25,illegal-alien,0,0,2,0,2
2025-07-25,angel-mother,0,0,0,0,0
2025-07-25,angel-family,0,0,0,0,0
2025-07-26,criminal-alien,1,0,0,0,1
2025-07-26,illegal-alien,1,0,0,0,1
2025-07-26,angel-mother,0,0,0,0,0
2025-07-26,angel-family,0,0,0,0,0
2025-07-27,criminal-alien,1,0,0,0,1
2025-07-27,illegal-alien,1,0,1,0,2
2025-07-27,angel-mother,0,0,0,0,0
2025-07-27,angel-family,0,0,0,0,0
2025-07-28,criminal-alien,12,4,0,0,16
2025-07-28,illegal-alien,8,1,0,0,9
2025-07-28,angel-mother,0,0,0,0,0
2025-07-28,angel-family,0,0,0,0,0
2025-07-29,criminal-alien,2,9,0,0,11
2025-07-29,illegal-alien,5,6,0,0,11
2025-07-29,angel-mother,0,0,0,0,0
2025-07-29,angel-family,0,0,0,0,0
2025-07-30,criminal-alien,0,11,0,0,11
2025-07-30,illegal-alien,0,9,0,0,9
2025-07-30,angel-mother,0,0,0,0,0
2025-07-30,angel-family,0,0,0,0,0
2025-07-31,criminal-alien,0,2,0,0,2
2025-07-31,illegal-alien,0,3,0,0,3
2025-07-31,angel-mother,0,0,0,0,0
2025-07-31,angel-family,0,0,0,0,0
2025-08-01,criminal-alien,0,0,0,0,0
2025-08-01,illegal-alien,0,0,0,0,0
2025-08-01,angel-mother,0,0,0,0,0
2025-08-01,angel-family,0,0,0,0,0
2025-08-02,criminal-alien,0,0,0,0,0
2025-08-02,illegal-alien,0,0,0,0,0
2025-08-02,angel-mother,0,0,0,0,0
2025-08-02,angel-family,0,0,0,0,0
2025-08-03,criminal-alien,0,1,0,0,1
2025-08-03,illegal-alien,1,1,0,0,2
2025-08-03,angel-mother,0,0,0,0,0
2025-08-03,angel-family,0,0,0,0,0
2025-08-04,criminal-alien,5,3,0,0,8
2025-08-04,illegal-alien,5,1,0,0,6
2025-08-04,angel-mother,0,0,0,0,0
2025-08-04,angel-family,0,0,0,0,0
2025-08-05,criminal-alien,4,1,1,0,6
2025-08-05,illegal-alien,5,2,0,0,7
2025-08-05,angel-mother,0,0,0,0,0
2025-08-05,angel-family,0,0,0,0,0
2025-08-06,criminal-alien,0,0,0,0,0
2025-08-06,illegal-alien,0,0,0,0,0
2025-08-06,angel-mother,0,0,0,0,0
2025-08-06,angel-family,0,0,0,0,0
2025-08-07,criminal-alien,0,0,0,0,0
2025-08-07,illegal-alien,0,0,1,0,1
2025-08-07,angel-mother,0,0,0,0,0
2025-08-07,angel-family,0,0,0,0,0
2025-08-08,criminal-alien,0,0,0,0,0
2025-08-08,illegal-alien,0,0,0,0,0
2025-08-08,angel-mother,0,0,0,0,0
2025-08-08,angel-family,0,0,0,0,0
2025-08-09,criminal-alien,0,0,0,0,0
2025-08-09,illegal-alien,0,0,0,0,0
2025-08-09,angel-mother,0,0,0,0,0
2025-08-09,angel-family,0,0,0,0,0
2025-08-10,criminal-alien,0,0,0,0,0
2025-08-10,illegal-alien,0,0,0,0,0
2025-08-10,angel-mother,0,0,0,0,0
2025-08-10,angel-family,0,0,0,0,0
2025-08-11,criminal-alien,0,0,0,0,0
2025-08-11,illegal-alien,1,0,0,0,1
2025-08-11,angel-mother,0,0,0,0,0
2025-08-11,angel-family,0,0,0,0,0
2025-08-12,criminal-alien,6,3,0,0,9
2025-08-12,illegal-alien,7,4,0,0,11
2025-08-12,angel-mother,0,0,0,0,0
2025-08-12,angel-family,0,0,0,0,0
2025-08-13,criminal-alien,0,0,0,0,0
2025-08-13,illegal-alien,0,0,0,0,0
2025-08-13,angel-mother,0,0,0,0,0
2025-08-13,angel-family,0,0,0,0,0
2025-08-14,criminal-alien,0,0,0,0,0
2025-08-14,illegal-alien,0,0,0,0,0
2025-08-14,angel-mother,0,0,0,0,0
2025-08-14,angel-family,0,0,0,0,0
2025-08-15,criminal-alien,0,0,0,0,0
2025-08-15,illegal-alien,0,0,1,0,1
2025-08-15,angel-mother,0,0,0,0,0
2025-08-15,angel-family,0,0,0,0,0
2025-08-16,criminal-alien,0,0,0,0,0
2025-08-16,illegal-alien,0,0,1,0,1
2025-08-16,angel-mother,0,0,0,0,0
2025-08-16,angel-family,0,0,0,0,0
2025-08-17,criminal-alien,0,0,1,0,1
2025-08-17,illegal-alien,0,0,1,0,1
2025-08-17,angel-mother,0,0,0,0,0
2025-08-17,angel-family,0,0,0,0,0
2025-08-18,criminal-alien,0,0,0,0,0
2025-08-18,illegal-alien,0,1,0,0,1
2025-08-18,angel-mother,0,0,0,0,0
2025-08-18,angel-family,0,0,0,0,0
2025-08-19,criminal-alien,1,2,0,0,3
2025-08-19,illegal-alien,1,2,0,0,3
2025-08-19,angel-mother,0,0,0,0,0
2025-08-19,angel-family,0,0,0,0,0
2025-08-20,criminal-alien,0,0,0,0,0
2025-08-20,illegal-alien,0,0,0,0,0
2025-08-20,angel-mother,0,0,0,0,0
2025-08-20,angel-family,0,0,0,0,0
2025-08-21,criminal-alien,0,0,0,0,0
2025-08-21,illegal-alien,0,0,1,0,1
2025-08-21,angel-mother,0,0,0,0,0
2025-08-21,angel-family,0,0,0,0,0
2025-08-22,criminal-alien,0,0,0,0,0
2025-08-22,illegal-alien,0,0,0,0,0
2025-08-22,angel-mother,0,0,0,0,0
2025-08-22,angel-family,0,0,0,0,0
2025-08-23,criminal-alien,0,0,0,0,0
2025-08-23,illegal-alien,0,0,2,0,2
2025-08-23,angel-mother,0,0,0,0,0
2025-08-23,angel-family,0,0,0,0,0
2025-08-24,criminal-alien,0,0,0,0,0
2025-08-24,illegal-alien,0,0,0,0,0
2025-08-24,angel-mother,0,0,0,0,0
2025-08-24,angel-family,0,0,0,0,0
2025-08-25,criminal-alien,2,3,0,0,5
2025-08-25,illegal-alien,3,4,1,0,8
2025-08-25,angel-mother,0,0,0,0,0
2025-08-25,angel-family,0,0,0,0,0
2025-08-26,criminal-alien,3,2,0,0,5
2025-08-26,illegal-alien,7,3,2,0,12
2025-08-26,angel-mother,0,0,0,0,0
2025-08-26,angel-family,0,0,0,0,0
2025-08-27,criminal-alien,2,2,0,0,4
2025-08-27,illegal-alien,4,4,1,0,9
2025-08-27,angel-mother,0,0,0,0,0
2025-08-27,angel-family,0,0,0,0,0
2025-08-28,criminal-alien,3,4,0,0,7
2025-08-28,illegal-alien,5,6,0,0,11
2025-08-28,angel-mother,0,0,0,0,0
2025-08-28,angel-family,0,0,0,0,0
2025-08-29,criminal-alien,1,2,0,0,3
2025-08-29,illegal-alien,7,2,0,0,9
2025-08-29,angel-mother,0,0,0,0,0
2025-08-29,angel-family,0,0,0,0,0
2025-08-30,criminal-alien,3,3,0,0,6
2025-08-30,illegal-alien,7,2,1,0,10
2025-08-30,angel-mother,0,0,0,0,0
2025-08-30,angel-family,0,0,0,0,0
2025-08-31,criminal-alien,1,4,0,0,5
2025-08-31,illegal-alien,2,1,0,1,4
2025-08-31,angel-mother,0,0,0,0,0
2025-08-31,angel-family,0,0,0,0,0
2025-09-01,criminal-alien,1,3,0,0,4
2025-09-01,illegal-alien,2,1,0,0,3
2025-09-01,angel-mother,0,0,0,0,0
2025-09-01,angel-family,0,0,0,0,0
2025-09-02,criminal-alien,2,4,0,0,6
2025-09-02,illegal-alien,4,2,2,0,8
2025-09-02,angel-mother,0,0,0,0,0
2025-09-02,angel-family,0,0,0,0,0
2025-09-03,criminal-alien,0,0,0,0,0
2025-09-03,illegal-alien,0,0,0,0,0
2025-09-03,angel-mother,0,0,0,0,0
2025-09-03,angel-family,0,0,0,0,0
2025-09-04,criminal-alien,1,0,0,0,1
2025-09-04,illegal-alien,1,0,0,0,1
2025-09-04,angel-mother,0,0,0,0,0
2025-09-04,angel-family,0,0,0,0,0
2025-09-05,criminal-alien,0,0,0,0,0
2025-09-05,illegal-alien,0,1,0,0,1
2025-09-05,angel-mother,0,0,0,0,0
2025-09-05,angel-family,0,0,0,0,0
2025-09-06,criminal-alien,0,0,0,0,0
2025-09-06,illegal-alien,0,0,0,0,0
2025-09-06,angel-mother,0,0,0,0,0
2025-09-06,angel-family,0,0,0,0,0
2025-09-07,criminal-alien,0,1,0,0,1
2025-09-07,illegal-alien,0,1,0,0,1
2025-09-07,angel-mother,0,0,0,0,0
2025-09-07,angel-family,0,0,0,0,0
2025-09-08,criminal-alien,2,2,0,0,4
2025-09-08,illegal-alien,2,2,1,0,5
2025-09-08,angel-mother,0,0,0,0,0
2025-09-08,angel-family,0,0,0,0,0
2025-09-09,criminal-alien,10,8,0,0,18
2025-09-09,illegal-alien,10,3,0,0,13
2025-09-09,angel-mother,0,0,0,0,0
2025-09-09,angel-family,0,0,0,0,0
2025-09-10,criminal-alien,0,0,0,0,0
2025-09-10,illegal-alien,0,0,0,0,0
2025-09-10,angel-mother,0,0,0,0,0
2025-09-10,angel-family,0,0,0,0,0
2025-09-11,criminal-alien,0,0,0,0,0
2025-09-11,illegal-alien,0,0,0,0,0
2025-09-11,angel-mother,0,0,0,0,0
2025-09-11,angel-family,0,0,0,0,0
2025-09-12,criminal-alien,0,0,0,0,0
2025-09-12,illegal-alien,0,0,0,0,0
2025-09-12,angel-mother,0,0,0,0,0
2025-09-12,angel-family,0,0,0,0,0
2025-09-13,criminal-alien,0,0,0,0,0
2025-09-13,illegal-alien,0,0,0,0,0
2025-09-13,angel-mother,0,0,0,0,0
2025-09-13,angel-family,0,0,0,0,0
2025-09-14,criminal-alien,0,0,0,0,0
2025-09-14,illegal-alien,0,0,0,0,0
2025-09-14,angel-mother,0,0,0,0,0
2025-09-14,angel-family,0,0,0,0,0
2025-09-15,criminal-alien,0,5,0,0,5
2025-09-15,illegal-alien,0,1,0,0,1
2025-09-15,angel-mother,0,0,0,0,0
2025-09-15,angel-family,0,0,0,0,0
2025-09-16,criminal-alien,15,4,0,0,19
2025-09-16,illegal-alien,5,2,2,0,9
2025-09-16,angel-mother,0,0,0,0,0
2025-09-16,angel-family,0,0,0,0,0
2025-09-17,criminal-alien,0,0,0,0,0
2025-09-17,illegal-alien,0,0,1,0,1
2025-09-17,angel-mother,0,0,0,0,0
2025-09-17,angel-family,0,0,0,0,0
2025-09-18,criminal-alien,0,0,0,0,0
2025-09-18,illegal-alien,0,0,0,0,0
2025-09-18,angel-mother,0,0,0,0,0
2025-09-18,angel-family,0,0,0,0,0
2025-09-19,criminal-alien,0,0,0,0,0
2025-09-19,illegal-alien,0,0,1,0,1
2025-09-19,angel-mother,0,0,0,0,0
2025-09-19,angel-family,0,0,0,0,0
2025-09-20,criminal-alien,0,0,0,0,0
2025-09-20,illegal-alien,0,0,0,0,0
2025-09-20,angel-mother,0,0,0,0,0
2025-09-20,angel-family,0,0,0,0,0
2025-09-21,criminal-alien,0,0,0,0,0
2025-09-21,illegal-alien,0,0,0,0,0
2025-09-21,angel-mother,0,0,0,0,0
2025-09-21,angel-family,0,0,0,0,0
2025-09-22,criminal-alien,2,2,0,0,4
2025-09-22,illegal-alien,0,1,0,0,1
2025-09-22,angel-mother,0,0,0,0,0
2025-09-22,angel-family,0,0,0,0,0
2025-09-23,criminal-alien,3,10,0,0,13
2025-09-23,illegal-alien,5,5,1,0,11
2025-09-23,angel-mother,0,0,0,0,0
2025-09-23,angel-family,0,0,0,0,0
2025-09-24,criminal-alien,0,1,0,0,1
2025-09-24,illegal-alien,0,2,0,0,2
2025-09-24,angel-mother,0,0,0,0,0
2025-09-24,angel-family,0,0,0,0,0
2025-09-25,criminal-alien,0,4,0,0,4
2025-09-25,illegal-alien,0,2,0,0,2
2025-09-25,angel-mother,0,0,0,0,0
2025-09-25,angel-family,0,0,0,0,0
2025-09-26,criminal-alien,0,4,0,0,4
2025-09-26,illegal-alien,0,2,0,0,2
2025-09-26,angel-mother,0,0,0,0,0
2025-09-26,angel-family,0,0,0,0,0
2025-09-27,criminal-alien,0,3,0,0,3
2025-09-27,illegal-alien,0,1,0,0,1
2025-09-27,angel-mother,0,0,0,0,0
2025-09-27,angel-family,0,0,0,0,0
2025-09-28,criminal-alien,0,3,0,0,3
2025-09-28,illegal-alien,0,0,0,0,0
2025-09-28,angel-mother,0,0,0,0,0
2025-09-28,angel-family,0,0,0,0,0
2025-09-29,criminal-alien,0,4,0,0,4
2025-09-29,illegal-alien,0,3,1,0,4
2025-09-29,angel-mother,0,0,0,0,0
2025-09-29,angel-family,0,0,0,0,0
2025-09-30,criminal-alien,6,3,0,0,9
2025-09-30,illegal-alien,7,3,0,1,11
2025-09-30,angel-mother,0,0,0,0,0
2025-09-30,angel-family,0,0,0,0,0
2025-10-01,criminal-alien,0,0,0,0,0
2025-10-01,illegal-alien,0,0,0,0,0
2025-10-01,angel-mother,0,0,0,0,0
2025-10-01,angel-family,0,0,0,0,0
2025-10-02,criminal-alien,0,0,0,0,0
2025-10-02,illegal-alien,0,0,0,0,0
2025-10-02,angel-mother,0,0,0,0,0
2025-10-02,angel-family,0,0,0,0,0
2025-10-03,criminal-alien,0,2,0,0,2
2025-10-03,illegal-alien,0,2,0,0,2
2025-10-03,angel-mother,0,0,0,0,0
2025-10-03,angel-family,0,0,0,0,0
2025-10-04,criminal-alien,0,3,0,0,3
2025-10-04,illegal-alien,0,0,0,0,0
2025-10-04,angel-mother,0,0,0,0,0
2025-10-04,angel-family,0,0,0,0,0
2025-10-05,criminal-alien,0,3,0,0,3
2025-10-05,illegal-alien,0,2,0,0,2
2025-10-05,angel-mother,0,0,0,0,0
2025-10-05,angel-family,0,0,0,0,0
2025-10-06,criminal-alien,0,1,0,0,1
2025-10-06,illegal-alien,0,0,0,1,1
2025-10-06,angel-mother,0,0,0,0,0
2025-10-06,angel-family,0,0,0,0,0
2025-10-07,criminal-alien,11,0,0,1,12
2025-10-07,illegal-alien,13,0,0,3,16
2025-10-07,angel-mother,1,0,0,0,1
2025-10-07,angel-family,0,0,0,0,0
2025-10-08,criminal-alien,0,0,0,0,0
2025-10-08,illegal-alien,0,0,0,0,0
2025-10-08,angel-mother,0,0,0,0,0
2025-10-08,angel-family,0,0,0,0,0
2025-10-09,criminal-alien,0,1,1,0,2
2025-10-09,illegal-alien,0,0,1,0,1
2025-10-09,angel-mother,0,0,0,0,0
2025-10-09,angel-family,0,0,0,0,0
2025-10-10,criminal-alien,0,2,1,0,3
2025-10-10,illegal-alien,0,1,2,0,3
2025-10-10,angel-mother,0,0,0,0,0
2025-10-10,angel-family,0,0,0,0,0
2025-10-11,criminal-alien,0,2,0,0,2
2025-10-11,illegal-alien,0,3,0,0,3
2025-10-11,angel-mother,0,0,0,0,0
2025-10-11,angel-family,0,0,0,0,0
2025-10-12,criminal-alien,0,0,1,0,1
2025-10-12,illegal-alien,0,0,1,0,1
2025-10-12,angel-mother,0,0,0,0,0
2025-10-12,angel-family,0,0,0,0,0
2025-10-13,criminal-alien,2,0,0,0,2
2025-10-13,illegal-alien,2,0,0,0,2
2025-10-13,angel-mother,0,0,0,0,0
2025-10-13,angel-family,0,0,0,0,0
2025-10-14,criminal-alien,1,3,0,1,5
2025-10-14,illegal-alien,5,1,0,1,7
2025-10-14,angel-mother,0,0,0,0,0
2025-10-14,angel-family,0,0,0,0,0
2025-10-15,criminal-alien,0,0,0,0,0
2025-10-15,illegal-alien,0,1,0,0,1
2025-10-15,angel-mother,0,0,0,0,0
2025-10-15,angel-family,0,0,0,0,0
2025-10-16,criminal-alien,0,0,0,0,0
2025-10-16,illegal-alien,0,0,0,0,0
2025-10-16,angel-mother,0,0,0,0,0
2025-10-16,angel-family,0,0,0,0,0
2025-10-17,criminal-alien,1,2,0,0,3
2025-10-17,illegal-alien,0,1,1,0,2
2025-10-17,angel-mother,0,0,0,0,0
2025-10-17,angel-family,0,0,0,0,0
2025-10-18,criminal-alien,0,3,0,0,3
2025-10-18,illegal-alien,0,1,0,0,1
2025-10-18,angel-mother,0,0,0,0,0
2025-10-18,angel-family,0,0,0,0,0
2025-10-19,criminal-alien,0,4,0,0,4
2025-10-19,illegal-alien,0,0,0,0,0
2025-10-19,angel-mother,0,0,0,0,0
2025-10-19,angel-family,0,0,0,0,0
2025-10-20,criminal-alien,0,4,0,0,4
2025-10-20,illegal-alien,0,2,0,0,2
2025-10-20,angel-mother,0,0,0,0,0
2025-10-20,angel-family,0,0,0,0,0
2025-10-21,criminal-alien,2,2,1,0,5
2025-10-21,illegal-alien,4,1,3,7,15
2025-10-21,angel-mother,0,0,0,0,0
2025-10-21,angel-family,0,0,0,0,0
2025-10-22,criminal-alien,0,0,0,0,0
2025-10-22,illegal-alien,0,0,0,0,0
2025-10-22,angel-mother,0,0,0,0,0
2025-10-22,angel-family,0,0,0,0,0
2025-10-23,criminal-alien,0,2,0,0,2
2025-10-23,illegal-alien,0,0,1,0,1
2025-10-23,angel-mother,0,0,0,0,0
2025-10-23,angel-family,0,0,0,0,0
2025-10-24,criminal-alien,0,6,0,0,6
2025-10-24,illegal-alien,0,5,0,0,5
2025-10-24,angel-mother,0,0,0,0,0
2025-10-24,angel-family,0,0,0,0,0
2025-10-25,criminal-alien,0,4,0,0,4
2025-10-25,illegal-alien,0,5,2,0,7
2025-10-25,angel-mother,0,0,0,0,0
2025-10-25,angel-family,0,0,0,0,0
2025-10-26,criminal-alien,0,0,0,0,0
2025-10-26,illegal-alien,0,0,0,0,0
2025-10-26,angel-mother,0,0,0,0,0
2025-10-26,angel-family,0,0,0,0,0
2025-10-27,criminal-alien,5,0,0,0,5
2025-10-27,illegal-alien,6,0,2,0,8
2025-10-27,angel-mother,0,0,0,0,0
2025-10-27,angel-family,0,0,0,0,0
2025-10-28,criminal-alien,3,0,0,0,3
2025-10-28,illegal-alien,6,0,0,2,8
2025-10-28,angel-mother,0,0,0,0,0
2025-10-28,angel-family,0,0,0,0,0
2025-10-29,criminal-alien,0,3,0,0,3
2025-10-29,illegal-alien,0,11,0,0,11
2025-10-29,angel-mother,0,0,0,0,0
2025-10-29,angel-family,0,0,0,0,0
2025-10-30,criminal-alien,2,2,2,0,6
2025-10-30,illegal-alien,2,5,2,0,9
2025-10-30,angel-mother,0,0,0,0,0
2025-10-30,angel-family,0,0,0,0,0
2025-10-31,criminal-alien,0,2,0,0,2
2025-10-31,illegal-alien,0,4,0,1,5
2025-10-31,angel-mother,0,0,0,0,0
2025-10-31,angel-family,0,0,0,0,0
2025-11-01,criminal-alien,0,1,0,0,1
2025-11-01,illegal-alien,0,1,0,0,1
2025-11-01,angel-mother,0,0,0,0,0
2025-11-01,angel-family,0,0,0,0,0
2025-11-02,criminal-alien,0,2,0,0,2
2025-11-02,illegal-alien,0,1,0,0,1
2025-11-02,angel-mother,0,0,0,0,0
2025-11-02,angel-family,0,0,0,0,0
2025-11-03,criminal-alien,0,1,0,0,1
2025-11-03,illegal-alien,0,3,1,1,5
2025-11-03,angel-mother,0,0,0,0,0
2025-11-03,angel-family,0,0,0,0,0
2025-11-04,criminal-alien,0,1,1,0,2
2025-11-04,illegal-alien,0,0,2,1,3
2025-11-04,angel-mother,0,0,0,0,0
2025-11-04,angel-family,0,0,0,0,0
2025-11-05,criminal-alien,0,0,0,0,0
2025-11-05,illegal-alien,1,0,1,0,2
2025-11-05,angel-mother,0,0,0,0,0
2025-11-05,angel-family,0,0,0,0,0
2025-11-06,criminal-alien,0,0,0,0,0
2025-11-06,illegal-alien,0,0,0,0,0
2025-11-06,angel-mother,0,0,0,0,0
2025-11-06,angel-family,0,0,0,0,0
2025-11-07,criminal-alien,1,2,2,0,5
2025-11-07,illegal-alien,1,2,2,1,6
2025-11-07,angel-mother,0,0,0,0,0
2025-11-07,angel-family,0,0,0,0,0
2025-11-08,criminal-alien,0,3,0,0,3
2025-11-08,illegal-alien,0,1,0,0,1
2025-11-08,angel-mother,0,0,0,0,0
2025-11-08,angel-family,0,0,0,0,0
2025-11-09,criminal-alien,0,2,0,0,2
2025-11-09,illegal-alien,0,3,0,0,3
2025-11-09,angel-mother,0,0,0,0,0
2025-11-09,angel-family,0,0,0,0,0
2025-11-10,criminal-alien,1,3,4,0,8
2025-11-10,illegal-alien,1,2,2,0,5
2025-11-10,angel-mother,0,0,0,0,0
2025-11-10,angel-family,0,0,0,0,0
2025-11-11,criminal-alien,0,0,0,0,0
2025-11-11,illegal-alien,0,0,0,0,0
2025-11-11,angel-mother,0,0,0,0,0
2025-11-11,angel-family,0,0,0,0,0
2025-11-12,criminal-alien,0,0,0,0,0
2025-11-12,illegal-alien,0,0,0,0,0
2025-11-12,angel-mother,0,0,0,0,0
2025-11-12,angel-family,0,0,0,0,0
2025-11-13,criminal-alien,0,0,0,0,0
2025-11-13,illegal-alien,0,0,0,0,0
2025-11-13,angel-mother,0,0,0,0,0
2025-11-13,angel-family,0,0,0,0,0
2025-11-14,criminal-alien,0,1,0,0,1
2025-11-14,illegal-alien,0,1,0,0,1
2025-11-14,angel-mother,0,0,0,0,0
2025-11-14,angel-family,0,0,0,0,0
2025-11-15,criminal-alien,0,1,0,0,1
2025-11-15,illegal-alien,0,1,0,0,1
2025-11-15,angel-mother,0,0,0,0,0
2025-11-15,angel-family,0,0,0,0,0
2025-11-16,criminal-alien,0,3,0,0,3
2025-11-16,illegal-alien,0,3,1,0,4
2025-11-16,angel-mother,0,0,0,0,0
2025-11-16,angel-family,0,0,0,0,0
2025-11-17,criminal-alien,1,1,2,0,4
2025-11-17,illegal-alien,1,2,2,0,5
2025-11-17,angel-mother,0,0,0,0,0
2025-11-17,angel-family,0,0,0,0,0
2025-11-18,criminal-alien,0,2,0,0,2
2025-11-18,illegal-alien,0,3,0,0,3
2025-11-18,angel-mother,0,0,0,0,0
2025-11-18,angel-family,0,0,0,0,0
2025-11-19,criminal-alien,4,0,0,0,4
2025-11-19,illegal-alien,5,0,0,0,5
2025-11-19,angel-mother,0,0,0,0,0
2025-11-19,angel-family,0,0,0,0,0
2025-11-20,criminal-alien,3,0,0,0,3
2025-11-20,illegal-alien,7,0,3,0,10
2025-11-20,angel-mother,0,0,0,0,0
2025-11-20,angel-family,0,0,0,0,0
2025-11-21,criminal-alien,2,0,0,0,2
2025-11-21,illegal-alien,2,3,0,0,5
2025-11-21,angel-mother,0,0,0,0,0
2025-11-21,angel-family,0,0,0,0,0
2025-11-22,criminal-alien,0,3,0,0,3
2025-11-22,illegal-alien,0,0,0,0,0
2025-11-22,angel-mother,0,0,0,0,0
2025-11-22,angel-family,0,0,0,0,0
2025-11-23,criminal-alien,0,3,0,0,3
2025-11-23,illegal-alien,0,2,1,1,4
2025-11-23,angel-mother,0,0,0,0,0
2025-11-23,angel-family,0,0,0,0,0
2025-11-24,criminal-alien,0,2,0,0,2
2025-11-24,illegal-alien,1,0,0,0,1
2025-11-24,angel-mother,0,0,0,0,0
2025-11-24,angel-family,0,0,0,0,0
2025-11-25,criminal-alien,0,3,0,0,3
2025-11-25,illegal-alien,0,2,0,0,2
2025-11-25,angel-mother,0,0,0,0,0
2025-11-25,angel-family,0,0,0,0,0
2025-11-26,criminal-alien,0,2,0,0,2
2025-11-26,illegal-alien,0,0,0,0,0
2025-11-26,angel-mother,0,0,0,0,0
2025-11-26,angel-family,0,0,0,0,0
2025-11-27,criminal-alien,1,2,0,0,3
2025-11-27,illegal-alien,1,2,0,0,3
2025-11-27,angel-mother,0,0,0,0,0
2025-11-27,angel-family,0,0,0,0,0
2025-11-28,criminal-alien,0,1,0,0,1
2025-11-28,illegal-alien,0,2,0,0,2
2025-11-28,angel-mother,0,0,0,0,0
2025-11-28,angel-family,0,0,0,0,0
2025-11-29,criminal-alien,1,4,0,0,5
2025-11-29,illegal-alien,1,2,1,0,4
2025-11-29,angel-mother,0,0,0,0,0
2025-11-29,angel-family,0,0,0,0,0
2025-11-30,criminal-alien,0,3,0,0,3
2025-11-30,illegal-alien,0,3,0,0,3
2025-11-30,angel-mother,0,0,0,0,0
2025-11-30,angel-family,0,0,0,0,0
2025-12-01,criminal-alien,0,1,0,0,1
2025-12-01,illegal-alien,0,2,1,0,3
2025-12-01,angel-mother,0,0,0,0,0
2025-12-01,angel-family,0,0,0,0,0
2025-12-02,criminal-alien,0,4,0,0,4
2025-12-02,illegal-alien,0,2,1,1,4
2025-12-02,angel-mother,0,0,0,0,0
2025-12-02,angel-family,0,0,0,0,0
2025-12-03,criminal-alien,0,0,0,0,0
2025-12-03,illegal-alien,0,0,0,1,1
2025-12-03,angel-mother,0,0,0,0,0
2025-12-03,angel-family,0,0,0,0,0
2025-12-04,criminal-alien,0,0,0,0,0
2025-12-04,illegal-alien,0,0,1,0,1
2025-12-04,angel-mother,0,0,0,0,0
2025-12-04,angel-family,0,0,0,0,0
2025-12-05,criminal-alien,0,0,0,0,0
2025-12-05,illegal-alien,0,0,1,0,1
2025-12-05,angel-mother,0,0,0,0,0
2025-12-05,angel-family,0,0,0,0,0
2025-12-06,criminal-alien,0,0,0,0,0
2025-12-06,illegal-alien,0,0,1,0,1
2025-12-06,angel-mother,0,0,0,0,0
2025-12-06,angel-family,0,0,0,0,0
2025-12-07,criminal-alien,0,0,0,0,0
2025-12-07,illegal-alien,0,0,1,0,1
2025-12-07,angel-mother,0,0,0,0,0
2025-12-07,angel-family,0,0,0,0,0
2025-12-08,criminal-alien,0,3,0,0,3
2025-12-08,illegal-alien,0,2,1,0,3
2025-12-08,angel-mother,0,0,0,0,0
2025-12-08,angel-family,0,0,0,0,0
2025-12-09,criminal-alien,0,3,1,1,5
2025-12-09,illegal-alien,0,3,1,1,5
2025-12-09,angel-mother,0,0,0,0,0
2025-12-09,angel-family,0,0,0,0,0
2025-12-10,criminal-alien,0,0,0,0,0
2025-12-10,illegal-alien,0,0,1,1,2
2025-12-10,angel-mother,0,0,0,0,0
2025-12-10,angel-family,0,0,0,0,0
2025-12-11,criminal-alien,0,0,0,0,0
2025-12-11,illegal-alien,0,0,1,0,1
2025-12-11,angel-mother,0,0,0,0,0
2025-12-11,angel-family,0,0,0,0,0
2025-12-12,criminal-alien,1,0,0,0,1
2025-12-12,illegal-alien,0,0,2,0,2
2025-12-12,angel-mother,0,0,0,0,0
2025-12-12,angel-family,0,0,0,0,0
2025-12-13,criminal-alien,0,0,0,0,0
2025-12-13,illegal-alien,0,0,2,0,2
2025-12-13,angel-mother,0,0,0,0,0
2025-12-13,angel-family,0,0,0,0,0
2025-12-14,criminal-alien,1,1,0,0,2
2025-12-14,illegal-alien,1,0,0,0,1
2025-12-14,angel-mother,0,0,0,0,0
2025-12-14,angel-family,0,0,0,0,0
2025-12-15,criminal-alien,1,2,0,0,3
2025-12-15,illegal-alien,2,0,0,1,3
2025-12-15,angel-mother,0,0,0,0,0
2025-12-15,angel-family,0,0,0,0,0
2025-12-16,criminal-alien,2,5,0,0,7
2025-12-16,illegal-alien,2,6,0,1,9
2025-12-16,angel-mother,0,0,0,0,0
2025-12-16,angel-family,0,0,0,0,0
2025-12-17,criminal-alien,0,0,0,0,0
2025-12-17,illegal-alien,0,0,2,0,2
2025-12-17,angel-mother,0,0,0,0,0
2025-12-17,angel-family,0,0,0,0,0
2025-12-18,criminal-alien,1,0,0,0,1
2025-12-18,illegal-alien,1,0,0,0,1
2025-12-18,angel-mother,0,0,0,0,0
2025-12-18,angel-family,0,0,0,0,0
2025-12-19,criminal-alien,1,0,0,0,1
2025-12-19,illegal-alien,1,0,1,0,2
2025-12-19,angel-mother,0,0,0,0,0
2025-12-19,angel-family,0,0,0,0,0
2025-12-20,criminal-alien,1,0,0,0,1
2025-12-20,illegal-alien,1,0,0,0,1
2025-12-20,angel-mother,0,0,0,0,0
2025-12-20,angel-family,0,0,0,0,0
2025-12-21,criminal-alien,2,0,0,0,2
2025-12-21,illegal-alien,2,0,0,0,2
2025-12-21,angel-mother,0,0,0,0,0
2025-12-21,angel-family,0,0,0,0,0
2025-12-22,criminal-alien,0,0,0,0,0
2025-12-22,illegal-alien,3,0,1,0,4
2025-12-22,angel-mother,0,0,0,0,0
2025-12-22,angel-family,0,0,0,0,0
2025-12-23,criminal-alien,0,20,0,0,20
2025-12-23,illegal-alien,1,21,0,0,22
2025-12-23,angel-mother,0,0,0,0,0
2025-12-23,angel-family,0,0,0,0,0
2025-12-24,criminal-alien,1,1,0,0,2
2025-12-24,illegal-alien,2,1,0,0,3
2025-12-24,angel-mother,0,0,0,0,0
2025-12-24,angel-family,0,0,0,0,0
2025-12-25,criminal-alien,0,0,0,0,0
2025-12-25,illegal-alien,0,0,0,0,0
2025-12-25,angel-mother,0,0,0,0,0
2025-12-25,angel-family,0,0,0,0,0
2025-12-26,criminal-alien,1,1,0,0,2
2025-12-26,illegal-alien,1,1,0,0,2
2025-12-26,angel-mother,0,0,0,0,0
2025-12-26,angel-family,0,0,0,0,0
2025-12-27,criminal-alien,0,4,0,0,4
2025-12-27,illegal-alien,1,4,0,0,5
2025-12-27,angel-mother,0,0,0,0,0
2025-12-27,angel-family,0,0,0,0,0
2025-12-28,criminal-alien,1,3,0,0,4
2025-12-28,illegal-alien,2,4,0,0,6
2025-12-28,angel-mother,0,0,0,0,0
2025-12-28,angel-family,0,0,0,0,0
2025-12-29,criminal-alien,1,6,0,0,7
2025-12-29,illegal-alien,0,5,0,0,5
2025-12-29,angel-mother,0,0,0,0,0
2025-12-29,angel-family,0,0,0,0,0
2025-12-30,criminal-alien,1,4,0,0,5
2025-12-30,illegal-alien,2,2,0,0,4
2025-12-30,angel-mother,0,0,0,0,0
2025-12-30,angel-family,0,0,0,0,0
2025-12-31,criminal-alien,2,4,0,0,6
2025-12-31,illegal-alien,3,4,0,1,8
2025-12-31,angel-mother,0,0,0,0,0
2025-12-31,angel-family,0,0,0,0,0
2026-01-01,criminal-alien,0,0,0,0,0
2026-01-01,illegal-alien,0,0,0,0,0
2026-01-01,angel-mother,0,0,0,0,0
2026-01-01,angel-family,0,0,0,0,0
2026-01-02,criminal-alien,3,0,0,0,3
2026-01-02,illegal-alien,3,0,0,0,3
2026-01-02,angel-mother,0,0,0,0,0
2026-01-02,angel-family,0,0,0,0,0
2026-01-03,criminal-alien,0,0,0,0,0
2026-01-03,illegal-alien,0,0,0,0,0
2026-01-03,angel-mother,0,0,0,0,0
2026-01-03,angel-family,0,0,0,0,0
2026-01-04,criminal-alien,0,1,0,0,1
2026-01-04,illegal-alien,0,1,0,0,1
2026-01-04,angel-mother,0,0,0,0,0
2026-01-04,angel-family,0,0,0,0,0
2026-01-05,criminal-alien,1,4,0,0,5
2026-01-05,illegal-alien,1,3,0,1,5
2026-01-05,angel-mother,0,0,0,0,0
2026-01-05,angel-family,0,0,0,1,1
2026-01-06,criminal-alien,1,7,0,0,8
2026-01-06,illegal-alien,2,7,0,0,9
2026-01-06,angel-mother,0,0,0,0,0
2026-01-06,angel-family,0,0,0,0,0
2026-01-07,criminal-alien,0,0,0,0,0
2026-01-07,illegal-alien,0,0,1,0,1
2026-01-07,angel-mother,0,0,0,0,0
2026-01-07,angel-family,0,0,0,0,0
2026-01-08,criminal-alien,0,0,0,0,0
2026-01-08,illegal-alien,0,0,0,0,0
2026-01-08,angel-mother,0,0,0,0,0
2026-01-08,angel-family,0,0,0,0,0
2026-01-09,criminal-alien,0,0,0,0,0
2026-01-09,illegal-alien,0,0,0,0,0
2026-01-09,angel-mother,0,0,0,0,0
2026-01-09,angel-family,0,0,0,0,0
2026-01-10,criminal-alien,0,0,0,0,0
2026-01-10,illegal-alien,0,0,0,0,0
2026-01-10,angel-mother,0,0,0,0,0
2026-01-10,angel-family,0,0,0,0,0
2026-01-11,criminal-alien,0,1,0,0,1
2026-01-11,illegal-alien,0,1,0,0,1
2026-01-11,angel-mother,0,0,0,0,0
2026-01-11,angel-family,0,0,0,0,0
2026-01-12,criminal-alien,0,3,0,0,3
2026-01-12,illegal-alien,0,3,0,0,3
2026-01-12,angel-mother,0,0,0,0,0
2026-01-12,angel-family,0,0,0,0,0
2026-01-13,criminal-alien,8,4,0,0,12
2026-01-13,illegal-alien,9,3,0,0,12
2026-01-13,angel-mother,0,0,0,0,0
2026-01-13,angel-family,0,0,0,0,0
2026-01-14,criminal-alien,0,0,0,0,0
2026-01-14,illegal-alien,0,0,0,0,0
2026-01-14,angel-mother,0,0,0,0,0
2026-01-14,angel-family,0,0,0,0,0
2026-01-15,criminal-alien,0,5,0,0,5
2026-01-15,illegal-alien,0,6,2,0,8
2026-01-15,angel-mother,0,0,0,0,0
2026-01-15,angel-family,0,0,0,0,0
2026-01-16,criminal-alien,0,3,0,0,3
2026-01-16,illegal-alien,0,3,1,0,4
2026-01-16,angel-mother,0,0,0,0,0
2026-01-16,angel-family,0,0,0,0,0
2026-01-17,criminal-alien,0,1,0,0,1
2026-01-17,illegal-alien,0,1,0,0,1
2026-01-17,angel-mother,0,0,0,0,0
2026-01-17,angel-family,0,0,0,0,0
2026-01-18,criminal-alien,0,3,0,0,3
2026-01-18,illegal-alien,0,4,0,0,4
2026-01-18,angel-mother,0,0,0,0,0
2026-01-18,angel-family,0,0,0,0,0
2026-01-19,criminal-alien,0,4,0,0,4
2026-01-19,illegal-alien,0,4,0,0,4
2026-01-19,angel-mother,0,0,0,0,0
2026-01-19,angel-family,0,0,0,0,0
2026-01-20,criminal-alien,13,26,1,1,41
2026-01-20,illegal-alien,19,26,1,1,47
2026-01-20,angel-mother,0,0,0,0,0
2026-01-20,angel-family,0,0,0,0,0
2026-01-21,criminal-alien,0,3,0,0,3
2026-01-21,illegal-alien,0,3,0,0,3
2026-01-21,angel-mother,0,0,0,0,0
2026-01-21,angel-family,0,0,0,0,0
2026-01-22,criminal-alien,0,12,0,0,12
2026-01-22,illegal-alien,0,12,0,0,12
2026-01-22,angel-mother,0,0,0,0,0
2026-01-22,angel-family,0,0,0,0,0
2026-01-23,criminal-alien,0,12,2,0,14
2026-01-23,illegal-alien,0,12,2,0,14
2026-01-23,angel-mother,0,0,0,0,0
2026-01-23,angel-family,0,0,0,0,0
2026-01-24,criminal-alien,0,2,0,0,2
2026-01-24,illegal-alien,0,4,0,0,4
2026-01-24,angel-mother,0,0,0,0,0
2026-01-24,angel-family,0,0,0,0,0
2026-01-25,criminal-alien,0,0,0,0,0
2026-01-25,illegal-alien,0,0,0,0,0
2026-01-25,angel-mother,0,0,0,0,0
2026-01-25,angel-family,0,0,0,0,0
2026-01-26,criminal-alien,2,2,0,0,4
2026-01-26,illegal-alien,2,3,0,0,5
2026-01-26,angel-mother,0,0,0,0,0
2026-01-26,angel-family,0,0,0,0,0
2026-01-27,criminal-alien,3,21,0,3,27
2026-01-27,illegal-alien,4,21,0,3,28
2026-01-27,angel-mother,0,0,0,1,1
2026-01-27,angel-family,0,0,0,0,0
2026-01-28,criminal-alien,14,13,0,0,27
2026-01-28,illegal-alien,16,13,0,0,29
2026-01-28,angel-mother,0,0,0,0,0
2026-01-28,angel-family,0,0,0,0,0
2026-01-29,criminal-alien,4,6,0,0,10
2026-01-29,illegal-alien,5,5,0,0,10
2026-01-29,angel-mother,0,0,0,0,0
2026-01-29,angel-family,0,0,0,0,0
2026-01-30,criminal-alien,0,9,0,0,9
2026-01-30,illegal-alien,0,9,1,0,10
2026-01-30,angel-mother,0,0,0,0,0
2026-01-30,angel-family,0,0,0,0,0
2026-01-31,criminal-alien,0,2,0,1,3
2026-01-31,illegal-alien,0,2,0,2,4
2026-01-31,angel-mother,0,0,0,0,0
2026-01-31,angel-family,0,0,0,0,0
2026-02-01,criminal-alien,0,4,0,0,4
2026-02-01,illegal-alien,0,3,0,0,3
2026-02-01,angel-mother,0,0,0,0,0
2026-02-01,angel-family,0,0,0,0,0
2026-02-02,criminal-alien,10,5,0,0,15
2026-02-02,illegal-alien,10,5,0,0,15
2026-02-02,angel-mother,0,0,0,0,0
2026-02-02,angel-family,0,0,0,0,0
2026-02-03,criminal-alien,3,2,0,0,5
2026-02-03,illegal-alien,5,3,0,3,11
2026-02-03,angel-mother,0,0,0,0,0
2026-02-03,angel-family,0,0,0,0,0
2026-02-04,criminal-alien,0,12,0,0,12
2026-02-04,illegal-alien,0,12,0,0,12
2026-02-04,angel-mother,0,0,0,0,0
2026-02-04,angel-family,0,1,0,0,1
2026-02-05,criminal-alien,0,7,0,0,7
2026-02-05,illegal-alien,0,7,0,0,7
2026-02-05,angel-mother,0,0,0,0,0
2026-02-05,angel-family,0,0,0,0,0
2026-02-06,criminal-alien,0,3,0,0,3
2026-02-06,illegal-alien,0,4,0,0,4
2026-02-06,angel-mother,0,0,0,0,0
2026-02-06,angel-family,0,0,0,0,0
2026-02-07,criminal-alien,0,3,0,0,3
2026-02-07,illegal-alien,0,3,0,0,3
2026-02-07,angel-mother,0,0,0,0,0
2026-02-07,angel-family,0,0,0,0,0
2026-02-08,criminal-alien,0,2,0,0,2
2026-02-08,illegal-alien,0,3,0,0,3
2026-02-08,angel-mother,0,0,0,0,0
2026-02-08,angel-family,0,0,0,0,0
2026-02-09,criminal-alien,2,5,0,0,7
2026-02-09,illegal-alien,4,3,1,0,8
2026-02-09,angel-mother,0,0,0,0,0
2026-02-09,angel-family,0,0,0,0,0
2026-02-10,criminal-alien,1,8,0,1,10
2026-02-10,illegal-alien,4,7,3,3,17
2026-02-10,angel-mother,0,0,0,0,0
2026-02-10,angel-family,0,0,0,0,0
2026-02-11,criminal-alien,0,3,0,0,3
2026-02-11,illegal-alien,0,2,1,0,3
2026-02-11,angel-mother,0,0,0,0,0
2026-02-11,angel-family,0,0,0,0,0
2026-02-12,criminal-alien,0,3,0,0,3
2026-02-12,illegal-alien,0,3,2,0,5
2026-02-12,angel-mother,0,0,0,0,0
2026-02-12,angel-family,0,0,0,0,0
2026-02-13,criminal-alien,0,3,0,0,3
2026-02-13,illegal-alien,0,2,2,0,4
2026-02-13,angel-mother,0,0,0,0,0
2026-02-13,angel-family,0,0,0,0,0
2026-02-14,criminal-alien,0,10,0,0,10
2026-02-14,illegal-alien,0,8,0,0,8
2026-02-14,angel-mother,0,0,0,0,0
2026-02-14,angel-family,0,0,0,0,0
2026-02-15,criminal-alien,0,2,0,2,4
2026-02-15,illegal-alien,0,1,0,2,3
2026-02-15,angel-mother,0,0,0,0,0
2026-02-15,angel-family,0,0,0,0,0
2026-02-16,criminal-alien,0,3,0,0,3
2026-02-16,illegal-alien,0,3,0,0,3
2026-02-16,angel-mother,0,0,0,0,0
2026-02-16,angel-family,0,0,0,0,0
2026-02-17,criminal-alien,17,6,0,1,24
2026-02-17,illegal-alien,18,5,0,1,24
2026-02-17,angel-mother,0,0,0,0,0
2026-02-17,angel-family,0,0,0,0,0
2026-02-18,criminal-alien,3,8,0,0,11
2026-02-18,illegal-alien,3,8,0,0,11
2026-02-18,angel-mother,0,0,0,0,0
2026-02-18,angel-family,0,0,0,0,0
2026-02-19,criminal-alien,8,0,1,0,9
2026-02-19,illegal-alien,8,1,0,0,9
2026-02-19,angel-mother,0,0,0,0,0
2026-02-19,angel-family,0,0,0,0,0
2026-02-20,criminal-alien,1,1,0,0,2
2026-02-20,illegal-alien,3,2,1,0,6
2026-02-20,angel-mother,0,0,0,0,0
2026-02-20,angel-family,0,0,0,0,0
2026-02-21,criminal-alien,1,2,0,0,3
2026-02-21,illegal-alien,1,2,0,0,3
2026-02-21,angel-mother,0,0,0,0,0
2026-02-21,angel-family,0,0,0,0,0
2026-02-22,criminal-alien,0,3,0,0,3
2026-02-22,illegal-alien,0,3,0,0,3
2026-02-22,angel-mother,0,0,0,0,0
2026-02-22,angel-family,0,0,0,0,0
2026-02-23,criminal-alien,2,6,0,0,8
2026-02-23,illegal-alien,2,4,1,0,7
2026-02-23,angel-mother,0,0,0,0,0
2026-02-23,angel-family,0,0,0,0,0
2026-02-24,criminal-alien,5,3,0,0,8
2026-02-24,illegal-alien,6,2,1,0,9
2026-02-24,angel-mother,0,0,0,0,0
2026-02-24,angel-family,0,0,0,0,0
2026-02-25,criminal-alien,17,9,1,1,28
2026-02-25,illegal-alien,26,9,1,2,38
2026-02-25,angel-mother,1,1,0,0,2
2026-02-25,angel-family,2,1,0,1,4
2026-02-26,criminal-alien,1,5,1,0,7
2026-02-26,illegal-alien,1,3,1,1,6
2026-02-26,angel-mother,0,0,0,0,0
2026-02-26,angel-family,0,0,0,0,0
2026-02-27,criminal-alien,1,4,0,0,5
2026-02-27,illegal-alien,2,4,0,0,6
2026-02-27,angel-mother,0,0,0,0,0
2026-02-27,angel-family,1,0,0,0,1
2026-02-28,criminal-alien,0,3,0,0,3
2026-02-28,illegal-alien,0,3,0,0,3
2026-02-28,angel-mother,0,0,0,0,0
2026-02-28,angel-family,0,0,0,0,0
2026-03-01,criminal-alien,0,3,0,0,3
2026-03-01,illegal-alien,1,3,0,0,4
2026-03-01,angel-mother,0,0,0,0,0
2026-03-01,angel-family,0,0,0,0,0
2026-03-02,criminal-alien,1,7,1,0,9
2026-03-02,illegal-alien,1,7,1,0,9
2026-03-02,angel-mother,0,0,0,0,0
2026-03-02,angel-family,0,0,0,0,0
2026-03-03,criminal-alien,20,6,0,0,26
2026-03-03,illegal-alien,26,10,0,0,36
2026-03-03,angel-mother,0,0,0,0,0
2026-03-03,angel-family,1,0,0,0,1
2026-03-04,criminal-alien,3,4,0,0,7
2026-03-04,illegal-alien,7,5,0,0,12
2026-03-04,angel-mother,0,0,0,0,0
2026-03-04,angel-family,0,4,0,0,4
2026-03-05,criminal-alien,0,1,0,0,1
2026-03-05,illegal-alien,2,2,0,0,4
2026-03-05,angel-mother,0,0,0,0,0
2026-03-05,angel-family,0,0,0,0,0
2026-03-06,criminal-alien,0,3,0,0,3
2026-03-06,illegal-alien,1,3,0,0,4
2026-03-06,angel-mother,0,0,0,0,0
2026-03-06,angel-family,0,0,0,0,0
2026-03-07,criminal-alien,0,0,0,0,0
2026-03-07,illegal-alien,0,0,0,0,0
2026-03-07,angel-mother,0,0,0,0,0
2026-03-07,angel-family,0,0,0,0,0
2026-03-08,criminal-alien,0,0,0,0,0
2026-03-08,illegal-alien,0,0,0,0,0
2026-03-08,angel-mother,0,0,0,0,0
2026-03-08,angel-family,0,0,0,0,0
2026-03-09,criminal-alien,0,5,0,0,5
2026-03-09,illegal-alien,0,6,1,0,7
2026-03-09,angel-mother,0,0,0,0,0
2026-03-09,angel-family,0,0,0,0,0
2026-03-10,criminal-alien,17,2,2,0,21
2026-03-10,illegal-alien,17,2,2,1,22
2026-03-10,angel-mother,0,0,0,0,0
2026-03-10,angel-family,0,0,0,0,0
2026-03-11,criminal-alien,1,3,0,0,4
2026-03-11,illegal-alien,1,4,0,0,5
2026-03-11,angel-mother,0,0,0,0,0
2026-03-11,angel-family,0,0,0,0,0
2026-03-12,criminal-alien,0,1,0,0,1
2026-03-12,illegal-alien,0,1,0,0,1
2026-03-12,angel-mother,0,0,0,0,0
2026-03-12,angel-family,0,0,0,0,0
2026-03-13,criminal-alien,1,9,1,0,11
2026-03-13,illegal-alien,1,10,1,0,12
2026-03-13,angel-mother,0,0,0,0,0
2026-03-13,angel-family,0,0,0,0,0
2026-03-14,criminal-alien,0,4,0,0,4
2026-03-14,illegal-alien,0,3,0,0,3
2026-03-14,angel-mother,0,0,0,0,0
2026-03-14,angel-family,0,0,0,0,0
2026-03-15,criminal-alien,0,5,0,0,5
2026-03-15,illegal-alien,0,3,0,0,3
2026-03-15,angel-mother,0,0,0,0,0
2026-03-15,angel-family,0,0,0,0,0
2026-03-16,criminal-alien,2,1,0,0,3
2026-03-16,illegal-alien,3,1,1,0,5
2026-03-16,angel-mother,0,0,0,0,0
2026-03-16,angel-family,0,0,0,0,0
2026-03-17,criminal-alien,3,5,0,0,8
2026-03-17,illegal-alien,4,5,0,0,9
2026-03-17,angel-mother,0,0,0,0,0
2026-03-17,angel-family,0,0,0,0,0
2026-03-18,criminal-alien,5,7,0,0,12
2026-03-18,illegal-alien,6,6,0,0,12
2026-03-18,angel-mother,0,0,0,0,0
2026-03-18,angel-family,0,0,0,0,0
2026-03-19,criminal-alien,0,2,0,0,2
2026-03-19,illegal-alien,1,2,0,0,3
2026-03-19,angel-mother,0,0,0,0,0
2026-03-19,angel-family,0,0,0,0,0
2026-03-20,criminal-alien,1,3,0,0,4
2026-03-20,illegal-alien,2,4,0,0,6
2026-03-20,angel-mother,0,0,0,0,0
2026-03-20,angel-family,0,0,0,0,0
2026-03-21,criminal-alien,0,2,0,0,2
2026-03-21,illegal-alien,0,4,0,0,4
2026-03-21,angel-mother,0,0,0,0,0
2026-03-21,angel-family,0,0,0,0,0
2026-03-22,criminal-alien,1,1,0,0,2
2026-03-22,illegal-alien,1,1,0,0,2
2026-03-22,angel-mother,0,0,0,0,0
2026-03-22,angel-family,0,0,0,0,0
2026-03-23,criminal-alien,3,1,0,1,5
2026-03-23,illegal-alien,6,1,0,1,8
2026-03-23,angel-mother,0,0,0,1,1
2026-03-23,angel-family,1,0,0,1,2
2026-03-24,criminal-alien,2,1,0,0,3
2026-03-24,illegal-alien,2,1,0,1,4
2026-03-24,angel-mother,0,0,0,0,0
2026-03-24,angel-family,1,0,0,0,1
2026-03-25,criminal-alien,5,2,1,0,8
2026-03-25,illegal-alien,7,2,1,0,10
2026-03-25,angel-mother,1,0,0,0,1
2026-03-25,angel-family,0,0,0,0,0
2026-03-26,criminal-alien,2,4,0,0,6
2026-03-26,illegal-alien,5,4,0,1,10
2026-03-26,angel-mother,0,0,0,0,0
2026-03-26,angel-family,0,0,0,0,0
2026-03-27,criminal-alien,8,2,0,1,11
2026-03-27,illegal-alien,11,4,0,1,16
2026-03-27,angel-mother,0,0,0,0,0
2026-03-27,angel-family,0,0,0,0,0
2026-03-28,criminal-alien,1,1,0,0,2
2026-03-28,illegal-alien,1,2,0,0,3
2026-03-28,angel-mother,0,0,0,0,0
2026-03-28,angel-family,0,0,0,0,0
2026-03-29,criminal-alien,2,3,0,0,5
2026-03-29,illegal-alien,3,3,0,0,6
2026-03-29,angel-mother,0,0,0,0,0
2026-03-29,angel-family,0,0,0,0,0
2026-03-30,criminal-alien,19,3,0,0,22
2026-03-30,illegal-alien,22,4,1,0,27
2026-03-30,angel-mother,0,0,0,0,0
2026-03-30,angel-family,0,0,0,0,0
2026-03-31,criminal-alien,12,3,0,1,16
2026-03-31,illegal-alien,11,5,1,5,22
2026-03-31,angel-mother,0,0,0,0,0
2026-03-31,angel-family,0,0,0,0,0
2026-04-01,criminal-alien,15,0,0,0,15
2026-04-01,illegal-alien,16,1,0,0,17
2026-04-01,angel-mother,0,0,0,0,0
2026-04-01,angel-family,0,0,0,0,0
2026-04-02,criminal-alien,9,2,0,0,11
2026-04-02,illegal-alien,13,1,1,0,15
2026-04-02,angel-mother,0,0,0,0,0
2026-04-02,angel-family,0,0,0,0,0
2026-04-03,criminal-alien,2,4,0,0,6
2026-04-03,illegal-alien,3,4,0,0,7
2026-04-03,angel-mother,0,0,0,0,0
2026-04-03,angel-family,0,0,0,0,0
2026-04-04,criminal-alien,0,2,0,0,2
2026-04-04,illegal-alien,1,2,0,0,3
2026-04-04,angel-mother,0,0,0,0,0
2026-04-04,angel-family,0,0,0,0,0
2026-04-05,criminal-alien,0,1,0,0,1
2026-04-05,illegal-alien,0,1,0,0,1
2026-04-05,angel-mother,0,0,0,0,0
2026-04-05,angel-family,0,0,0,0,0
2026-04-06,criminal-alien,6,1,0,1,8
2026-04-06,illegal-alien,9,3,0,1,13
2026-04-06,angel-mother,0,0,0,0,0
2026-04-06,angel-family,0,0,0,0,0
2026-04-07,criminal-alien,23,1,0,0,24
2026-04-07,illegal-alien,23,4,0,0,27
2026-04-07,angel-mother,0,0,0,0,0
2026-04-07,angel-family,0,0,0,0,0
2026-04-08,criminal-alien,10,1,0,0,11
2026-04-08,illegal-alien,12,1,0,0,13
2026-04-08,angel-mother,0,0,0,0,0
2026-04-08,angel-family,0,0,0,0,0
2026-04-09,criminal-alien,4,1,0,1,6
2026-04-09,illegal-alien,15,6,0,2,23
2026-04-09,angel-mother,1,2,0,0,3
2026-04-09,angel-family,5,3,0,1,9
2026-04-10,criminal-alien,11,1,0,0,12
2026-04-10,illegal-alien,20,3,1,0,24
2026-04-10,angel-mother,0,0,0,0,0
2026-04-10,angel-family,0,1,0,0,1
2026-04-11,criminal-alien,1,1,0,0,2
2026-04-11,illegal-alien,3,0,0,0,3
2026-04-11,angel-mother,1,0,0,0,1
2026-04-11,angel-family,2,0,0,0,2
2026-04-12,criminal-alien,0,0,0,0,0
2026-04-12,illegal-alien,2,0,0,0,2
2026-04-12,angel-mother,0,0,0,0,0
2026-04-12,angel-family,0,0,0,0,0
2026-04-13,criminal-alien,20,1,0,0,21
2026-04-13,illegal-alien,23,0,0,0,23
2026-04-13,angel-mother,0,1,0,0,1
2026-04-13,angel-family,0,0,0,0,0
2026-04-14,criminal-alien,4,0,0,0,4
2026-04-14,illegal-alien,3,0,0,0,3
2026-04-14,angel-mother,0,0,0,0,0
2026-04-14,angel-family,0,0,0,0,0
2026-04-15,criminal-alien,3,0,0,0,3
2026-04-15,illegal-alien,5,0,2,0,7
2026-04-15,angel-mother,0,0,0,0,0
2026-04-15,angel-family,0,0,0,0,0
2026-04-16,criminal-alien,8,3,0,0,11
2026-04-16,illegal-alien,11,3,0,1,15
2026-04-16,angel-mother,1,0,0,0,1
2026-04-16,angel-family,1,0,0,0,1
2026-04-17,criminal-alien,3,1,0,0,4
2026-04-17,illegal-alien,5,2,1,0,8
2026-04-17,angel-mother,0,0,0,0,0
2026-04-17,angel-family,0,0,0,0,0
2026-04-18,criminal-alien,1,2,0,0,3
2026-04-18,illegal-alien,2,2,0,0,4
2026-04-18,angel-mother,0,0,0,0,0
2026-04-18,angel-family,0,0,0,0,0
2026-04-19,criminal-alien,0,1,0,0,1
2026-04-19,illegal-alien,0,1,0,0,1
2026-04-19,angel-mother,0,0,0,0,0
2026-04-19,angel-family,0,1,0,0,1
2026-04-20,criminal-alien,18,2,0,1,21
2026-04-20,illegal-alien,18,3,0,5,26
2026-04-20,angel-mother,0,0,0,0,0
2026-04-20,angel-family,0,0,0,0,0
2026-04-21,criminal-alien,10,3,0,0,13
2026-04-21,illegal-alien,14,6,0,0,20
2026-04-21,angel-mother,0,0,0,0,0
2026-04-21,angel-family,1,1,0,0,2
2026-04-22,criminal-alien,7,2,0,0,9
2026-04-22,illegal-alien,15,3,0,1,19
2026-04-22,angel-mother,0,0,0,0,0
2026-04-22,angel-family,1,0,0,0,1
2026-04-23,criminal-alien,9,4,0,0,13
2026-04-23,illegal-alien,12,6,0,0,18
2026-04-23,angel-mother,0,0,0,0,0
2026-04-23,angel-family,0,0,0,0,0
2026-04-24,criminal-alien,8,3,0,0,11
2026-04-24,illegal-alien,11,3,1,1,16
2026-04-24,angel-mother,0,0,0,0,0
2026-04-24,angel-family,0,0,0,0,0
2026-04-25,criminal-alien,1,0,0,0,1
2026-04-25,illegal-alien,2,1,0,0,3
2026-04-25,angel-mother,0,0,0,0,0
2026-04-25,angel-family,0,0,0,0,0
2026-04-26,criminal-alien,0,0,0,0,0
2026-04-26,illegal-alien,0,0,0,0,0
2026-04-26,angel-mother,0,0,0,0,0
2026-04-26,angel-family,0,0,0,0,0
2026-04-27,criminal-alien,15,0,0,0,15
2026-04-27,illegal-alien,16,0,0,0,16
2026-04-27,angel-mother,0,0,0,0,0
2026-04-27,angel-family,0,0,0,0,0
2026-04-28,criminal-alien,6,0,0,0,6
2026-04-28,illegal-alien,7,1,1,0,9
2026-04-28,angel-mother,0,0,0,0,0
2026-04-28,angel-family,0,0,0,0,0
2026-04-29,criminal-alien,9,0,0,0,9
2026-04-29,illegal-alien,9,0,0,0,9
2026-04-29,angel-mother,0,0,0,0,0
2026-04-29,angel-family,0,0,0,0,0
2026-04-30,criminal-alien,1,1,0,0,2
2026-04-30,illegal-alien,2,2,0,0,4
2026-04-30,angel-mother,0,0,0,0,0
2026-04-30,angel-family,0,0,0,0,0
2026-05-01,criminal-alien,8,2,0,0,10
2026-05-01,illegal-alien,11,2,1,0,14
2026-05-01,angel-mother,0,0,0,0,0
2026-05-01,angel-family,0,0,0,0,0
2026-05-02,criminal-alien,0,0,0,0,0
2026-05-02,illegal-alien,0,0,0,0,0
2026-05-02,angel-mother,0,0,0,0,0
2026-05-02,angel-family,0,0,0,0,0
2026-05-03,criminal-alien,0,1,0,0,1
2026-05-03,illegal-alien,0,1,0,0,1
2026-05-03,angel-mother,0,0,0,0,0
2026-05-03,angel-family,0,0,0,0,0
2026-05-04,criminal-alien,22,2,0,0,24
2026-05-04,illegal-alien,23,3,1,1,28
2026-05-04,angel-mother,0,0,0,0,0
2026-05-04,angel-family,0,0,0,0,0
2026-05-05,criminal-alien,6,1,0,0,7
2026-05-05,illegal-alien,10,1,0,0,11
2026-05-05,angel-mother,0,0,0,0,0
2026-05-05,angel-family,0,0,0,0,0
2026-05-06,criminal-alien,8,5,0,0,13
2026-05-06,illegal-alien,9,5,0,1,15
2026-05-06,angel-mother,0,0,0,0,0
2026-05-06,angel-family,0,0,0,0,0
2026-05-07,criminal-alien,10,2,0,0,12
2026-05-07,illegal-alien,10,2,0,0,12
2026-05-07,angel-mother,0,0,0,0,0
2026-05-07,angel-family,1,0,0,0,1
2026-05-08,criminal-alien,10,1,0,0,11
2026-05-08,illegal-alien,13,2,0,0,15
2026-05-08,angel-mother,0,0,0,2,2
2026-05-08,angel-family,0,1,0,0,1
2026-05-09,criminal-alien,3,1,0,0,4
2026-05-09,illegal-alien,3,3,0,0,6
2026-05-09,angel-mother,0,0,0,1,1
2026-05-09,angel-family,0,0,0,0,0
2026-05-10,criminal-alien,3,0,0,0,3
2026-05-10,illegal-alien,3,1,0,0,4
2026-05-10,angel-mother,2,0,0,0,2
2026-05-10,angel-family,1,0,0,0,1
2026-05-11,criminal-alien,18,1,0,0,19
2026-05-11,illegal-alien,22,1,0,0,23
2026-05-11,angel-mother,0,0,0,0,0
2026-05-11,angel-family,0,0,0,0,0
2026-05-12,criminal-alien,2,1,0,0,3
2026-05-12,illegal-alien,2,1,0,0,3
2026-05-12,angel-mother,0,0,0,0,0
2026-05-12,angel-family,0,0,0,0,0
2026-05-13,criminal-alien,8,1,0,0,9
2026-05-13,illegal-alien,8,2,0,0,10
2026-05-13,angel-mother,0,0,0,0,0
2026-05-13,angel-family,0,0,0,0,0
2026-05-14,criminal-alien,14,0,0,0,14
2026-05-14,illegal-alien,18,1,0,0,19
2026-05-14,angel-mother,0,0,0,0,0
2026-05-14,angel-family,0,0,0,0,0
2026-05-15,criminal-alien,9,1,0,0,10
2026-05-15,illegal-alien,13,1,0,0,14
2026-05-15,angel-mother,1,0,0,0,1
2026-05-15,angel-family,0,1,0,0,1
2026-05-16,criminal-alien,1,1,0,0,2
2026-05-16,illegal-alien,1,1,0,0,2
2026-05-16,angel-mother,0,0,0,0,0
2026-05-16,angel-family,0,0,0,0,0
2026-05-17,criminal-alien,0,1,0,0,1
2026-05-17,illegal-alien,0,1,0,0,1
2026-05-17,angel-mother,0,0,0,0,0
2026-05-17,angel-family,0,0,0,0,0
2026-05-18,criminal-alien,15,2,0,0,17
2026-05-18,illegal-alien,16,4,0,1,21
2026-05-18,angel-mother,1,0,0,0,1
2026-05-18,angel-family,0,0,0,0,0
2026-05-19,criminal-alien,9,0,0,1,10
2026-05-19,illegal-alien,11,2,0,5,18
2026-05-19,angel-mother,0,0,0,0,0
2026-05-19,angel-family,0,0,0,0,0
2026-05-20,criminal-alien,4,4,0,0,8
2026-05-20,illegal-alien,8,5,1,0,14
2026-05-20,angel-mother,0,0,0,0,0
2026-05-20,angel-family,0,0,0,0,0
2026-05-21,criminal-alien,14,1,0,1,16
2026-05-21,illegal-alien,15,3,0,1,19
2026-05-21,angel-mother,0,0,0,0,0
2026-05-21,angel-family,0,0,0,0,0
2026-05-22,criminal-alien,6,1,0,0,7
2026-05-22,illegal-alien,9,4,0,0,13
2026-05-22,angel-mother,1,0,0,0,1
2026-05-22,angel-family,0,0,0,0,0
2026-05-23,criminal-alien,0,1,0,0,1
2026-05-23,illegal-alien,0,1,0,0,1
2026-05-23,angel-mother,0,0,0,0,0
2026-05-23,angel-family,0,0,0,0,0
2026-05-24,criminal-alien,0,0,0,0,0
2026-05-24,illegal-alien,0,0,0,0,0
2026-05-24,angel-mother,0,0,0,0,0
2026-05-24,angel-family,0,0,0,0,0
2026-05-25,criminal-alien,0,2,0,0,2
2026-05-25,illegal-alien,0,3,0,0,3
2026-05-25,angel-mother,0,0,0,0,0
2026-05-25,angel-family,0,0,0,0,0
2026-05-26,criminal-alien,20,0,0,0,20
2026-05-26,illegal-alien,20,2,0,0,22
2026-05-26,angel-mother,0,0,0,0,0
2026-05-26,angel-family,0,0,0,0,0
2026-05-27,criminal-alien,0,0,1,0,1
2026-05-27,illegal-alien,0,0,1,0,1
2026-05-27,angel-mother,0,0,0,0,0
2026-05-27,angel-family,0,0,0,0,0
2026-05-28,criminal-alien,0,1,0,0,1
2026-05-28,illegal-alien,1,1,0,0,2
2026-05-28,angel-mother,0,0,0,0,0
2026-05-28,angel-family,0,0,0,0,0
2026-05-29,criminal-alien,1,2,0,0,3
2026-05-29,illegal-alien,2,5,0,0,7
2026-05-29,angel-mother,0,0,0,0,0
2026-05-29,angel-family,0,0,0,0,0
2026-05-30,criminal-alien,0,0,0,0,0
2026-05-30,illegal-alien,0,0,0,0,0
2026-05-30,angel-mother,0,0,0,0,0
2026-05-30,angel-family,0,0,0,0,0
2026-05-31,criminal-alien,0,0,0,1,1
2026-05-31,illegal-alien,0,0,0,1,1
2026-05-31,angel-mother,0,0,0,0,0
2026-05-31,angel-family,0,0,0,0,0
2026-06-01,criminal-alien,0,0,0,0,0
2026-06-01,illegal-alien,0,0,0,0,0
2026-06-01,angel-mother,0,0,0,0,0
2026-06-01,angel-family,0,0,0,0,0
2026-06-02,criminal-alien,10,0,0,0,10
2026-06-02,illegal-alien,10,0,0,2,12
2026-06-02,angel-mother,0,0,0,0,0
2026-06-02,angel-family,0,0,0,0,0
2026-06-03,criminal-alien,0,0,0,0,0
2026-06-03,illegal-alien,0,0,0,0,0
2026-06-03,angel-mother,0,0,0,0,0
2026-06-03,angel-family,0,0,0,0,0
2026-06-04,criminal-alien,0,0,0,0,0
2026-06-04,illegal-alien,0,0,0,0,0
2026-06-04,angel-mother,0,0,0,0,0
2026-06-04,angel-family,0,0,0,0,0
2026-06-05,criminal-alien,0,0,0,0,0
2026-06-05,illegal-alien,0,0,0,0,0
2026-06-05,angel-mother,0,0,0,0,0
2026-06-05,angel-family,0,0,0,0,0
2026-06-06,criminal-alien,0,0,0,0,0
2026-06-06,illegal-alien,0,0,0,0,0
2026-06-06,angel-mother,0,0,0,0,0
2026-06-06,angel-family,0,0,0,0,0
2026-06-07,criminal-alien,0,0,0,0,0
2026-06-07,illegal-alien,0,0,0,0,0
2026-06-07,angel-mother,0,0,0,0,0
2026-06-07,angel-family,0,0,0,0,0
2026-06-08,criminal-alien,1,0,0,0,1
2026-06-08,illegal-alien,1,0,0,0,1
2026-06-08,angel-mother,0,0,0,0,0
2026-06-08,angel-family,0,0,0,0,0
2026-06-09,criminal-alien,6,0,0,1,7
2026-06-09,illegal-alien,7,0,0,2,9
2026-06-09,angel-mother,0,0,0,0,0
2026-06-09,angel-family,0,0,0,0,0
2026-06-10,criminal-alien,0,0,0,1,1
2026-06-10,illegal-alien,0,0,0,2,2
2026-06-10,angel-mother,0,0,0,0,0
2026-06-10,angel-family,0,0,0,0,0
2026-06-11,criminal-alien,0,0,0,0,0
2026-06-11,illegal-alien,0,0,0,0,0
2026-06-11,angel-mother,0,0,0,0,0
2026-06-11,angel-family,0,0,0,0,0
2026-06-12,criminal-alien,0,0,0,0,0
2026-06-12,illegal-alien,0,0,0,0,0
2026-06-12,angel-mother,0,0,0,0,0
2026-06-12,angel-family,0,0,0,0,0
2026-06-13,criminal-alien,0,0,0,0,0
2026-06-13,illegal-alien,0,0,0,0,0
2026-06-13,angel-mother,0,0,0,0,0
2026-06-13,angel-family,0,0,0,0,0
2026-06-14,criminal-alien,1,0,0,0,1
2026-06-14,illegal-alien,1,0,0,0,1
2026-06-14,angel-mother,0,0,0,0,0
2026-06-14,angel-family,0,0,0,0,0
2026-06-15,criminal-alien,2,3,0,0,5
2026-06-15,illegal-alien,2,7,0,0,9
2026-06-15,angel-mother,0,0,0,0,0
2026-06-15,angel-family,0,0,0,0,0
2026-06-16,criminal-alien,1,3,0,0,4
2026-06-16,illegal-alien,3,3,0,0,6
2026-06-16,angel-mother,0,0,0,0,0
2026-06-16,angel-family,0,0,0,0,0
2026-06-17,criminal-alien,6,1,0,0,7
2026-06-17,illegal-alien,11,2,0,0,13
2026-06-17,angel-mother,0,0,0,0,0
2026-06-17,angel-family,1,0,0,0,1
2026-06-18,criminal-alien,3,3,0,0,6
2026-06-18,illegal-alien,8,6,1,0,15
2026-06-18,angel-mother,0,0,0,0,0
2026-06-18,angel-family,0,0,0,0,0
2026-06-19,criminal-alien,4,2,0,0,6
2026-06-19,illegal-alien,9,2,0,0,11
2026-06-19,angel-mother,0,0,0,0,0
2026-06-19,angel-family,0,0,0,0,0
2026-06-20,criminal-alien,2,1,0,0,3
2026-06-20,illegal-alien,3,1,0,0,4
2026-06-20,angel-mother,0,0,0,0,0
2026-06-20,angel-family,0,0,0,0,0
2026-06-21,criminal-alien,2,0,0,0,2
2026-06-21,illegal-alien,4,0,0,0,4
2026-06-21,angel-mother,0,0,0,0,0
2026-06-21,angel-family,1,0,0,0,1
2026-06-22,criminal-alien,18,1,0,0,19
2026-06-22,illegal-alien,23,1,0,0,24
2026-06-22,angel-mother,1,0,0,0,1
2026-06-22,angel-family,1,0,0,0,1
2026-06-23,criminal-alien,5,2,0,0,7
2026-06-23,illegal-alien,7,4,0,0,11
2026-06-23,angel-mother,0,0,0,0,0
2026-06-23,angel-family,0,0,0,0,0
2026-06-24,criminal-alien,6,1,0,0,7
2026-06-24,illegal-alien,8,1,0,0,9
2026-06-24,angel-mother,0,0,0,0,0
2026-06-24,angel-family,0,0,0,0,0
2026-06-25,criminal-alien,1,2,0,0,3
2026-06-25,illegal-alien,3,2,0,0,5
2026-06-25,angel-mother,0,0,0,0,0
2026-06-25,angel-family,0,0,0,0,0
2026-06-26,criminal-alien,9,2,0,0,11
2026-06-26,illegal-alien,11,3,0,1,15
2026-06-26,angel-mother,0,0,0,0,0
2026-06-26,angel-family,0,0,0,0,0
2026-06-27,criminal-alien,0,1,0,0,1
2026-06-27,illegal-alien,1,4,0,0,5
2026-06-27,angel-mother,0,0,0,0,0
2026-06-27,angel-family,0,0,0,0,0
2026-06-28,criminal-alien,0,2,0,0,2
2026-06-28,illegal-alien,0,2,0,0,2
2026-06-28,angel-mother,0,0,0,0,0
2026-06-28,angel-family,0,0,0,0,0
2026-06-29,criminal-alien,16,2,0,0,18
2026-06-29,illegal-alien,17,3,1,0,21
2026-06-29,angel-mother,0,0,0,0,0
2026-06-29,angel-family,0,0,0,0,0
2026-06-30,criminal-alien,2,0,0,0,2
2026-06-30,illegal-alien,4,1,0,0,5
2026-06-30,angel-mother,1,0,0,0,1
2026-06-30,angel-family,1,0,0,0,1
2026-07-01,criminal-alien,8,1,0,0,9
2026-07-01,illegal-alien,10,2,0,0,12
2026-07-01,angel-mother,0,0,0,0,0
2026-07-01,angel-family,0,0,0,0,0
2026-07-02,criminal-alien,3,1,0,0,4
2026-07-02,illegal-alien,6,1,0,0,7
2026-07-02,angel-mother,0,0,0,0,0
2026-07-02,angel-family,0,0,0,0,0
2026-07-03,criminal-alien,1,2,0,0,3
2026-07-03,illegal-alien,1,3,0,0,4
2026-07-03,angel-mother,0,0,0,0,0
2026-07-03,angel-family,0,0,0,0,0
2026-07-04,criminal-alien,0,0,0,0,0
2026-07-04,illegal-alien,0,0,0,0,0
2026-07-04,angel-mother,0,0,0,0,0
2026-07-04,angel-family,0,0,0,0,0
2026-07-05,criminal-alien,0,1,0,0,1
2026-07-05,illegal-alien,1,2,0,0,3
2026-07-05,angel-mother,0,0,0,0,0
2026-07-05,angel-family,0,0,0,0,0
2026-07-06,criminal-alien,21,0,0,0,21
2026-07-06,illegal-alien,24,1,0,0,25
2026-07-06,angel-mother,0,0,0,0,0
2026-07-06,angel-family,0,0,0,0,0
2026-07-07,criminal-alien,5,2,0,0,7
2026-07-07,illegal-alien,8,2,0,0,10
2026-07-07,angel-mother,0,0,0,0,0
2026-07-07,angel-family,0,0,0,0,0
2026-07-08,criminal-alien,8,2,0,0,10
2026-07-08,illegal-alien,12,1,0,0,13
2026-07-08,angel-mother,0,0,0,0,0
2026-07-08,angel-family,0,0,0,0,0
2026-07-09,criminal-alien,4,1,0,0,5
2026-07-09,illegal-alien,7,1,0,1,9
2026-07-09,angel-mother,0,0,0,0,0
2026-07-09,angel-family,0,0,0,0,0
2026-07-10,criminal-alien,7,4,0,1,12
2026-07-10,illegal-alien,11,4,0,1,16
2026-07-10,angel-mother,0,0,0,0,0
2026-07-10,angel-family,0,0,0,0,0
2026-07-11,criminal-alien,1,0,0,0,1
2026-07-11,illegal-alien,1,0,0,0,1
2026-07-11,angel-mother,0,0,0,0,0
2026-07-11,angel-family,0,0,0,0,0
2026-07-12,criminal-alien,0,1,0,0,1
2026-07-12,illegal-alien,0,1,0,0,1
2026-07-12,angel-mother,0,0,0,0,0
2026-07-12,angel-family,0,0,0,0,0
2026-07-13,criminal-alien,0,0,0,0,0
2026-07-13,illegal-alien,0,0,0,0,0
2026-07-13,angel-mother,0,0,0,0,0
2026-07-13,angel-family,0,0,0,0,0
2026-07-14,criminal-alien,11,3,0,0,14
2026-07-14,illegal-alien,11,3,0,0,14
2026-07-14,angel-mother,0,0,0,0,0
2026-07-14,angel-family,0,0,0,0,0
2026-07-15,criminal-alien,2,2,0,0,4
2026-07-15,illegal-alien,4,2,0,0,6
2026-07-15,angel-mother,0,0,0,0,0
2026-07-15,angel-family,0,0,0,0,0
2026-07-16,criminal-alien,5,0,0,1,6
2026-07-16,illegal-alien,9,0,0,2,11
2026-07-16,angel-mother,0,0,0,0,0
2026-07-16,angel-family,0,0,0,0,0
2026-07-17,criminal-alien,1,1,0,0,2
2026-07-17,illegal-alien,5,1,1,2,9
2026-07-17,angel-mother,0,0,0,0,0
2026-07-17,angel-family,0,0,0,0,0
2026-07-18,criminal-alien,0,0,0,0,0
2026-07-18,illegal-alien,0,1,0,0,1
2026-07-18,angel-mother,0,0,0,0,0
2026-07-18,angel-family,0,0,0,0,0
2026-07-19,criminal-alien,0,3,0,0,3
2026-07-19,illegal-alien,0,3,0,0,3
2026-07-19,angel-mother,0,0,0,0,0
2026-07-19,angel-family,0,0,0,0,0
2026-07-20,criminal-alien,27,0,0,0,27
2026-07-20,illegal-alien,29,0,0,0,29
2026-07-20,angel-mother,0,0,0,0,0
2026-07-20,angel-family,0,0,0,0,0
2026-07-21,criminal-alien,0,0,0,0,0
2026-07-21,illegal-alien,1,1,1,1,4
2026-07-21,angel-mother,0,0,0,0,0
2026-07-21,angel-family,0,0,0,0,0
2026-07-22,criminal-alien,3,2,0,0,5
2026-07-22,illegal-alien,5,3,0,0,8
2026-07-22,angel-mother,0,0,0,0,0
2026-07-22,angel-family,0,0,0,0,0
2026-07-23,criminal-alien,6,11,0,0,17
2026-07-23,illegal-alien,11,11,1,0,23
2026-07-23,angel-mother,0,0,0,0,0
2026-07-23,angel-family,0,0,0,0,0
2026-07-24,criminal-alien,7,9,0,0,16
2026-07-24,illegal-alien,11,11,1,0,23
2026-07-24,angel-mother,0,0,0,0,0
2026-07-24,angel-family,0,0,0,0,0
2026-07-25,criminal-alien,1,0,0,0,1
2026-07-25,illegal-alien,2,1,0,0,3
2026-07-25,angel-mother,0,0,0,0,0
2026-07-25,angel-family,0,0,0,0,0
2026-07-26,criminal-alien,0,1,0,0,1
2026-07-26,illegal-alien,0,1,0,0,1
2026-07-26,angel-mother,0,0,0,0,0
2026-07-26,angel-family,0,0,0,0,0
2026-07-27,criminal-alien,3,9,0,0,12
2026-07-27,illegal-alien,5,8,0,0,13
2026-07-27,angel-mother,0,0,0,0,0
2026-07-27,angel-family,0,0,0,0,0
2026-07-28,criminal-alien,7,2,0,0,9
2026-07-28,illegal-alien,12,3,0,0,15
2026-07-28,angel-mother,0,0,0,0,0
2026-07-28,angel-family,0,0,0,0,0
2026-07-29,criminal-alien,7,7,0,0,14
2026-07-29,illegal-alien,9,10,0,0,19
2026-07-29,angel-mother,0,0,0,0,0
2026-07-29,angel-family,0,0,0,0,0
2026-07-30,criminal-alien,1,12,0,0,13
2026-07-30,illegal-alien,6,13,0,5,24
2026-07-30,angel-mother,0,0,0,0,0
2026-07-30,angel-family,0,0,0,0,0
2026-07-31,criminal-alien,7,9,0,0,16
2026-07-31,illegal-alien,16,15,0,3,34
2026-07-31,angel-mother,0,0,0,0,0
2026-07-31,angel-family,0,0,0,0,0
2026-08-01,criminal-alien,0,1,0,0,1
2026-08-01,illegal-alien,1,3,0,0,4
2026-08-01,angel-mother,0,0,0,0,0
2026-08-01,angel-family,0,0,0,0,0
2026-08-02,criminal-alien,0,2,0,0,2
2026-08-02,illegal-alien,1,2,0,1,4
2026-08-02,angel-mother,0,0,0,0,0
2026-08-02,angel-family,0,0,0,0,0
2026-08-03,criminal-alien,17,3,0,0,20
2026-08-03,illegal-alien,19,4,0,0,23
2026-08-03,angel-mother,0,0,0,0,0
2026-08-03,angel-family,0,0,0,0,0
2026-08-04,criminal-alien,0,10,0,0,10
2026-08-04,illegal-alien,8,14,0,1,23
2026-08-04,angel-mother,0,0,0,0,0
2026-08-04,angel-family,0,0,0,0,0
2026-08-05,criminal-alien,12,11,0,0,23
2026-08-05,illegal-alien,15,12,0,0,27
2026-08-05,angel-mother,0,0,0,0,0
2026-08-05,angel-family,0,0,0,0,0
2026-08-06,criminal-alien,1,2,0,0,3
2026-08-06,illegal-alien,8,18,0,0,26
2026-08-06,angel-mother,0,0,0,0,0
2026-08-06,angel-family,0,0,0,0,0
